#{"t_start": 1774876353.9907687, "env_id": "None"}
r,l,t,matches_won,enemy_matches_won,health,enemy_health0.189,594,22.240409,0,2,-1,85
0.064,509,40.678837,0,2,-1,119-0.0.717566,1116,67.309738,2,1,10.59670.496587,907,103.884234,1,20.349472,0.168902,760,137.498617,1,20.383,5030.132,472,158.053585,0.052,483,176.855721,0,2,-1,115
0.167,515,198.892092,0,2,-1,78
-0.142,410,216.961993,0,2,-1,11900.184,655,244.309824,0,2,-1,64
0.065,438,263.0704,0,2,-1,72
0.244,454,282.644104,0,2,-1,142
0.523232,835,318.935062,1,2,-1,121
0.327,505,340.190881,0,2,-1,69
0.125,437,357.440435,0,2,-1,89
0.199,489,378.224766,0,2,-1,106
0.337,420,397.054915,0,2,-1,79
0.319,581,422.48334,0,2,-1,117
0.839958,970,464.17195,1,2,-1,87
0.251,454,483.446253,0,2,-1,156
0.271,527,505.710533,0,2,-1,15
0.401,564,529.663795,0,2,-1,84
0.075,493,550.664957,0,2,-1,84
-0.086,401,568.300959,0,2,-1,111
-0.12,433,586.936083,0,2,-1,108
0.563,508,608.210479,0,2,-1,22
0.043,414,625.990534,0,2,-1,77
0.014,536,648.578823,0,2,-1,111
0.139,384,663.514783,0,2,-1,57
0.017,440,682.260803,0,2,-1,84
0.217,482,702.5937,0,2,-1,89
0.169,482,722.900301,0,2,-1,115
0.001,480,743.157798,0,2,-1,145
0.393,601,768.302068,0,2,-1,26
0.52,650,796.72302,0,2,-1,33
0.307,405,812.378443,0,2,-1,67
0.161,498,833.086846,0,2,-1,83
0.66,720,864.319859,0,2,-1,6
0.263,437,882.861026,0,2,-1,38
0.253,438,899.769247,0,2,-1,124
0.327,457,919.025189,0,2,-1,71
0.182,421,937.045295,0,2,-1,115
0.107,432,955.499051,0,2,-1,47
0.256,503,976.697104,0,2,-1,71
0.198,586,1000.882666,0,2,-1,78
0.05,471,1020.691014,0,2,-1,67
0.108,446,1039.618897,0,2,-1,84
0.009,406,1057.113546,0,2,-1,114
0.441,640,1083.517587,0,2,-1,42
-0.009,403,1100.871237,0,2,-1,142
0.212,490,1121.546629,0,2,-1,48
-0.321,420,1137.95874,0,2,-1,171
0.734902,812,1172.54392,1,1,8,-1
0.209,431,1190.825653,0,2,-1,104
0.102,453,1210.075104,0,2,-1,70
0.252,583,1234.194329,0,2,-1,75
-0.095,465,1253.85094,0,2,-1,98
0.209,440,1272.441504,0,2,-1,91
0.133,484,1292.72432,0,2,-1,88
0.031,391,1300.492705,929,1324.400.314,600,1334.40.275,498,1345.220.208,484,1354.70.087,562,1368.502-0.026,490,1373.0.117,434,1386.9726-0.203,407,1390.568575,1036,1430.440964,1,2,-1,65
0.013,471,1450.223760.593,581,14540.136,525,1472.214647,0,2,-1,108
0.324,562,1495.512589,0,2,-1,93
0.083,397,1512.504133,0,2,-1,140
0.046,506,1533.660.591,633,1536.60.461,553,1557.046201,0,2,-1,79
0.313,484,1577.4310.508902,925,1590.022,407,1594.98450.263,470,16120.025,420,1612.91470.251,387,16270.323,626,1638.92710.386,529,16490.077,454,1658.175930.179,540,1670.091,415,1674.37790.199,398,1680.819287,885,1712.1730.453328,905,10.116,398,1729.294906,0.048,451,10.458,677,1757.105456,00.107,355,-0.057,336,1771.622376,0.209,547,170.539892,813,1806.199798,1,2,-1,116
0.398,730,1836.097179,0,2,-1,97
0.459,581,1860.380975,0,2,-1,1
0.311,547,1883.358374,0,2,-1,91
0.311,366,1899.261738,0,2,-1,99
0.547472,1034,1942.84237,1,2,-1,63
-0.081,378,1959.249531,0,2,-1,176
0.039,463,1979.146572,0,2,-1,176
0.12,547,2001.831539,0,2,-1,94
0.353874,949,2040.394303,1,2,-1,115
0.001,472,2060.396047,0,2,-1,128
0.930526,571,2084.214613,2,0,118,-1
-0.034,519,2107.691117,0,2,-1,78
0.925093,1050,2151.770244,2,1,17,-1
-0.071,413,2167.886217,0,2,-1,115
0.042,437,2186.598097,0,2,-1,55
0.693307,788,2220.480691,1,2,-1,23
0.221,423,2238.510577,0,2,-1,95
0.423,752,2269.342481,0,2,-1,12
0.196,496,2289.999289,0,2,-1,69
0.508,583,2314.366387,0,2,-1,61
0.367,520,2336.236387,0,2,-1,41
0.016,493,2357.014485,0,2,-1,93
0.263,447,2375.985979,0,2,-1,17
0.208,458,2395.335826,0,2,-1,121
0.344,541,2418.082236,0,2,-1,56
0.6215,923,2457.316528,1,2,-1,105
0.362,590,2481.903591,0,2,-1,75
0.051,445,2500.892756,0,2,-1,98
0.055,339,2514.012725,0,2,-1,85
-0.028,440,2532.753661,0,2,-1,150
0.164,493,2553.655852,0,2,-1,76
0.293,522,2575.661301,0,2,-1,34
0.351,457,2595.117026,0,2,-1,80
0.377,626,2620.965433,0,2,-1,12
0.117,476,2641.290924,0,2,-1,82
0.1,522,2663.318085,0,2,-1,101
0.372,489,2683.786252,0,2,-1,51
0.850535,842,2720.07977,1,2,-1,0
0.05,460,2739.614406,0,2,-1,83
0.324,603,2764.570596,0,2,-1,107
0.403,518,2786.247904,0,2,-1,76
0.19,484,2806.655272,0,2,-1,118
0.507,639,2833.007104,0,2,-1,62
0.065,475,2853.091544,0,2,-1,75
-0.006,443,2871.96256,0,2,-1,101
0.118902,873,2909.022064,1,2,-1,176
-0.061,352,2922.806705,0,2,-1,98
0.309137,698,2953.163906,1,2,-1,150
-0.075,360,2966.997619,0,2,-1,148
0.15,435,2985.50717,0,2,-1,114
-0.13,419,3003.375512,0,2,-1,156
0.284,485,3023.596983,0,2,-1,26
-0.106,434-0.058,466,3042.603273,0,-0.039,3530.036,347,3057.757967,0,20.145,451,3076.619315,0,2,-1,80
0.338,651,3103.518958,0,2,-1,56
0.037,445,3122.363486,0,2,-1,106
0.082,517,3144.133254,0,2,-1,44
0.045,528,3166.402748,0,2,-1,171
-0.048,341,3179.530165,0,2,-1,132
0.155,492,3201.625266,0,2,-1,36
0.212,613,3229.772806,0,2,-1,83
0.079,403,3245.446679,0,2,-1,129
0.16,569,3269.178344,0,2,-1,71
0.212,485,30.414,676,3294.96892,00.211,416,0.525,603,3320.066026,0-0.064,4310.011,456,3339.581561,0,20.345,5570.328,574,3363.489361,0,-0.166,330.620705,842,3398.056882,1,2,-1,114
-0.089,367,3413.8753510.328412,763,-0.029,440,3432.677536,0,2,-1,129
0.506,602,3457.763457,0,2,-1,42
-0.033,344,3472.76405,00.22,509,340.066,395,3489.909138,0,2,-1,111
-0.051,462,3507.984646,0.034,474,350.205,518,3529.882481,0,2,-1,80
-0.056,358,3545.373763,00.31,650,350.154,464,3565.109561,0.205,479,350.244,375,3581.370468-0.064,538,3-0.009,447,3600.4387190.076,427,3610.235,566,3624.122770.096,391,363-0.081,405,3641.55980.008,500,36510.323,557,3664.90074-0.06,360,3660.37,454,3684.209844,0.216373,700.374,487,3704.812114,0,2,0.159,0.205,451,3722.396544,0,2,-0.323,694,3747.567229,0,2,-1,35
-0.046,358,3761.424967,0,2,-1,140
-0.0280.600472,962,3795.13621,1,2,-0.3270.632,597,3819.987879,0,2,-10.4540.266,457,3839.475149,0,2,-10.247-0.06,453,3858.586189,0,2,-1,-0.090.497089,784,3890.832658,1,2,-0.394,50.13,468,3910.633229,0,2,0.019,390.108,428,3929.114739,0,0.129,541,0.115,431,3947.562129,0,0.468627,70.224,490,3968.26499,0,2,-1-0.050.207,505,3989.469402,0,2,-1,90.00.308089,816,4022.907705,1,2,--0.032,0.266,405,4039.953364,0,2,-10.112,0.155,543,4062.818857,0,2,-10.591902,777,4081.484701,1,2,-1,53
0.55679,865,4118.413986,1,2,-1,97
0.444386,931,4158.012008,1,2,-1,73
0.22,412,4173.984652,0,2,-1,98
0.377,500,4195.053414,0,2,-1,51
0.211,462,4214.866512,0,2,-1,95
-0.023,445,4233.682355,0,2,-1,123
0.003,398,4250.866439,0,2,-1,94
-0.003,392,4267.683026,0,2,-1,122
0.447,536,4290.227799,0,2,-1,0
0.069,479,4310.479543,0,2,-1,104
-0.012,473,4330.408809,0,2,-1,111
0.021,397,4345.852838,0,2,-1,124
0.107,460,4365.275997,0,2,-1,1.0100.615929,803,4399.668875,1,2,-1,101
-0.203,341,4412.922023,0,2,0.33,5850.003,397,4430.060627,0,0.5,534,40.146,427,4448.3454660.02,369,445-0.029,307,4462.027480.23,455,4474.0.563,477,4482.11330.76554,820,4509.347325,1,2,-1,30
0.325,580,4533.448103,0,2,-1,109
0.153,459,450.523,745,4553.688493,0.379,568,4576.660616,0,2,-1,102
0.239,600,4601.490669,0,2,-1,107
0.186,505,4622.682559,0,2,-1,131
0.157,573,4646.571006,0,2,-1,76
-0.166,401,4663.907717,0,2,-1,126
-0.13,0.673578,969,4697.611578,1,20.195,4200.242,561,4721.070247,0,0.266,625,0.154,407,4738.623403,0,-0.13,450,0.263,524,4760.297362,0,0.361,4790.617,735,4790.637463,0,0.459,721-0.042,443,4809.578799,0.218,508,480.152,430,4828.0007940.359,528,480.182,460,4847.530508,0.322,481,40.431,549,4870.574142,0.166,532,40.897871,959,4910.95710.550874,878,40.031,561,4934.414957,00.383,528,40.279,589,4958.747877,0.072,531,490.7071,899,4996.820299,1,2,-1,105
0.078,513,5018.273017,0,2,-1,116
0.388,640,5044.762087,0,2,-1,104
0.13,422,5062.791751,1.004,1165,0.247,500,5083.979357,00.235,507,0.012,444,5101.272289,00.31,469,510.543,523,5123.121950.493,607,513-0.048,410,5140.56260.386,721,5169.518765,0,2,-1,31
0.273,548,5192.40.584902,873,5197-0.018,427,5209.16990.42834,713,5220.447,504,5230.4165590.302,469,52-0.018,463,5250.035490.069,520,5260.265,529,5272.1849020.269,559,5290.04,538,5294.75849,-0.071,350,0.367,499,5315.998688,0,0.495,607-0.026,426,5334.304196,00.017,472,5352.828133,0,2,-1,110
-0.062,4130.229,489,5372.834943,0,20.283,4270.382,612,5398.227396,0,0.404,5360.203,456,5417.584681,0,0.132,506-0.236,361,5433.264503,00.575,650,5459.61178,0,2,-1,23
0.5,564,5483.176744,0,2,-1,47
0.275,517,5504.836129,0,2,-1,75
0.338,598,5529.823292,0,2,-1,18
0.085,469,5549.860544,0,2,-1,156
0.302,466,5569.553477,0,2,-1,40
0.414,535,5591.935254,0,2,-1,75
0.102,507,5613.385511,0,2,-1,96
0.366,710,5644.194444,0,2,-1,75
0.05,522,5666.09677,0,2,-1,156
0.402,582,5690.496849,0,2,-1,14
0.32,555,5713.737082,0,2,-1,77
0.207,577,5737.745664,0,2,-1,153
0.045,431,5756.309521,0,2,-1,85
-0.008,403,5773.638314,0,2,-1,92
0.11,406,5789.377698,0,2,-1,98
0.286,506,5810.63536,0,2,-1,41
0.114,419,5828.380325,0,2,-1,101
-0.005,527,5850.549922,0,2,-1,120
0.193,465,5870.147808,0,2,-1,72
0.323,544,5893.074025,0,2,-1,84
0.203,603,5918.167784,0,2,-1,90
0.38,570,5941.824498,0,2,-1,94
-0.165,356,5957.368973,0,2,-1,151
0.213,494,5978.204419,0,2,-1,62
0.032,387,5994.698786,0,2,-1,111
0.329,505,6015.982232,0,2,-1,131
0.031,482,6036.244188,0,2,-1,115
0.07,462,6055.869401,0,2,-1,113
-0.312,276,6066.72166,00.272,391,60.54,480,6086.988852,00.318,685,0.607602,834,6122.621804,1,2,-1,7
0.772387,655,6149.576976,2,0,34,-1
0.113,450,6168.78444,0,2,-1,62
0.113,486,6189.267798,0,2,-1,95
0.013,442,6208.210912,0,2,-1,113
0.129,475,6228.51160.391583,625,60.061,444,6247.499282,00.308,488,0.104,430,6264.220485,00.297,535,-0.115,329,6278.790834,0.088,429,620.107,509,6300.196959,0.403,698,630.660625,810,6335.2810.299472,806,6355.182346,1,2,-1,142
-0.066,396,0.306,481,6373.403758,00.222,586,0.382874,771,6406.5041580.23,498,64150.253,570,6430.24430.086,393,64320.332,457,6449.671560.668681,875,6469.873975,1,2,-1,0
0.395,544,640.281,622,6494.7600350.431,515,650.245,575,6518.7974460.21,595,6539.435811,0,2,-1,68
0.528,511,6560.781227,0,2,-1,37
0.164,476,6580.817436,0,2,-1,137
-0.054,456,6600.245969,0,2,-1,158
-0.028,376,6610.116,492,6618.3080390.265,464,660.346,479,6638.568073-0.111,367,0.455,509,6659.844759,0,0.424,5680.619,514,6681.433491,00.28,483,0.485,489,6702.050922,00.251,531,0.355,402,6717.693598,00.179,488,6737.572809,0,2,-1,95
-0.104,375,-0.18,456,6755.548069,0,0.19,478,60.62218,890,6793.200383,1,2,-1,46
0.349,592,6817.8177,00.676021,80.489841,849,6854.202171,1,2,-1,67
0.585787,841,6888.456935,1,2,-1,56
0.333,618,6915.638967,0,0.526681,80.444,543,6938.439346,0,2,0.423,60.108,495,6959.141879,0,2,0.649109,882,6984.096959,1,2,-1,65
0.0980.20526,854,7016.604967,1,2,0.146,460.496,589,7041.093066,0,0.239,5670.281,480,7061.300478,0,0.291,5340.323,525,7083.325881,0,20.706841,1047,7114.004808,1,2,-1,91
0.473,490,7134.761809,0,2,-1,58
-0.0950.593,533,7148.877702,0,2,-1,0.320.016,469,7168.720437,0,2,-1,0.4710.376089,756,7201.412426,1,2,-1,0.020.246,493,7222.192434,0,2,-1,0.060.025,386,7238.803368,0,2,-1,0.108,602,7262.44732,0,2,-1,131
0.705535,759,7293.353341,1,2,-1,55
0.653033,850,7329.581652,1,2,-1,1311.0.390874,812,7362.696253,1,2,-1,84
0.231,519,7384.50081,0,2,-1,41
0.046,588,7410.72149,0,2,-1,105
0.507575,788,7442.902737,1,2,-1,29
0.094,433,7461.401893,0,2,-1,140
0.039,443,7480.326053,0,2,-1,128
0.111,495,7501.31895,0,2,-1,77
0.193,649,7528.161925,0,2,-1,114
0.07,437,7546.752842,0,2,-1,120
0.136,516,7568.535001,0,2,-1,110
0.174,505,7589.762042,0,2,-1,137
0.393,717,7619.348293,0,2,-1,95
-0.15,371,7635.414269,0,2,-1,141
-0.048,452,7654.660097,0,2,-1,151
0.499,777,7686.404782,0,2,-1,65
0.241,538,7710.726237,0,2,-1,75
0.428,414,7726.783683,0,2,-1,84
0.455,585,7751.344738,0,2,-1,28
0.162,535,7775.560758,0,2,-1,99
0.28,492,7796.244,0,2,-1,105
0.26,458,7816.932429,0,2,-1,64
0.321,675,7847.67171,0,2,-1,9
0.227,590,7873.322338,0,2,-1,70
0.208,447,7892.846869,0,2,-1,42
0.078,462,7913.086088,0,2,-1,99
0.353,513,7935.204828,0,2,-1,55
0.218,481,7956.197865,0,2,-1,121
0.277,534,7978.817654,0,2,-1,107
0.24,529,8001.196503,0,2,-1,92
0.380089,783,8033.512656,1,2,-1,134
0.308,431,8051.976178,0,2,-1,16
0.376,525,8073.996407,0,2,-1,44
0.142,468,8093.969575,0,2,-1,78
0.483,497,8114.9914,0,2,-1,20
0.636381,866,8152.043371,1,2,-1,114
0.143,467,8171.850076,0,2,-1,48
0.540681,913,8208.979383,1,2,-1,131
0.175,508,8230.508276,0,2,-1,89
0.226,493,8251.486638,0,2,-1,63
0.533,610,8276.944683,0,2,-1,30
0.325535,670,8306.265949,1,2,-1,130
0.287,569,8330.050548,0,2,-1,124
0.340192,790,8362.432008,1,2,-1,94
0.82948,688,8392.616458,2,0,92,-1
0.264,663,8420.155612,0,2,-1,97
0.192,449,8439.301947,0,2,-1,69
-0.059,368,8455.322085,0,2,-1,151
0.985827,841,8489.863484,1,2,-1,19
0.01,388,8506.692781,0,2,-1,77
0.213,440,8525.518158,0,2,-1,109
0.492238,805,8558.596072,1,2,-1,145
0.136,424,8576.677093,0,2,-1,141
0.571089,892,8615.525723,1,2,-1,90
0.164,465,8635.183228,0,2,-1,109
0.377,597,8660.161871,0,2,-1,45
0.568,653,8687.289464,0,2,-1,49
0.152,482,8707.514781,0,2,-1,60
0.147,413,8725.130128,0,2,-1,72
0.108,441,8743.893077,0,2,-1,123
0.088,567,8767.552445,0,2,-1,145
0.044,449,8786.613296,0,2,-1,64
0.133,404,8803.901761,0,2,-1,74
0.2,388,8820.410691,0,2,-1,58
0.29,440,8837.428635,0,2,-1,32
-0.02,420,8855.456864,0,2,-1,84
0.067,474,8875.556433,0,2,-1,137
0.175,527,8897.78064,0,2,-1,93
-0.028,455,89170.91479,952,8917.6020.54,528,8939.30.792535,997,8959.688291,1,2,-1,87
0.169,419,8977.596498,0,2,-1,71
0.192,419,8995.40.261,499,8997.9570.171,479,9015.796742,0,2,-1,28
0.304,412,9031.919256,0,2,-1,40
0.245,484,9052.423211,0,2,-1,61
0.348,594,9078.946012,0,2,-1,45
0.502,606,9104.328766,0,2,-1,42
0.271,548,9127.060566,0,2,-1,145
0.422,556,9150.3680.307472,782,915-0.019,475,9170.47007-0.011,428,90.434,555,9193.70025,0,2,-1,69
0.237,486,9214.106822,0,2,-1,93
0.269,489,9234.819748,0,2,-1,64
0.17,506,9256.2408,0,2,-1,121
0.097,480,9276.628449,0,2,-0.291,60.057,356,9290.5097,0,2,-10.071,-0.069,415,9308.281263,0,2,--0.0720.045,550,9331.202308,0,2,-1,0.0470.338,428,9349.853549,0,2,-1,0.290.189,489,9370.807785,0,2,-1,10.270.125,418,9389.170015,0,2,-1,0.180.165,499,9411.157802,0,2,-1,0.130.379,549,9435.138149,0,2,-1,0.580.144,475,9456.049849,0,2,-1,0.5120.388,564,9480.856026,0,2,-1-0.020.014,411,9499.416054,0,2,-1,10.471,629,9521.86468,0,2,-1,81
-0.080.882275,910,9561.867614,1,1,-0.386,0.044,433,9579.494177,0,2,-0.001,0.313,485,9601.05403,0,2,-10.4550.265,478,9622.330619,0,2,-10.487,0.09,417,9640.76475,0,2,-1,0.341,579,9663.483596,0,2,-1,104
0.27,0.189,528,9685.293149,0,2,-0.367896,838,9722.049278,1,2,-1,128
0.537137,857,9757.622127,1,2,-1,89
0.601048,801,9793.030499,1,2,-1,76
-0.02,395,9810.798759,0,2,-1,124
0.242,491,9832.028654,0,2,-1,140
0.291,456,9851.709898,0,2,-1,0.4200.08,467,9870.430643,0,2,-1,8700.524897,657,9900.357576,1,2,-1,94
0.999281,831,9935.947619,2,1,121,-1
0.429,527,9958.8349,0,2,-1,32
0.423,470,9980.025698,0,2,-1,93
0.622,627,10007.412177,0,2,-1,12
0.234,489,10028.979044,0,2,-1,165
-0.055,448,10049.088911,0,2,-1,156
0.082,389,10066.820144,0,2,-1,126
0.733812,930,10108.291679,1,2,-1,90
0.201,519,10131.850368,0,2,-1,66
0.415,518,10154.403,0,2,-10.9180.169,531,10177.142288,0,2,-1,30.20.092,487,10198.124466,0,2,-10.421,0.137,574,10222.932053,0,2,-0.035,0.072,385,10240.118147,0,2,-0.338,50.327,435,10259.160935,0,20.671516,1017,10289.620677,1,2,-1,84
0.34,481,10310.864925,0,2,-1,90
0.2740.272,534,10334.241945,0,2,-1,-0.1-0.024,418,10353.112418,0,2,-1,10.092,483,10373.708119,0,2,-1,144
0.353,385,10390.847527,0,2,-1,39
0.386,513,10413.372925,0,2,-1,105
-0.004,359,10427.758098,0,2,-1,130
0.340.34018,874,10464.577905,1,2,-10.49,0.24,627,10491.709254,0,2,-1-0.030.361,412,10510.532599,0,2,-1,10.270.073,477,10531.74614,0,2,-1,10.300.003,424,10550.678741,0,2,-1,10.230.611,542,10574.917513,0,2,-1,0.100.375,483,10596.291518,0,2,-1,0.130.105,496,10617.668635,0,2,-1,-0.060.303,549,10641.2137,0,2,-1,23-0.394,505,10662.71774,0,2,-1,70
0.008,384,10677.971183,0,2,-1,116
0.225,609,10706.05218,0,2,-1,135
-0.095,340,10719.977828,0,2,-1,1110.0.097,500,10741.900215,0,2,-1,132
0.351,506,10764.107578,0,2,-1,48
00.45,545,10787.889423,0,2,-1,26
0.465797,869,10824.164802,1,2,-1,60.593,783,10849.001947,0,2,-1,32
0.00.216,456,10864.730187,0,2,-1,850.583472,1031,10908.426026,1,2,-1,96
0.247,637,10935.881028,0,2,-1,54
0.051,403,10953.605702,0,2,-1,79
0.192,593,10979.37886,0,2,-1,58
0.471,580,11004.274643,0,2,-1,50
0.314,618,11030.244036,0,2,-1,112
0.174,578,11055.048529,0,2,-1,95
0.80901,676,11086.465431,1,2,-1,54
0.463,621,11113.824156,0,2,-1,24
0.015,487,11136.29123,0,2,-1,134
0.022,354,11150.612175,0,2,-1,136
0.078,458,11171.206213,0,2,-1,129
0.162,503,11194.095171,0,2,-1,125
0.38,642,11224.113683,0,2,-1,24
0.321,622,11251.303863,0,2,-1,5
0.549,648,11279.753752,0,2,-1,34
0.600386,859,11318.253066,1,2,-1,81
0.176,591,11343.946037,0,2,-1,121
0.124,483,11365.298485,0,2,-1,80
0.21,391,11382.875384,0,2,-1,74
0.052,530,11406.549246,0,2,-1,139
0.182,413,11423.417749,0,2,-1,63
-0.038,400,11441.45679,0,2,-1,146
0.283,524,11464.298056,0,2,-1,4
0.105,501,11486.485111,0,2,-1,79
0.332,389,11503.985161,0,2,-1,33
0.0.658206,799,11532.178476,1,2,-10.382,0.581841,931,11571.661613,1,0.179,5640.087,491,11592.337907,0,0.253,528,-0.02,384,11608.726986,00.423,654,0.646,599,11633.8492,0,0.411,5860.074,407,11651.311611,0,0.522,646,0.394472,749,11681.98414-0.004,432,1160.492587,814,11716.830784,1,2,-1,81
0.959583,1039,11760.394167,1,2,-1,19
0.828029,675,11788.328856,2,0,10,-1
0.219,569,11811.979129,0,2,-1,89
0.298,521,11833.846292,0,2,-1,15
0.289,503,11855.013101,0,2,-1,33
0.326,626,11881.028638,0,2,-1,58
0.262,494,11901.922915,0,2,-1,72
0.237,599,11928.577539,0,2,-1,124
0.148,485,11949.131964,0,2,-1,104
0.483,498,11970.111366,0,2,-1,44
0.198,415,11986.178121,0,2,-1,79
0.009,388,12003.063424,0,2,-1,127
0.137,353,12018.389598,0,2,-1,107
0.092,462,12038.000255,0,2,-1,79
0.311,472,12058.129213,0,2,-1,114
0.075,358,12071.966051,0,2,-1,99
0.234,507,12093.588469,0,2,-1,44
0.952887,540,0.619827,724,12117.967,1,0.096,4410.216,516,12139.578388,0,0.516,6810.139,604,12166.337662,0,0.219,4390.341,560,12189.755547,0,0.404,526,0.760578,739,12220.914940.69,733,12230.001,419,12238.9510.293,483,12256.95053,0,2,-1,43
-0.142,386,12273.50.431,665,12283.96-0.009,452,12290.269,535,12306.396900.015,484,12-0.033,420,12324.312,00.700092,740.24,489,12344.937414,0,2,0.661311,833,12377.626142,1,2,-1,80
0.518,630,12405.447289,0,2,-1,18
0.797275,895,12441.978166,1,2,-1,41
0.38,524,12463.884344,0,2,-1,5500.327,452,12483.229364,0,2,-1,48
0.223,583,12507.581739,0,2,-1,51
0.231,457,12527.195924,0,2,-1,77
-0.161,410,12545.029893,0,2,-1,147
0.665232,801,12579.678249,1,2,-1,2400.448,699,12608.526785,0,2,-1,810.35065,830,12630.711874,1,2,-1,126
0.394372,733,12663.253603,1,2,-1,-0.00.406,614,12689.817706,0,2,-1,67-00.259,571,12714.701275,0,2,-1,11300.06,455,12734.206547,0,2,-1,109-0-0.102,355,12748.433275,0,2,-1,10.450.382,509,12770.838263,0,2,-1,0.7740.388,558,12796.625786,0,2,-1,3-00.097,391,12812.795241,0,2,-1,82
0.689847,859,12848.602529,1,2,-1,10.-0.064,437,12867.941419,0,2,-1,10.400.253,456,12887.627331,0,2,-1,0.054,440,12904.743429,0,2,-1,55
0.279,629,12932.68714,0,2,-1,123
0.083,541,12955.888019,0,2,-1,146
0.200.503681,992,12992.986877,1,2,0.422,50.443,488,13013.751774,0,2,0.674,60.303,559,13039.126728,0,2,0.209,40.102,492,13058.487344,0,20.275,580.022,502,13079.773414,0,20.601,7110.962847,1091,13128.030379,1,2,-1,5
0.31,461,13146.340707,00.663902,80.271,546,13171.206062,0,2,0.245,40.355,572,13195.569713,0,2,0.435,47-0.059,454,13215.310718,0,0.191,469,0.51777,750,13246.308447,2,1,6,-1
0.529,698,13275.349374,0,2,-1,30
0.859391,831,13311.400926,1,2,-1,44
0.128,513,13333.284794,0,2,-1,26
0.442,549,13356.808669,0,2,-1,48
0.234,490,13377.734278,0,2,-1,68
0.351787,698,13407.045297,1,2,-1,49
0.871021,784,13441.227847,1,2,-1,95
0.292,559,13464.785226,0,2,-1,21
0.102,558,13488.397768,0,2,-1,84
0.022,427,13506.877849,0,2,-1,166
0.016,427,13525.413549,0,2,-1,95
0.269,476,13545.931032,0,2,-1,90
0.415,538,13568.85367,0,2,-1,1
0.236,433,13587.531136,0,2,-1,78
0.157,542,13610.415635,0,2,-1,40
0.155,500,13631.863984,0,2,-1,28
0.58,528,13654.443222,0,2,-1,12
0.214,408,13670.5810.718535,893,1360.578839,781,13704.558582,2,1,40,-1
-0.147,352,13720.014132,0,2,-1,151
0.036,506,13741.40.458,634,13744.100.077,438,13760.0.259,521,13766.28-0.031,341,137730.218,457,13786.1020.483,627,13800.293831,0,2,-1,59
0.487797,757,13833.445159,1,2,-1,66
-0.138,421,13851.647941,0,2,-1,156
0.748184,588,13876.552366,2,0,18,-1
0.079,4310.18,533,13895.537534,0,2,0.571,40.283,602,13920.922975,0,2,0.441,500.245,543,13943.910494,0,20.199,510.355,384,13960.653113,0,21.081305,0.451,582,13985.335723,0,2,0.152,0.296,521,14008.091678,0,2,-0.174,0.037,432,14027.062675,0,2,-10.094,0.32,566,14050.809175,0,2,-0.311,0.95085,607,14076.225293,2,00.142,500.113,426,14094.845297,0,20.366,660.443372,929,14134.903793,1,2,-1,84
-0.041,440,14152.239413,0,2,-1,122
0.15,419,14170.4986670.3,603,14170.35,526,14192.7711730.234,538,10.488,613,14220.2273150.614206,8890.391,542,14243.175785,0,0.277,4680.227,449,14260.880322,0,20.832089,0.679275,962,14302.119774,1,20.038,477,14322.393943,0,2,-1,118
0.75818,984,14364.48859,1,2,-1,71
0.697109,880,14402.529969,1,2,-1,58
0.171,488,14423.448019,0,2,-1,77
0.417057,921,14463.165885,1,2,-1,86
0.311,495,14484.502982,0,2,-1,12
0.454,699,14513.694862,0,2,-1,49
0.31,612,14539.594773,0,2,-1,66
0.27,475,14559.997981,0,2,-1,61
0.573,624,14586.093366,0,2,-1,20
0.472,605,14613.360925,0,2,-1,5
0.152,450,14631.073473,0,2,-1,84
0.236372,827,14667.199123,1,2,-1,161
0.077,381,14683.913099,0,2,-1,90
0.844787,1047,14728.793174,1,2,-1,80
-0.116,355,14742.754669,0,2,-1,156
0.035,438,14761.591263,0,2,-1,123
0.485,640,14789.924853,0,2,-1,14
0.136,590,14814.961766,0,2,-1,106
0.312,452,14834.509581,0,2,-1,86
-0.118,374,14849.176664,0,2,-1,121
0.453,578,14873.569123,0,2,-1,33
0.145,462,14893.399205,0,2,-1,142
0.0.766072,862,14922.112341,2,1,58,0.753137,857,14950.773544,1,2,-1,4
0.89517,929,14990.581825,2,1,84,-1
0.388,578,15015.078341,0,2,-1,47
0.598999,908,15054.203262,1,2,-1,90
0.409553,919,15093.782894,1,2,-1,131
0.052,373,15108.591889,0,2,-1,450.0.871661,932,15148.804924,2,1,50,-1
0.289,590,15173.62692,0,2,-1,101
0.133,497,15194.787948,0,2,-1,148
-0.177,410,15212.547959,0,2,-1,149
0.183,519,15235.157078,0,2,-1,68
0.68118,968,15277.732329,1,2,-1,90
0.165,488,15298.537919,0,2,-1,117
0.776812,829,15332.840323,1,2,-1,116
0.111,439,15351.684881,0,2,-1,78
0.179,455,15371.260887,0,2,-1,56
0.590587,1007,15414.271806,1,2,-1,85
-0.182,453,15433.808356,0,2,-1,131
0.154,488,15455.634078,0,2,-1,100
0.175,540,15478.794096,0,2,-1,89
0.064,357,15494.58142,00.91454,9371.094363,942,15535.65791,1,2,-1,1
0.026,408,15551.811181,0,2,-1,156
0.265,432,15570.598046,0.852101,930.635089,844,15606.821145,1,2,-1,69
0.245,460,15626.669603,0.537578,800.468,587,15651.30645,0,2,0.701030.264,620,15677.438881,0,2,-10.496,658,15702.226185,0,2,-1,47
0.587681,1022,15745.571381,1,2,-1,67
0.55,624,15773.284797,0,2,-1,28
0.557018,750,15804.356761,1,2,-1,115
1.467,886,15842.380881,1,2,-1,3
0.740328,884,15878.471067,1,2,-1,64
0.605089,826,15913.920042,1,2,-1,122
0.328,506,15935.441749,0,2,-1,1
0.336,515,15957.053887,0,2,-1,27
0.277075,642,15983.818089,1,2,-1,140
0.027,485,16004.430347,0,2,-1,119
0.409373,855,16041.091502,1,2,-1,146
0.511,581,16065.362402,0,2,-1,38
0.656821,622,16090.888972,1,2,-1,147
0.429,544,16113.719172,0,2,-1,19
0.204,480,16134.090608,0,2,-1,56
0.412,536,16156.704478,0,2,-1,37
0.513,652,16185.582876,0,2,-1,45
0.322,612,16211.468302,0,2,-1,36
0.259,450,16231.120506,0,2,-1,96
0.369,605,16256.998065,0,2,-1,111
0.68602,1032,16300.822781,2,1,6,-1
0.827812,778,16333.203556,1,2,-1,69
0.931681,961,16374.959366,1,2,-1,1
0.253,505,16396.485273,0,2,-1,79
0.417,460,16416.914216,0,2,-1,47
0.560456,816,16453.091877,1,2,-1,28
0.707414,808,16487.438482,2,1,64,-1
0.199,506,16509.288943,0,2,-1,60
0.505,638,16537.592818,0,2,-1,1
0.364,480,16556.535099,0,2,-1,91
0.155,463,16576.733828,0,2,-1,51
0.187,461,16597.09277,0,2,-1,125
0.338,546,16620.591397,0,2,-1,105
0.17,513,16642.845433,0,2,-1,88
0.337,470,16663.04349,0,2,-1,99
0.117,384,16679.84729,0,2,-1,111
-0.068,442,16699.023138,0,2,-1,114
0.058,513,16721.116701,0,2,-1,138
0.662,699,16750.204968,0,2,-1,5
0.472,471,16770.56944,0,2,-1,55
0.355,442,16789.806552,0,2,-1,111
0.837935,576,16814.287748,2,0,59,-1
0.53,621,16840.468569,0,2,-1,54
0.28,496,16862.075604,0,2,-1,78
0.587671,603,16889.194429,1,2,-1,142
0.487,524,16911.290769,0,2,-1,11
0.388,548,16934.326765,0,2,-1,45
0.620999,928,16972.158767,1,2,-1,67
0.490275,885,17009.919238,1,2,-1,106
0.32,533,17032.412266,0,2,-1,48
0.392,521,17054.434864,0,2,-1,66
0.385,342,17069.45956,0,2,-1,71
0.327902,822,17103.453572,1,2,-1,116
0.359,425,17121.766383,0,2,-1,14
0.034,452,17141.163959,0,2,-1,78
-0.058,346,17156.39272,0,2,-1,142
0.028,362,17172.107512,0,2,-1,95
0.59379,849,17206.879645,1,2,-1,119
0.401,506,17228.35866,0,2,-1,1
0.348,457,17247.727701,0,2,-1,62
0.106,517,17269.667976,0,2,-1,114
0.061,480,17289.976288,0,2,-1,96
0.612575,942,17330.10661,1,2,-1,104
0.72807,863,17367.02722,1,2,-1,56
0.718793,895,17403.533079,1,2,-1,110
0.248,566,17427.165469,0,2,-1,70
0.374,546,17451.971134,0,2,-1,111
0.178,479,17471.276181,0,2,-1,142
0.504681,711,17502.971228,1,2,-1,95
0.530705,847,17537.969314,1,2,-1,61
0.829839,1030,17584.741734,2,1,8,-1
0.31,507,17605.192315,0,2,-1,101
0.077,436,17624.484869,0,2,-1,98
0.194,498,17645.738573,0,2,-1,31
0.472,637,17674.772228,0,2,-1,2
0.429,479,17693.934856,0,2,-1,23
0.017,342,17709.151341,0,2,-1,161
0.197,503,17731.181744,0,2,-1,156
0.456,597,17756.421873,0,2,-1,78
0.165,522,17778.729085,0,2,-1,69
0.702232,706,17809.756084,1,2,-1,106
0.192,479,17830.130581,0,2,-1,130
0.689874,898,17867.796215,1,2,-1,18
0.118,422,17886.679776,0,2,-1,49
0.066,551,17910.27756,0,2,-1,108
0.221,540,17933.319685,0,2,-1,55
0.528797,842,17970.182316,1,2,-1,119
0.637787,790,18004.930309,1,2,-1,61
0.212,384,18020.190206,0,2,-1,103
0.415,539,18043.509122,0,2,-1,50
0.064,483,18064.485075,0,2,-1,112
0.075,583,18089.173139,0,2,-1,131
0.801999,786,18123.432048,1,2,-1,55
0.435902,799,18158.33684,1,2,-1,110
-0.051,433,18175.529836,0,2,-1,121
0.415,600,18202.663804,0,2,-1,52
0.297,599,18229.047353,0,2,-1,42
0.382,480,18249.769896,0,2,-1,104
0.273,424,18266.409891,0,2,-1,105
0.516,695,18297.691281,0,2,-1,11
0.356,620,18323.952886,0,2,-1,15
0.448,496,18345.134582,0,2,-1,61
0.444,590,18370.869355,0,2,-1,66
0.551,611,18396.544708,0,2,-1,13
0.435,498,18417.775654,0,2,-1,81
0.331,665,18447.451566,0,2,-1,88
0.22,451,18467.266504,0,2,-1,59
0.266,508,18488.824296,0,2,-1,70
0.07,444,18506.556579,0,2,-1,118
0.622681,1119,18556.686469,1,2,-1,94
0.289075,731,18587.225215,1,2,-1,139
0.461,665,18615.76198,0,2,-1,24
0.061,437,18634.767155,0,2,-1,142
0.285,417,18653.105188,0,2,-1,102
0.269,503,18674.726535,0,2,-1,113
0.199,451,18694.547836,0,2,-1,103
0.038,419,18712.955523,0,2,-1,116
0.550866,890,18750.116704,1,2,-1,125
0.536,461,18770.163958,0,2,-1,8
0.311,652,18799.410374,0,2,-1,60
0.773602,974,18840.167778,1,2,-1,14
0.474929,967,18882.857563,1,2,-1,78
0.480874,861,18921.14,1,2,-1,22
0.444,550,18945.517731,0,2,-1,7
0.321,494,18967.069209,0,2,-1,85
0.385,520,18989.941507,0,2,-1,18
0.45,570,19014.394618,0,2,-1,25
0.13,450,19034.102944,0,2,-1,66
0.531,488,19054.727421,0,2,-1,7
0.218,522,19076.887009,0,2,-1,116
0.156,503,19098.097465,0,2,-1,102
0.451,546,19121.103887,0,2,-1,77
0.114,457,19140.479959,0,2,-1,112
0.328,497,19161.437921,0,2,-1,5
0.750902,1088,19207.216427,1,2,-1,55
0.248,445,19225.943496,0,2,-1,95
0.521,658,19253.290195,0,2,-1,18
0.26,505,19274.457913,0,2,-1,90
0.343,452,19293.654381,0,2,-1,48
0.091,452,19312.88273,0,2,-1,106
0.584386,923,19352.01144,1,2,-1,63
0.819812,904,19390.416691,1,2,-1,51
0.789309,867,19425.653719,1,2,-1,96
0.135,431,19444.111387,0,2,-1,69
-0.012,400,19461.363397,0,2,-1,114
-0.063,442,19480.238796,0,2,-1,125
0.233089,747,19510.71762,1,2,-1,104
0.508,548,19533.641714,0,2,-1,7
0.338,551,19556.605054,0,2,-1,24
0.086,488,19577.038888,0,2,-1,74
-0.12,410,19594.539922,0,2,-1,156
0.779066,682,19622.784455,2,0,6,-1
0.626,617,19649.988702,0,2,-1,11
-0.064,414,19666.130362,0,2,-1,121
0.308,541,19688.830036,0,2,-1,70
0.563,602,19715.493932,0,2,-1,0
0.508402,766,19746.752223,1,2,-1,112
0.463929,885,19784.427793,1,2,-1,121
0.590927,805,19817.491429,2,1,7,-1
0.720747,978,19858.849052,2,1,2,-1
0.61,568,19882.497127,0,2,-1,44
0.51,620,19909.939855,0,2,-1,44
0.093,414,19927.812749,0,2,-1,111
0.081,498,19947.160927,0,2,-1,127
0.146,440,19965.961216,0,2,-1,71
0.386,459,19985.459252,0,2,-1,82
0.721535,991,20027.171059,1,2,-1,30
0.343381,704,20057.788673,1,2,-1,124
0.512,616,20083.286739,0,2,-1,1
0.302,452,20102.382596,0,2,-1,96
0.198,476,20122.598166,0,2,-1,136
0.365,600,20147.58387,0,2,-1,33
0.211,424,20165.83729,0,2,-1,109
-0.078,535,20188.025468,0,2,-1,117
0.709535,873,20223.750135,1,2,-1,26
0.708443,795,20258.308512,1,2,-1,39
0.466,505,20279.447411,0,2,-1,16
0.24,570,20303.285933,0,2,-1,58
0.322,523,20325.439545,0,2,-1,51
0.612137,840,20361.63555,1,2,-1,29
0.868844,996,20403.692392,2,1,3,-1
0.448,685,20432.857048,0,2,-1,68
0.281,449,20451.953949,0,2,-1,79
0.438575,787,20484.10961,1,2,-1,105
0.085,490,20504.799765,0,2,-1,130
-0.022,505,20526.221707,0,2,-1,116
0.477,594,20550.9674,0,2,-1,44
0.173,479,20571.156915,0,2,-1,127
1.141413,896,20609.20804,2,1,53,-1
0.362,602,20634.476112,0,2,-1,5
0.149,402,20651.640936,0,2,-1,83
0.087,454,20670.89495,0,2,-1,70
0.156,354,20686.259906,0,2,-1,107
0.449,553,20709.297936,0,2,-1,60
0.16,550,20731.989641,0,2,-1,92
0.746627,838,20766.016442,1,2,-1,54
0.399,481,20786.352664,0,2,-1,93
0.371,530,20808.494577,0,2,-1,97
0.178,516,20830.319429,0,2,-1,106
0.386,542,20852.887123,0,2,-1,81
0.313,508,20874.279872,0,2,-1,103
0.628937,798,20908.711843,1,2,-1,32
0.394472,769,20942.134789,1,2,-1,101
0.196,456,20959.813894,0,2,-1,59
0.49,574,20985.389494,0,2,-1,77
0.392,424,21001.955314,0,2,-1,56
0.813306,807,21036.775218,2,1,29,-1
0.175,443,21055.633991,0,2,-1,112
0.269,564,21078.988007,0,2,-1,80
0.273,532,21101.368922,0,2,-1,75
0.222,541,21123.969643,0,2,-1,30
0.07,431,21142.373509,0,2,-1,117
-0.095,376,21158.775816,0,2,-1,155
0.273,486,21179.366166,0,2,-1,65
0.958575,922,21216.839572,2,1,30,-1
0.334,584,21241.088676,0,2,-1,79
0.323,448,21260.00087,0,2,-1,113
0.123,509,21281.457183,0,2,-1,134
0.863309,796,21315.753859,1,2,-1,9
0.504,661,21342.919845,0,2,-1,51
0.029,465,21362.658479,0,2,-1,149
0.771548,999,21404.684494,1,2,-1,92
0.294,474,21424.764264,0,2,-1,9
0.399,529,21447.200458,0,2,-1,33
0.335,579,21471.299707,0,2,-1,59
0.225,462,21490.94267,0,2,-1,124
0.241,535,21513.57069,0,2,-1,19
0.154,453,21532.862278,0,2,-1,87
0.026,410,21550.476545,0,2,-1,159
0.390592,759,21581.765479,1,2,-1,152
0.24,529,21604.044339,0,2,-1,84
0.744997,796,21638.415555,1,2,-1,68
0.69799,774,21670.291296,1,2,-1,126
0.155,553,21693.280335,0,2,-1,95
0.194,503,21714.532494,0,2,-1,71
0.099,401,21731.737354,0,2,-1,94
0.252,483,21752.26757,0,2,-1,40
0.53,594,21777.101094,0,2,-1,37
0.427,628,21805.237113,0,2,-1,77
0.660535,864,21840.579632,1,2,-1,32
0.533,646,21867.454697,0,2,-1,34
0.332,598,21894.058261,0,2,-1,73
0.314,476,21914.074837,0,2,-1,78
-0.149,386,21928.919876,0,2,-1,163
0.799226,861,21965.713232,1,2,-1,32
0.557,614,21991.159163,0,2,-1,44
0.356,427,22009.435603,0,2,-1,83
0.383,657,22036.60111,0,2,-1,83
0.239,442,22055.277503,0,2,-1,145
0.397,508,22076.71902,0,2,-1,77
0.367,529,22099.097697,0,2,-1,71
0.278,622,22125.001379,0,2,-1,61
0.643,578,22150.763359,0,2,-1,21
0.843492,544,22173.662233,2,0,76,-1
0.555979,645,22200.429248,2,0,21,-1
0.586,535,22222.79858,0,2,-1,23
0.303,455,22241.980403,0,2,-1,142
0.83214,575,22265.88302,2,0,7,-1
0.242,542,22288.709351,0,2,-1,79
0.696651,842,22324.697893,1,2,-1,99
0.185,537,22347.483833,0,2,-1,104
0.627,548,22370.399395,0,2,-1,32
0.178,463,22390.184877,0,2,-1,76
0.669089,1024,22433.543051,1,2,-1,80
0.569,541,22456.16821,0,2,-1,46
0.174,510,22477.609763,0,2,-1,113
0.943226,948,22517.751518,1,2,-1,43
0.53,524,22539.787448,0,2,-1,5
0.337,455,22557.358822,0,2,-1,124
0.48365,872,22594.569782,1,2,-1,114
0.469,592,22619.155111,0,2,-1,6
0.397137,706,22649.757406,1,2,-1,105
0.437,548,22672.709664,0,2,-1,85
0.33,497,22693.721197,0,2,-1,37
0.505,542,22716.53823,0,2,-1,57
0.218,498,22737.544708,0,2,-1,128
0.458,541,22760.213459,0,2,-1,14
0.414,540,22782.954155,0,2,-1,81
0.101,426,22801.242713,0,2,-1,38
0.62226,920,22840.120718,1,2,-1,120
0.357,459,22857.932416,0,2,-1,70
0.522,774,22891.12833,0,2,-1,22
0.849575,843,22926.885145,1,2,-1,22
0.113,518,22948.767814,0,2,-1,111
0.165,496,22969.815462,0,2,-1,77
0.346,488,22990.412798,0,2,-1,108
0.782705,980,23030.128695,1,2,-1,54
0.557,591,23056.486403,0,2,-1,40
0.38,437,23073.429873,0,2,-1,72
0.503,569,23098.872807,0,2,-1,7
0.918866,953,23137.614449,1,2,-1,55
0.304,591,23164.069835,0,2,-1,1
0.296,461,23181.949095,0,2,-1,77
-0.11,397,23199.113266,0,2,-1,99
0.164,577,23223.322941,0,2,-1,93
0.377,538,23245.942602,0,2,-1,16
0.187,471,23265.838942,0,2,-1,59
0.447,609,23292.791709,0,2,-1,23
0.344,546,23315.665711,0,2,-1,114
0.36,472,23335.664437,0,2,-1,74
0.136,575,23359.686018,0,2,-1,79
0.512,585,23383.870607,0,2,-1,21
0.082,537,23406.194993,0,2,-1,120
0.124,565,23429.886571,0,2,-1,153
0.009,448,23448.96084,0,2,-1,115
0.417232,721,23478.691788,1,2,-1,72
0.153,493,23499.537724,0,2,-1,95
0.266,437,23518.278857,0,2,-1,92
0.522,610,23543.792742,0,2,-1,45
0.34626,756,23576.517767,1,2,-1,150
0.857018,904,23613.291391,1,2,-1,32
0.187,448,23632.394343,0,2,-1,66
0.214,490,23653.057508,0,2,-1,80
0.26,571,23677.009923,0,2,-1,42
0.465929,730,23708.832815,1,2,-1,130
0.870232,1019,23751.574488,1,2,-1,31
0.155,427,23769.592391,0,2,-1,98
0.471,489,23790.14355,0,2,-1,6
0.435,610,23815.376719,0,2,-1,51
0.219,527,23837.579872,0,2,-1,151
0.635,462,23857.051544,0,2,-1,36
0.256,440,23875.904907,0,2,-1,90
0.836227,830,23910.472214,1,2,-1,60
0.309,533,23933.205219,0,2,-1,128
1.591137,789,23967.310732,2,1,10,-1
0.268,507,23988.654962,0,2,-1,121
1.063475,1159,24036.983279,2,1,12,-1
0.787808,563,24060.623717,2,0,69,-1
0.357,423,24078.669643,0,2,-1,75
0.337,453,24097.87759,0,2,-1,96
0.678,613,24123.428566,0,2,-1,3
1.054869,788,24157.297661,2,1,89,-1
0.18,395,24172.727352,0,2,-1,132
0.199,398,24189.935661,0,2,-1,114
0.478,518,24211.695686,0,2,-1,74
0.930855,731,24243.271804,2,0,95,-1
0.66881,646,24270.262438,1,2,-1,109
0.246,461,24289.862619,0,2,-1,85
0.951311,958,24330.345744,1,2,-1,16
0.821578,981,24371.357477,2,1,18,-1
0.471,603,24396.257964,0,2,-1,87
0.268,530,24418.409438,0,2,-1,41
0.612075,926,24457.956128,1,2,-1,81
0.785466,581,24482.276399,2,0,92,-1
0.224,446,24501.245072,0,2,-1,84
-0.173,392,24516.614535,0,2,-1,131
0.48079,930,24556.026034,1,2,-1,28
0.700787,1034,24599.752782,1,2,-1,67
0.709391,743,24632.156658,1,2,-1,35
0.971309,960,24672.653526,1,2,-1,51
0.542,600,24697.738276,0,2,-1,5
0.31218,789,24729.968236,1,2,-1,137
0.369472,900,24768.218136,1,2,-1,84
0.617705,909,24806.876059,1,2,-1,89
0.67707,843,24841.246893,1,2,-1,39
0.395,496,24862.254637,0,2,-1,78
1.059692,601,24889.009717,2,0,7,-1
0.525858,739,24919.216279,1,2,-1,133
0.246,553,24942.487069,0,2,-1,86
0.521,699,24971.417637,0,2,-1,53
0.780958,838,25007.204751,1,2,-1,86
0.376,586,25031.615757,0,2,-1,101
0.930491,840,25067.306837,2,1,51,-1
0.185,353,25082.581728,0,2,-1,113
0.31,521,25104.628998,0,2,-1,63
0.812034,804,25137.689025,1,2,-1,76
0.479,508,25158.968055,0,2,-1,13
0.244,466,25178.696507,0,2,-1,111
0.438,608,25204.155739,0,2,-1,59
0.367,554,25227.316629,0,2,-1,41
0.6815,789,25261.068983,1,2,-1,29
0.861815,883,25298.45372,1,2,-1,50
0.478,480,25318.923574,0,2,-1,63
0.445,498,25338.207521,0,2,-1,44
0.985425,758,25370.879416,2,1,92,-1
0.188,399,25388.089391,0,2,-1,63
0.548,514,25409.930144,0,2,-1,8
0.389,491,25430.595607,0,2,-1,44
0.045,400,25446.328831,0,2,-1,108
0.299,578,25472.364335,0,2,-1,34
0.608516,858,25507.494618,1,2,-1,65
0.855902,882,25545.285483,1,2,-1,27
0.239,411,25563.129447,0,2,-1,116
1.330149,785,25596.685881,2,1,159,-1
0.444,451,25616.375428,0,2,-1,80
0.690962,561,25639.793709,2,0,39,-1
0.578,670,25669.059471,0,2,-1,23
0.69,737,25699.275084,0,2,-1,5
1.102154,809,25734.087969,2,1,67,-1
0.752191,929,25771.637878,2,1,7,-1
0.165,447,25790.619686,0,2,-1,115
0.65165,865,25827.733562,1,2,-1,89
0.238,470,25847.6326,0,2,-1,66
0.393,472,25867.71677,0,2,-1,101
1.271464,833,25901.642617,2,1,136,-1
0.75034,791,25935.774107,1,2,-1,61
0.886169,857,25972.772341,1,2,-1,72
0.267,510,25994.195191,0,2,-1,78
0.214,463,26013.697637,0,2,-1,108
0.676744,583,26037.912302,2,0,8,-1
0.253,425,26056.073081,0,2,-1,95
0.675206,988,26097.658391,1,2,-1,102
0.277,544,26120.56197,0,2,-1,81
0.580827,742,26150.78326,1,2,-1,80
0.144,390,26167.48621,0,2,-1,49
0.893516,1093,26213.385848,1,2,-1,78
0.627,556,26236.678401,0,2,-1,5
1.029489,854,26273.07239,2,1,1,-1
0.428,503,26294.241856,0,2,-1,61
0.063,386,26309.242209,0,2,-1,132
0.874739,584,26335.310505,2,0,122,-1
1.32,687,26363.57411,1,2,-1,27
0.685583,691,26392.097397,1,2,-1,84
0.729026,603,26417.029382,2,0,12,-1
0.787888,613,26444.072973,2,0,16,-1
0.377,469,26463.877214,0,2,-1,62
0.705309,934,26501.879187,1,2,-1,106
0.713763,801,26536.236056,2,1,89,-1
0.579587,781,26568.291653,1,2,-1,111
0.942096,810,26602.903085,2,1,50,-1
0.295,448,26622.01278,0,2,-1,12
0.58779,771,26653.526222,1,2,-1,51
0.541804,587,26679.655569,2,0,8,-1
0.571,601,26704.706215,0,2,-1,8
0.082,491,26725.418621,0,2,-1,102
0.35,417,26743.362798,0,2,-1,67
0.483,587,26767.657955,0,2,-1,45
0.09,518,26789.300494,0,2,-1,124
1.030122,862,26824.231991,1,2,-1,36
0.875083,938,26863.964516,2,1,1,-1
0.813381,1021,26907.048765,1,2,-1,1
0.391,535,26929.513425,0,2,-1,85
0.504,559,26952.988599,0,2,-1,1
0.404,532,26975.162108,0,2,-1,104
0.792681,954,27015.780048,1,2,-1,47
0.970455,971,27056.846372,2,1,35,-1
0.911969,875,27093.965224,1,2,-1,60
0.723443,791,27126.334897,1,2,-1,89
0.449681,844,27163.190423,1,2,-1,107
0.108,336,27177.781773,0,2,-1,105
0.965084,794,27210.256105,1,2,-1,40
0.818636,538,27232.679414,2,0,35,-1
0.232,469,27252.293315,0,2,-1,94
0.743651,822,27287.548357,1,2,-1,64
0.796062,830,27321.534833,2,1,54,-1
0.287,606,27348.356636,0,2,-1,132
0.542287,867,27383.974344,1,2,-1,114
1.12845,865,27421.00403,2,1,55,-1
0.227,395,27438.117367,0,2,-1,120
0.381,600,27462.950733,0,2,-1,45
0.993052,755,27493.751932,2,1,127,-1
0.752797,778,27527.308458,1,2,-1,71
0.660525,528,27549.510169,2,0,39,-1
0.737516,1002,27591.365669,1,2,-1,90
0.519705,807,27624.490657,1,2,-1,129
0.443,568,27649.757003,0,2,-1,76
0.53,527,27671.866311,0,2,-1,8
0.386,471,27691.648485,0,2,-1,35
0.745026,587,27716.210556,2,0,40,-1
-0.052,395,27731.460638,0,2,-1,150
0.528,547,27755.885898,0,2,-1,47
1.431508,916,27793.247622,2,1,159,-1
0.758238,600,27818.303511,2,0,51,-1
0.605,545,27842.854853,0,2,-1,17
0.401,542,27865.490118,0,2,-1,33
0.304,597,27890.328312,0,2,-1,124
0.429,490,27910.85615,0,2,-1,5
1.256805,818,27944.248989,1,2,-1,66
0.981264,813,27979.133532,2,1,5,-1
0.037,401,27996.393169,0,2,-1,131
0.474,418,28014.379111,0,2,-1,50
1.201637,1018,28057.311433,2,1,2,-1
0.48,561,28080.834304,0,2,-1,63
0.863328,851,28115.421499,1,2,-1,25
0.488,497,28136.189267,0,2,-1,76
0.851264,639,28162.776924,2,0,93,-1
0.651,559,28187.697256,0,2,-1,17
0.734039,917,28225.013922,2,1,16,-1
0.948858,867,28262.166074,1,2,-1,38
0.845035,496,28283.03144,2,0,87,-1
0.272,459,28302.453014,0,2,-1,75
0.736891,932,28341.928378,2,1,37,-1
0.283,498,28362.790128,0,2,-1,66
0.841048,917,28401.577702,1,2,-1,2
0.976271,514,28423.144939,2,0,119,-1
0.398,591,28447.702046,0,2,-1,53
0.617,860,28482.744829,0,2,-1,91
1.077738,819,28517.847592,1,2,-1,65
0.645,696,28546.672162,0,2,-1,12
0.435,467,28566.276994,0,2,-1,21
0.383,550,28589.197286,0,2,-1,101
0.477,534,28611.398941,0,2,-1,39
0.516,550,28634.339612,0,2,-1,4
0.128,618,28661.46996,0,2,-1,115
0.418,554,28684.704738,0,2,-1,94
0.126,488,28705.32687,0,2,-1,97
0.910386,836,28739.413937,1,2,-1,52
0.159,488,28760.038065,0,2,-1,119
0.876719,880,28798.03154,2,1,89,-1
0.809033,908,28836.206133,1,2,-1,36
0.697456,778,28868.222445,1,2,-1,6
0.771575,858,28904.637163,1,2,-1,69
0.900331,902,28943.023378,2,1,24,-1
0.898391,788,28975.256732,1,2,-1,1
0.935155,1063,29019.717928,1,2,-1,21
0.768112,600,29044.391298,2,0,84,-1
0.876519,939,29084.113244,2,1,11,-1
0.293,510,29105.663621,0,2,-1,124
0.533,487,29126.174716,0,2,-1,30
0.396,501,29147.251432,0,2,-1,43
0.86135,744,29179.352288,2,1,2,-1
0.719007,541,29202.04466,2,0,4,-1
0.509,520,29223.86814,0,2,-1,12
0.467086,887,29259.965859,1,2,-1,170
0.971376,843,29295.490436,2,1,93,-1
0.369,471,29315.456354,0,2,-1,0
0.821824,880,29353.050233,1,2,-1,73
0.936275,801,29385.805792,1,2,-1,31
0.51,510,29407.123754,0,2,-1,75
0.561,497,29428.026465,0,2,-1,38
0.263,503,29449.205528,0,2,-1,75
1.011827,732,29480.771244,1,2,-1,26
0.224,388,29495.752156,0,2,-1,125
0.316,526,29519.468202,0,2,-1,50
0.791638,856,29554.324398,2,1,25,-1
0.565104,900,29592.642717,1,2,-1,83
0.593,640,29619.196095,0,2,-1,4
0.917841,794,29653.223932,1,2,-1,40
1.217767,969,29694.060813,2,1,62,-1
0.526812,744,29724.300168,1,2,-1,144
0.296,553,29747.553795,0,2,-1,82
0.545874,756,29780.001056,1,2,-1,166
0.810841,764,29811.403244,1,2,-1,75
0.759084,822,29846.86829,1,2,-1,103
0.159,423,29865.07049,0,2,-1,77
0.684283,428,29881.694003,2,0,33,-1
0.603561,658,29910.64477,2,0,0,-1
0.997207,483,29930.936245,2,0,110,-1
1.071847,804,29963.817833,1,2,-1,10
0.79232,516,29985.484847,2,0,86,-1
0.472,460,30004.959818,0,2,-1,46
0.073,489,30025.616283,0,2,-1,96
0.924541,704,30054.763404,2,0,132,-1
0.848755,576,30080.48774,2,0,49,-1
0.675901,625,30106.635612,2,0,8,-1
0.781275,482,30127.182603,2,0,22,-1
0.715057,743,30157.625748,1,2,-1,27
0.686,666,30185.145974,0,2,-1,1
1.092934,723,30216.440144,2,1,95,-1
0.99779,848,30252.741289,2,1,6,-1
0.913183,945,30290.973889,1,2,-1,24
1.011797,1002,30333.129247,1,2,-1,23
0.477,559,30356.326986,0,2,-1,22
0.839138,597,30382.869161,2,0,84,-1
1.137514,870,30418.060029,2,1,89,-1
0.96751,471,30437.878442,2,0,21,-1
0.47,618,30463.509747,0,2,-1,7
0.919516,851,30500.061922,1,2,-1,43
0.373,578,30523.939453,0,2,-1,13
0.66479,934,30563.507211,1,2,-1,29
0.989744,832,30598.999695,2,1,83,-1
0.497812,636,30625.3712,1,2,-1,110
1.149972,792,30657.595259,2,1,62,-1
0.725598,801,30692.049033,2,1,18,-1
0.991677,814,30726.833287,1,2,-1,63
0.491,676,30754.64628,0,2,-1,47
0.221,477,30774.725309,0,2,-1,103
0.92364,949,30814.580528,1,1,31,-1
0.831535,761,30845.684222,1,2,-1,3
0.356,720,30876.826678,0,2,-1,14
1.467925,478,30897.027685,2,0,176,-1
0.319,412,30913.081347,0,2,-1,39
0.384,518,30934.855388,0,2,-1,99
0.845668,759,30967.427906,2,1,46,-1
1.097882,845,31001.738154,2,1,43,-1
0.491,542,31026.089828,0,2,-1,61
0.973712,779,31057.972339,2,1,59,-1
0.962221,791,31091.858856,2,1,43,-1
0.725703,844,31126.268402,1,2,-1,98
0.393,403,31143.492309,0,2,-1,67
0.741608,486,31163.849088,2,0,12,-1
0.722896,844,31200.036028,1,2,-1,104
0.870109,784,31232.078752,1,2,-1,79
0.406,655,31259.156718,0,2,-1,64
0.261,446,31278.112569,0,2,-1,118
0.472,601,31304.627563,0,2,-1,3
0.794896,798,31337.227162,1,2,-1,35
1.001904,602,31362.527462,2,0,22,-1
0.494,574,31386.381529,0,2,-1,63
1.22599,771,31419.569433,1,2,-1,41
0.65,553,31442.640828,0,2,-1,5
0.74879,780,31474.572285,1,2,-1,58
0.67218,900,31512.83863,1,2,-1,6
0.786075,776,31545.93147,1,2,-1,65
1.041678,734,31575.953743,2,1,57,-1
0.866155,953,31616.345865,1,2,-1,82
1.727,857,31653.505866,1,2,-1,8
0.203,453,31672.65668,0,2,-1,120
0.475,594,31697.448231,0,2,-1,44
0.505602,663,31724.846311,1,2,-1,156
1.194048,730,31755.001716,2,1,9,-1
0.625958,934,31794.252497,1,2,-1,112
0.545602,892,31831.919382,1,2,-1,73
0.292,459,31851.380967,0,2,-1,135
0.858841,800,31884.068328,1,2,-1,44
0.911881,868,31921.244653,2,1,45,-1
0.981381,862,31957.90912,2,1,25,-1
0.426,571,31981.668067,0,2,-1,62
0.764402,839,32017.259103,1,2,-1,69
0.619021,679,32045.388848,1,2,-1,93
0.705275,837,32081.187133,1,2,-1,58
0.409,513,32102.697942,0,2,-1,99
0.964626,890,32139.043916,2,1,28,-1
1.052412,877,32176.1756,1,2,-1,10
0.655477,658,32203.466007,2,0,5,-1
0.225,456,32222.722033,0,2,-1,79
1.086913,702,32253.350422,1,2,-1,137
0.608,526,32275.322759,0,2,-1,32
0.26,468,32295.094416,0,2,-1,43
0.422,694,32323.907002,0,2,-1,59
0.213,404,32341.205217,0,2,-1,97
0.575275,884,32376.919543,1,2,-1,33
0.575793,769,32409.846942,1,2,-1,110
1.029089,995,32451.599746,1,1,-1,-1
0.759619,499,32472.683198,2,0,80,-1
1.005159,502,32493.872592,2,0,44,-1
0.668,582,32518.107469,0,2,-1,3
0.652,591,32542.55018,0,2,-1,1
0.917931,511,32564.069951,2,0,97,-1
1.107447,899,32602.170846,1,2,-1,31
0.426,445,32621.058124,0,2,-1,52
0.944222,853,32655.844284,1,2,-1,5
0.278412,667,32684.923908,1,2,-1,151
0.837428,532,32707.32454,2,0,37,-1
1.02403,789,32739.858707,1,2,-1,46
0.662021,934,32779.369936,2,1,1,-1
0.674,591,32803.945119,0,2,-1,16
0.976391,848,32840.430836,1,2,-1,40
0.337,490,32860.928154,0,2,-1,40
0.831729,666,32888.410001,2,0,8,-1
0.416,478,32908.593412,0,2,-1,44
0.695886,592,32933.229743,2,0,27,-1
1.119722,852,32969.70873,2,1,48,-1
0.808681,810,33002.792861,1,2,-1,35
0.208,379,33019.206146,0,2,-1,109
0.724391,783,33052.724665,2,1,26,-1
0.56154,933,33092.085708,1,2,-1,95
1.057281,825,33125.872934,2,1,16,-1
1.165927,779,33159.310793,2,1,35,-1
1.047494,976,33200.402909,2,1,21,-1
0.784999,696,33228.921088,1,2,-1,55
0.319902,879,33266.288263,1,2,-1,71
0.96264,937,33306.132636,2,1,33,-1
0.292,469,33324.286624,0,2,-1,95
0.608,544,33348.633144,0,2,-1,14
0.620443,969,33387.913701,1,2,-1,100
0.58,573,33413.640066,0,2,-1,41
1.082391,953,33452.102782,1,2,-1,25
0.544275,762,33485.004127,1,2,-1,86
0.342,551,33508.01726,0,2,-1,48
1.524578,778,33539.91671,2,1,126,-1
0.799155,875,33577.002198,1,2,-1,37
0.456,512,33598.587629,0,2,-1,0
0.668651,786,33632.544493,1,2,-1,90
0.405,423,33650.543494,0,2,-1,57
0.224,550,33673.397984,0,2,-1,153
0.748185,579,33697.37091,2,0,42,-1
0.738402,804,33730.236644,1,2,-1,2
1.08187,1028,33773.271789,1,2,-1,36
0.860308,477,33793.580196,2,0,54,-1
0.812052,942,33833.457966,2,1,31,-1
0.455,542,33856.022101,0,2,-1,65
0.875057,817,33890.899317,1,2,-1,78
0.784841,790,33922.975589,1,2,-1,88
0.880089,963,33963.573976,1,2,-1,51
0.974217,826,33998.864299,1,2,-1,74
0.39,554,34021.914633,0,2,-1,41
0.822057,765,34053.561051,1,2,-1,61
0.863213,890,34091.221128,2,1,36,-1
0.657089,758,34123.875575,1,2,-1,67
0.780797,890,34160.171143,1,2,-1,75
0.322,500,34181.353139,0,2,-1,80
0.579,547,34204.199637,0,2,-1,13
0.641,557,34227.232107,0,2,-1,1
0.389,646,34255.622022,0,2,-1,60
0.744019,840,34289.718604,2,1,15,-1
1.001799,467,34309.3818,2,0,112,-1
1.167859,437,34328.018127,2,0,148,-1
1.112758,926,34367.889677,2,1,46,-1
0.971287,824,34403.048864,1,2,-1,13
1.154192,1077,34448.070719,2,1,20,-1
0.469,505,34469.245166,0,2,-1,50
0.840592,804,34501.95819,1,2,-1,62
0.606,530,34524.286933,0,2,-1,17
1.179634,787,34557.940801,2,1,95,-1
0.860277,542,34580.523185,2,0,69,-1
0.851797,831,34614.507072,1,2,-1,15
0.526192,803,34648.920214,1,2,-1,107
0.521,550,34671.731296,0,2,-1,24
1.023829,880,34709.33304,1,2,-1,42
0.832708,492,34730.100704,2,0,55,-1
1.086063,821,34763.446364,2,0,39,-1
0.991827,860,34800.306156,1,2,-1,4
0.024,384,34816.817945,0,2,-1,118
0.829858,586,34841.448282,2,0,63,-1
0.790155,795,34875.499358,1,2,-1,66
0.46,496,34894.60528,0,2,-1,35
0.636,570,34920.027549,0,2,-1,18
0.965169,809,34953.055795,1,2,-1,52
0.608,564,34976.560374,0,2,-1,23
0.65718,915,35015.30466,1,2,-1,50
0.363,600,35040.130716,0,2,-1,111
0.777553,853,35076.318099,1,2,-1,75
0.935456,841,35112.203715,1,2,-1,4
0.981358,829,35145.71673,1,2,-1,70
0.76901,821,35180.474499,1,2,-1,88
0.597275,695,35209.236676,1,2,-1,55
1.034553,831,35244.855114,2,1,127,-1
0.858287,790,35277.117756,1,2,-1,97
0.578,558,35300.345289,0,2,-1,13
0.828797,870,35337.193481,1,2,-1,36
0.952399,763,35370.796672,1,2,-1,85
0.936871,774,35402.705199,1,2,-1,6
0.832681,850,35439.824017,1,2,-1,19
0.239,432,35458.213718,0,2,-1,65
0.409,576,35482.212846,0,2,-1,83
0.89458,526,35504.232664,2,0,17,-1
1.00699,690,35532.632338,1,2,-1,46
1.109457,840,35568.593186,2,1,33,-1
0.189,423,35586.51729,0,2,-1,122
0.936054,962,35625.332381,2,1,1,-1
0.392,525,35647.271673,0,2,-1,91
1.374,675,35676.804369,1,2,-1,38
0.995226,887,35713.733239,1,2,-1,18
0.626,526,35738.325282,0,2,-1,30
0.329,422,35755.336627,0,2,-1,77
0.485,475,35775.812782,0,2,-1,80
0.456,641,35804.75609,0,2,-1,84
1.048093,873,35840.811099,1,2,-1,18
0.584,577,35865.079579,0,2,-1,27
0.599,584,35891.282385,0,2,-1,21
0.629,590,35916.150717,0,2,-1,14
0.568,533,35938.894401,0,2,-1,44
0.631866,773,35970.628769,1,2,-1,101
0.302,515,35992.603345,0,2,-1,29
0.851192,829,36028.390714,1,2,-1,74
0.647705,766,36059.975201,1,2,-1,121
0.809472,870,36097.79546,1,2,-1,36
1.345922,780,36131.660007,2,1,124,-1
0.266,554,36155.002341,0,2,-1,99
0.539352,665,36182.767607,1,2,-1,109
0.768377,493,36203.783013,2,0,42,-1
0.554929,785,36236.280111,1,2,-1,105
0.712,454,36255.812929,0,2,-1,12
0.456,484,36276.25145,0,2,-1,51
0.401,479,36296.500587,0,2,-1,86
0.342,413,36314.425799,0,2,-1,104
1.356363,988,36356.542938,1,2,-1,22
0.211,512,36378.330894,0,2,-1,113
0.839773,814,36413.547928,1,2,-1,66
-0.002,392,36428.974226,0,2,-1,150
1.017846,847,36465.389001,1,2,-1,60
1.017897,816,36500.662121,1,2,-1,58
0.694051,497,36521.842785,2,0,70,-1
0.942452,1114,36569.145508,2,1,18,-1
0.147,430,36587.677081,0,2,-1,129
0.266,356,36601.708246,0,2,-1,71
0.619,508,36623.339,0,2,-1,28
0.389,496,36644.503931,0,2,-1,102
0.461,464,36664.500829,0,2,-1,17
0.118,413,36682.134724,0,2,-1,145
0.838456,842,36718.620081,1,2,-1,82
0.635,521,36740.999231,0,2,-1,7
0.466,543,36763.995321,0,2,-1,77
0.558812,855,36799.428782,1,2,-1,75
0.63,682,36829.555132,0,2,-1,4
0.393,516,36851.576819,0,2,-1,65
0.824929,477,36871.952332,2,0,74,-1
0.201,469,36890.526871,0,2,-1,105
0.770357,529,36914.872142,2,0,68,-1
0.833855,479,36933.825392,2,0,54,-1
0.616,503,36955.274074,0,2,-1,1
0.812797,853,36992.006128,1,2,-1,51
0.415,518,37013.936885,0,2,-1,90
0.29,410,37031.626366,0,2,-1,86
0.451057,728,37061.766347,1,2,-1,127
0.964999,808,37097.064201,1,2,-1,74
0.435,483,37117.704327,0,2,-1,39
0.365,593,37142.796651,0,2,-1,89
0.5,437,37161.591537,0,2,-1,34
0.469,521,37183.722297,0,2,-1,45
0.873147,551,37206.980702,2,0,118,-1
1.272857,648,37234.261715,2,0,148,-1
0.504,487,37254.970515,0,2,-1,25
0.661,535,37277.408176,0,2,-1,8
1.093827,896,37316.005395,1,2,-1,10
0.579104,827,37351.735698,1,2,-1,69
0.782506,672,37379.831587,2,0,32,-1
0.406,579,37404.488004,0,2,-1,73
0.345,481,37425.146279,0,2,-1,96
0.422,525,37447.658251,0,2,-1,16
0.84287,689,37476.342656,1,2,-1,78
0.815238,799,37510.934412,1,2,-1,15
0.923412,890,37549.300506,1,2,-1,54
0.622,509,37570.853163,0,2,-1,8
0.248,512,37592.697007,0,2,-1,131
1.360828,654,37619.906666,2,1,110,-1
0.023,352,37635.2419,0,2,-1,166
0.916582,921,37673.107537,1,2,-1,59
0.312,420,37691.197082,0,2,-1,137
0.926292,969,37732.622553,2,1,78,-1
0.680736,763,37765.700868,1,2,-1,135
0.275,484,37786.102966,0,2,-1,105
0.234,547,37809.118438,0,2,-1,155
0.482,505,37830.828339,0,2,-1,72
0.211,521,37853.054192,0,2,-1,99
0.545372,681,37881.642738,1,2,-1,94
0.239,401,37899.653647,0,2,-1,84
0.513,657,37927.876804,0,2,-1,48
0.640049,581,37952.176946,2,0,7,-1
1.394307,485,37973.02712,2,0,72,-1
0.79518,901,38011.559944,1,2,-1,39
0.316,492,38032.609593,0,2,-1,127
0.460137,665,38060.338655,1,2,-1,112
0.778183,761,38093.387882,1,2,-1,56
0.339,492,38114.406422,0,2,-1,107
0.412,525,38136.76505,0,2,-1,32
0.287,539,38159.438969,0,2,-1,85
1.186021,764,38191.063115,1,2,-1,9
1.539498,722,38222.759455,2,1,154,-1
0.749327,467,38241.082064,2,0,55,-1
0.472,531,38263.488759,0,2,-1,15
0.465,399,38280.788578,0,2,-1,40
0.618,684,38310.766166,0,2,-1,24
0.880738,684,38339.346667,1,2,-1,94
0.667,582,38363.865477,0,2,-1,12
0.311,471,38383.966868,0,2,-1,79
0.152,411,38401.726596,0,2,-1,59
0.527,593,38426.6916,0,2,-1,64
0.645,535,38449.164657,0,2,-1,8
0.632631,632,38475.59164,2,0,11,-1
1.578456,760,38508.61684,2,1,176,-1
0.45,568,38532.512946,0,2,-1,82
0.561705,830,38566.785232,1,2,-1,58
1.082449,867,38604.328467,2,1,26,-1
0.35,579,38628.68274,0,2,-1,61
0.496,518,38650.613927,0,2,-1,37
0.409,522,38672.733785,0,2,-1,67
0.624,562,38696.550548,0,2,-1,9
0.352,543,38719.570164,0,2,-1,110
1.008183,709,38750.513668,1,2,-1,14
1.52142,750,38781.63038,2,1,30,-1
0.356,486,38802.363861,0,2,-1,36
0.383,459,38822.052377,0,2,-1,84
0.382,607,38847.544178,0,2,-1,99
0.58787,746,38880.456376,1,2,-1,122
1.293,665,38908.136234,1,2,-1,53
0.505,581,38932.511417,0,2,-1,32
0.669456,853,38969.203304,1,2,-1,5
0.363,542,38992.000151,0,2,-1,60
0.287,454,39011.525822,0,2,-1,124
0.665053,864,39048.799591,2,1,6,-1
0.643841,787,39081.26985,1,2,-1,78
0.506516,805,39116.465019,1,2,-1,104
0.986625,1000,39159.119195,1,2,-1,15
1.473,703,39188.356915,1,2,-1,26
0.279,533,39210.884984,0,2,-1,99
0.35,505,39232.396708,0,2,-1,70
0.857797,874,39270.08157,1,2,-1,70
0.569275,823,39303.841823,1,2,-1,50
0.800137,1000,39346.303446,1,2,-1,30
0.982022,897,39384.845211,2,1,7,-1
0.315,492,39405.942619,0,2,-1,104
0.866681,799,39440.569129,1,2,-1,0
0.722535,816,39474.364704,1,2,-1,60
1.049309,491,39495.283774,2,0,141,-1
1.024897,841,39531.735945,1,2,-1,3
0.910299,487,39552.432778,2,0,124,-1
0.6485,905,39589.734899,1,2,-1,69
1.216913,759,39622.749519,1,2,-1,60
0.682999,775,39654.790408,1,2,-1,42
0.833651,841,39691.004157,1,2,-1,82
0.095,452,39710.570787,0,2,-1,146
0.491575,816,39745.918471,1,2,-1,64
0.500206,900,39782.769989,1,2,-1,111
0.705089,829,39818.443515,1,2,-1,79
0.619,417,39836.430852,0,2,-1,26
0.466,591,39861.423748,0,2,-1,34
0.978827,797,39894.523713,1,2,-1,65
0.602089,897,39933.052795,1,2,-1,69
0.601917,809,39968.134077,1,2,-1,18
0.424,528,39990.433971,0,2,-1,86
0.513,502,40011.906631,0,2,-1,49
0.504,554,40035.152028,0,2,-1,0
0.720372,778,40067.501097,1,2,-1,32
1.037338,444,40086.673497,2,0,148,-1
0.642787,687,40116.82857,1,2,-1,61
0.493,436,40133.958083,0,2,-1,33
0.261,510,40155.619882,0,2,-1,96
0.405,530,40179.692461,0,2,-1,101
0.752232,908,40216.798319,1,2,-1,53
0.614,542,40239.882151,0,2,-1,24
0.923889,811,40274.894882,2,1,7,-1
0.572,591,40300.145738,0,2,-1,56
0.417,539,40323.117666,0,2,-1,45
1.064999,967,40364.44968,1,2,-1,5
1.257987,831,40400.379448,2,1,75,-1
0.445,512,40421.784355,0,2,-1,45
0.734858,539,40444.766754,2,0,29,-1
1.120997,807,40477.892716,2,1,128,-1
0.827892,714,40509.30628,1,2,-1,39
0.453,494,40530.420375,0,2,-1,45
1.263211,432,40547.541056,2,0,127,-1
0.860847,818,40583.123987,1,2,-1,63
0.598,607,40608.531446,0,2,-1,24
0.952162,894,40646.943774,2,1,102,-1
0.771,912,40685.744404,0,2,-1,26
0.77942,897,40724.287184,1,2,-1,32
0.711,521,40746.518409,0,2,-1,2
0.554,491,40767.514987,0,2,-1,44
0.539,577,40791.900777,0,2,-1,61
0.950465,952,40831.0452,2,1,86,-1
0.909578,954,40871.757537,1,2,-1,70
0.86865,880,40909.794776,1,2,-1,53
0.419,487,40930.766521,0,2,-1,70
0.422,535,40953.251588,0,2,-1,83
0.931091,535,40975.566549,2,0,117,-1
0.549,552,40998.873702,0,2,-1,45
0.246,446,41017.947242,0,2,-1,63
0.810855,528,41040.247698,2,0,30,-1
0.636,498,41061.421567,0,2,-1,8
0.691,526,41083.785204,0,2,-1,3
0.89834,739,41115.82449,1,2,-1,26
0.674978,559,41139.563757,2,0,51,-1
0.348,564,41163.386475,0,2,-1,101
0.983935,935,41203.657543,2,1,8,-1
0.692,484,41224.277698,0,2,-1,5
0.812288,493,41243.635101,2,0,30,-1
0.499,573,41269.387608,0,2,-1,6
0.781587,810,41302.766448,1,2,-1,52
0.597,566,41326.771581,0,2,-1,32
0.408,476,41347.043574,0,2,-1,54
0.331,469,41367.103385,0,2,-1,50
0.148,486,41387.660314,0,2,-1,60
0.265,403,41405.181203,0,2,-1,74
0.785309,771,41437.151613,1,2,-1,28
0.457,557,41460.651605,0,2,-1,72
0.499,453,41480.012575,0,2,-1,51
0.117,535,41502.63251,0,2,-1,85
0.846275,891,41541.133236,1,2,-1,30
0.618358,654,41568.340927,1,2,-1,55
0.739183,742,41600.782467,1,2,-1,115
0.525169,683,41629.208351,1,2,-1,128
0.944222,759,41662.284891,1,2,-1,73
1.153034,763,41693.981992,1,2,-1,37
0.888396,554,41717.310335,2,0,77,-1
0.92534,714,41748.588133,1,2,-1,54
0.571,542,41771.599622,0,2,-1,55
0.373,513,41793.318275,0,2,-1,24
0.738354,519,41815.377569,2,0,21,-1
0.797767,456,41834.837497,2,0,62,-1
0.8867,587,41859.598496,2,0,74,-1
0.554535,849,41894.410746,1,2,-1,54
0.312,460,41914.171097,0,2,-1,43
0.913797,693,41944.907166,1,2,-1,69
0.837827,733,41975.364717,1,2,-1,87
0.491,605,42000.92005,0,2,-1,7
1.378352,713,42032.106277,2,1,61,-1
0.515,454,42051.649098,0,2,-1,74
0.618434,641,42078.615571,2,1,23,-1
0.263,449,42097.955818,0,2,-1,86
0.73818,863,42133.300748,1,2,-1,39
0.992923,909,42172.488404,2,1,17,-1
0.972542,841,42208.893887,2,1,8,-1
1.216339,706,42238.171159,1,2,-1,55
0.234,577,42262.417515,0,2,-1,131
0.659,716,42293.858125,0,2,-1,9
0.542,542,42316.597145,0,2,-1,1
0.845426,749,42347.65974,2,1,12,-1
0.294,499,42368.845603,0,2,-1,92
0.707627,661,42396.406349,1,2,-1,78
0.137,414,42414.301589,0,2,-1,106
0.794075,957,42454.813725,1,2,-1,52
0.797386,813,42489.752461,1,2,-1,12
0.325797,702,42518.928418,1,2,-1,171
0.398,517,42540.954472,0,2,-1,80
0.491,482,42561.510462,0,2,-1,37
0.826089,932,42601.252606,1,2,-1,14
0.573,523,42623.374756,0,2,-1,40
1.226902,814,42657.084958,1,2,-1,86
0.605372,770,42690.72739,1,2,-1,84
0.852595,599,42715.601058,2,0,50,-1
0.575516,716,42747.127952,1,2,-1,111
0.958104,461,42765.151934,2,0,59,-1
0.595681,869,42802.269104,1,2,-1,61
0.664929,886,42840.431716,1,2,-1,65
-0.12,293,42851.986736,0,2,-1,176
0.789793,664,42881.479102,1,2,-1,36
1.281273,810,42914.86527,2,1,26,-1
1.089176,533,42937.438596,2,0,89,-1
0.818054,659,42966.57104,2,0,89,-1
0.591,565,42990.438048,0,2,-1,7
0.955651,887,43028.769321,1,2,-1,49
0.611,572,43052.930643,0,2,-1,2
0.996659,723,43082.723123,2,1,5,-1
0.902582,647,43109.635124,1,2,-1,48
0.322,502,43131.061038,0,2,-1,118
0.628412,804,43165.906851,2,1,10,-1
0.902902,904,43204.556761,1,2,-1,38
0.998153,955,43243.562365,2,1,71,-1
0.5901,682,43273.458716,1,2,-1,140
0.287,419,43291.549592,0,2,-1,86
1.12594,734,43321.933464,2,1,105,-1
0.755312,717,43351.706555,1,2,-1,95
0.759751,544,43376.389491,2,0,34,-1
0.378,523,43398.677586,0,2,-1,75
0.705,609,43424.218815,0,2,-1,8
0.910089,964,43465.191576,1,2,-1,15
0.611192,761,43496.557508,1,2,-1,142
1.248629,934,43536.621855,2,1,66,-1
0.18,390,43553.660925,0,2,-1,130
0.202,480,43574.179473,0,2,-1,120
0.905104,875,43610.185769,1,2,-1,14
0.754529,688,43640.614973,1,2,-1,71
0.987456,774,43672.736614,1,2,-1,50
0.459,509,43694.478822,0,2,-1,52
0.502,578,43718.941259,0,2,-1,3
0.151,398,43736.228223,0,2,-1,124
0.859217,746,43768.884823,1,2,-1,64
0.645,578,43793.159863,0,2,-1,5
1.040885,781,43825.470882,2,1,42,-1
0.753602,803,43860.619804,1,2,-1,61
0.303,475,43880.71289,0,2,-1,109
1.192043,908,43917.974129,2,1,51,-1
0.715902,928,43957.877138,1,2,-1,40
0.638,489,43978.997453,0,2,-1,17
0.664897,834,44014.949425,1,2,-1,64
0.761048,738,44045.553589,1,2,-1,107
0.33,352,44061.121339,0,2,-1,64
0.930535,914,44100.104532,1,2,-1,5
0.564,492,44120.989764,0,2,-1,15
0.889978,817,44154.426081,2,1,16,-1
0.503,580,44178.804511,0,2,-1,67
0.385651,726,44210.478399,1,2,-1,65
0.317,465,44230.323564,0,2,-1,73
0.416,541,44253.259123,0,2,-1,41
0.353,453,44272.682912,0,2,-1,67
0.951631,814,44306.283493,2,1,46,-1
0.73142,865,44343.21618,1,2,-1,125
1.061243,907,44382.068244,2,1,18,-1
0.679259,637,44408.885508,2,0,22,-1
0.761999,812,44443.902421,1,2,-1,78
0.906703,772,44475.728218,1,2,-1,49
0.815747,571,44499.877365,2,0,44,-1
0.422,434,44518.478106,0,2,-1,36
0.703192,787,44552.508586,1,1,-1,140
0.739797,854,44587.485678,1,2,-1,97
0.767734,664,44617.052166,2,0,48,-1
0.326,466,44637.038875,0,2,-1,121
0.811275,963,44676.50231,1,2,-1,69
0.666,543,44699.628417,0,2,-1,21
0.399,427,44718.066907,0,2,-1,74
0.796447,799,44752.652609,1,2,-1,79
0.908937,873,44790.090905,1,2,-1,11
0.759222,799,44823.057299,1,2,-1,101
0.737793,776,44856.61175,1,2,-1,123
0.867575,986,44898.522909,1,2,-1,6
0.481,486,44917.512317,0,2,-1,10
0.39,505,44938.888204,0,2,-1,105
1.28303,844,44975.175689,1,2,-1,8
0.814275,867,45012.741641,1,2,-1,47
0.891984,546,45035.796317,2,0,0,-1
0.498,578,45060.205079,0,2,-1,5
0.578,556,45083.677793,0,2,-1,48
0.818625,811,45118.87987,1,2,-1,89
1.013679,661,45146.598857,2,1,14,-1
0.484,505,45167.964267,0,2,-1,51
0.427033,632,45194.259102,1,2,-1,105
0.474,557,45217.807158,0,2,-1,78
0.748078,527,45239.858421,2,0,1,-1
0.716529,768,45273.379355,1,2,-1,126
0.124,487,45294.067395,0,2,-1,86
0.47,472,45314.327065,0,2,-1,39
0.737575,836,45348.886615,1,2,-1,43
0.73418,882,45386.746667,1,2,-1,78
0.628535,700,45415.776342,1,2,-1,66
0.372,469,45435.730478,0,2,-1,25
0.507,605,45462.678148,0,2,-1,62
0.355,501,45482.408966,0,2,-1,48
0.793191,709,45513.332767,2,0,2,-1
1.107748,826,45547.439806,2,1,94,-1
0.128,416,45565.330005,0,2,-1,130
0.473,426,45583.514801,0,2,-1,35
1.017861,466,45603.330664,2,0,104,-1
0.732,612,45628.966372,0,2,-1,2
0.712744,744,45661.46715,2,0,62,-1
1.407925,717,45691.499003,2,1,121,-1
0.357,533,45714.282442,0,2,-1,65
0.435,460,45734.151237,0,2,-1,115
0.599,650,45761.300287,0,2,-1,20
0.071,295,45774.555529,0,2,-1,119
1.090899,999,45816.905636,2,1,7,-1
0.887358,779,45849.186854,1,2,-1,58
1.411372,909,45888.452834,2,1,176,-1
0.635969,698,45917.312178,1,2,-1,129
1.00954,921,45956.689225,1,2,-1,9
0.734,574,45980.703118,0,2,-1,0
1.105249,881,46018.76884,2,1,67,-1
0.54,609,46044.178998,0,2,-1,1
0.755169,823,46079.758423,1,2,-1,65
0.322,488,46100.423998,0,2,-1,88
0.814871,840,46136.522486,1,2,-1,103
0.746472,917,46174.031665,1,2,-1,63
0.294,471,46194.04323,0,2,-1,136
0.810159,817,46229.644008,2,1,15,-1
1.18304,760,46261.247455,1,2,-1,0
1.059591,811,46296.330272,2,1,17,-1
0.302,583,46321.002217,0,2,-1,83
0.626681,713,46350.561748,1,2,-1,67
1.438902,788,46384.866243,2,1,126,-1
1.145815,929,46424.587457,1,2,-1,6
0.462,631,46451.072539,0,2,-1,32
0.257,466,46471.052952,0,2,-1,94
0.727868,860,46508.247877,1,2,-1,49
0.552,458,46526.126109,0,2,-1,60
0.245,434,46544.762087,0,2,-1,54
1.130414,846,46581.140839,1,2,-1,0
0.626535,667,46608.955081,1,2,-1,125
1.768325,652,46637.90657,2,1,176,-1
0.658,612,46663.621403,0,2,-1,10
0.743803,592,46688.382686,2,0,22,-1
0.347,547,46711.445072,0,2,-1,74
1.156429,812,46746.761091,2,1,17,-1
0.815184,566,46770.886553,2,0,59,-1
0.534,579,46795.10666,0,2,-1,56
1.033183,814,46828.482176,1,2,-1,34
0.376,534,46850.890327,0,2,-1,57
0.632,594,46877.288351,0,2,-1,9
0.938184,787,46909.810871,2,1,3,-1
0.861091,867,46947.394358,2,1,68,-1
0.317,394,46964.375673,0,2,-1,42
0.983033,859,46999.905564,2,1,47,-1
0.564902,869,47037.467999,1,2,-1,132
0.476,553,47060.843485,0,2,-1,15
0.307,505,47082.349506,0,2,-1,33
0.64479,948,47122.963736,1,2,-1,101
0.338,524,47145.232734,0,2,-1,93
0.782316,599,47170.497699,2,0,73,-1
0.90218,943,47210.752734,1,2,-1,44
0.660792,615,47236.677708,2,0,30,-1
1.378711,703,47267.543562,2,1,101,-1
0.596,565,47291.317364,0,2,-1,34
0.749297,509,47313.010375,2,0,19,-1
1.18555,833,47347.467755,2,1,118,-1
0.341,445,47366.637771,0,2,-1,112
0.766089,810,47401.661815,1,2,-1,65
0.987505,818,47435.254848,1,2,-1,28
0.840373,860,47472.09643,1,2,-1,77
0.752925,941,47512.31963,1,2,-1,85
0.846033,798,47545.120639,1,2,-1,102
0.613553,662,47574.355824,1,2,-1,90
0.896341,881,47610.629675,2,1,3,-1
1.138133,570,47634.571837,2,0,131,-1
0.711,546,47659.323318,0,2,-1,14
1.024372,925,47697.175315,1,2,-1,5
0.471,456,47716.726623,0,2,-1,24
1.022352,883,47754.785479,1,2,-1,5
0.747516,639,47781.456443,1,2,-1,103
1.151699,478,47801.950731,2,0,155,-1
0.859828,528,47824.307708,2,0,62,-1
0.811094,547,47847.314046,2,0,71,-1
0.504,646,47875.76236,0,2,-1,79
0.827488,480,47894.406279,2,0,55,-1
0.941319,850,47931.016763,2,1,43,-1
1.116093,842,47967.118923,1,2,-1,3
1.509,695,47995.833822,1,2,-1,15
0.459,408,48013.483289,0,2,-1,58
0.501,507,48035.055891,0,2,-1,71
0.704461,579,48059.55283,2,0,0,-1
0.76818,900,48097.920272,1,2,-1,31
0.392,417,48115.779584,0,2,-1,57
0.14,527,48138.065454,0,2,-1,106
0.771954,570,48162.00284,2,0,89,-1
0.107,383,48177.084613,0,2,-1,124
1.232019,857,48214.350199,2,1,94,-1
1.299383,412,48232.304034,2,0,148,-1
0.129,436,48251.125996,0,2,-1,115
1.059204,503,48272.529369,2,0,105,-1
0.756209,704,48301.785115,2,0,12,-1
1.028391,894,48340.334966,1,2,-1,28
0.783703,824,48375.987915,1,2,-1,41
1.031828,442,48393.355836,2,0,122,-1
0.428,431,48411.859232,0,2,-1,47
1.359951,730,48443.76364,2,1,79,-1
1.397938,402,48459.418987,2,0,152,-1
0.667,548,48484.072633,0,2,-1,1
0.519,459,48502.033334,0,2,-1,63
0.38,446,48521.361104,0,2,-1,70
0.93234,679,48551.374732,1,2,-1,21
0.423,458,48571.095645,0,2,-1,79
1.241067,818,48604.665417,2,1,64,-1
0.547997,734,48636.757577,1,2,-1,110
0.789307,699,48665.894823,1,2,-1,73
1.46,727,48696.09138,1,2,-1,70
1.610498,828,48731.72359,2,1,113,-1
0.241,536,48754.649487,0,2,-1,96
1.096958,1006,48797.235126,1,2,-1,3
0.387,525,48819.46298,0,2,-1,71
0.776093,505,48840.967087,2,0,76,-1
0.880621,516,48862.928391,2,0,53,-1
0.481,429,48881.338188,0,2,-1,75
0.569535,762,48912.869941,1,2,-1,131
0.979888,828,48948.895359,2,1,3,-1
0.865208,488,48969.723682,2,0,59,-1
0.680443,760,49001.101333,1,2,-1,112
0.893424,954,49041.623387,2,1,62,-1
0.868322,504,49063.093325,2,0,84,-1
0.58,459,49082.787991,0,2,-1,36
1.506594,408,49100.449924,2,0,124,-1
0.979902,833,49136.583765,1,2,-1,92
1.044628,492,49155.902044,2,0,4,-1
0.348,408,49173.44879,0,2,-1,101
0.479,489,49194.173611,0,2,-1,3
0.482,463,49214.036873,0,2,-1,69
0.375,381,49230.736155,0,2,-1,37
0.437,397,49248.024204,0,2,-1,68
1.250118,472,49268.16138,2,0,104,-1
0.392,509,49289.724091,0,2,-1,45
0.395,471,49309.825259,0,2,-1,23
0.624,586,49334.31756,0,2,-1,0
1.01879,957,49374.985201,1,2,-1,4
1.400902,846,49409.842219,1,2,-1,3
0.941767,976,49451.470874,2,1,47,-1
1.320806,880,49489.443528,2,1,129,-1
0.484,522,49511.432084,0,2,-1,33
0.38,440,49530.189039,0,2,-1,114
0.787501,503,49551.58003,2,0,27,-1
0.622,548,49575.131609,0,2,-1,14
1.217594,823,49608.925914,1,2,-1,26
0.338,467,49628.81868,0,2,-1,81
0.808871,831,49664.702292,1,2,-1,90
0.614,564,49688.459484,0,2,-1,8
0.95835,771,49720.218345,1,2,-1,10
1.445288,759,49753.252652,2,1,49,-1
0.654,562,49776.882123,0,2,-1,6
0.448,485,49797.447421,0,2,-1,37
0.803414,557,49821.127553,2,0,19,-1
0.905913,728,49852.96205,1,2,-1,151
0.742015,620,49879.005705,2,0,15,-1
0.504874,724,49908.807266,1,2,-1,106
1.098646,673,49936.906578,2,1,46,-1
0.271,594,49963.341256,0,2,-1,35
0.671,593,49988.341515,0,2,-1,6
0.248,422,50006.399505,0,2,-1,129
0.409,664,50034.464942,0,2,-1,77
1.496826,784,50067.010111,2,1,78,-1
1.032018,820,50102.238759,1,2,-1,18
1.126057,977,50143.579718,1,2,-1,9
0.94325,411,50161.480028,2,0,63,-1
0.686,535,50183.906038,0,2,-1,10
0.235,401,50201.472529,0,2,-1,127
0.548,531,50224.088628,0,2,-1,21
0.447,536,50246.697199,0,2,-1,40
0.732509,578,50270.913671,2,0,0,-1
0.536871,714,50300.457078,1,2,-1,59
0.38,545,50323.716094,0,2,-1,62
1.029416,781,50357.521516,2,1,95,-1
0.97834,813,50391.12336,1,2,-1,12
1.094551,731,50423.283293,2,1,37,-1
0.938827,475,50443.512361,2,0,0,-1
0.985805,726,50473.644776,2,1,40,-1
0.577,504,50495.009821,0,2,-1,14
0.929336,876,50532.664689,2,1,34,-1
0.95718,831,50566.715232,1,2,-1,29
0.791382,653,50595.673429,2,0,24,-1
0.328,578,50619.884349,0,2,-1,3
0.204,421,50638.049395,0,2,-1,106
1.317079,818,50671.656621,2,1,0,-1
1.158037,990,50714.169362,2,1,44,-1
-0.026,452,50733.563669,0,2,-1,145
0.433,430,50752.093194,0,2,-1,47
0.823275,1018,50795.079819,1,1,2,-1
0.853726,489,50815.764148,2,0,74,-1
0.966406,902,50854.390532,2,1,1,-1
0.531,499,50875.597436,0,2,-1,1
0.657,646,50902.559957,0,2,-1,9
0.664,625,50928.70708,0,2,-1,8
0.812167,490,50949.435946,2,0,103,-1
0.883671,788,50983.543987,1,2,-1,44
1.234377,679,51011.902207,1,2,-1,17
0.989358,1034,51055.719032,1,2,-1,15
0.529,505,51077.360604,0,2,-1,8
0.235,325,51091.920715,0,2,-1,115
0.535,475,51110.466802,0,2,-1,10
0.603,433,51128.992636,0,2,-1,24
0.537,515,51151.03895,0,2,-1,21
0.845971,500,51172.349483,2,0,53,-1
0.77983,511,51194.096479,2,0,58,-1
0.541,380,51210.650606,0,2,-1,48
0.742169,807,51245.671255,1,2,-1,64
1.334553,643,51272.666297,2,1,155,-1
0.674,545,51295.672922,0,2,-1,26
0.687,637,51322.266719,0,2,-1,4
0.464,395,51339.333836,0,2,-1,78
0.706,606,51364.782039,0,2,-1,2
0.810311,898,51403.353819,1,2,-1,6
0.749841,754,51434.40315,1,2,-1,78
0.598,595,51461.014656,0,2,-1,34
0.939309,930,51499.037387,1,2,-1,3
1.231724,871,51536.271531,2,1,113,-1
0.752578,734,51566.652126,1,2,-1,80
0.652651,751,51599.345798,1,2,-1,55
0.517,537,51621.988522,0,2,-1,62
1.034516,940,51662.111672,1,2,-1,5
1.249671,854,51696.975242,1,2,-1,60
0.857381,891,51735.266497,1,2,-1,7
0.968385,474,51755.408082,2,0,5,-1
0.435841,788,51789.399333,1,2,-1,111
1.227253,487,51810.230765,2,0,89,-1
0.685075,840,51844.771091,1,2,-1,8
0.722717,425,51863.113196,2,0,90,-1
0.62134,729,51895.080326,1,2,-1,112
1.67179,797,51928.149472,2,1,7,-1
0.624,699,51957.204489,0,2,-1,22
0.698155,756,51990.312804,1,2,-1,77
1.630137,785,52022.642968,2,1,10,-1
1.597,852,52059.253008,1,2,-1,43
0.914412,541,52082.236345,2,0,118,-1
0.476,641,52109.08744,0,2,-1,77
0.507,513,52130.831657,0,2,-1,40
0.577,488,52151.544994,0,2,-1,2
0.87107,752,52184.336739,1,2,-1,81
0.770048,711,52213.960605,1,2,-1,87
0.963605,902,52252.722187,2,1,0,-1
1.265385,867,52290.098258,2,1,4,-1
0.406,546,52313.173548,0,2,-1,46
1.20207,835,52347.598435,1,2,-1,30
1.017547,918,52386.74976,2,1,76,-1
0.897988,534,52409.331216,2,0,98,-1
1.002812,877,52446.971443,1,2,-1,35
0.207,452,52466.292789,0,2,-1,121
1.087443,822,52500.110116,1,2,-1,28
0.744639,522,52522.435396,2,0,24,-1
0.594,543,52546.8453,0,2,-1,19
0.385,486,52565.826964,0,2,-1,23
0.277,442,52584.850921,0,2,-1,84
0.79756,446,52603.939906,2,0,44,-1
1.013048,931,52643.652405,1,2,-1,3
0.74968,616,52669.355093,2,0,50,-1
0.225,438,52688.132707,0,2,-1,131
0.544703,804,52722.730094,1,2,-1,17
0.317,436,52741.526269,0,2,-1,140
0.802275,893,52777.987777,1,2,-1,55
1.041671,765,52811.351283,1,2,-1,104
0.797637,761,52842.89088,2,1,1,-1
1.178388,405,52860.385575,2,0,109,-1
1.12667,484,52881.091036,2,0,31,-1
0.754681,852,52918.006759,1,2,-1,4
0.737775,571,52942.111568,2,0,68,-1
0.630516,774,52974.026428,1,2,-1,77
0.830583,913,53013.216563,1,2,-1,77
0.519827,760,53046.186404,1,2,-1,131
1.416031,831,53080.372021,2,1,18,-1
1.066222,908,53119.14543,1,2,-1,32
0.954183,940,53159.261605,1,2,-1,3
1.203757,476,53179.621421,2,0,98,-1
0.428,608,53205.129508,0,2,-1,37
0.644,497,53225.985234,0,2,-1,8
0.776571,529,53248.47695,2,0,1,-1
0.767528,804,53281.613822,1,2,-1,55
0.95187,377,53297.91407,2,0,68,-1
0.73126,875,53335.422042,1,2,-1,70
0.920563,503,53356.881549,2,0,7,-1
0.496,559,53380.363241,0,2,-1,12
0.949904,698,53409.482813,2,1,0,-1
0.769439,541,53432.333092,2,0,15,-1
0.815192,827,53467.850025,1,2,-1,21
1.02305,891,53505.98115,2,1,18,-1
0.178,451,53525.410818,0,2,-1,89
1.074309,888,53561.967684,1,2,-1,6
1.311067,941,53602.122671,2,1,122,-1
1.06745,698,53632.734187,2,1,109,-1
0.526,527,53654.965512,0,2,-1,12
0.83981,734,53685.279723,1,2,-1,120
0.665,663,53712.646443,0,2,-1,10
1.055736,876,53750.352762,1,2,-1,0
0.597437,853,53787.033554,2,1,42,-1
0.858381,780,53819.627214,1,2,-1,25
0.598529,571,53843.583051,1,2,-1,106
0.800725,550,53866.81629,2,0,32,-1
1.376892,430,53885.329679,2,0,82,-1
0.570373,861,53922.608994,1,2,-1,76
0.293,486,53943.375151,0,2,-1,95
0.801275,968,53984.943581,1,2,-1,36
1.113578,825,54018.880508,1,2,-1,0
1.046892,909,54058.054324,1,2,-1,16
0.27,457,54077.679255,0,2,-1,136
0.21,441,54096.712436,0,2,-1,132
0.950829,807,54130.052642,1,2,-1,12
0.89803,726,54161.714058,1,2,-1,82
0.680685,518,54183.818365,2,0,13,-1
0.64,526,54206.185661,0,2,-1,19
0.211,439,54225.267315,0,2,-1,115
1.561,856,54260.699374,1,2,-1,12
0.792193,513,54282.278177,2,0,61,-1
0.673,539,54307.019495,0,2,-1,0
0.453,598,54332.229044,0,2,-1,74
0.287,482,54352.945169,0,2,-1,130
0.52718,836,54387.35275,1,2,-1,171
0.456,549,54410.43615,0,2,-1,55
0.993401,933,54450.305331,2,1,44,-1
0.615,492,54471.209785,0,2,-1,5
0.563824,704,54502.187252,1,2,-1,114
1.032475,948,54541.397404,2,1,0,-1
0.68107,620,54568.958797,1,2,-1,1
0.714386,739,54599.764282,1,2,-1,36
0.488,424,54618.088412,0,2,-1,33
1.054592,832,54652.446186,1,2,-1,57
0.74965,999,54694.7365,1,2,-1,112
0.86634,986,54737.006921,1,2,-1,4
1.388363,857,54774.037516,1,2,-1,2
1.131058,985,54815.913962,2,1,10,-1
0.728592,732,54846.125165,1,2,-1,113
0.576386,776,54880.031176,1,2,-1,79
0.473,545,54903.124023,0,2,-1,51
1.45118,769,54935.058809,2,1,1,-1
0.446,570,54960.674502,0,2,-1,22
0.884439,514,54982.485335,2,0,119,-1
0.664412,836,55016.845817,1,2,-1,101
1.07603,754,55049.71145,1,2,-1,95
0.750553,811,55083.170156,1,2,-1,36
1.825363,613,55108.983746,2,1,143,-1
0.486,440,55128.098412,0,2,-1,69
1.196263,731,55159.897191,2,1,132,-1
0.681553,706,55189.138665,1,2,-1,95
1.214902,832,55225.009433,1,2,-1,47
0.854282,582,55249.602895,2,1,83,-1
0.45,497,55270.607717,0,2,-1,76
0.403,392,55287.670212,0,2,-1,67
1.228819,528,55310.004083,2,0,155,-1
1.497057,920,55347.829988,2,1,78,-1
0.619033,766,55381.35954,1,2,-1,76
0.52,451,55400.550193,0,2,-1,44
0.952031,741,55431.431625,2,1,84,-1
0.383847,764,55464.53845,1,2,-1,144
0.216,458,55484.184549,0,2,-1,78
0.189,444,55503.115056,0,2,-1,172
0.573048,1025,55546.83086,1,2,-1,78
1.465,830,55581.119765,1,2,-1,93
0.279,411,55598.797786,0,2,-1,94
0.566858,792,55633.351485,1,2,-1,39
0.171,431,55650.192289,0,2,-1,151
0.600705,687,55680.466441,1,2,-1,111
0.474,554,55703.800248,0,2,-1,68
0.943181,728,55734.015704,2,1,105,-1
0.783302,557,55757.464557,2,0,39,-1
0.892738,569,55781.421645,2,0,4,-1
0.823033,772,55815.12333,1,2,-1,54
0.434,655,55842.493209,0,2,-1,26
1.06587,832,55878.470628,1,2,-1,78
0.93164,1053,55923.16615,2,1,11,-1
0.546,525,55945.452212,0,2,-1,22
0.49,426,55963.797357,0,2,-1,82
0.988683,889,56000.240956,2,1,63,-1
0.960906,517,56022.119946,2,0,116,-1
0.819385,862,56059.339404,1,2,-1,79
0.825328,491,56080.40565,2,0,29,-1
0.796793,482,56101.059601,2,0,99,-1
0.812934,533,56123.463289,2,0,81,-1
0.614,550,56146.673909,0,2,-1,38
0.760651,999,56189.171329,1,2,-1,40
0.716354,693,56218.070776,1,2,-1,92
0.496651,737,56250.41242,1,2,-1,112
0.673944,540,56273.275618,2,0,4,-1
0.622,574,56297.259542,0,2,-1,6
0.691094,509,56318.832143,2,0,48,-1
0.636,428,56337.31389,0,2,-1,9
1.228603,736,56367.819931,2,1,84,-1
0.999222,683,56397.964725,1,2,-1,12
0.406,479,56418.392294,0,2,-1,57
0.871681,832,56452.338758,1,2,-1,60
0.68726,641,56479.138996,1,2,-1,104
0.907535,777,56513.166936,1,2,-1,69
0.643287,766,56546.530008,1,2,-1,82
1.13603,734,56576.867222,1,2,-1,76
0.858535,1056,56621.557183,1,2,-1,69
0.185,432,56640.259827,0,2,-1,141
0.469,474,56660.351887,0,2,-1,24
0.678238,676,56688.444717,1,2,-1,72
0.466,558,56711.979637,0,2,-1,78
0.672275,790,56746.337193,1,2,-1,73
0.906582,742,56777.10971,1,2,-1,29
0.452,441,56796.022629,0,2,-1,99
1.76334,852,56832.591338,2,1,34,-1
0.99815,748,56863.743266,2,1,50,-1
0.309,444,56882.719213,0,2,-1,115
1.022903,463,56902.654009,2,0,20,-1
0.802386,746,56933.579767,1,2,-1,85
1.042173,477,56953.94379,2,0,69,-1
0.101,352,56969.455349,0,2,-1,95
0.508,494,56990.5361,0,2,-1,22
0.772358,709,57019.89699,1,2,-1,63
0.787997,741,57052.094105,1,2,-1,57
0.608925,841,57086.809411,1,2,-1,127
0.858155,703,57117.916384,1,2,-1,39
1.007634,497,57139.142418,2,0,62,-1
0.646101,722,57169.081402,2,1,24,-1
0.872812,773,57202.789413,1,2,-1,39
0.403,559,57226.457051,0,2,-1,36
0.492,607,57251.751777,0,2,-1,36
0.266,506,57273.29281,0,2,-1,95
1.388589,843,57309.665911,2,1,143,-1
1.147287,942,57348.198606,2,1,90,-1
0.298,511,57369.918867,0,2,-1,99
1.072222,807,57404.909293,1,2,-1,9
0.937372,824,57440.626634,1,2,-1,25
1.117251,505,57462.20537,2,0,111,-1
1.027838,859,57497.667265,2,1,85,-1
0.358,568,57521.669691,0,2,-1,110
1.004523,654,57550.564205,2,1,44,-1
0.086,357,57564.650729,0,2,-1,115
1.027319,842,57601.015845,2,1,50,-1
0.927089,469,57621.062511,2,0,20,-1
0.43164,699,57650.226693,1,2,-1,82
0.685,529,57672.60383,0,2,-1,9
0.515,528,57694.926415,0,2,-1,17
0.518,497,57716.130991,0,2,-1,20
0.505,405,57733.524314,0,2,-1,62
0.790256,433,57752.191116,2,0,58,-1
0.294,421,57770.272486,0,2,-1,78
1.084435,834,57804.718376,1,2,-1,2
1.012435,823,57840.186327,2,1,55,-1
0.319,487,57860.989263,0,2,-1,68
0.535,611,57886.640388,0,2,-1,0
0.5,602,57911.985635,0,2,-1,51
0.572,575,57936.297845,0,2,-1,20
0.69479,801,57971.012743,1,2,-1,41
0.368,481,57991.56154,0,2,-1,113
0.454,426,58009.87064,0,2,-1,31
1.221345,787,58042.402742,2,1,125,-1
0.787605,573,58066.558551,2,0,90,-1
0.95796,1082,58114.312912,2,1,12,-1
0.601309,803,58147.293244,1,2,-1,80
0.723331,533,58169.738697,2,0,37,-1
0.866311,734,58202.027461,1,2,-1,42
0.964084,847,58236.925714,1,2,-1,19
0.497,515,58258.811207,0,2,-1,6
1.076847,887,58296.723653,1,2,-1,8
1.018363,716,58326.451038,1,2,-1,6
0.86526,762,58359.382092,1,2,-1,2
1.092719,478,58379.646559,2,0,23,-1
0.831859,908,58418.683408,2,1,16,-1
0.27,420,58435.135323,0,2,-1,121
0.705,552,58460.235567,0,2,-1,15
1.104841,910,58497.572164,2,1,5,-1
0.889137,948,58538.351382,1,2,-1,65
0.442,478,58558.705395,0,2,-1,74
0.75809,601,58583.942534,2,0,21,-1
1.374896,466,58604.034373,2,0,62,-1
1.130174,841,58640.432781,2,1,9,-1
0.615575,778,58672.651659,1,2,-1,33
1.169666,840,58708.9851,2,1,50,-1
1.045354,710,58738.492249,1,2,-1,0
0.064,387,58755.236774,0,2,-1,136
1.124177,1052,58799.896131,2,1,1,-1
1.110456,894,58838.174115,2,1,3,-1
0.38,413,58856.004369,0,2,-1,98
0.766546,506,58877.471049,2,0,36,-1
1.342147,827,58911.346156,2,1,94,-1
0.657648,601,58938.472989,2,0,2,-1
0.819414,785,58971.095281,1,2,-1,121
0.758074,555,58994.547157,2,0,28,-1
0.37,450,59013.914638,0,2,-1,92
0.694,645,59040.829164,0,2,-1,9
0.771647,472,59061.094664,2,0,86,-1
0.78824,575,59085.125685,2,0,38,-1
0.747084,687,59115.409099,1,2,-1,8
0.696969,854,59150.716197,1,2,-1,58
0.295,582,59175.309155,0,2,-1,86
0.371,802,59211.099493,0,2,-1,62
0.439,587,59235.719893,0,2,-1,93
0.37,591,59260.54325,0,2,-1,78
0.822937,959,59301.35841,1,2,-1,105
0.225,517,59323.170171,0,2,-1,139
0.318,511,59344.846448,0,2,-1,60
0.35626,845,59380.937289,1,2,-1,157
0.04,523,59402.966515,0,2,-1,176
1.058275,819,59436.640845,2,1,155,-1
0.867264,587,59463.019221,2,0,5,-1
0.304,505,59484.393359,0,2,-1,100
1.13509,903,59521.670546,2,1,67,-1
1.190414,844,59558.240539,1,2,-1,13
0.534,427,59576.541993,0,2,-1,21
1.22916,888,59614.741664,2,1,2,-1
1.248,713,59644.289681,1,2,-1,108
0.808385,799,59678.827821,1,2,-1,95
0.751917,776,59711.108689,1,2,-1,9
0.861829,761,59744.066543,1,2,-1,41
1.036627,928,59782.073871,1,2,-1,1
0.844797,910,59820.926639,1,2,-1,52
0.492,523,59843.176016,0,2,-1,44
0.962805,682,59871.633074,1,2,-1,130
0.107,316,59885.720515,0,2,-1,156
0.359089,697,59914.628007,1,2,-1,156
0.678074,513,59936.21621,2,0,10,-1
0.761461,536,59960.459825,2,0,9,-1
0.558,538,59983.06611,0,2,-1,11
0.593575,759,60014.456587,1,2,-1,82
0.942936,575,60038.587612,2,0,113,-1
1.00003,551,60061.716893,2,0,89,-1
0.800444,928,60101.294553,2,1,44,-1
0.759093,688,60129.818123,1,2,-1,99
1.340104,632,60158.034829,2,1,37,-1
0.916598,511,60179.697008,2,0,15,-1
0.856018,852,60214.643947,1,2,-1,26
0.840599,571,60238.489243,2,0,51,-1
1.195723,885,60276.676372,2,1,62,-1
1.321126,805,60311.670829,2,1,101,-1
0.805111,611,60337.370872,2,0,86,-1
0.416,440,60356.273563,0,2,-1,103
0.296,377,60372.820529,0,2,-1,71
0.666,632,60399.243983,0,2,-1,9
0.614,549,60422.199592,0,2,-1,30
0.474,551,60445.360369,0,2,-1,75
0.511,606,60470.714833,0,2,-1,76
1.627553,690,60499.400229,2,1,48,-1
0.964914,793,60533.877044,2,1,38,-1
0.988402,896,60572.511743,1,2,-1,61
0.45,490,60593.435579,0,2,-1,58
0.506,420,60609.768953,0,2,-1,75
0.345,421,60627.833704,0,2,-1,49
0.977456,800,60662.280279,1,2,-1,26
1.106017,517,60684.300351,2,0,34,-1
0.373,415,60702.321491,0,2,-1,13
0.967373,910,60739.772058,1,2,-1,0
1.055444,766,60773.202626,2,1,53,-1
1.341902,442,60792.201749,2,0,8,-1
0.274,464,60811.867557,0,2,-1,77
1.447671,821,60845.906543,1,1,-1,6
1.010549,858,60882.711147,1,2,-1,76
1.080805,777,60916.515325,1,2,-1,89
0.479,541,60939.449238,0,2,-1,70
0.795142,520,60961.350391,2,0,61,-1
0.988797,915,60998.834415,1,2,-1,14
0.943578,777,61032.575231,1,2,-1,0
0.806316,551,61055.785475,2,0,11,-1
0.744797,829,61091.489397,1,2,-1,112
0.288,423,61108.050198,0,2,-1,113
0.77235,733,61140.150099,1,2,-1,15
0.860363,717,61169.883076,1,2,-1,106
0.74065,835,61205.742956,1,2,-1,52
1.018329,571,61229.775811,2,0,119,-1
0.879729,548,61252.856726,2,0,113,-1
0.993156,870,61290.342321,2,1,43,-1
1.337,709,61319.735591,1,2,-1,28
1.173633,959,61360.52851,2,1,55,-1
0.678917,761,61393.858487,1,2,-1,98
0.371,420,61410.359295,0,2,-1,79
0.699,615,61437.8383,0,2,-1,3
0.931018,806,61471.067395,1,2,-1,52
1.736,804,61505.909931,1,2,-1,2
0.215,546,61529.111709,0,2,-1,140
1.187805,740,61559.709694,1,2,-1,9
0.302,525,61581.88992,0,2,-1,68
0.844469,479,61602.219431,2,0,88,-1
0.718372,772,61635.800624,1,2,-1,83
0.730902,832,61670.072925,1,2,-1,53
1.101109,957,61710.759112,1,2,-1,10
1.076865,735,61742.887095,2,1,17,-1
0.542,476,61763.155667,0,2,-1,2
1.02054,863,61798.656823,1,2,-1,17
1.148218,730,61830.694975,2,1,113,-1
0.704747,655,61857.851766,2,0,4,-1
0.82955,449,61877.116656,2,0,47,-1
1.285343,882,61914.822659,2,1,68,-1
0.261,525,61937.100944,0,2,-1,84
0.345,523,61959.340821,0,2,-1,57
0.487,474,61978.007257,0,2,-1,60
0.672115,490,61998.866171,2,0,20,-1
1.185229,712,62030.162839,2,1,108,-1
1.269338,493,62051.336561,2,0,127,-1
0.961744,522,62073.65294,2,0,56,-1
1.126448,845,62108.465574,2,1,75,-1
1.635821,450,62127.723264,2,0,176,-1
1.166779,826,62163.227213,2,1,7,-1
1.135512,957,62203.985912,2,1,13,-1
1.320902,533,62226.759351,2,0,8,-1
0.865508,548,62249.8739,2,0,113,-1
0.976715,901,62288.495341,2,1,31,-1
0.43,536,62311.242615,0,2,-1,43
0.982538,816,62344.803878,2,1,105,-1
0.75134,745,62377.205334,1,2,-1,17
0.832678,818,62410.956867,2,1,5,-1
0.992677,512,62432.627457,2,0,92,-1
1.424,786,62466.593618,1,1,-1,83
0.711958,622,62492.672246,1,2,-1,47
0.778872,656,62520.10672,2,0,31,-1
0.566,459,62539.640769,0,2,-1,32
0.745841,901,62578.380083,1,2,-1,77
0.974997,986,62620.643958,1,2,-1,29
0.304089,830,62656.441567,1,2,-1,118
0.633226,855,62691.65817,1,2,-1,62
0.835385,980,62733.330257,1,2,-1,68
0.74737,500,62754.476601,2,0,54,-1
0.667,541,62777.42362,0,2,-1,25
0.287,525,62799.626719,0,2,-1,74
0.732307,828,62835.184198,1,2,-1,103
0.59118,915,62874.147369,1,2,-1,57
0.497,595,62898.976433,0,2,-1,29
0.797858,1015,62942.04172,1,2,-1,71
0.455,589,62966.806287,0,2,-1,51
0.34,481,62987.28473,0,2,-1,124
0.885958,950,63027.729364,1,2,-1,37
0.787858,746,63058.52885,1,2,-1,43
0.874267,567,63082.429817,2,0,69,-1
0.394,402,63100.069202,0,2,-1,52
1.292483,706,63131.28847,2,1,135,-1
0.61,672,63159.257107,0,2,-1,12
0.83707,669,63187.066237,1,2,-1,86
0.667,587,63211.688735,0,2,-1,12
0.552,565,63235.524709,0,2,-1,31
0.776414,820,63271.213822,1,2,-1,74
0.933926,836,63307.115998,2,1,2,-1
0.61,482,63327.606322,0,2,-1,7
0.377,535,63350.29741,0,2,-1,60
0.827548,792,63382.755898,1,2,-1,56
0.407,468,63402.626558,0,2,-1,29
1.01087,813,63437.809029,1,2,-1,10
0.737547,573,63461.727573,2,0,17,-1
0.651364,511,63483.477234,2,0,7,-1
1.043495,869,63519.238549,2,1,94,-1
1.01761,892,63557.480814,2,1,58,-1
0.808105,619,63583.533657,2,0,23,-1
0.462,442,63602.516814,0,2,-1,0
0.728108,552,63625.970264,2,0,8,-1
0.631075,734,63658.256624,1,2,-1,90
0.873181,695,63687.231507,1,2,-1,58
0.912922,884,63725.013943,2,1,58,-1
0.774827,750,63755.983292,1,2,-1,94
0.861994,439,63774.80409,2,0,25,-1
0.534,533,63797.179784,0,2,-1,42
1.130875,395,63814.144178,2,0,146,-1
1.272959,474,63834.407329,2,0,156,-1
0.871942,775,63866.384386,2,1,55,-1
1.219375,691,63896.740844,2,1,88,-1
0.426,533,63919.241781,0,2,-1,61
0.323,401,63936.628034,0,2,-1,56
1.457402,501,63958.001827,2,0,55,-1
1.095635,539,63980.832106,2,0,146,-1
0.618372,866,64016.540611,1,2,-1,58
0.812039,866,64053.728794,2,1,10,-1
0.323,522,64075.799131,0,2,-1,104
0.294,502,64097.055958,0,2,-1,118
1.506438,835,64133.391458,2,1,159,-1
0.894868,905,64170.39039,1,2,-1,84
0.840824,785,64204.507827,1,2,-1,61
0.464689,755,64235.77057,1,2,-1,91
0.852745,581,64261.778117,2,0,106,-1
0.606104,837,64296.23553,1,2,-1,127
1.319677,778,64329.979303,1,2,-1,24
0.743321,868,64365.617511,2,1,0,-1
0.79726,766,64399.01609,1,2,-1,73
0.655,560,64422.847685,0,2,-1,10
1.307472,479,64443.044419,2,0,4,-1
0.678,715,64472.703194,0,2,-1,7
1.214196,864,64510.162019,2,1,134,-1
0.662862,489,64530.948214,2,0,50,-1
1.006709,545,64553.87666,2,0,127,-1
0.485,494,64574.80572,0,2,-1,40
0.515,498,64596.001204,0,2,-1,20
1.189892,828,64631.721622,2,1,121,-1
0.866829,936,64669.829706,1,2,-1,90
0.894846,688,64700.052921,1,2,-1,55
1.191354,854,64735.3333,1,2,-1,4
1.179354,753,64768.139445,1,2,-1,3
0.83042,880,64805.829432,1,2,-1,67
0.459,564,64829.630941,0,2,-1,69
0.854252,534,64852.165808,2,0,107,-1
1.758573,764,64883.819373,2,1,155,-1
0.196,393,64900.759429,0,2,-1,119
0.884181,433,64919.389395,2,0,92,-1
0.627,637,64945.828221,0,2,-1,4
0.736925,809,64980.997499,1,2,-1,113
0.643039,490,65001.678209,2,0,8,-1
1.116535,941,65041.896683,1,1,-1,2
0.84479,1004,65083.027873,1,2,-1,1
0.662,489,65103.80184,0,2,-1,20
0.990391,471,65123.989252,2,0,55,-1
0.454,409,65141.641363,0,2,-1,25
1.026652,382,65158.241112,2,0,109,-1
0.747916,638,65184.797361,2,0,17,-1
0.775152,527,65207.04686,2,0,82,-1
1.148274,521,65228.97671,2,0,155,-1
1.132585,747,65261.567626,2,1,133,-1
0.456,503,65282.785266,0,2,-1,61
0.482,681,65311.126335,0,2,-1,38
0.368,515,65332.924151,0,2,-1,119
0.29,640,65359.402686,0,2,-1,56
0.491,633,65385.657983,0,2,-1,68
0.282,470,65405.771256,0,2,-1,112
0.706,621,65433.30135,0,2,-1,3
0.546,748,65464.05879,0,2,-1,42
0.377,532,65486.348601,0,2,-1,112
1.147079,804,65521.07259,2,1,62,-1
0.46,474,65541.383336,0,2,-1,82
0.065,416,65557.808468,0,2,-1,70
0.286,564,65581.576396,0,2,-1,136
1.016563,688,65611.59464,2,0,124,-1
0.716327,494,65632.706762,2,0,28,-1
1.078307,977,65674.308083,1,2,-1,9
0.91543,883,65710.477258,2,1,54,-1
0.831518,477,65730.660894,2,0,77,-1
0.842611,505,65752.113584,2,0,78,-1
0.254,391,65769.069246,0,2,-1,109
0.82826,857,65805.950813,1,1,-1,84
0.438,513,65827.724675,0,2,-1,88
0.846796,399,65845.264364,2,0,115,-1
0.956197,832,65879.60952,2,1,11,-1
0.664,573,65903.718174,0,2,-1,14
1.503213,819,65939.295538,2,1,59,-1
0.920033,737,65969.842566,1,2,-1,44
1.132048,757,66002.934364,2,1,127,-1
0.966181,585,66027.628683,2,0,59,-1
0.853959,545,66050.680225,2,0,26,-1
1.197247,462,66070.427136,2,0,156,-1
0.622,481,66090.966347,0,2,-1,43
0.603,535,66113.591226,0,2,-1,21
0.504,522,66135.745249,0,2,-1,61
0.527,420,66153.885244,0,2,-1,0
0.178,421,66172.188954,0,2,-1,125
0.665553,750,66203.295241,1,2,-1,59
1.726402,851,66239.831851,2,1,55,-1
0.882869,495,66260.937404,2,0,2,-1
0.472,490,66281.801827,0,2,-1,67
1.032101,961,66322.908205,2,1,30,-1
0.827048,838,66357.441348,1,2,-1,73
1.190815,877,66395.113556,1,2,-1,8
1.244697,368,66411.263802,2,0,105,-1
0.519,442,66428.642761,0,2,-1,13
0.558797,815,66463.974331,1,2,-1,79
0.428,503,66485.351646,0,2,-1,58
1.235935,738,66515.890133,2,1,118,-1
0.913033,849,66552.702933,1,2,-1,64
0.930358,718,66583.952333,1,2,-1,50
1.037737,787,66616.566,2,1,36,-1
0.435,433,66635.226177,0,2,-1,77
0.624794,697,66664.213138,2,1,21,-1
1.504279,889,66702.287017,2,1,8,-1
0.349,520,66724.249874,0,2,-1,80
0.734234,804,66759.037913,2,1,48,-1
0.493,512,66780.796542,0,2,-1,31
0.254,474,66801.170008,0,2,-1,125
1.057351,771,66833.031994,2,1,60,-1
0.509,466,66853.002171,0,2,-1,79
1.136846,486,66873.581019,2,0,44,-1
1.25399,688,66902.250319,1,2,-1,22
0.856779,575,66926.490678,2,0,2,-1
0.891043,831,66962.517545,2,1,51,-1
1.053913,630,66989.074619,1,2,-1,76
0.485,479,67009.34928,0,2,-1,70
0.841812,677,67037.520499,1,2,-1,12
1.371373,377,67054.079757,2,0,176,-1
0.512847,656,67081.461842,1,2,-1,176
0.53,596,67108.281488,0,2,-1,30
1.120078,522,67130.11256,2,0,130,-1
1.414874,454,67149.604802,2,0,22,-1
0.96917,1013,67192.36918,2,1,35,-1
1.05454,801,67225.425254,1,2,-1,21
1.084241,810,67260.488325,2,1,67,-1
0.455,515,67282.260193,0,2,-1,65
0.413,480,67302.665703,0,2,-1,38
0.612402,816,67336.116704,1,2,-1,98
0.987689,910,67375.122415,1,2,-1,44
0.264,444,67394.179422,0,2,-1,112
1.012385,912,67433.533261,1,2,-1,5
0.981175,506,67454.868966,2,0,103,-1
0.812286,853,67489.925663,2,1,30,-1
0.713955,585,67514.632576,2,0,32,-1
1.549575,858,67551.494661,2,1,176,-1
0.684275,939,67591.708817,1,2,-1,43
0.899412,796,67624.59261,1,2,-1,47
0.451535,687,67654.758547,1,2,-1,145
1.190363,821,67688.742843,1,2,-1,5
0.91746,918,67728.082913,2,1,56,-1
1.88307,829,67763.57446,2,1,176,-1
0.770472,914,67802.687123,1,2,-1,67
0.406,656,67830.166342,0,2,-1,41
0.533086,775,67862.214808,1,2,-1,176
0.343,476,67882.429317,0,2,-1,86
0.494,491,67903.436948,0,2,-1,33
1.129553,954,67944.039174,1,2,-1,1
1.181255,807,67979.076617,2,1,87,-1
1.663447,732,68009.141861,2,1,104,-1
1.044827,816,68044.354733,1,2,-1,18
0.819829,838,68078.809958,1,2,-1,42
0.4,355,68094.472791,0,2,-1,72
1.062766,985,68136.410566,2,1,18,-1
0.950902,633,68162.83174,1,2,-1,78
0.825793,844,68198.995759,1,2,-1,52
0.858736,861,68236.118405,1,2,-1,66
0.895594,883,68272.558494,2,1,1,-1
0.579325,726,68304.397038,1,2,-1,74
0.57,466,68324.433313,0,2,-1,10
1.069281,861,68359.680041,2,1,0,-1
1.359184,848,68395.977086,2,1,25,-1
0.361,430,68414.204636,0,2,-1,12
0.89809,545,68437.34545,2,0,67,-1
0.53,519,68459.424262,0,2,-1,3
1.216339,735,68490.005482,1,2,-1,66
0.583,544,68513.06583,0,2,-1,0
0.997868,934,68553.047068,1,2,-1,11
0.898206,926,68592.665831,1,2,-1,53
0.603,489,68613.597762,0,2,-1,11
1.000973,820,68649.309047,2,1,69,-1
1.48134,336,68662.392854,2,0,176,-1
1.078424,882,68700.2293,2,1,48,-1
0.824787,819,68735.36899,1,2,-1,44
0.137,449,68752.996734,0,2,-1,152
0.711528,861,68790.146448,1,2,-1,131
0.63,445,68809.641479,0,2,-1,3
0.38,412,68828.116425,0,2,-1,98
0.994287,734,68858.627525,1,2,-1,23
1.110629,817,68894.092001,2,1,49,-1
0.928824,790,68927.409019,2,1,85,-1
0.584,474,68947.737999,0,2,-1,35
0.61534,719,68979.225183,1,2,-1,115
1.091311,839,69013.793492,2,1,91,-1
1.247849,840,69049.996217,2,1,104,-1
0.524,511,69071.764774,0,2,-1,62
0.519,455,69091.020259,0,2,-1,13
0.647,597,69115.909738,0,2,-1,6
0.960354,675,69144.194306,1,2,-1,79
1.010705,901,69183.058741,1,2,-1,11
0.85299,621,69209.122684,2,0,14,-1
0.464,443,69228.028435,0,2,-1,50
0.627874,750,69260.595271,1,2,-1,90
1.705,842,69295.381287,1,2,-1,6
1.15799,787,69329.649718,1,2,-1,68
1.068279,881,69367.7591,2,1,5,-1
0.666222,655,69395.103724,1,2,-1,85
0.546,475,69415.469793,0,2,-1,33
0.386,489,69436.228344,0,2,-1,23
0.587,607,69461.635168,0,2,-1,40
0.851701,357,69477.342793,2,0,59,-1
0.199,390,69492.473837,0,2,-1,97
1.468505,654,69521.419396,2,1,116,-1
0.792414,512,69543.110118,2,0,54,-1
0.79498,596,69568.168455,2,0,70,-1
0.467681,787,69600.66539,1,2,-1,15
0.866607,1028,69644.319578,2,1,8,-1
0.497,497,69665.53387,0,2,-1,58
1.48542,670,69696.793899,2,1,30,-1
0.843232,854,69732.558764,1,2,-1,14
0.848697,568,69756.471275,2,0,96,-1
0.896325,524,69778.502163,2,0,85,-1
0.826795,506,69799.812041,2,0,78,-1
0.571,532,69822.328603,0,2,-1,20
1.408847,754,69855.158435,2,1,113,-1
0.530307,673,69883.04541,1,2,-1,74
0.466,545,69906.005389,0,2,-1,72
0.729582,730,69937.914408,1,2,-1,80
1.26325,790,69970.436503,2,1,62,-1
1.558868,676,69999.974701,2,1,67,-1
0.922169,584,70024.502025,2,0,5,-1
0.794002,516,70046.341787,2,0,89,-1
0.80234,713,70076.186801,1,2,-1,74
0.92522,458,70095.728173,2,0,32,-1
1.039129,446,70114.786516,2,0,7,-1
0.702438,828,70150.488049,2,1,19,-1
1.408017,354,70164.500192,2,0,96,-1
0.845934,493,70185.372281,2,0,40,-1
0.85718,889,70223.438683,1,2,-1,31
0.824899,699,70252.498305,2,1,11,-1
0.951548,820,70288.11253,1,2,-1,12
0.86554,795,70320.928903,1,2,-1,33
1.508444,749,70353.331416,2,1,126,-1
0.411,381,70369.909356,0,2,-1,75
0.482372,972,70410.929711,1,2,-1,75
1.086,668,70438.807945,1,2,-1,60
1.494,711,70468.374804,1,2,-1,56
1.201945,423,70486.501742,2,0,109,-1
0.487,672,70514.59211,0,2,-1,78
0.38,512,70536.308116,0,2,-1,55
0.84438,454,70555.791144,2,0,89,-1
0.33,474,70576.14551,0,2,-1,88
1.011363,817,70611.384404,2,1,18,-1
0.754871,826,70645.389731,1,2,-1,110
0.835137,716,70676.912293,1,2,-1,11
0.781979,559,70700.501204,2,0,65,-1
1.206759,529,70722.758954,2,0,30,-1
0.481,481,70743.313958,0,2,-1,58
0.910996,781,70775.712508,2,1,29,-1
1.040676,385,70792.370752,2,0,119,-1
1.13103,767,70825.664077,1,2,-1,64
0.729549,751,70856.474981,1,2,-1,57
1.015511,971,70897.780814,2,1,70,-1
0.922319,929,70937.553931,2,1,4,-1
1.021104,505,70958.844217,2,0,44,-1
0.849505,774,70990.785695,1,2,-1,56
0.658435,636,71019.016551,1,2,-1,117
0.944346,554,71042.358109,2,0,36,-1
0.926048,856,71077.602723,1,2,-1,13
0.998125,856,71114.378293,1,2,-1,77
0.636,524,71136.551109,0,2,-1,29
1.488921,655,71163.761885,2,1,159,-1
0.454,501,71185.120205,0,2,-1,38
0.303,359,71200.868632,0,2,-1,105
0.475,553,71224.221284,0,2,-1,62
0.581,559,71247.770473,0,2,-1,34
1.015913,772,71281.344447,1,2,-1,53
0.95834,828,71315.551629,1,2,-1,34
0.551,405,71333.166882,0,2,-1,56
0.529,397,71350.47085,0,2,-1,46
0.3,360,71366.366043,0,2,-1,101
0.931048,816,71400.054317,1,2,-1,32
0.684,545,71423.107637,0,2,-1,10
0.821267,604,71448.359195,2,0,98,-1
0.631,582,71472.959907,0,2,-1,5
1.102076,429,71491.485622,2,0,98,-1
1.022013,1033,71535.290102,2,1,15,-1
0.930907,907,71574.191433,2,1,6,-1
1.017578,817,71609.429878,1,2,-1,33
1.266743,711,71638.971724,2,1,74,-1
0.23,408,71656.53667,0,2,-1,122
0.293,462,71676.295419,0,2,-1,69
0.466,519,71698.325038,0,2,-1,87
1.466,718,71728.295846,1,2,-1,51
1.233805,693,71758.765248,1,2,-1,28
0.907198,867,71795.223619,2,1,1,-1
1.078432,609,71820.878582,2,0,32,-1
1.083616,381,71837.510617,2,0,51,-1
1.221827,834,71873.54723,1,2,-1,1
1.025034,700,71902.535485,1,2,-1,42
1.192306,829,71938.61743,2,1,108,-1
0.554,598,71963.750673,0,2,-1,54
1.197549,838,71999.911584,1,2,-1,30
0.689,525,72022.097777,0,2,-1,27
1.673578,655,72049.438112,2,1,71,-1
1.328837,803,72082.742937,2,1,43,-1
0.960363,751,72115.673639,1,2,-1,60
1.11674,457,72135.19888,2,0,55,-1
1.071255,399,72152.650744,2,0,143,-1
1.111976,832,72187.063327,2,1,5,-1
0.928897,691,72217.433216,1,2,-1,43
0.638162,571,72241.451077,2,0,11,-1
1.276353,812,72274.975034,2,1,133,-1
0.872372,783,72309.152343,1,2,-1,1
0.98318,867,72347.221319,1,2,-1,4
0.234,486,72366.103613,0,2,-1,148
0.773903,521,72389.905172,2,0,57,-1
1.006549,825,72423.794752,1,2,-1,33
1.174013,956,72464.593081,2,1,74,-1
0.90179,851,72501.161605,1,2,-1,31
1.038571,847,72536.0368,2,1,32,-1
1.476,816,72571.289772,1,2,-1,45
1.303678,707,72600.700302,2,1,106,-1
1.019017,952,72641.317508,1,2,-1,43
1.338,692,72669.90069,1,2,-1,66
1.070591,706,72700.960558,2,1,29,-1
1.208271,746,72731.706574,2,1,60,-1
0.544,558,72755.22041,0,2,-1,2
0.95065,924,72794.724981,1,2,-1,42
0.49,439,72813.376337,0,2,-1,64
0.745738,648,72840.649505,2,0,61,-1
1.55404,666,72870.091065,2,1,101,-1
1.183567,438,72887.2307,2,0,62,-1
1.437578,864,72924.170092,2,1,126,-1
0.481,456,72943.695127,0,2,-1,75
0.759433,533,72966.311347,2,0,88,-1
0.854386,872,73003.765751,1,2,-1,26
0.711495,448,73022.902959,2,0,12,-1
0.569,404,73038.849522,0,2,-1,50
1.015445,791,73073.208169,2,1,62,-1
0.930744,406,73090.731361,2,0,81,-1
0.867109,800,73123.587204,1,2,-1,52
1.292805,854,73160.164546,1,1,-1,32
0.808256,677,73188.139964,2,0,70,-1
0.509,419,73206.121568,0,2,-1,62
0.817078,550,73229.289037,2,0,45,-1
1.022902,436,73247.931232,2,0,82,-1
1.402,769,73281.548306,1,2,-1,52
0.961674,601,73306.929018,2,0,43,-1
0.426,549,73330.122906,0,2,-1,87
1.080127,896,73368.373848,2,1,20,-1
0.545866,784,73400.772681,1,2,-1,106
1.020125,663,73428.298901,1,2,-1,67
1.04043,827,73464.046309,2,1,4,-1
0.842109,849,73500.643798,1,2,-1,67
0.976723,544,73523.491831,2,0,8,-1
1.096742,554,73546.846735,2,0,121,-1
1.178242,548,73569.734171,2,0,34,-1
0.854808,629,73596.093763,2,0,95,-1
0.495,741,73628.649028,0,2,-1,38
1.01001,936,73666.900244,1,2,-1,68
1.229181,898,73705.408366,1,2,-1,1
1.278193,813,73740.394677,2,1,118,-1
0.68315,484,73761.029659,2,0,50,-1
0.741925,725,73790.989277,1,2,-1,43
1.545,947,73831.496113,1,2,-1,70
1.062505,761,73862.910187,1,2,-1,45
1.767447,633,73891.189667,2,1,104,-1
1.560736,405,73907.008433,2,0,93,-1
0.952509,489,73927.994386,2,0,87,-1
1.304101,470,73948.754317,2,0,143,-1
1.266772,942,73990.855282,2,1,115,-1
1.096317,856,74028.222334,2,1,22,-1
1.026886,718,74057.889491,1,2,-1,38
0.544,440,74077.20206,0,2,-1,7
1.102979,950,74118.310291,2,1,2,-1
0.859829,741,74149.373403,1,2,-1,2
0.890088,831,74185.651222,2,1,0,-1
0.967397,604,74211.274515,2,0,3,-1
0.321,412,74229.234878,0,2,-1,57
0.956338,786,74263.640548,2,1,33,-1
0.626,599,74289.257253,0,2,-1,36
0.646,533,74311.949096,0,2,-1,17
1.097753,498,74333.296185,2,0,17,-1
1.166146,665,74361.45563,2,1,100,-1
1.357383,470,74381.701434,2,0,148,-1
0.833784,497,74403.116167,2,0,4,-1
0.687824,709,74432.817799,1,2,-1,74
0.813058,558,74456.279586,2,0,26,-1
0.397,424,74474.563736,0,2,-1,41
1.053707,443,74493.716993,2,0,80,-1
1.216274,773,74527.292856,2,1,2,-1
1.082453,844,74562.149583,2,1,13,-1
0.764841,790,74596.908878,1,2,-1,53
1.274401,797,74629.956303,2,1,23,-1
0.702491,491,74651.170594,2,0,55,-1
1.504793,392,74668.509449,2,0,110,-1
0.768578,818,74704.832612,1,2,-1,73
1.18807,919,74744.345373,2,1,19,-1
0.881246,489,74763.433921,2,0,62,-1
0.792456,831,74799.061146,1,2,-1,55
1.377617,692,74827.923192,2,1,148,-1
0.65164,824,74863.709062,1,2,-1,120
1.318005,794,74898.373297,2,1,37,-1
0.897271,605,74923.77581,2,0,119,-1
1.144034,714,74953.45008,1,2,-1,5
0.937967,485,74974.284453,2,0,65,-1
1.095742,751,75007.129995,2,1,72,-1
1.197407,799,75039.947038,2,1,38,-1
0.853607,470,75059.922584,2,0,87,-1
0.694361,576,75083.861523,2,0,1,-1
1.129607,485,75104.514857,2,0,16,-1
0.735075,862,75141.463405,1,2,-1,84
0.97856,498,75162.64451,2,0,70,-1
1.130498,883,75200.499519,2,1,66,-1
0.396,497,75220.045666,0,2,-1,75
0.849157,643,75248.447274,1,2,-1,102
0.881157,767,75280.018734,1,2,-1,82
0.914689,864,75317.098831,1,2,-1,43
0.799232,552,75340.202392,2,0,38,-1
0.791858,813,75375.308867,1,2,-1,83
0.878227,945,75413.769361,1,2,-1,4
0.442,516,75435.562904,0,2,-1,99
0.927142,830,75471.495701,2,1,7,-1
1.05299,828,75507.155346,1,2,-1,109
0.649418,744,75537.861485,2,1,50,-1
1.095627,854,75574.806334,1,2,-1,4
0.469,599,75599.990866,0,2,-1,72
0.362,666,75627.736785,0,2,-1,76
0.272,588,75652.568588,0,2,-1,83
0.457,641,75681.312078,0,2,-1,22
0.492,642,75708.389998,0,2,-1,74
0.833836,797,75741.601992,2,1,79,-1
0.873505,769,75775.157899,1,2,-1,95
1.037321,429,75793.606194,2,0,14,-1
0.92379,807,75826.981086,1,2,-1,61
0.840547,460,75846.630929,2,0,14,-1
0.537,586,75871.237986,0,2,-1,32
1.688516,892,75909.468494,2,1,13,-1
1.158419,726,75941.423282,2,1,88,-1
0.182,446,75959.017478,0,2,-1,149
0.265,479,75979.472371,0,2,-1,115
0.344,586,76005.852989,0,2,-1,63
0.388,515,76027.531592,0,2,-1,76
0.387,573,76051.646801,0,2,-1,48
0.654,694,76080.414036,0,2,-1,7
0.615381,904,76119.081435,1,2,-1,76
1.239258,504,76140.721092,2,0,143,-1
0.437,561,76164.326046,0,2,-1,45
1.076811,870,76201.714108,2,1,4,-1
0.97144,415,76217.79524,2,0,98,-1
0.468,512,76239.510653,0,2,-1,50
1.126594,880,76277.468016,1,2,-1,44
0.783703,773,76310.916289,1,2,-1,111
0.926841,851,76346.005245,1,2,-1,44
0.476,442,76365.159014,0,2,-1,19
0.852247,1007,76408.02827,2,1,22,-1
0.585157,854,76444.803768,1,2,-1,99
1.095808,529,76467.243952,2,0,10,-1
0.451,470,76487.246655,0,2,-1,45
1.217047,511,76509.042581,2,0,96,-1
1.71403,451,76528.364507,2,0,148,-1
0.846217,719,76558.097797,1,2,-1,83
1.025217,468,76578.085477,2,0,137,-1
1.684472,869,76615.776702,2,1,4,-1
0.19,453,76635.293707,0,2,-1,110
0.68026,766,76667.10822,1,2,-1,68
0.801093,759,76698.646908,1,2,-1,72
0.820204,460,76718.239859,2,0,83,-1
1.100904,481,76738.724488,2,0,22,-1
0.819868,870,76776.17445,1,2,-1,36
0.497,602,76801.389958,0,2,-1,39
0.869372,926,76841.158548,1,2,-1,8
0.416,353,76856.772416,0,2,-1,45
1.709169,716,76886.529799,2,1,44,-1
0.451,538,76909.410948,0,2,-1,31
1.743386,770,76937.063488,2,1,12,-1
0.504925,738,76961.899098,1,2,-1,136
0.529,549,76980.588737,0,2,-1,77
0.661,500,76997.762524,0,2,-1,0
0.495,550,77016.718495,0,2,-1,59
0.923729,524,77035.1862,2,0,1,-1
0.950222,817,77063.918469,1,2,-1,2
0.36,444,77079.353913,0,2,-1,105
1.186025,861,77108.089903,1,2,-1,28
0.944184,420,77122.630076,2,0,110,-1
1.130474,740,77148.649218,2,1,49,-1
1.422,689,77171.986737,1,2,-1,42
0.65,571,77191.510833,0,2,-1,15
0.957549,813,77220.042799,1,2,-1,74
0.69,651,77242.470486,0,2,-1,18
1.159238,423,77257.264302,2,0,117,-1
1.618931,752,77282.848407,2,1,84,-1
1.157913,940,77315.322221,1,1,-1,112
0.745654,575,77335.041517,2,0,32,-1
1.663738,445,77350.407161,2,0,130,-1
0.589,615,77371.505369,0,2,-1,46
0.834386,801,77399.556668,1,2,-1,42
0.539,602,77420.201713,0,2,-1,13
1.407,676,77443.034546,1,2,-1,44
0.925828,739,77469.031687,2,1,83,-1
1.13107,879,77499.519633,1,2,-1,16
1.070671,754,77524.785587,1,2,-1,83
1.221677,847,77554.512604,1,2,-1,48
0.917694,533,77572.758578,2,0,43,-1
0.917582,730,77597.287329,1,2,-1,13
0.982122,710,77621.225682,1,2,-1,71
1.150105,529,77640.403093,2,0,47,-1
1.015197,431,77654.228017,2,0,149,-1
0.880653,957,77687.233456,2,1,10,-1
1.823549,769,77714.074308,2,1,126,-1
0.946354,697,77737.52289,1,2,-1,69
0.839549,663,77759.845881,1,2,-1,86
0.80877,539,77778.208445,2,0,58,-1
0.982805,716,77803.319673,1,2,-1,90
0.901738,742,77828.256284,1,2,-1,40
1.208021,781,77855.510346,1,1,-1,-1
1.621651,837,77883.463237,2,1,39,-1
1.758841,833,77912.390345,2,1,46,-1
0.843999,878,77942.879461,1,2,-1,54
1.005662,476,77959.225569,2,0,50,-1
1.327703,726,77983.71672,2,1,7,-1
0.826634,471,77999.892911,2,0,15,-1
1.374755,702,78023.449563,2,1,154,-1
0.648,512,78041.099718,0,2,-1,30
1.076829,791,78068.636533,1,2,-1,44
0.517372,804,78096.608343,1,2,-1,142
0.605,442,78110.785948,0,2,-1,36
1.092325,772,78137.967895,1,2,-1,0
0.936356,433,78153.09425,2,0,97,-1
0.991934,746,78178.750784,2,1,48,-1
1.100185,426,78193.841903,2,0,78,-1
0.909705,798,78222.356988,1,2,-1,5
1.096016,1027,78257.970672,2,1,7,-1
1.281677,692,78281.628979,1,2,-1,8
0.599,558,78300.72769,0,2,-1,28
1.100454,695,78324.225479,2,1,101,-1
0.724,551,78344.934399,0,2,-1,2
0.878902,751,78370.188041,1,2,-1,120
0.761705,708,78394.163489,1,2,-1,77
0.682238,812,78422.597451,1,2,-1,115
0.824453,602,78443.180317,2,0,53,-1
0.832677,795,78471.220178,1,2,-1,120
0.349,398,78484.07571,0,2,-1,89
0.509,429,78499.10004,0,2,-1,13
0.66126,794,78527.017877,1,2,-1,83
0.177,391,78540.729626,0,2,-1,100
1.15195,827,78568.473441,2,1,55,-1
0.441,565,78587.847407,0,2,-1,87
0.609,707,78612.929632,0,2,-1,29
0.800846,656,78635.17247,1,2,-1,77
0.47,484,78651.912963,0,2,-1,31
1.100999,844,78681.490446,1,2,-1,80
0.2,513,78699.333868,0,2,-1,112
0.263,501,78717.16081,0,2,-1,121
0.386,525,78735.580455,0,2,-1,102
0.653412,814,78763.165745,1,2,-1,30
0.874157,730,78788.981047,1,2,-1,65
0.764,581,78808.873944,0,2,-1,0
0.593,585,78828.881435,0,2,-1,45
0.576,525,78846.964347,0,2,-1,42
0.382,413,78861.416488,0,2,-1,91
0.857217,679,78884.50115,1,2,-1,76
1.345339,714,78908.660109,1,2,-1,7
0.354,476,78925.165742,0,2,-1,125
0.842594,707,78950.215629,1,2,-1,120
1.638922,421,78964.933449,2,0,128,-1
0.713329,542,78983.549446,2,0,18,-1
0.984999,1032,79019.176495,1,2,-1,11
1.377031,407,79032.304278,2,0,133,-1
0.462,458,79048.315727,0,2,-1,19
1.698,740,79074.46357,1,2,-1,14
0.497,490,79091.348125,0,2,-1,49
0.785841,775,79117.489481,1,2,-1,62
0.910874,835,79146.770523,1,2,-1,30
1.394868,407,79161.001689,2,0,67,-1
1.172529,927,79192.105111,1,2,-1,10
1.12703,825,79220.927411,1,2,-1,67
0.889328,853,79250.614782,1,2,-1,37
0.849661,638,79272.306733,2,0,5,-1
1.630025,653,79294.55183,2,1,132,-1
1.375309,392,79308.325071,2,0,50,-1
1.496,790,79336.098073,1,2,-1,29
0.467,467,79351.22764,0,2,-1,76
1.108423,460,79367.140145,2,0,111,-1
0.625553,741,79393.248202,1,2,-1,79
0.733787,813,79420.572991,1,2,-1,34
1.51104,450,79436.221937,2,0,101,-1
0.939406,733,79462.140985,2,1,122,-1
0.627,500,79479.409014,0,2,-1,33
0.954122,720,79503.8622,1,2,-1,75
0.750506,779,79531.389658,2,1,31,-1
0.931339,721,79555.751855,1,2,-1,126
0.588,512,79573.471337,0,2,-1,40
1.551529,465,79589.554936,2,0,97,-1
0.748292,628,79610.963441,2,0,10,-1
1.611529,655,79633.259279,2,1,97,-1
0.43,415,79647.748729,0,2,-1,33
0.074,549,79666.634036,0,2,-1,119
1.468529,766,79693.635407,2,1,97,-1
0.850319,494,79710.638242,2,0,50,-1
0.889841,506,79728.103876,2,0,23,-1
1.57,667,79750.807866,1,2,-1,11
1.074312,976,79784.633856,1,2,-1,30
0.492,487,79801.4886,0,2,-1,18
0.612811,445,79816.94719,2,0,4,-1
0.682,426,79831.778932,0,2,-1,12
1.40318,440,79847.134762,2,0,1,-1
1.163902,677,79870.073565,1,2,-1,71
0.933372,728,79894.747586,1,2,-1,2
0.986677,621,79916.010905,1,2,-1,83
0.66,566,79936.50015,0,2,-1,26
1.069244,819,79964.189436,2,1,56,-1
1.363856,853,79993.968265,2,1,32,-1
0.556,544,80012.657544,0,2,-1,11
1.407705,465,80028.735935,2,0,21,-1
0.467871,606,80049.424543,1,2,-1,164
0.586,438,80064.756991,0,2,-1,35
0.883225,426,80079.658936,2,0,37,-1
1.05491,819,80107.250414,2,1,0,-1
1.396805,748,80133.57174,1,2,-1,0
0.697,510,80151.138491,0,2,-1,19
0.636,585,80171.135924,0,2,-1,9
0.990049,831,80200.202707,1,2,-1,47
1.335833,948,80232.118522,2,1,125,-1
2.034,425,80246.919225,2,0,176,-1
0.879824,548,80265.750454,2,0,122,-1
1.154994,975,80299.383641,2,1,40,-1
0.864076,530,80317.643481,2,0,82,-1
0.689845,656,80339.874062,2,0,4,-1
0.795579,545,80359.700223,2,0,24,-1
0.711902,814,80387.155786,1,2,-1,79
0.886736,727,80412.927153,1,2,-1,45
0.336,485,80428.629581,0,2,-1,129
1.425671,864,80458.693161,1,2,-1,2
0.749373,919,80490.617997,1,2,-1,95
1.005429,984,80524.755538,2,1,44,-1
1.18787,699,80548.353628,1,2,-1,12
0.475,529,80566.561489,0,2,-1,63
1.544372,816,80595.05005,2,1,3,-1
1.656896,688,80618.409497,2,1,62,-1
1.72703,641,80640.39412,2,1,148,-1
1.0575,781,80667.837754,1,2,-1,11
2.075,536,80686.337497,2,1,176,-1
0.711234,660,80708.773123,2,0,6,-1
1.073846,406,80723.002717,2,0,44,-1
0.209,417,80737.657705,0,2,-1,110
0.333,523,80755.705299,0,2,-1,58
0.725018,781,80783.127483,1,2,-1,66
1.322,650,80805.19627,1,2,-1,72
0.555,576,80824.889935,0,2,-1,8
1.074895,748,80850.204927,1,2,-1,35
1.135591,777,80877.584039,2,1,26,-1
0.929902,710,80901.758077,1,2,-1,106
0.800671,651,80925.09016,1,2,-1,176
0.562602,731,80949.795901,1,2,-1,132
0.225,485,80966.591513,0,2,-1,94
0.715109,813,80995.15173,1,2,-1,103
0.311,565,81014.503957,0,2,-1,117
0.291,498,81031.747223,0,2,-1,41
0.88765,921,81062.684702,1,2,-1,5
1.258,578,81083.605148,1,2,-1,48
1.573,807,81110.802968,1,2,-1,9
0.363,587,81130.901135,0,2,-1,45
0.498,596,81151.293684,0,2,-1,7
0.867302,499,81168.666754,2,0,41,-1
0.456,531,81186.921961,0,2,-1,48
0.195,514,81204.631972,0,2,-1,107
0.408,665,81228.377527,0,2,-1,64
0.840528,779,81254.604104,1,2,-1,38
0.551,705,81279.666857,0,2,-1,49
0.77534,993,81313.82702,1,2,-1,63
0.403,520,81331.775583,0,2,-1,51
0.463,521,81349.575206,0,2,-1,34
0.046,522,81367.528435,0,2,-1,152
0.705137,923,81398.40467,1,2,-1,78
1.405,664,81422.020504,1,2,-1,89
0.522,456,81437.858238,0,2,-1,70
1.582,888,81467.740858,1,2,-1,27
1.430352,435,81482.764848,2,0,61,-1
1.185114,749,81509.117587,2,1,86,-1
1.147376,578,81528.919756,2,0,21,-1
1.137146,552,81547.910594,2,0,100,-1
0.675627,823,81575.560493,1,2,-1,131
0.935624,589,81596.755406,2,0,17,-1
0.382,443,81611.15034,0,2,-1,75
1.519505,499,81628.400798,2,0,116,-1
0.402,470,81644.69457,0,2,-1,13
0.670934,678,81668.905823,2,0,27,-1
0.676716,655,81691.229448,2,0,1,-1
0.516,598,81711.647825,0,2,-1,39
1.246851,791,81739.440845,2,1,36,-1
0.74165,525,81757.51117,2,0,20,-1
0.705929,760,81783.232988,1,2,-1,24
1.210671,698,81807.837524,1,2,-1,16
1.522,918,81838.652457,1,2,-1,11
0.90421,570,81858.199707,2,0,4,-1
0.740635,521,81876.179801,2,0,42,-1
1.095456,859,81906.178684,2,1,89,-1
1.515,880,81936.886873,1,2,-1,68
0.859435,720,81961.271323,1,2,-1,10
1.489034,350,81973.63984,2,0,122,-1
0.789695,451,81989.305402,2,0,37,-1
0.838372,846,82017.853852,1,2,-1,75
0.907203,522,82037.033141,2,0,58,-1
1.448093,470,82052.232816,2,0,86,-1
0.757051,581,82073.226069,2,0,55,-1
0.971592,710,82097.380033,1,2,-1,74
1.331859,846,82126.882437,2,1,74,-1
0.828374,935,82158.295163,2,1,2,-1
0.558,515,82176.006111,0,2,-1,58
1.339396,776,82203.279754,2,1,143,-1
0.875443,800,82231.283395,1,2,-1,77
0.749553,827,82259.02575,1,2,-1,82
1.364386,462,82275.071251,2,0,12,-1
1.133119,681,82298.25747,2,1,0,-1
0.488,450,82313.911906,0,2,-1,68
1.488443,428,82328.802801,2,0,76,-1
1.542549,441,82344.128297,2,0,126,-1
0.618238,686,82367.38714,1,2,-1,91
0.631929,803,82395.579492,1,2,-1,11
1.04095,631,82417.05477,2,0,35,-1
0.913048,482,82433.714916,2,0,32,-1
0.925267,545,82452.373363,2,0,3,-1
1.24499,827,82481.38265,1,2,-1,33
1.163339,699,82505.087468,1,2,-1,47
0.8664,492,82522.087786,2,0,70,-1
0.8286,470,82538.394553,2,0,9,-1
0.769183,786,82564.89971,1,2,-1,51
1.538137,789,82592.560049,2,1,10,-1
1.500443,494,82609.636849,2,0,76,-1
1.129529,469,82625.895323,2,0,56,-1
2.07,355,82638.479022,2,0,176,-1
0.845902,817,82666.063823,1,2,-1,11
1.134935,837,82695.195108,2,1,59,-1
1.011309,836,82723.333921,2,1,78,-1
1.438743,896,82754.533901,2,1,155,-1
1.214,691,82779.093785,1,2,-1,156
1.246,697,82802.782654,1,2,-1,97
1.100679,455,82818.605258,2,0,14,-1
1.088354,697,82842.192491,1,2,-1,58
0.433,429,82857.157267,0,2,-1,37
0.924409,518,82874.988164,2,0,61,-1
0.913884,488,82891.852133,2,0,22,-1
0.836578,811,82920.286035,1,2,-1,48
0.799752,453,82934.979679,2,0,76,-1
1.554,773,82962.282199,1,2,-1,46
0.782226,701,82986.121661,1,1,-1,-1
1.414483,782,83013.526869,2,1,91,-1
0.934892,845,83041.842875,1,2,-1,56
1.421635,896,83072.897038,2,1,74,-1
0.922522,535,83091.26188,2,0,75,-1
1.438553,431,83106.270631,2,0,48,-1
0.904896,792,83134.02499,1,2,-1,9
1.677373,698,83157.695883,2,1,122,-1
0.780275,824,83186.474621,1,2,-1,1
0.72734,709,83210.470354,1,2,-1,80
1.490747,888,83241.23562,2,1,111,-1
0.823703,715,83265.410621,1,2,-1,65
1.077946,435,83280.617272,2,0,133,-1
0.426,636,83302.186231,0,2,-1,80
1.287,680,83326.393701,1,2,-1,99
1.003688,952,83358.316504,2,1,23,-1
0.896358,739,83384.345767,1,2,-1,34
1.07687,782,83410.705794,1,2,-1,0
0.904736,772,83437.907841,1,2,-1,39
0.505,441,83453.296957,0,2,-1,57
0.694,607,83474.010599,0,2,-1,12
1.217006,783,83500.516348,2,1,25,-1
1.087414,912,83532.265664,1,2,-1,13
1.236674,469,83548.535002,2,0,143,-1
1.625354,414,83563.108183,2,0,133,-1
1.117134,880,83594.686417,2,1,100,-1
0.814317,755,83620.051619,2,1,7,-1
0.838793,792,83647.777514,1,2,-1,50
1.083967,831,83675.62951,2,1,67,-1
0.872049,881,83706.17486,1,2,-1,10
1.068,621,83727.327666,1,2,-1,89
1.103854,814,83755.681862,2,1,124,-1
1.154417,723,83780.13245,2,1,65,-1
0.319,457,83795.946279,0,2,-1,56
1.006062,764,83822.737516,2,1,47,-1
1.383,704,83846.501912,1,2,-1,96
0.731619,515,83864.159223,2,0,37,-1
0.76723,495,83881.221377,2,0,56,-1
1.739,706,83905.043626,1,2,-1,9
0.738363,626,83927.366377,1,2,-1,135
0.16,356,83938.833685,0,2,-1,117
0.949528,858,83968.651364,1,2,-1,6
0.553,396,83982.533691,0,2,-1,23
1.722093,850,84011.006321,2,1,86,-1
1.09801,875,84041.261354,1,2,-1,39
0.384,418,84055.82399,0,2,-1,61
0.865677,655,84078.028681,1,2,-1,33
0.747232,831,84106.912427,1,2,-1,72
0.339,553,84125.894153,0,2,-1,63
0.274,412,84140.166652,0,2,-1,135
1.28481,824,84167.744648,1,2,-1,3
0.646,591,84188.988207,0,2,-1,13
1.470542,841,84217.153158,2,1,70,-1
0.770075,769,84244.111693,1,2,-1,69
0.824847,820,84271.642254,1,2,-1,94
0.366,503,84288.940245,0,2,-1,63
0.13,539,84307.407612,0,2,-1,138
0.848109,1097,84344.878514,1,2,-1,42
1.55701,411,84359.184084,2,0,118,-1
1.304802,777,84386.333692,2,1,58,-1
0.781869,547,84405.095965,2,0,57,-1
0.930677,764,84430.808807,1,2,-1,51
0.56,484,84447.47502,0,2,-1,7
0.602,585,84467.414589,0,2,-1,40
1.497578,428,84482.306887,2,0,71,-1
0.984354,852,84512.072924,1,2,-1,53
0.945034,631,84533.439499,1,2,-1,62
1.295025,918,84565.199225,1,2,-1,15
1.498279,876,84595.547646,2,1,26,-1
1.405381,392,84608.167694,2,0,19,-1
1.218611,923,84640.019974,2,1,7,-1
0.59,613,84660.836411,0,2,-1,15
0.977207,711,84685.883512,2,1,66,-1
0.850117,564,84705.100688,2,0,93,-1
2.326,665,84727.59926,2,1,176,-1
1.077957,840,84756.785769,2,1,28,-1
0.813621,526,84774.747717,2,0,35,-1
0.878007,498,84792.004643,2,0,117,-1
1.523997,407,84806.213187,2,0,85,-1
1.501,817,84833.610957,1,2,-1,38
1.369,676,84857.599752,1,2,-1,93
1.050377,675,84880.362472,1,2,-1,5
1.842363,719,84904.537085,2,1,143,-1
1.56001,412,84918.895437,2,0,118,-1
1.405902,699,84942.460464,1,2,-1,2
0.316,474,84958.84628,0,2,-1,72
0.935627,834,84987.831235,1,2,-1,35
1.337,656,85010.054197,1,2,-1,136
1.809897,755,85036.545254,2,1,83,-1
1.228671,723,85060.902951,1,2,-1,50
0.529,397,85074.73797,0,2,-1,67
1.154203,946,85107.327631,2,1,85,-1
0.637,551,85126.173986,0,2,-1,6
1.532,741,85151.086898,1,2,-1,51
1.106136,720,85176.469434,2,1,48,-1
1.058894,402,85190.529914,2,0,91,-1
0.919808,863,85219.365945,2,1,7,-1
0.36,497,85236.348848,0,2,-1,101
1.463,619,85257.288516,1,2,-1,20
1.384871,433,85272.374954,2,0,70,-1
1.326902,495,85289.500358,2,0,8,-1
0.614,426,85304.291926,0,2,-1,43
1.43303,770,85331.25117,1,2,-1,10
2.025,339,85342.16297,2,0,176,-1
1.233424,762,85368.896686,2,1,118,-1
0.484,425,85383.699861,0,2,-1,65
1.936846,712,85407.681447,2,1,120,-1
1.16904,844,85437.039397,1,2,-1,5
2.264,676,85459.972867,2,1,176,-1
1.474815,433,85474.948735,2,0,90,-1
1.518196,777,85500.997725,2,1,146,-1
0.484,591,85521.027641,0,2,-1,50
1.073375,923,85553.024334,2,1,10,-1
1.171338,480,85569.653602,2,0,28,-1
1.106087,793,85597.362715,2,1,31,-1
0.645,558,85616.371796,0,2,-1,15
1.081825,960,85649.471349,2,1,93,-1
1.113908,801,85676.370282,2,1,101,-1
1.186797,910,85707.971483,2,1,25,-1
0.795107,564,85727.241192,2,0,43,-1
1.461,698,85750.848284,1,2,-1,52
0.542,555,85770.855889,0,2,-1,18
1.00622,492,85786.801062,2,0,32,-1
0.716689,515,85804.435252,2,0,19,-1
0.823402,782,85831.73522,2,1,50,-1
0.476,700,85855.394987,0,2,-1,85
1.199,599,85876.868622,1,2,-1,104
0.815731,538,85895.344778,2,0,19,-1
1.293773,795,85922.015245,1,1,-1,14
1.194045,806,85950.098959,2,1,21,-1
0.245,360,85961.682482,0,2,-1,90
0.568,457,85977.496736,0,2,-1,15
0.459,452,85993.138111,0,2,-1,31
0.790253,847,86022.575455,2,1,21,-1
0.466,578,86042.241462,0,2,-1,3
1.484301,700,86065.8572,2,1,135,-1
0.481,500,86083.091044,0,2,-1,63
0.925456,923,86114.960602,1,2,-1,67
1.711902,573,86134.611827,2,1,155,-1
0.567,563,86153.882528,0,2,-1,32
0.895545,560,86172.985074,2,0,92,-1
1.358187,476,86189.366127,2,0,148,-1
1.071307,903,86220.496209,1,2,-1,4
0.893827,637,86241.97457,1,2,-1,67
1.126909,500,86259.19835,2,0,66,-1
0.936109,608,86280.861705,2,0,0,-1
0.747311,742,86305.735569,1,2,-1,71
0.957,576,86325.416894,1,2,-1,82
0.576456,797,86353.264807,1,2,-1,57
0.819611,874,86382.431951,2,1,17,-1
1.282452,848,86411.900452,2,1,115,-1
0.63,459,86427.810726,0,2,-1,28
1.326575,447,86443.344224,2,0,176,-1
1.433,678,86466.181412,1,2,-1,54
1.419917,422,86480.878494,2,0,81,-1
0.689466,577,86500.539616,2,0,29,-1
0.593,463,86516.524962,0,2,-1,0
1.786602,929,86548.542235,2,1,26,-1
1.079137,952,86581.346544,1,2,-1,7
0.426812,661,86603.722338,1,2,-1,150
1.067204,564,86622.989646,2,0,143,-1
1.306033,438,86638.144883,2,0,64,-1
1.208978,464,86654.140482,2,0,72,-1
1.500391,469,86670.418046,2,0,92,-1
1.78987,779,86696.498304,2,1,176,-1
0.314,504,86713.792858,0,2,-1,60
1.192115,436,86728.943255,2,0,76,-1
0.595,550,86747.837833,0,2,-1,28
1.455762,658,86770.181095,2,1,88,-1
1.657372,758,86796.810678,2,1,3,-1
0.465,415,86811.266019,0,2,-1,5
1.008681,850,86839.76868,1,2,-1,2
0.572169,768,86866.717436,1,2,-1,67
0.935874,459,86882.614667,2,0,105,-1
0.898321,428,86897.476676,2,0,85,-1
1.751925,793,86924.166687,2,1,49,-1
0.521,497,86941.267441,0,2,-1,3
1.446192,507,86958.770284,2,0,47,-1
1.566922,423,86973.437649,2,0,128,-1
2.103,379,86986.705375,2,0,10.815891.039592,727,87011.202917,1,2,0.918991.362516,516,87028.822236,2,00.5867051.33603,983,87062.736099,1,2,-0.72981.705627,653,87084.875307,2,1,0.254,60.732944,551,87104.031173,1.205544,780.827876,563,87124.3598231.3203,797,0.56,630,87145.720041,0,0.566331,0.562,639,87167.352618,0,2,-0.501,1.35465,553,87186.277894,2,0.715256,825,87209.538748,2,0,17,-1
0.284,657,87232.882856,0,2,-1,36
0.351,542,87251.42709,0,2,-1,129
0.923829,1211,87292.554163,1,2,-1,7
0.796017,810,87320.775214,1,2,-1,124
0.996832,1045,87356.51048,2,1,54,-1
0.484,635,87377.969584,0,2,-1,70
0.081,548,87396.708693,0,2,-1,118
0.239,598,87417.051463,0,2,-1,90
0.666104,790,87444.602701,1,2,-1,98
0.632,806,87471.844303,0,2,-1,18
0.72265,778,87499.074029,1,2,-1,119
0.466,526,87517.095342,0,2,-1,54
0.505,652,87539.233839,0,2,-1,63
0.336064,593,87559.453546,0,2,-1,121
1.28799,919,87591.160547,1,2,-1,18
1.259125,839,87620.354079,1,2,-1,25
0.951125,859,87649.086023,1,2,-1,109
0.284,562,87669.435453,0,2,-1,120
0.935477,1002,87702.762311,1,2,-1,164
0.692047,548,87722.577084,2,0,54,-1
0.623,560,87741.689261,0,2,-1,37
0.678429,492,87758.681288,2,0,11,-1
1.028535,1074,87795.361928,1,2,-1,30
0.471,446,87810.735445,0,2,-1,61
1.063929,877,87840.093748,1,2,-1,1
0.341,643,87863.070442,0,2,-1,98
0.376,473,87878.275551,0,2,-1,95
0.316,445,87893.701967,0,2,-1,117
0.440086,660,87917.030897,0,2,-2,81
0.341,658,87939.282933,0,2,-1,101
0.391,619,87960.251723,0,2,-1,58
0.807359,920,87991.930437,1,2,-1,25
0.421587,853,88021.540686,1,2,-1,70
1.133086,1000,88055.964592,1,2,-1,6
1.13499,1012,88090.683908,1,2,-1,23
0.555,555,88109.563688,0,2,-1,47
1.262808,994,88143.709668,2,1,56,-1
1.015512,1133,88182.299161,2,1,49,-1
0.527033,939,88214.729877,1,2,-1,121
0.74403,509,88232.209605,2,0,19,-1
0.726602,800,88259.1416,1,2,-1,60
0.39,627,88280.494428,0,2,-1,103
0.944369,1137,88320.356336,2,1,4,-1
0.669,636,88341.88542,0,2,-1,15
0.637868,860,88371.731299,1,2,-1,112
0.444694,526,88389.687277,0,2,-10,69
0.916125,861,88418.429984,1,2,-1,7
0.373681,855,88448.256428,1,2,-1,121
0.822917,971,88481.581821,1,2,-1,5
0.549,874,88511.87026,0,2,-1,60
0.455,598,88532.20151,0,2,-1,84
0.168,479,88548.720874,0,2,-1,141
0.287,508,88566.13316,0,2,-1,147
0.811705,876,88595.49866,1,2,-1,70
0.877033,925,88627.499502,1,2,-1,81
0.374064,488,88644.277524,0,2,-1,93
0.651,623,88665.331788,0,2,-1,0
0.508,662,88688.79083,0,2,-1,45
0.804017,887,88718.389847,1,2,-1,47
0.292,555,88737.288734,0,2,-1,120
0.703325,734,88763.096342,1,2,-1,145
0.783325,775,88789.122047,1,2,-1,125
0.207,534,88807.444158,0,2,-1,151
0.49776,649,88830.550726,0,2,-11,66
0.547824,586,88850.690929,0,2,-12,66
0.57776,534,88869.010074,0,2,-1,4
0.707169,766,88894.774014,1,2,-1,53
0.330797,885,88925.41028,1,2,-1,124
0.888726,560,88944.542668,2,0,106,-1
0.476,495,88961.568317,0,2,-1,53
0.411,553,88980.362001,0,2,-1,88
0.267,456,88996.149064,0,2,-1,95
1.093244,1083,89033.233278,2,1,2,-1
0.675,508,89050.707159,0,2,-1,2
0.19,470,89066.888756,0,2,-1,149
0.87899,784,89094.315605,1,2,-1,22
0.654,867,89123.251127,0,2,-1,6
0.680472,947,89155.976299,1,2,-1,18
0.17,459,89171.844139,0,2,-1,110
1.129541,1038,89207.402036,2,1,75,-1
0.89437,890,89238.353447,2,1,36,-1
0.81354,875,89268.752132,1,2,-1,34
0.523,454,89283.333689,0,2,-1,44
0.763062,691,89307.874419,2,0,15,-1
0.441,786,89334.306036,0,2,-1,81
0.737419,575,89353.930963,2,0,9,-1
0.742,848,89383.41949,0,2,-1,1
0.833871,1094,89420.694022,1,2,-1,98
0.416137,988,89454.805961,1,2,-1,74
1.046868,908,89486.099754,1,1,-1,-1
1.006797,999,89520.862341,1,2,-1,4
0.321,515,89538.607464,0,2,-1,115
0.603553,814,89567.202671,1,2,-1,145
0.417,462,89582.185421,0,2,-1,9
0.364,513,89599.792264,0,2,-1,98
1.010805,859,89629.818319,1,2,-1,59
0.108064,377,89643.088953,0,2,-16,99
0.64199,727,89667.841356,1,2,-1,176
0.242,423,89682.638973,0,2,-1,108
0.571602,840,89712.299961,1,2,-1,110
1.005969,957,89745.66135,1,2,-1,12
0.272252,435,89759.699006,0,2,-1,116
0.893385,924,89791.763456,1,2,-1,42
0.933399,951,89824.813052,1,2,-1,4
0.892683,615,89845.8792,2,0,0,-1
1.01315,792,89873.847802,2,1,26,-1
0.541866,883,89904.620601,1,2,-1,140
0.489929,837,89932.958676,1,2,-1,99
0.239,462,89949.114018,0,2,-1,121
0.507226,927,89981.29196,1,2,-1,135
1.092582,977,90015.092018,1,2,-1,24
0.852034,844,90043.605924,1,2,-1,21
0.444287,805,90071.884425,1,2,-1,118
0.752897,965,90105.306687,1,2,-1,91
0.55954,861,90135.379127,1,2,-1,70
0.766472,1190,90176.169002,1,2,-1,22
0.39826,932,90208.685598,1,2,-1,50
0.907122,834,90236.874156,1,2,-1,4
0.654812,1024,90272.231783,1,2,-1,145
0.598929,949,90305.250044,1,2,-1,34
0.939866,1200,90347.512097,1,2,-1,31
0.566937,910,90378.081217,1,2,-1,114
0.703242,823,90406.978872,1,2,-17,140
0.633793,828,90436.026217,1,2,-12,47
0.559275,729,90460.701257,1,2,-1,19
0.966109,1108,90498.789697,1,2,-1,14
0.199372,773,90526.040639,1,2,-1,122
0.540275,863,90555.209909,1,2,-1,31
0.89042,1105,90594.321379,1,2,-1,6
0.768792,635,90616.048599,2,0,51,-1
0.672,635,90637.767617,0,2,-1,25
0.431,493,90654.834276,0,2,-1,88
0.778968,623,90676.11803,2,0,17,-1
0.664,583,90696.177623,0,2,-1,13
0.317,437,90711.457827,0,2,-1,140
0.391,900,90742.843774,0,2,-1,123
0.606999,932,90775.407509,1,2,-1,85
0.684694,552,90794.373564,0,2,-10,16
0.465,594,90814.759451,0,2,-1,88
0.866034,680,90837.863364,1,2,-1,57
0.969602,1150,90878.482481,1,2,-1,10
0.280252,582,90898.392408,0,2,-4,143
0.94343,776,90924.718395,1,2,-1,42
0.186,487,90941.603451,0,2,-1,117
0.474,621,90962.834012,0,2,-1,90
0.571,597,90984.349361,0,2,-1,1
0.466,562,91003.682339,0,2,-1,39
0.206,587,91023.854349,0,2,-1,104
0.28,446,91039.446684,0,2,-1,101
0.30918,838,91067.8422,1,2,-1,124
0.467,585,91087.986461,0,2,-1,68
0.857602,1047,91124.20129,1,1,-1,77
0.474,619,91146.499415,0,2,-1,60
0.683325,749,91171.831813,1,2,-1,30
0.654472,1035,91207.480303,1,2,-1,12
0.771224,453,91223.276329,2,0,25,-1
0.317,542,91241.962592,0,2,-1,53
0.739137,1127,91280.821124,1,2,-1,98
0.280097,836,91310.171332,1,2,-9,176
0.446,488,91327.164931,0,2,-1,72
0.917316,623,91348.516966,2,0,99,-1
0.767516,1086,91385.962359,1,2,-1,91
0.801547,756,91412.672251,2,0,83,-1
0.637,619,91433.854078,0,2,-1,2
0.60018,985,91468.112743,1,2,-1,20
0.987024,528,91486.402698,2,0,132,-1
0.397925,753,91511.917679,1,2,-1,110
0.219,494,91529.038666,0,2,-1,166
-0.037,475,91545.512985,0,2,-1,162
0.47,510,91563.134549,0,2,-1,59
0.751349,716,91588.566337,2,0,1,-1
0.705897,1025,91623.902489,1,2,-1,7
0.974902,1029,91659.557083,2,1,55,-1
0.354,622,91680.772903,0,2,-1,102
0.398948,565,91700.201804,0,2,-1,35
0.173089,891,91731.324615,1,2,-1,176
0.851031,756,91756.917204,2,1,84,-1
1.11499,804,91785.205447,1,2,-1,4
0.911079,566,91804.645638,2,0,0,-1
0.025948,437,91819.873837,0,2,-14,176
0.222,503,91837.274605,0,2,-1,131
0.33012,443,91852.694005,0,2,-17,53
0.602137,890,91882.735666,1,2,-1,113
0.300829,799,91910.974346,1,2,-1,171
0.90179,979,91944.96249,1,2,-1,6
0.489897,958,91978.599483,1,2,-1,131
1.258531,856,92008.433006,2,0,106,-1
0.279252,448,92024.065369,0,2,-1,126
0.682948,627,92045.482162,0,2,-1,9
1.36034,552,92065.557796,2,0,34,-1
0.787886,848,92094.248515,1,2,-1,108
1.046309,946,92127.598236,1,2,-1,15
0.23,520,92146.141353,0,2,-1,144
0.262,535,92164.53767,0,2,-1,130
0.548,582,92184.544638,0,2,-1,33
0.348,651,92206.688266,0,2,-1,106
0.54376,456,92222.596361,0,2,-1,47
0.299,605,92244.42719,0,2,-1,109
0.704509,869,92273.696474,2,1,100,-1
0.664,834,92302.955895,0,2,-1,15
1.055887,416,92317.540163,2,0,83,-1
0.272902,924,92348.57438,1,2,-1,113
0.932075,856,92378.475581,1,1,-1,-1
0.854507,774,92405.79071,2,1,41,-1
0.905928,608,92426.649973,2,0,5,-1
0.567227,806,92453.966499,1,2,-1,93
0.396,608,92475.871933,0,2,-1,82
0.619897,751,92501.294741,1,2,-1,64
0.601,559,92520.52943,0,2,-1,24
0.393104,933,92553.019624,1,2,-1,130
0.761602,933,92585.471558,1,2,-1,89
0.957125,813,92613.027858,1,2,-1,14
0.443,437,92628.285675,0,2,-1,53
0.76215,602,92648.982704,2,0,46,-1
0.842805,676,92673.237296,2,0,67,-1
0.956575,875,92702.741458,1,2,-1,9
0.545311,1114,92742.201548,1,2,-1,85
0.815325,888,92772.300519,1,2,-1,108
0.199824,446,92787.844737,0,2,-1,140
0.638,750,92814.406707,0,2,-1,16
1.150094,938,92847.098356,2,1,1,-1
0.18,469,92862.259598,0,2,-1,145
0.431,515,92880.096268,0,2,-1,58
0.188,512,92897.758845,0,2,-1,171
1.11604,920,92929.809907,2,1,20,-1
0.407,594,92950.142913,0,2,-1,89
0.990675,1232,92993.251152,1,2,-13,4
0.331252,409,93007.606662,0,2,-1,88
0.74464,1100,93045.464335,1,2,-1,1
0.548948,550,93064.395971,0,2,-1,22
1.009137,974,93098.304068,1,2,-1,3
0.677,811,93125.690658,0,2,-1,2
0.39,631,93148.420635,0,2,-1,108
0.840311,997,93183.009628,1,2,-1,89
0.935372,1041,93219.132929,1,2,-1,3
0.5,490,93236.056331,0,2,-1,38
0.469252,476,93251.493847,0,2,-4,62
0.427,635,93274.217249,0,2,-1,93
0.374,529,93292.43037,0,2,-1,87
0.435,576,93312.189021,0,2,-1,70
0.182835,472,93328.619711,0,2,-13,176
0.714232,1039,93364.486984,1,2,-1,120
0.955578,919,93396.451132,2,1,3,-1
0.553311,759,93422.025807,1,2,-1,2
0.546226,871,93452.401211,1,2,-1,125
0.427,653,93474.701358,0,2,-1,70
1.114812,906,93506.220924,2,1,17,-1
1.713381,830,93534.345049,2,1,176,-1
0.155,438,93549.638088,0,2,-1,121
0.326999,862,93579.759669,1,2,-1,124
0.893506,511,93597.426,2,0,95,-1
0.732809,826,93626.387836,2,1,24,-1
0.496,674,93649.349608,0,2,-1,67
1.088437,850,93679.036866,2,1,30,-1
0.674064,647,93701.096655,0,2,-1,1
0.896328,884,93731.967014,1,2,-1,9
1.112332,855,93760.712834,1,2,-15,4
0.089,472,93777.125926,0,2,-1,121
0.113,504,93794.56251,0,2,-1,171
0.27376,495,93811.67953,0,2,-1,149
0.25276,762,93838.776343,1,2,-6,150
0.98036,884,93868.464056,2,1,58,-1
0.285,431,93883.528259,0,2,-1,62
0.112,488,93900.356488,0,2,-1,111
0.826034,978,93934.175503,1,2,-1,98
0.508,542,93952.905246,0,2,-1,62
0.424089,714,93977.10151,1,2,-1,118
0.271625,423,93991.896668,0,2,-1,86
0.585602,721,94017.462558,1,2,-1,98
0.945917,915,94048.199888,1,2,-1,26
0.093,460,94064.113784,0,2,-1,91
0.742395,1015,94099.130103,2,1,32,-1
0.232,580,94120.066495,0,2,-1,144
1.739275,915,94150.703184,2,1,2,-1
0.517007,551,94169.688725,0,2,-15,68
0.804534,702,94194.652372,2,0,42,-1
0.511,731,94219.472737,0,2,-1,49
0.227824,451,94235.223024,0,2,-12,151
0.921137,1014,94270.242881,1,2,-1,0
0.950752,555,94289.348218,2,0,113,-1
0.932218,861,94319.374853,2,1,3,-1
0.403,691,94342.872767,0,2,-1,20
0.267999,892,94374.027356,1,2,-1,124
0.767516,818,94401.612181,1,2,-1,62
0.528,571,94422.240891,0,2,-1,9
0.541553,819,94449.839672,1,2,-1,67
0.630848,831,94478.925628,1,2,-15,65
0.587657,774,94505.156653,1,2,-11,150
0.467,627,94527.571959,0,2,-1,78
0.755328,774,94553.651608,1,2,-1,38
0.497887,525,94571.72511,0,2,-1,79
0.278,491,94588.692904,0,2,-1,103
0.681,786,94616.325304,0,2,-1,4
0.684793,603,94636.981203,2,0,35,-1
0.637,615,94658.053535,0,2,-1,12
0.831815,951,94691.133244,2,1,2,-1
1.073522,958,94724.339409,2,1,36,-1
0.578196,1049,94760.441828,1,2,-1,107
0.399,652,94782.620807,0,2,-1,95
0.544007,448,94798.251608,0,2,-15,17
0.457824,590,94818.37235,0,2,-12,69
0.861257,801,94846.538,1,2,-14,5
0.486,483,94863.28435,0,2,-1,48
1.159232,983,94896.282752,2,1,128,-1
0.87318,1046,94933.577653,1,2,-1,45
0.256,514,94951.357908,0,2,-1,113
0.929815,801,94978.456639,2,1,112,-1
0.612529,787,95006.072784,1,2,-1,162
0.68,689,95029.592433,0,2,-1,7
0.556,589,95049.966022,0,2,-1,53
0.489049,861,95080.140322,1,2,-1,115
0.369866,1001,95114.788199,1,2,-1,119
0.354,748,95140.142828,0,2,-1,119
0.961325,984,95174.193349,1,2,-1,72
0.454,503,95191.537721,0,2,-1,74
0.873888,979,95225.375431,2,1,66,-1
0.608999,1031,95260.972673,1,2,-1,144
0.257,409,95275.42723,0,2,-1,115
0.387,469,95291.697294,0,2,-1,83
1.161321,1055,95328.05941,2,1,104,-1
1.78881,773,95354.333638,2,1,176,-1
0.62079,889,95385.243716,1,2,-1,119
1.285114,703,95409.123807,2,1,136,-1
0.258,507,95426.645678,0,2,-1,135
0.602,470,95443.004112,0,2,-1,31
0.431206,1034,95478.745232,1,2,-1,113
0.959827,558,95497.931263,2,0,0,-1
0.74354,875,95528.464612,1,2,-1,75
0.932876,991,95562.609917,2,1,36,-1
0.568,685,95585.841367,0,2,-1,29
0.818402,842,95615.583708,1,2,-1,90
1.051017,1109,95654.045113,1,2,-1,55
0.797215,633,95675.518555,2,0,74,-1
0.418,721,95700.882094,0,2,-1,91
1.130997,915,95732.648586,1,2,-1,10
0.82634,916,95763.14274,1,2,-1,42
0.607824,667,95786.854693,0,2,-12,43
1.004137,1026,95822.016912,1,2,-1,19
0.665902,1025,95857.219387,1,2,-1,141
1.028639,616,95878.221987,2,0,14,-1
0.44918,815,95906.703013,1,2,-1,145
0.379,621,95927.729376,0,2,-1,118
0.222,434,95942.81534,0,2,-1,145
0.589862,774,95968.737488,1,2,-16,52
0.842751,1131,96007.265016,2,1,25,-1
0.602,717,96032.505373,0,2,-1,40
0.942759,1024,96067.641135,1,2,-11,43
1.072122,827,96095.248783,1,2,-1,12
0.465,518,96113.065588,0,2,-1,74
0.993922,974,96147.127907,1,2,-1,12
0.62,579,96166.834761,0,2,-1,25
0.835372,1142,96206.849437,1,2,-1,72
0.512017,653,96228.909756,1,2,-1,135
0.681491,690,96252.15633,2,0,14,-1
0.404,633,96274.761744,0,2,-1,60
0.526275,796,96301.517238,1,2,-1,15
0.314176,852,96331.123593,1,2,-15,139
0.629,653,96353.31972,0,2,-1,8
0.467,620,96374.344725,0,2,-1,81
0.708115,564,96393.601442,2,0,5,-1
0.946683,466,96409.734083,2,0,115,-1
0.782583,881,96440.262696,1,2,-1,67
0.68679,877,96470.632821,1,2,-1,8
0.704,740,96495.593487,0,2,-1,1
0.810086,926,96527.569937,1,2,-1,111
0.554,533,96545.866658,0,2,-1,22
0.674,810,96574.022367,0,2,-1,0
0.445886,482,96589.535441,0,2,-8,79
0.666,632,96612.08456,0,2,-1,15
0.207372,915,96642.634925,1,2,-1,145
0.078,493,96659.514889,0,2,-1,120
0.691,539,96679.03565,0,2,-1,7
0.209075,933,96710.109281,1,2,-1,144
0.746841,909,96741.584841,1,2,-1,30
0.694364,678,96764.533206,2,0,24,-1
0.329,502,96781.753658,0,2,-1,97
0.330575,701,96806.465323,1,2,-1,130
0.987017,655,96828.603681,1,2,-1,26
0.387929,777,96856.210432,1,2,-1,143
0.259,591,96876.91766,0,2,-1,111
0.653472,950,96910.140025,1,2,-1,10
0.553,517,96928.548545,0,2,-1,2
1.117315,1058,96965.696097,2,1,104,-1
0.775533,565,96985.423467,2,0,1,-1
0.489841,739,97010.33143,1,2,-1,130
0.519,551,97029.091313,0,2,-1,48
0.823432,506,97046.437803,2,0,42,-1
0.759889,832,97075.242409,2,0,13,-1
0.467,692,97098.626744,0,2,-1,62
1.033089,861,97128.396564,1,2,-1,8
0.546372,897,97159.644851,1,2,-1,99
0.419,513,97177.22209,0,2,-1,109
0.491892,797,97203.934056,1,2,-1,64
0.608325,756,97230.258551,1,2,-1,101
1.075311,1062,97266.581703,1,2,-1,7
0.828086,1019,97301.97019,1,2,-1,115
1.75426,1017,97337.238993,2,1,11,-1
0.412,685,97360.371171,0,2,-1,83
0.515,519,97378.112228,0,2,-1,5
0.364386,976,97411.610387,1,2,-1,112
0.714925,926,97443.683105,1,2,-1,134
0.708797,1053,97479.647225,1,2,-1,116
0.478,528,97497.665543,0,2,-1,79
0.424,885,97528.267154,0,2,-1,156
0.237,474,97544.761151,0,2,-1,150
0.950173,848,97573.142301,2,1,88,-1
0.616,704,97597.919442,0,2,-1,15
0.851587,849,97626.294959,1,2,-1,37
1.012089,893,97657.765232,2,1,48,-1
0.786331,552,97676.641745,2,0,55,-1
0.5301,871,97706.720367,1,2,-1,62
0.298,627,97727.963963,0,2,-1,120
0.506,456,97743.69838,0,2,-1,50
1.106477,1035,97779.254631,2,1,100,-1
0.477018,767,97804.993256,1,2,-1,92
0.255694,532,97823.164224,0,2,-10,140
1.044997,886,97853.836538,1,2,-1,41
0.418948,438,97869.043919,0,2,-14,69
0.668,613,97889.787892,0,2,-1,2
0.765886,783,97917.157554,2,0,65,-1
0.43118,921,97949.150481,1,2,-1,171
0.998738,932,97980.818621,2,1,61,-1
0.487948,520,97998.624714,0,2,-14,69
0.297,475,98014.977656,0,2,-1,87
0.904196,938,98047.464232,2,1,6,-1
0.412,501,98064.677117,0,2,-1,53
0.506,679,98087.585304,0,2,-1,3
0.197,407,98101.695581,0,2,-1,125
0.662,520,98119.463024,0,2,-1,2
0.677999,826,98148.155799,1,2,-1,76
0.92826,947,98180.704089,1,2,-1,32
1.127582,1137,98219.35047,1,2,-1,11
1.033505,820,98247.864657,1,2,-1,22
0.946047,992,98281.905529,2,1,54,-1
0.893372,1166,98321.544586,1,2,-1,36
1.323499,963,98354.621098,1,2,-1,2
0.168,657,98376.877433,0,2,-1,171
0.732372,1074,98413.434278,1,2,-1,8
1.320627,826,98442.194711,2,1,135,-1
0.614925,727,98466.699205,1,2,-1,125
0.707627,768,98493.54022,1,2,-1,75
0.264,533,98511.64956,0,2,-1,132
0.316,496,98528.746599,0,2,-1,89
0.921311,748,98553.757674,1,2,-1,37
0.745191,685,98576.85904,2,0,2,-1
1.008895,794,98604.659914,1,2,-1,55
0.659,391,98618.336765,0,2,-1,14
0.430573,451,98633.969639,0,2,-14,54
0.957913,729,98658.427133,1,2,-1,146
0.275,402,98672.385492,0,2,-1,93
0.74354,787,98698.74775,1,2,-1,93
0.965999,886,98729.339977,1,1,-1,-1
0.23,392,98743.007452,0,2,-1,145
0.69962,834,98770.960608,2,1,51,-1
0.904727,634,98793.548114,2,0,40,-1
0.634,600,98813.942749,0,2,-1,9
0.465035,695,98837.342807,1,2,-1,122
0.949089,852,98866.915123,1,2,-1,21
0.758917,833,98895.835138,1,2,-1,26
0.744275,993,98928.923363,1,2,-1,9
0.241,506,98946.269236,0,2,-1,151
0.327,712,98971.318876,0,2,-1,114
0.606921,769,98997.109555,1,2,-10,55
0.885528,982,99030.84526,1,2,-1,62
0.792192,1001,99065.137438,1,2,-1,45
0.235,505,99082.447779,0,2,-1,138
0.59,484,99099.068451,0,2,-1,27
0.242,506,99116.422348,0,2,-1,129
0.57,570,99135.782201,0,2,-1,30
0.645,827,99164.512413,0,2,-1,23
0.654,574,99184.094029,0,2,-1,21
0.654,640,99205.612501,0,2,-1,8
0.37365,822,99234.182869,1,2,-1,150
0.642286,737,99258.886235,1,2,-4,126
0.516,535,99277.128959,0,2,-1,64
1.17935,856,99306.817202,1,2,-1,19
0.384,561,99325.902406,0,2,-1,98
0.092,516,99343.487518,0,2,-1,85
0.463,600,99363.749641,0,2,-1,73
0.580812,732,99389.358513,1,2,-1,60
1.067086,811,99416.548302,1,2,-1,32
0.272887,499,99433.643919,0,2,-13,80
0.473,632,99454.984376,0,2,-1,78
0.467703,761,99481.510752,1,2,-1,170
0.377109,788,99509.029678,1,2,-1,145
0.872104,558,99528.120266,2,0,9,-1
0.816,946,99559.634353,0,2,-1,54
0.533948,596,99580.961853,0,2,-14,48
1.092309,980,99614.663758,1,2,-1,1
0.316,579,99634.413745,0,2,-1,141
0.53412,440,99649.642215,0,2,-17,52
0.395,588,99669.594661,0,2,-1,72
0.46154,761,99695.178486,1,2,-1,99
0.777464,878,99725.526588,1,2,-1,99
1.145529,809,99752.503606,1,2,-1,1
0.59,608,99774.175921,0,2,-1,26
0.545897,787,99800.52369,1,2,-1,104
0.399018,886,99831.047732,1,2,-1,119
0.341,609,99851.65881,0,2,-1,119
0.44,505,99868.770931,0,2,-1,91
0.865529,786,99896.222104,1,2,-1,1
0.3981,877,99925.565804,1,2,-1,135
0.546,493,99942.499266,0,2,-1,3
1.165824,1173,99983.510713,1,2,-1,4
0.996927,1075,100020.156203,2,1,7,-1
0.731548,816,100047.469659,1,2,-1,72
0.682361,1002,100081.861507,1,2,-9,171
0.818719,648,100104.823082,2,0,10,-1
0.705,623,100125.829677,0,2,-1,1
0.392,808,100152.850666,0,2,-1,125
1.043685,1113,100190.740447,2,1,44,-1
0.29,498,100207.820222,0,2,-1,121
1.462929,953,100240.62609,2,1,97,-1
0.96399,801,100268.519738,1,2,-1,110
1.10407,835,100297.442159,1,2,-1,17
0.730697,958,100329.351759,1,2,-1,0
0.595815,699,100353.96695,1,2,-1,136
0.954167,1007,100388.420206,2,1,113,-1
0.79279,838,100416.396109,1,2,-1,38
1.328991,961,100449.472676,2,1,32,-1
0.566,676,100473.287101,0,2,-1,41
0.681,678,100496.130111,0,2,-1,4
0.543,547,100514.660378,0,2,-1,14
0.604948,488,100531.370956,0,2,-1,8
0.329402,724,100555.724743,1,2,-1,176
1.154892,966,100588.963311,2,1,8,-1
0.335,523,100606.772171,0,2,-1,81
0.757797,844,100635.998154,1,2,-1,104
0.690311,870,100666.032003,1,2,-1,141
0.947917,832,100693.890571,1,2,-1,67
0.709018,905,100725.187604,1,2,-1,92
0.615226,922,100757.013143,1,2,-1,84
0.907325,818,100784.353429,1,2,-1,75
0.974829,1067,100820.841601,1,2,-1,53
0.801491,929,100852.913238,2,1,14,-1
0.437,825,100881.596609,0,2,-1,74
0.280694,405,100895.733463,0,2,-1,89
0.771288,633,100917.063695,2,0,15,-1
0.271,545,100935.645414,0,2,-1,117
0.816034,775,100961.695487,1,2,-1,90
0.66,692,100986.079508,0,2,-1,12
0.332,604,101006.529238,0,2,-1,107
0.981443,497,101023.578643,2,0,86,-1
0.768427,532,101041.812673,2,0,22,-1
0.179,534,101060.072979,0,2,-1,140
0.562897,797,101087.828411,1,2,-1,34
0.598341,804,101114.774254,1,2,-1,100
0.801982,676,101137.632241,2,0,47,-1
0.442,540,101157.067325,0,2,-1,69
0.4491,835,101185.005244,1,2,-1,81
0.901787,856,101214.645738,1,1,-1,73
1.042899,947,101247.243345,1,2,-1,25
1.121145,831,101275.082242,2,1,70,-1
0.813602,560,101294.217914,2,0,13,-1
0.991748,539,101312.61064,2,0,92,-1
0.867086,865,101342.560343,1,2,-1,80
0.813535,795,101370.329878,1,2,-1,98
0.527,827,101398.079229,0,2,-1,57
0.717086,762,101424.723323,1,2,-1,106
0.870309,1000,101459.171909,1,2,-1,61
0.783338,650,101481.097401,1,2,-1,99
0.427529,639,101502.670286,1,2,-1,148
0.254,468,101518.71539,0,2,-1,112
0.829086,1029,101553.868639,1,2,-1,61
0.825999,1001,101588.199725,1,2,-1,82
0.710169,974,101621.575865,1,2,-1,0
0.633,515,101639.145198,0,2,-1,29
0.448,588,101659.047001,0,2,-1,56
0.524232,988,101693.033643,1,2,-1,94
1.096921,571,101712.405992,2,0,84,-1
1.023018,1134,101750.833826,1,2,-1,34
0.133,483,101767.419633,0,2,-1,176
0.685,847,101796.831179,0,2,-1,0
0.826228,689,101820.015227,2,1,66,-1
0.568,650,101843.04478,0,2,-1,16
0.278,648,101864.920713,0,2,-1,139
1.478,938,101897.185637,1,1,-1,-1
0.696915,557,101916.157586,2,0,9,-1
0.657054,833,101945.225526,2,1,4,-1
0.232625,502,101961.397233,0,2,-1,121
1.07507,1094,101999.772446,1,2,-1,4
0.451,534,102017.909384,0,2,-1,92
0.455897,882,102047.262865,1,2,-1,135
0.664,807,102075.323472,0,2,-1,13
0.644287,1005,102109.736111,1,2,-1,18
0.700616,871,102139.924158,2,1,53,-1
1.028151,858,102168.440026,1,2,-16,27
0.488,630,102190.877311,0,2,-1,59
0.381,422,102204.407313,0,2,-1,102
0.498,460,102220.31259,0,2,-1,48
0.594472,937,102252.485318,1,2,-1,88
0.379,627,102273.633936,0,2,-1,97
0.691,664,102297.179441,0,2,-1,14
0.429,437,102311.237903,0,2,-1,73
0.629,662,102334.65111,0,2,-1,10
0.297,575,102354.078593,0,2,-1,125
0.99754,904,102385.295399,1,2,-1,13
0.539,569,102404.705182,0,2,-1,40
0.759734,534,102422.887732,2,0,1,-1
0.389,502,102440.116737,0,2,-1,106
0.317,643,102461.825477,0,2,-1,123
0.591,687,102485.004735,0,2,-1,38
0.614824,711,102509.950755,0,2,-1,23
0.5785,873,102539.166287,1,2,-1,120
0.619007,566,102559.456541,0,2,-1,6
0.471,457,102574.13976,0,2,-1,56
0.55,921,102605.98017,0,2,-1,92
0.741574,747,102632.177649,2,0,28,-1
0.415,518,102649.980524,0,2,-1,107
0.224,479,102666.426348,0,2,-1,133
0.562,616,102687.292051,0,2,-1,43
0.283,575,102706.775706,0,2,-1,124
0.493846,767,102732.437386,1,2,-1,151
0.506307,755,102758.804564,1,2,-1,108
1.03099,889,102789.780034,1,2,-1,107
0.318,508,102807.139454,0,2,-1,130
0.896906,1197,102847.771867,1,2,-1,106
0.334,520,102865.582664,0,2,-1,104
0.667,763,102892.285742,0,2,-1,6
0.435,527,102910.261655,0,2,-1,97
0.268,588,102930.2976,0,2,-1,148
1.027973,1033,102965.606944,1,2,-1,32
0.80848,714,102989.641058,2,0,44,-1
0.409,622,103010.744523,0,2,-1,97
0.478,518,103028.450641,0,2,-1,66
0.534,463,103044.421563,0,2,-1,42
0.849997,1097,103081.807035,1,2,-1,82
1.060328,1208,103123.845164,2,1,20,-1
1.164582,1147,103162.882396,1,2,-1,4
0.899712,841,103191.989535,2,1,69,-1
0.902232,1001,103226.270181,1,2,-1,27
0.338,619,103247.31493,0,2,-1,98
0.381575,809,103274.408896,1,2,-1,117
0.764516,867,103304.386105,1,2,-1,115
0.956637,927,103336.37105,2,1,57,-1
0.328,551,103355.195387,0,2,-1,130
0.531824,563,103374.365805,0,2,-1,15
0.81681,863,103404.263424,1,2,-1,53
1.059301,1337,103449.337705,2,1,16,-1
0.463,622,103471.382753,0,2,-1,14
0.504,626,103492.531417,0,2,-1,57
0.60426,904,103523.769078,1,2,-1,149
0.795896,1069,103560.298075,1,2,-1,57
1.204,785,103586.510766,1,2,-1,118
0.643,544,103605.027782,0,2,-1,12
0.96326,879,103635.470226,1,2,-1,5
0.83764,904,103666.630208,1,2,-1,68
1.128767,877,103695.837114,2,1,6,-1
0.256887,395,103709.550886,0,2,-1,86
0.686887,601,103729.960161,0,2,-1,2
0.405,745,103756.133281,0,2,-1,88
0.691017,775,103782.124252,1,2,-1,80
0.639,712,103807.201143,0,2,-1,23
0.386,582,103826.970069,0,2,-1,85
0.830339,822,103855.58849,1,2,-1,131
0.614,568,103874.908831,0,2,-1,4
0.524252,669,103897.529434,0,2,-4,58
0.628,749,103922.680841,0,2,-1,3
0.38,537,103941.000466,0,2,-1,79
0.381,675,103964.822604,0,2,-1,113
0.906399,1044,104000.534979,1,2,-1,5
0.313,576,104020.167432,0,2,-1,133
1.012578,1049,104056.026019,2,1,6,-1
0.587,534,104074.171574,0,2,-1,13
0.656,657,104096.437931,0,2,-1,11
0.921311,947,104128.994219,1,2,-1,47
0.779824,865,104158.912839,1,2,-13,70
0.706758,677,104181.761263,2,0,3,-1
0.215,656,104203.958064,0,2,-1,140
1.001339,749,104230.254868,1,2,-1,161
0.274,511,104247.750261,0,2,-1,114
0.479824,451,104263.323789,0,2,-1,25
0.257787,745,104288.321236,1,2,-1,144
0.265,505,104305.718038,0,2,-1,113
0.597,527,104323.708501,0,2,-1,35
1.044088,1027,104358.960367,1,2,-1,14
0.950905,873,104389.148093,2,1,17,-1
0.829896,699,104412.774622,2,0,83,-1
0.34176,520,104430.440132,0,2,-1,100
1.406887,776,104457.466547,2,1,83,-1
0.97,905,104488.62246,0,2,-1,21
0.185,628,104509.858641,0,2,-1,129
0.328,577,104529.486493,0,2,-1,62
0.263,598,104549.7547,0,2,-1,138
0.542,590,104569.730808,0,2,-1,22
0.892232,1134,104609.415224,1,2,-1,61
0.789866,1294,104653.106374,1,2,-1,108
0.263815,835,104682.086801,1,2,-1,171
0.291887,521,104699.962647,0,2,-1,90
0.563,544,104718.596936,0,2,-1,19
0.747275,945,104751.123142,1,2,-1,83
0.409402,665,104773.533329,1,2,-1,143
0.381,586,104793.43422,0,2,-1,78
0.932748,1006,104827.937165,2,1,8,-1
0.840583,951,104860.635141,1,2,-1,110
0.679516,941,104893.055345,1,2,-1,112
0.124275,790,104919.558292,1,2,-1,151
0.478,459,104935.732147,0,2,-1,24
0.626,566,104955.20666,0,2,-1,3
1.06358,1018,104990.103964,2,1,38,-1
0.957811,606,105010.643048,2,0,25,-1
0.629033,1054,105046.738889,1,2,-1,67
0.385,666,105070.363415,0,2,-1,87
0.719912,566,105089.558815,2,0,26,-1
0.457362,935,105121.778354,1,2,-1,124
0.405999,773,105147.625971,1,2,-1,101
0.953169,812,105175.775105,1,2,-1,13
0.718892,743,105200.680296,1,2,-1,103
0.923302,1055,105236.703694,2,1,41,-1
0.637,592,105256.791301,0,2,-1,17
0.497,553,105276.764466,0,2,-1,70
0.627705,722,105301.07684,1,2,-1,114
0.695309,1133,105339.693123,1,2,-1,10
0.970863,871,105369.858827,2,1,74,-1
0.749888,662,105392.162417,2,0,68,-1
0.635227,1046,105428.116763,1,2,-1,96
0.784017,1043,105463.849601,1,2,-1,99
0.496,495,105480.829143,0,2,-1,65
0.847051,820,105509.329751,2,1,69,-1
0.99625,620,105530.376349,2,0,57,-1
0.71326,976,105563.874641,1,2,-1,82
1.11999,849,105593.322194,1,2,-1,16
0.672667,682,105616.311914,2,0,14,-1
0.454661,870,105646.376858,1,2,-2,74
0.831627,1051,105682.333959,1,2,-1,85
0.893276,522,105700.095063,2,0,35,-1
0.673516,883,105729.61776,2,1,32,-1
0.473694,584,105750.498784,0,2,-1,66
0.386,637,105771.992123,0,2,-1,113
0.609,773,105797.92901,0,2,-1,31
0.925387,652,105820.998919,2,0,56,-1
0.661929,1032,105856.219633,1,2,-1,39
0.598,534,105874.495841,0,2,-1,32
0.850449,720,105898.684898,2,0,32,-1
1.003874,1177,105938.754695,1,2,-1,17
0.905833,675,105962.517699,2,0,12,-1
0.378,643,105984.299108,0,2,-1,108
0.529007,607,106004.92998,0,2,-1,39
0.375488,798,106032.620282,1,2,-1,109
0.734346,500,106049.77784,2,0,57,-1
1.07399,944,106081.092589,1,2,-1,87
0.71099,711,106106.009128,1,2,-1,78
1.121767,925,106137.941954,2,1,49,-1
1.016721,1108,106175.567971,2,1,1,-1
0.434,611,106196.398945,0,2,-1,69
0.316,583,106216.179559,0,2,-1,72
0.334,619,106237.127161,0,2,-1,129
0.757051,492,106253.917909,2,0,68,-1
1.172162,997,106288.089848,2,1,17,-1
1.225937,874,106318.264675,1,2,-14,41
0.593,607,106338.901253,0,2,-1,10
0.717602,838,106368.040453,1,2,-1,105
1.005779,583,106387.879423,2,0,7,-1
0.901357,1017,106422.6292,2,1,40,-1
0.957125,982,106456.320228,1,2,-1,105
0.557,582,106476.060755,0,2,-1,46
0.813244,933,106508.238816,2,1,19,-1
0.604086,532,106526.359919,0,2,-1,43
0.263007,542,106544.852846,0,2,-15,11
0.870582,832,106573.788918,1,2,-1,57
1.424,861,106602.599724,1,2,-1,10
0.947053,716,106627.691321,2,0,41,-1
1.005038,522,106645.522674,2,0,134,-1
0.97379,887,106675.249691,1,2,-1,31
0.535,582,106696.018538,0,2,-1,45
0.367,391,106708.633086,0,2,-1,97
0.890582,976,106742.15175,2,1,55,-1
0.277,514,106759.734206,0,2,-1,52
0.878311,820,106788.187823,1,2,-1,65
0.895866,974,106821.623534,1,2,-1,54
0.628,547,106840.347689,0,2,-1,29
0.812874,970,106873.520117,1,1,-1,88
1.069529,980,106907.140606,1,2,-1,53
0.90799,931,106938.27311,1,2,-1,91
0.962386,1244,106981.492277,1,2,-1,15
0.37,635,107002.979682,0,2,-1,75
0.864399,715,107027.039312,1,2,-1,82
0.673,486,107043.770057,0,2,-1,7
0.185,394,107057.571847,0,2,-1,118
0.605,529,107075.665294,0,2,-1,39
0.361,470,107091.885668,0,2,-1,85
0.496,546,107110.51029,0,2,-1,69
0.353,601,107130.900413,0,2,-1,111
0.179,472,107147.163521,0,2,-1,151
0.282627,682,107171.318062,1,2,-1,141
0.387,396,107184.027371,0,2,-1,79
0.691033,698,107208.611092,1,2,-1,0
0.782815,691,107231.902194,1,2,-1,45
0.642226,758,107258.426332,1,2,-1,100
0.393,539,107276.804886,0,2,-1,90
0.703386,838,107304.759542,1,2,-1,5
0.965328,1040,107340.407127,1,2,-1,24
0.677,574,107359.936439,0,2,-1,15
0.679,675,107383.774769,0,2,-1,6
0.680248,821,107411.243294,2,1,40,-1
1.058276,1114,107450.254036,1,1,-1,-1
1.106591,933,107481.342628,1,2,-1,27
0.35,534,107499.58171,0,2,-1,114
0.584122,844,107528.795603,1,2,-1,88
0.49279,977,107562.332392,1,2,-1,101
1.062018,1208,107603.180022,1,2,-1,3
0.242,585,107623.045837,0,2,-1,86
0.947813,561,107643.250708,2,0,50,-1
0.685169,901,107673.297088,1,2,-1,12
0.746922,773,107700.232804,1,2,-1,101
0.842841,949,107732.847223,1,2,-1,54
0.677,542,107751.346115,0,2,-1,9
1.09599,978,107784.990155,1,2,-1,80
0.576352,795,107811.598116,1,2,-1,114
0.744978,735,107837.374444,2,0,14,-1
0.559,510,107854.840245,0,2,-1,34
1.094057,1139,107893.5913,1,2,-1,23
0.216824,472,107909.822499,0,2,-12,162
0.61899,878,107939.219117,1,2,-1,131
0.721812,1049,107976.113852,1,2,-1,84
0.286,559,107995.176718,0,2,-1,133
0.762829,1020,108030.056947,1,2,-1,55
1.049332,785,108056.310575,1,2,-1,30
0.6814,648,108078.209451,2,0,0,-1
0.569,700,108102.783232,0,2,-1,48
0.275,582,108122.550622,0,2,-1,126
0.909529,894,108153.44977,1,2,-1,39
0.369,568,108172.741119,0,2,-1,103
0.43479,727,108197.1164,1,2,-1,124
0.167,490,108213.864824,0,2,-1,171
0.880866,911,108245.687757,1,2,-1,62
0.675089,909,108277.058403,1,2,-1,113
0.492,520,108294.940089,0,2,-1,68
0.749472,1054,108330.848885,1,2,-1,99
0.614,556,108349.70905,0,2,-1,12
0.456,493,108366.641919,0,2,-1,89
0.796593,899,108397.670248,1,2,-16,58
0.481,618,108418.553724,0,2,-1,30
0.401,485,108435.207809,0,2,-1,31
0.843841,1010,108469.758144,1,2,-1,73
0.42,640,108491.456098,0,2,-1,91
0.931169,969,108524.858551,1,2,-1,22
0.617079,863,108554.669283,1,2,-1,112
0.762937,783,108580.867374,1,2,-14,78
0.906618,575,108600.359407,2,0,26,-1
0.924086,839,108629.433046,1,2,-1,48
0.624,666,108651.866661,0,2,-1,26
0.24212,530,108669.839785,0,2,-17,142
1.087827,1148,108708.903848,1,2,-1,9
0.416,612,108730.675995,0,2,-1,83
0.339,554,108749.541287,0,2,-1,128
0.69176,767,108775.227969,0,2,-11,11
0.732929,893,108806.103824,2,1,64,-1
0.667959,1064,108842.307817,2,1,3,-1
0.85112,576,108861.882982,2,0,28,-1
0.556,648,108883.804448,0,2,-1,41
0.426,598,108905.179755,0,2,-1,95
1.137516,1237,108947.173318,1,1,-1,-1
0.796897,1067,108983.623652,1,2,-1,11
0.76699,814,109011.90714,1,2,-1,81
0.363575,857,109040.55735,1,2,-1,93
0.247,430,109055.398361,0,2,-1,144
0.34954,818,109083.921224,1,2,-1,92
0.93799,788,109110.423874,1,2,-1,0
0.85455,691,109134.741257,1,2,-4,61
0.82654,862,109163.48802,1,2,-1,79
1.276125,981,109197.258552,2,1,61,-1
0.063,387,109210.749717,0,2,-1,166
0.699169,766,109237.5222,1,2,-1,59
0.563412,861,109266.319557,1,2,-1,70
0.935311,864,109296.129359,1,2,-1,9
0.55,611,109316.929736,0,2,-1,54
0.362232,792,109344.562127,1,2,-1,120
0.531,875,109374.09257,0,2,-1,105
0.297,683,109398.181034,0,2,-1,129
0.51,442,109413.446912,0,2,-1,38
0.277,544,109431.956484,0,2,-1,103
0.459,516,109449.664407,0,2,-1,33
1.098477,1106,109487.319671,1,2,-1,12
0.697,489,109504.226716,0,2,-1,16
0.662,696,109527.669736,0,2,-1,12
0.41618,883,109558.123159,1,2,-1,115
0.759123,637,109579.618356,2,0,58,-1
0.26,535,109597.862262,0,2,-1,115
0.671412,1148,109636.921595,1,2,-1,128
0.822461,547,109655.618593,2,0,17,-1
0.339,479,109672.140309,0,2,-1,95
1.011777,501,109689.351318,2,0,15,-1
0.259,506,109706.647828,0,2,-1,140
0.740189,1053,109742.798018,2,1,11,-1
1.374453,773,109769.790801,2,1,136,-1
0.887696,626,109790.951558,2,0,88,-1
0.434627,774,109817.940649,1,2,-1,140
1.046866,1067,109854.369176,1,2,-1,13
0.321,566,109873.63363,0,2,-1,124
0.341,408,109887.792995,0,2,-1,79
0.648582,779,109913.969075,1,2,-1,166
0.633,621,109934.997685,0,2,-1,1
0.714629,838,109964.012416,2,0,0,-1
0.354,701,109987.450864,0,2,-1,109
0.760505,635,110010.098976,1,2,-1,50
0.344,502,110027.300438,0,2,-1,118
0.761934,572,110046.777264,2,0,48,-1
0.374,596,110067.113275,0,2,-1,113
0.468824,601,110087.432781,0,2,-12,67
0.467,567,110106.740968,0,2,-1,93
0.866682,849,110136.188578,1,2,-11,49
0.677575,968,110169.639875,1,2,-1,93
0.781086,853,110197.99192,1,2,-1,16
0.661,788,110225.473327,0,2,-1,21
0.638,655,110247.581574,0,2,-1,18
0.757106,533,110265.740237,2,0,67,-1
0.727287,1012,110300.362584,1,2,-1,59
0.70199,606,110320.974053,1,2,-1,114
0.821858,905,110352.283179,1,2,-1,98
0.219,523,110370.126462,0,2,-1,151
0.472,530,110388.185246,0,2,-1,70
0.569516,784,110415.481076,1,2,-1,138
0.26476,500,110432.584285,0,2,-1,99
0.402,468,110448.740399,0,2,-1,84
0.482703,747,110473.803426,1,2,-1,163
0.762827,859,110503.470592,1,2,-1,136
0.318602,931,110535.556013,1,2,-1,147
0.33,529,110553.546321,0,2,-1,125
0.645,748,110578.743138,0,2,-1,23
0.234,525,110596.677855,0,2,-1,170
0.552,504,110613.86305,0,2,-1,27
0.641,764,110640.636056,0,2,-1,19
0.934363,945,110672.067082,1,2,-1,2
0.8903,773,110699.03395,1,1,-11,67
0.86215,795,110725.535342,2,1,36,-1
0.974361,621,110747.595018,2,0,3,-1
0.946373,1064,110783.936477,1,2,-1,7
0.506516,824,110811.368789,1,2,-1,125
0.858005,559,110830.422233,2,0,6,-1
0.655,660,110853.704731,0,2,-1,10
0.82479,973,110887.202796,1,2,-1,65
0.963897,1072,110923.737829,1,1,-1,-1
0.84799,788,110950.225013,1,2,-1,20
0.474,671,110973.888565,0,2,-1,135
1.06744,441,110987.994379,2,0,133,-1
0.508,595,111009.141642,0,2,-1,9
0.954328,1037,111044.627052,1,2,-1,19
0.198,515,111062.21328,0,2,-1,145
1.051182,542,111080.665249,2,0,137,-1
0.414089,749,111105.871554,1,2,-1,112
0.878086,923,111137.683677,1,2,-1,84
0.511948,704,111161.321568,0,2,-1,150
0.92199,862,111191.114281,1,2,-1,98
0.670275,853,111220.638458,1,2,-1,95
0.854276,1048,111256.456316,1,2,-1,13
0.212,605,111276.963158,0,2,-1,166
0.795086,731,111301.593163,1,2,-1,111
0.679813,915,111333.184653,2,1,25,-1
0.810381,842,111362.411778,1,2,-1,33
0.871354,682,111385.356518,1,2,-1,99
1.214665,861,111415.241487,2,1,136,-1
0.903107,1075,111451.987082,2,1,43,-1
0.549309,787,111478.383289,1,2,-1,176
0.67,637,111501.05362,0,2,-1,17
0.394,435,111516.140164,0,2,-1,38
0.587086,808,111543.227616,1,2,-1,79
1.077791,884,111573.749499,2,1,21,-1
0.408516,791,111600.248168,1,2,-1,77
0.770625,783,111627.571003,1,2,-1,137
0.598,604,111647.991617,0,2,-1,24
0.749325,1017,111682.681787,1,2,-1,65
0.586896,844,111712.002904,1,2,-1,29
0.796843,627,111733.233921,2,0,39,-1
0.834418,557,111752.293818,2,0,55,-1
1.282499,944,111784.886039,2,1,89,-1
0.358,677,111807.797479,0,2,-1,113
0.440007,619,111828.799129,0,2,-1,89
0.737561,588,111849.91524,2,0,4,-1
1.100591,711,111873.900195,2,1,106,-1
0.842342,534,111892.128653,2,0,38,-1
0.536021,759,111917.581027,1,2,-1,101
0.221,618,111939.555166,0,2,-1,146
0.77499,804,111966.518885,1,2,-1,94
1.112122,1118,112004.764107,1,2,-1,13
0.802275,989,112038.774566,1,2,-1,12
0.49935,783,112066.103353,1,2,-1,135
0.574,566,112085.342451,0,2,-1,43
1.140694,846,112114.71542,2,1,27,-1
0.291,545,112133.309887,0,2,-1,123
0.646,643,112155.014235,0,2,-1,5
0.571,676,112177.821167,0,2,-1,38
0.717275,895,112208.719014,1,2,-1,44
0.241,424,112223.377968,0,2,-1,106
0.861944,521,112241.278776,2,0,56,-1
0.91399,882,112271.710782,1,2,-1,64
0.935575,854,112300.232948,1,2,-1,43
0.709309,767,112327.00974,1,2,-1,58
1.635,912,112358.590721,1,2,-1,41
0.891089,908,112388.898218,1,2,-1,13
0.392,501,112406.076952,0,2,-1,80
0.442,559,112425.126433,0,2,-1,51
0.396,651,112448.105989,0,2,-1,98
0.637956,528,112466.1205,2,0,5,-1
1.31899,1007,112500.544931,1,2,-1,9
0.532703,790,112526.994303,1,2,-1,86
1.025829,954,112559.819053,1,2,-1,1
0.522,506,112577.081759,0,2,-1,61
0.64,505,112594.292187,0,2,-1,3
0.669,682,112617.318375,0,2,-1,8
0.52407,804,112645.228855,1,2,-1,145
0.876381,1035,112680.680883,1,2,-1,12
0.659,589,112700.687491,0,2,-1,12
0.908352,815,112729.039385,1,2,-1,66
0.659,768,112754.862643,0,2,-1,5
0.670089,916,112786.344375,1,2,-1,30
0.995853,1051,112822.34448,2,1,19,-1
0.334,593,112842.485942,0,2,-1,117
0.625,765,112869.181705,0,2,-1,19
0.514,655,112891.304439,0,2,-1,37
0.842328,897,112922.192807,1,2,-1,33
0.880133,947,112954.757058,1,2,-12,47
0.773122,981,112987.384664,1,2,-1,54
0.409,533,113006.670858,0,2,-1,61
0.422412,681,113029.608614,1,2,-1,79
0.419,608,113050.290347,0,2,-1,105
0.41,615,113071.137531,0,2,-1,94
0.669163,650,113094.094565,2,0,38,-1
0.512,760,113119.658333,0,2,-1,70
0.546922,658,113141.926105,1,2,-1,113
0.347,585,113161.825441,0,2,-1,110
0.259,478,113178.214846,0,2,-1,124
0.525,673,113202.005634,0,2,-1,56
0.619,720,113226.227495,0,2,-1,25
0.975846,968,113259.414161,2,1,96,-1
0.617,737,113284.298899,0,2,-1,21
0.339,616,113306.315382,0,2,-1,121
1.108074,1205,113347.603475,1,2,-1,5
1.07399,989,113381.606569,1,2,-1,4
0.620363,968,113414.793655,2,1,10,-1
0.226535,806,113441.668769,1,2,-1,131
0.739873,586,113462.623632,2,0,28,-1
0.336602,858,113491.171838,1,2,-1,144
0.578325,880,113521.616228,1,2,-1,121
0.47317,530,113539.666715,0,2,-3,74
0.976086,941,113571.95791,1,2,-1,82
0.873381,1099,113609.360951,1,2,-1,48
0.610773,732,113634.025414,1,2,-1,125
0.45,442,113649.248446,0,2,-1,92
0.367,489,113666.029157,0,2,-1,116
0.413628,751,113692.262974,1,2,-11,117
0.485,564,113711.473822,0,2,-1,73
0.386,526,113729.505471,0,2,-1,57
1.420226,901,113760.728001,2,1,176,-1
0.371,552,113779.52577,0,2,-1,65
0.689,633,113800.97142,0,2,-1,4
0.371,703,113824.613561,0,2,-1,104
0.338,625,113845.788327,0,2,-1,119
0.596,892,113876.685785,0,2,-1,110
0.69,697,113901.267431,0,2,-1,6
0.845311,928,113932.133411,1,2,-1,81
0.214,548,113950.835425,0,2,-1,111
0.514,586,113971.803778,0,2,-1,6
0.606,662,113994.066156,0,2,-1,12
0.869626,735,114018.829705,2,0,20,-1
1.087568,537,114037.1683,2,0,71,-1
0.464018,861,114066.979097,1,2,-1,151
0.595,907,114098.383038,0,2,-1,65
0.922251,869,114127.337487,2,1,14,-1
0.945776,610,114149.022386,2,0,104,-1
0.71518,986,114182.837569,1,2,-1,93
0.906768,573,114202.229605,2,0,83,-1
1.107829,1066,114238.702947,1,2,-1,8
0.332,527,114256.63404,0,2,-1,118
0.748086,1065,114292.979034,1,2,-1,8
0.394,451,114308.477238,0,2,-1,104
0.68,653,114330.565008,0,2,-1,8
1.031693,807,114358.602236,2,1,51,-1
0.384,477,114375.019791,0,2,-1,79
1.179227,902,114405.09797,2,1,106,-1
0.762206,663,114428.595471,2,0,32,-1
0.680148,642,114450.268048,2,0,2,-1
0.779086,869,114480.302821,1,2,-1,2
0.801516,1004,114514.742237,1,2,-1,120
0.171,507,114532.054628,0,2,-1,176
0.449,460,114546.817095,0,2,-1,56
0.283627,825,114575.456733,1,2,-1,112
0.688633,705,114599.244305,2,0,11,-1
0.469,596,114620.477162,0,2,-1,50
0.693,489,114637.244297,0,2,-1,14
0.394925,787,114663.675817,1,2,-1,140
0.56086,877,114693.95177,1,2,-1,142
0.51476,532,114712.051806,0,2,-1,72
0.645,757,114737.443176,0,2,-1,93
0.498259,816,114765.892012,1,2,-13,120
0.548,541,114784.289397,0,2,-1,31
0.843929,967,114817.579816,1,2,-1,74
0.761372,1187,114857.943924,1,2,-1,18
0.641,552,114876.791114,0,2,-1,26
0.903974,487,114893.463109,2,0,93,-1
0.323,546,114912.160089,0,2,-1,125
0.163,473,114928.383831,0,2,-1,97
0.37665,916,114959.913925,1,2,-1,84
0.470505,741,114984.87799,1,2,-1,105
0.145007,424,114999.58356,0,2,-15,176
0.786671,528,115017.657977,2,0,0,-1
0.789343,627,115039.971098,2,0,51,-1
1.084236,894,115069.83347,2,1,34,-1
0.840372,1139,115108.47831,1,2,-1,64
0.404681,826,115137.101461,1,2,-1,113
0.729443,883,115167.84781,1,2,-1,23
0.641587,839,115195.848525,1,2,-1,157
0.736373,819,115224.203142,1,2,-1,60
0.97965,1073,115260.891602,1,2,-1,40
0.466,663,115283.206389,0,2,-1,83
0.944575,1122,115322.601575,1,2,-1,45
1.456553,510,115340.091457,2,0,48,-1
0.912169,926,115370.909745,1,2,-1,73
0.893793,982,115404.559341,1,2,-1,62
0.689372,888,115435.298519,1,2,-1,113
0.673,718,115459.535312,0,2,-1,10
0.265,589,115480.669127,0,2,-1,136
0.597,723,115504.976962,0,2,-1,43
0.598,641,115526.703819,0,2,-1,7
0.836328,912,115558.144439,1,2,-1,77
0.569,581,115577.889687,0,2,-1,41
1.036275,933,115609.889788,1,2,-1,0
0.383137,856,115639.586607,1,2,-1,112
0.502,564,115658.818187,0,2,-1,80
0.336064,557,115677.723704,0,2,-1,84
0.679,788,115704.136845,0,2,-1,4
0.617625,635,115726.697662,0,2,-9,23
0.45,460,115742.693872,0,2,-1,52
0.526582,801,115769.542171,1,2,-1,171
0.672,790,115797.018352,0,2,-1,5
0.385,656,115819.129347,0,2,-1,108
1.493076,1004,115853.47347,2,1,98,-1
0.803874,1047,115889.33307,1,1,-1,84
0.245,577,115908.921374,0,2,-1,153
0.92187,736,115934.895335,1,2,-1,108
0.872929,953,115966.569826,1,2,-11,60
0.919287,877,115996.838001,1,2,-1,37
0.867056,955,116029.664702,2,1,68,-1
0.494,576,116049.309909,0,2,-1,81
0.563358,780,116076.523828,1,2,-1,114
0.80399,849,116104.946891,1,2,-1,4
0.462887,479,116121.370618,0,2,-13,65
0.793311,869,116151.372787,1,2,-1,99
0.598871,903,116182.488769,1,2,-1,119
0.765428,793,116208.980537,2,0,35,-1
1.076442,955,116241.727004,2,1,40,-1
0.754829,843,116270.932337,1,2,-1,104
0.91671,977,116304.480294,1,2,-1,25
0.948106,859,116333.114661,2,1,0,-1
0.475,585,116353.007378,0,2,-1,82
0.850448,702,116377.692215,2,0,87,-1
0.839389,564,116396.870397,2,0,3,-1
0.831103,596,116417.145568,2,0,83,-1
1.043929,1175,116456.93784,1,2,-1,5
0.228,511,116474.461272,0,2,-1,145
0.941384,944,116506.90079,2,1,67,-1
1.200857,983,116540.644384,2,1,49,-1
0.669917,850,116570.125462,1,2,-1,106
1.048444,604,116590.621912,2,0,105,-1
0.637,628,116611.918372,0,2,-1,13
0.73254,1010,116646.464779,1,2,-1,102
0.947914,642,116668.265164,2,0,96,-1
0.832627,576,116688.944848,2,0,27,-1
0.587206,981,116722.52036,1,2,-1,93
1.007191,891,116752.192205,2,1,107,-1
0.907418,610,116772.937868,2,0,52,-1
0.428,943,116805.274801,0,2,-1,170
0.627,652,116828.354736,0,2,-1,36
1.496571,834,116856.282483,2,1,41,-1
0.890978,881,116886.691608,2,1,51,-1
0.726928,626,116907.908595,2,0,28,-1
1.009125,1027,116943.183347,1,2,-1,100
0.64,727,116968.68889,0,2,-1,1
0.69,530,116986.811525,0,2,-1,16
0.903086,839,117014.839515,1,2,-1,0
0.846311,878,117045.319922,1,2,-1,19
0.723674,606,117065.80546,2,0,5,-1
1.044017,875,117096.068427,1,2,-1,59
0.733462,741,117120.950553,2,0,0,-1
1.034157,931,117152.92176,1,2,-1,53
1.001361,475,117169.243455,2,0,3,-1
0.255,584,117189.032564,0,2,-1,146
0.66979,795,117216.760141,1,2,-1,40
0.63499,761,117242.335002,1,2,-1,100
0.572,568,117261.600448,0,2,-1,29
0.652887,586,117281.537723,0,2,-1,9
0.410948,641,117304.257298,0,2,-1,108
1.308332,794,117330.790678,1,2,-1,4
0.80899,682,117354.87186,1,2,-1,150
0.75265,980,117388.522417,1,2,-1,115
1.004023,509,117405.940137,2,0,64,-1
1.059651,506,117422.180184,2,0,134,-1
0.663,645,117445.057715,0,2,-1,30
1.03099,857,117473.742135,1,2,-1,95
1.249899,849,117503.165591,2,1,111,-1
0.544,644,117525.044951,0,2,-1,54
0.743311,944,117557.581662,1,2,-1,14
0.734244,664,117580.015883,2,0,9,-1
0.806841,1196,117621.602621,1,2,-1,106
0.419,600,117641.898526,0,2,-1,80
0.588469,641,117663.578738,1,2,-1,77
0.219,344,117675.72307,0,2,-1,130
0.302,587,117695.659598,0,2,-1,135
0.656,632,117717.041211,0,2,-1,5
0.626,603,117737.584585,0,2,-1,23
0.710165,633,117760.089862,2,0,14,-1
0.641627,926,117791.983515,1,2,-1,127
0.825637,566,117811.285146,2,0,57,-1
0.448,811,117838.359224,0,2,-1,81
1.270922,887,117869.035082,1,2,-1,15
0.486,560,117888.15804,0,2,-1,40
0.774677,649,117910.071499,2,0,20,-1
0.853169,948,117942.618163,1,2,-1,84
0.454,624,117963.704634,0,2,-1,83
0.71965,821,117992.246309,1,2,-1,14
0.496787,1028,118027.446985,1,2,-1,146
0.969639,595,118047.684663,2,0,113,-1
1.219591,889,118078.342459,2,1,137,-1
0.821325,889,118109.118802,1,2,-1,117
0.372,547,118127.835261,0,2,-1,85
0.241,583,118147.578548,0,2,-1,131
0.347,577,118167.171287,0,2,-1,99
0.813017,816,118195.572992,1,2,-1,55
0.635797,839,118223.677826,1,2,-1,131
0.574,596,118243.914617,0,2,-1,27
1.170302,1070,118280.466952,2,1,1,-1
0.704018,717,118305.584565,2,0,0,-1
0.634,567,118324.890933,0,2,-1,17
0.674999,1056,118360.87524,1,1,-1,136
0.549997,738,118385.695556,1,2,-1,176
0.909812,888,118416.370828,1,2,-1,52
1.034824,1042,118452.010565,2,1,50,-1
1.17199,873,118482.091409,1,2,-1,3
0.919226,834,118511.16721,1,2,-1,31
0.584311,665,118533.6257,1,2,-1,36
0.372,573,118553.156134,0,2,-1,77
1.401086,649,118575.056466,2,1,176,-1
0.672,706,118599.938567,0,2,-1,6
0.540856,928,118630.888762,1,2,-13,72
0.804893,644,118653.763853,2,0,85,-1
0.834937,1073,118690.460894,1,2,-1,2
0.990332,779,118716.640594,1,2,-1,120
0.377,510,118734.114468,0,2,-1,53
0.433,825,118762.88162,0,2,-1,96
0.832025,702,118786.503649,1,2,-1,83
1.646,885,118817.10901,1,2,-1,22
1.07399,777,118844.162745,1,2,-1,99
0.988955,939,118875.367006,2,1,30,-1
0.27017,406,118889.556692,0,2,-3,131
0.653548,853,118919.132775,1,2,-1,103
0.463017,811,118946.162439,1,2,-1,159
0.440194,718,118971.36803,1,2,-13,151
0.166,389,118984.946767,0,2,-1,130
0.421,634,119006.369787,0,2,-1,86
1.031447,1043,119042.156314,1,2,-1,31
0.786181,674,119064.833481,2,0,34,-1
0.880942,891,119095.620249,2,1,55,-1
0.738582,863,119125.406892,1,2,-1,25
0.64818,822,119152.996311,2,1,20,-1
0.573,637,119174.502036,0,2,-1,37
0.867064,529,119192.536353,2,0,97,-1
0.809908,740,119218.576502,2,0,26,-1
0.255,752,119243.871599,0,2,-1,151
1.021516,1051,119279.728474,1,2,-1,12
0.771866,872,119309.888827,1,2,-1,75
0.347698,668,119332.38327,1,2,-1,82
1.183753,997,119366.581216,2,1,34,-1
0.439874,661,119389.877409,1,2,-1,46
1.044564,984,119423.708792,1,2,-1,60
0.801376,618,119444.61928,2,0,57,-1
0.653,783,119470.866698,0,2,-1,9
0.886275,945,119503.386539,1,2,-1,6
1.058433,587,119523.369223,2,0,136,-1
0.897,937,119555.686033,0,2,-1,5
0.70376,991,119590.236368,1,2,-14,69
1.052582,884,119620.796079,1,2,-1,19
1.092897,1179,119660.708395,1,2,-1,27
0.920683,804,119688.720229,1,2,-1,139
1.000917,805,119715.532042,1,2,-1,65
0.384,594,119735.681108,0,2,-1,93
0.696321,1063,119773.00549,2,1,0,-1
0.341311,694,119796.392909,1,2,-1,171
0.317627,749,119821.564711,1,2,-1,114
0.872829,1004,119856.016202,1,2,-1,100
0.586309,778,119883.147901,1,2,-1,44
1.167103,1007,119917.641995,2,1,30,-1
0.790516,894,119948.64957,1,2,-1,49
0.802039,724,119972.952316,2,0,56,-1
0.666846,738,119997.743868,1,2,-1,56
0.626917,808,120025.962342,1,2,-1,88
0.251,597,120046.149905,0,2,-1,133
0.915,973,120079.561236,0,2,-1,39
0.238064,415,120093.92281,0,2,-16,150
0.558,530,120111.936134,0,2,-1,45
1.08434,1092,120149.050658,1,2,-1,44
0.616846,878,120179.48061,1,2,-1,62
0.98518,877,120208.701867,1,1,-1,-1
0.59199,689,120232.992928,1,2,-1,100
0.817018,482,120249.620738,2,0,5,-1
0.97185,919,120281.290979,1,2,-14,25
0.41,500,120297.382627,0,2,-1,73
0.909804,777,120324.565733,2,1,33,-1
0.308873,766,120350.288334,1,2,-14,135
0.746686,637,120372.932432,2,0,35,-1
0.255,448,120388.410291,0,2,-1,120
0.907338,1007,120422.901276,2,1,32,-1
0.138948,427,120436.651156,0,2,-1,121
0.997919,536,120454.972408,2,0,137,-1
0.629,768,120481.741749,0,2,-1,2
0.742973,714,120505.635212,2,0,22,-1
0.880602,630,120528.103481,2,0,68,-1
0.303,685,120551.204798,0,2,-1,113
0.483,679,120574.143427,0,2,-1,66
1.515304,964,120607.319801,2,1,145,-1
0.632529,778,120634.50213,1,2,-1,73
0.92388,958,120667.55952,2,1,34,-1
1.101212,580,120687.224748,2,0,135,-1
0.834583,927,120718.151217,1,2,-1,134
0.733307,916,120749.698742,1,2,-1,133
0.261824,493,120766.601807,0,2,-1,132
0.903587,491,120783.522546,2,0,114,-1
1.075708,563,120802.67148,2,0,105,-1
1.019232,886,120833.260209,1,2,-1,10
0.818214,542,120851.750121,2,0,58,-1
0.491,610,120872.477982,0,2,-1,75
0.37,667,120896.047897,0,2,-1,110
1.278737,755,120921.354831,2,1,130,-1
0.930705,1006,120955.696905,1,2,-1,44
1.263,688,120978.922987,1,2,-1,72
0.739897,677,121002.777628,2,0,33,-1
0.898605,968,121036.139173,2,1,0,-1
0.582,651,121058.125191,0,2,-1,32
0.658587,613,121078.943496,2,0,27,-1
0.756089,890,121109.715718,1,2,-1,33
0.502,631,121131.07332,0,2,-1,46
0.384,543,121149.528108,0,2,-1,93
0.671948,740,121175.546366,0,2,-1,2
0.318,553,121194.300393,0,2,-1,120
0.314,583,121214.043356,0,2,-1,123
0.676021,854,121242.539099,1,2,-1,65
0.798902,617,121264.492203,2,0,12,-1
1.055871,1029,121299.563574,1,2,-1,0
0.172,505,121316.812863,0,2,-1,171
0.252,493,121333.761012,0,2,-1,156
0.747238,863,121362.56938,1,2,-1,78
0.812094,548,121381.31457,2,0,49,-1
0.911787,518,121399.017521,2,0,34,-1
0.699049,828,121427.847145,1,2,-1,108
0.664,780,121453.946777,0,2,-1,4
1.053988,821,121482.370912,2,1,28,-1
1.314914,995,121516.526554,2,1,136,-1
0.588,754,121541.852365,0,2,-1,36
1.045422,1109,121580.664451,1,2,-1,62
0.293,467,121596.757742,0,2,-1,136
0.356896,764,121622.35257,1,2,-1,166
0.446681,903,121653.598332,1,2,-1,96
1.031509,922,121685.336252,2,1,34,-1
0.737586,704,121708.995766,2,0,64,-1
0.790688,733,121733.611292,2,0,55,-1
0.282,526,121751.579068,0,2,-1,120
0.774773,603,121773.112309,2,0,3,-1
0.538,520,121790.982652,0,2,-1,22
1.09699,828,121818.714859,1,2,-1,13
0.93513,901,121849.831512,1,2,-1,5
0.586,609,121870.457281,0,2,-1,3
0.7201,850,121899.922724,1,2,-1,16
0.349,585,121919.822804,0,2,-1,119
1.129922,995,121953.969022,2,1,34,-1
0.752827,798,121981.63588,1,2,-1,1
0.692357,657,122003.822164,1,2,-15,33
0.335,635,122025.398742,0,2,-1,103
1.069309,903,122056.546111,1,2,-1,4
0.482,541,122074.909771,0,2,-1,65
0.583,576,122094.435719,0,2,-1,29
0.382,513,122112.024562,0,2,-1,94
0.215,512,122129.523018,0,2,-1,135
0.846769,501,122146.738065,2,0,25,-1
0.698,715,122170.687329,0,2,-1,0
0.689613,558,122189.66993,2,0,41,-1
0.765988,574,122210.183122,2,0,8,-1
0.657018,836,122238.074455,1,2,-1,12
0.619309,846,122267.436686,1,2,-1,59
0.958309,916,122299.003621,1,2,-1,43
1.055155,840,122327.044226,1,2,-1,16
0.978294,643,122349.978972,2,0,80,-1
0.888361,806,122376.969407,2,1,3,-1
1.191605,959,122409.874891,2,1,97,-1
0.943999,875,122440.184009,1,2,-1,36
0.823827,788,122466.656772,1,2,-1,82
0.737072,673,122490.287827,2,0,27,-1
0.43,560,122509.406111,0,2,-1,85
1.030339,481,122525.960167,2,0,117,-1
0.326,621,122546.907297,0,2,-1,99
0.76104,832,122574.717381,1,2,-1,131
0.893978,571,122595.318062,2,0,82,-1
0.931892,857,122623.838586,1,2,-1,77
1.028329,528,122641.852296,2,0,34,-1
1.24399,770,122668.750788,1,2,-1,38
0.518,591,122688.760557,0,2,-1,16
0.522666,853,122718.257776,1,2,-16,61
1.325768,1010,122752.751258,2,1,106,-1
0.807112,616,122773.590722,2,0,22,-1
1.007709,726,122798.012035,2,0,15,-1
0.387,574,122817.501358,0,2,-1,86
0.397,697,122842.119356,0,2,-1,97
0.62,600,122862.484234,0,2,-1,22
1.012086,1004,122896.944343,1,2,-1,52
0.405,606,122917.461321,0,2,-1,90
0.532,537,122935.796,0,2,-1,46
0.725007,496,122952.734501,2,0,4,-1
0.247,598,122973.184882,0,2,-1,146
0.398,647,122994.93511,0,2,-1,75
0.903372,1192,123036.414698,1,2,-1,26
0.821627,814,123063.701594,1,2,-1,70
0.282,616,123085.61078,0,2,-1,126
1.018707,901,123115.660042,2,1,73,-1
0.552,690,123139.930057,0,2,-1,22
1.155725,981,123173.601083,2,1,88,-1
0.755475,935,123204.678312,2,1,26,-1
0.279,478,123221.094203,0,2,-1,128
0.684582,931,123253.120349,1,2,-1,93
0.55476,622,123274.149761,0,2,-1,13
0.704,627,123296.492855,0,2,-1,8
1.055438,1033,123331.868577,2,1,30,-1
0.404,841,123360.002332,0,2,-1,176
0.592402,745,123386.172808,1,2,-1,97
0.672,573,123405.634044,0,2,-1,4
0.548841,798,123432.338101,1,2,-1,137
0.799933,681,123456.375983,2,0,74,-1
0.316,548,123475.029622,0,2,-1,132
0.357948,488,123491.806591,0,2,-1,109
0.49617,440,123506.959509,0,2,-1,73
1.413,677,123529.890361,1,2,-1,65
0.535,501,123547.082505,0,2,-1,69
0.722516,942,123579.460323,1,2,-1,118
1.187971,882,123608.821568,2,1,120,-1
0.877919,619,123630.831996,2,0,16,-1
0.313,512,123648.371242,0,2,-1,124
0.561,669,123670.874484,0,2,-1,64
0.614895,745,123696.039682,1,2,-1,115
0.817466,734,123721.68117,2,1,17,-1
0.70799,686,123744.720123,1,2,-1,64
0.592,818,123773.128934,0,2,-1,29
1.016827,739,123797.948526,1,2,-1,35
0.420948,589,123817.935638,0,2,-1,80
1.036812,900,123848.924742,1,2,-1,1
1.158025,982,123882.707808,1,2,-1,62
0.57726,739,123907.463977,1,2,-1,135
0.635,672,123931.14631,0,2,-1,13
0.726,772,123957.060341,0,2,-1,1
0.955375,482,123973.555923,2,0,95,-1
0.53454,876,124003.795236,1,2,-1,131
1.02618,1083,124040.708862,1,2,-1,13
0.047,502,124057.841457,0,2,-1,121
0.651,721,124082.045872,0,2,-1,14
0.41312,469,124098.247571,0,2,-1,113
1.372372,800,124126.011919,2,1,3,-1
0.546897,950,124158.682427,1,2,-1,72
1.137411,1054,124194.689593,2,1,70,-1
1.068117,948,124227.201859,2,1,9,-1
1.10771,870,124256.19121,2,1,1,-1
0.427,650,124279.206867,0,2,-1,93
0.482064,454,124294.79241,0,2,-16,49
0.463,531,124312.955337,0,2,-1,75
0.677797,907,124343.189223,1,2,-1,134
1.242598,902,124374.207432,1,2,-17,65
1.601,748,124400.366221,1,2,-1,21
0.914183,1105,124438.054686,2,1,26,-1
0.627625,773,124463.841744,0,2,-1,25
0.92192,407,124477.959451,2,0,57,-1
0.682516,900,124508.975182,1,2,-1,42
0.557829,795,124535.526983,1,2,-1,156
1.117122,852,124565.124656,1,2,-1,14
0.349,428,124579.962677,0,2,-1,106
0.361694,523,124597.791692,0,2,-10,92
0.809014,462,124613.752824,2,0,85,-1
0.900909,773,124639.587342,2,1,96,-1
0.871623,558,124658.607338,2,0,92,-1
0.802386,885,124689.231592,1,2,-1,89
0.542,591,124709.264377,0,2,-1,52
1.114375,581,124729.050876,2,0,88,-1
0.298,451,124744.599912,0,2,-1,145
0.988169,1079,124781.448897,1,2,-1,46
0.900532,684,124805.638988,2,0,21,-1
1.094071,1209,124846.620295,2,1,58,-1
0.964787,971,124880.063334,1,2,-1,15
1.149529,1004,124914.497211,1,1,97,-1
0.378268,713,124938.547181,1,2,-13,156
0.64,561,124957.636134,0,2,-1,21
0.666,705,124982.428886,0,2,-1,5
0.927287,1021,125017.291195,1,2,-1,21
0.710739,606,125037.849104,2,0,14,-1
0.39999,576,125057.455084,1,2,-1,176
0.664516,810,125085.681119,1,2,-1,103
0.514373,745,125110.751422,1,2,-1,144
0.562,565,125129.918494,0,2,-1,27
1.06599,808,125158.074465,1,2,-1,78
1.096582,751,125183.250664,1,2,-1,30
0.285,500,125200.410494,0,2,-1,135
0.977089,974,125233.829785,1,2,-1,25
0.73799,945,125266.339788,1,2,-1,90
0.785978,561,125285.435146,2,0,10,-1
0.984206,1040,125321.023791,1,2,-1,17
0.848892,938,125353.346368,1,2,-1,102
0.332,508,125370.795536,0,2,-1,120
0.77818,995,125405.012367,1,2,-1,80
0.954086,810,125433.163985,1,2,-1,78
0.904609,641,125454.929839,2,0,5,-1
1.103169,1187,125495.228438,1,2,-1,2
0.083,461,125511.084246,0,2,-1,176
0.843829,826,125539.802213,1,2,-1,2
1.162532,1255,125582.291071,2,0,47,-1
1.078285,939,125614.741633,2,1,8,-1
1.064265,1030,125649.945961,1,2,-9,11
0.558,528,125667.966691,0,2,-1,25
0.624,709,125691.906978,0,2,-1,6
0.267,679,125715.895077,0,2,-1,146
0.437,485,125732.544526,0,2,-1,81
0.772602,937,125763.732319,1,2,-1,35
0.512,463,125779.652391,0,2,-1,70
1.077959,839,125808.765837,2,1,13,-1
0.248,480,125825.165578,0,2,-1,171
0.693575,998,125859.460358,1,2,-1,48
0.837858,827,125887.077542,1,2,-1,111
0.841045,749,125913.272831,2,1,97,-1
0.477,668,125935.805002,0,2,-1,59
0.741035,1280,125980.200868,1,2,-1,21
0.740819,810,126007.321924,2,1,8,-1
0.82,987,126041.126949,0,2,-1,89
0.722824,683,126065.274554,0,2,-1,3
0.172,466,126080.33586,0,2,-1,164
0.335,517,126098.028389,0,2,-1,129
0.668,730,126123.729151,0,2,-1,9
0.349,489,126140.460978,0,2,-1,89
0.85905,896,126171.483902,2,1,56,-1
0.870922,912,126201.783969,1,2,-1,4
0.797311,876,126232.066261,1,2,-1,96
0.271,466,126248.10408,0,2,-1,145
0.93999,813,126276.284806,1,2,-1,110
0.997062,1118,126314.221016,2,1,15,-1
1.195012,1041,126349.845832,2,1,88,-1
0.869937,1046,126385.59784,1,2,-1,3
0.544,811,126412.735258,0,2,-1,55
0.981259,1032,126447.966173,1,2,-1,3
0.866232,845,126477.235917,1,2,-1,64
0.481,521,126495.097814,0,2,-1,58
0.461,729,126520.578715,0,2,-1,69
0.538,610,126541.212438,0,2,-1,13
0.982447,985,126575.056998,1,2,-1,74
0.525252,458,126590.804454,0,2,-1,60
0.825361,572,126610.181811,2,0,2,-1
0.999477,775,126636.11843,1,2,-1,63
0.328,578,126655.757414,0,2,-1,122
0.257,667,126679.297935,0,2,-1,133
0.436,765,126704.861684,0,2,-1,95
0.390335,752,126731.210526,1,2,-11,67
0.655,647,126752.979736,0,2,-1,12
0.463,543,126771.411671,0,2,-1,72
0.912944,513,126788.999452,2,0,56,-1
0.758548,689,126812.202776,1,2,-1,79
0.617373,753,126838.561781,1,2,-1,109
0.044,362,126850.165556,0,2,-1,97
0.626911,877,126880.464199,0,2,-1,22
0.461,560,126899.460913,0,2,-1,78
0.564,479,126915.835863,0,2,-1,58
0.319797,753,126942.140083,1,2,-1,141
0.952871,852,126970.618266,1,2,-1,23
0.856426,484,126987.265226,2,0,34,-1
0.449,618,127008.214576,0,2,-1,97
0.393,431,127023.131539,0,2,-1,90
1.437555,710,127048.106188,1,2,-1,48
0.576,702,127071.811492,0,2,-1,25
0.386887,565,127091.007491,0,2,-1,99
1.27799,953,127123.835628,1,2,-1,1
0.691137,1011,127158.519208,1,2,-1,95
0.934587,1064,127194.954157,1,1,-1,37
0.675,692,127218.219375,0,2,-1,16
0.243,786,127245.599098,0,2,-1,159
0.734858,708,127269.398739,1,2,-1,7
0.99426,996,127303.509647,1,2,-1,15
0.725311,820,127332.024875,1,2,-1,6
0.55,634,127353.600029,0,2,-1,42
0.76454,779,127380.764755,1,2,-1,22
0.918575,924,127411.484705,2,1,49,-1
1.464812,506,127428.883546,2,0,58,-1
0.897925,850,127458.337645,1,2,-1,12
0.959597,584,127478.155601,2,0,118,-1
1.025562,554,127497.041036,2,0,122,-1
0.954386,873,127527.22099,1,2,-1,26
0.663309,945,127559.607996,1,2,-1,103
1.11499,895,127590.574439,1,2,-1,26
0.90599,867,127619.450189,1,2,-1,44
1.086228,950,127652.172678,2,1,11,-1
0.542,680,127676.187478,0,2,-1,51
0.29,599,127696.472583,0,2,-1,142
0.89083,763,127722.042551,1,2,-8,57
0.435,682,127746.167333,0,2,-1,83
0.681,670,127768.787501,0,2,-1,6
1.28099,985,127802.58425,1,2,-1,31
1.392,829,127830.317109,1,2,-1,15
1.27399,1025,127865.391274,1,2,-1,9
0.771,1027,127900.448131,0,2,-1,44
0.814816,452,127916.037227,2,0,71,-1
1.125827,1069,127952.435689,1,2,-1,16
0.379,660,127975.844016,0,2,-1,107
1.065897,939,128007.074841,1,1,-1,-1
0.775897,795,128034.774983,1,2,-1,96
0.6465,950,128067.424673,1,2,-1,151
0.586528,897,128098.422774,1,2,-1,145
0.695086,801,128125.18161,1,2,-1,12
0.760223,722,128150.541638,1,2,-1,125
0.98402,829,128178.222715,2,1,2,-1
0.897814,547,128196.873002,2,0,96,-1
0.965465,1032,128232.228394,1,2,-11,43
0.361,487,128248.972403,0,2,-1,122
0.535266,795,128276.603014,1,2,-1,126
1.320892,1139,128315.379879,2,1,8,-1
0.9525,901,128346.53064,1,2,-1,18
1.192399,864,128375.306219,2,1,136,-1
0.729829,844,128404.665164,1,2,-1,117
0.927668,536,128422.910042,2,0,105,-1
0.697874,973,128456.268737,1,2,-1,80
0.691,787,128483.748064,0,2,-1,10
0.988372,946,128515.56908,1,2,-1,7
0.467386,868,128546.58053,1,2,-1,86
0.933688,729,128572.189399,2,0,2,-1
0.554997,698,128595.697217,1,2,-15,151
0.514,558,128614.74864,0,2,-1,77
0.864602,622,128635.827931,2,0,13,-1
1.021738,498,128652.865812,2,0,112,-1
1.048535,917,128684.528063,1,1,-1,-1
0.949385,1024,128719.681729,1,2,-1,2
0.597999,859,128749.325094,1,2,-1,70
0.82626,884,128778.796299,1,2,-1,50
0.699364,687,128802.979878,2,0,7,-1
1.28699,871,128832.015506,1,2,-1,0
0.626938,711,128856.968872,1,2,-1,24
0.86335,982,128890.646017,1,1,-1,118
0.438,578,128910.239628,0,2,-1,83
1.140086,950,128942.895716,1,2,-1,6
0.72399,798,128969.70562,1,2,-1,27
1.398,715,128994.805927,1,2,-1,71
1.067,984,129028.674896,0,2,-1,5
1.638038,959,129061.672967,2,1,136,-1
0.767456,772,129087.557952,1,1,63,-1
0.712956,691,129110.85692,2,0,19,-1
0.374,549,129129.581088,0,2,-1,83
0.738311,914,129161.060742,1,2,-1,15
0.372,635,129182.486977,0,2,-1,73
0.579,876,129212.808891,0,2,-1,49
0.679,902,129243.842426,0,2,-1,5
0.44799,651,129265.885351,1,2,-1,176
1.066191,948,129298.411567,2,1,47,-1
0.721797,1027,129333.587486,1,2,-1,104
0.462,454,129349.315728,0,2,-1,61
0.674,668,129371.773515,0,2,-1,9
0.505,419,129386.993093,0,2,-1,64
1.006089,1063,129423.737158,1,2,-1,6
0.408,563,129442.9536,0,2,-1,99
1.232402,906,129474.224832,2,1,68,-1
0.230824,493,129491.091293,0,2,-12,149
0.66276,596,129511.270394,0,2,-1,18
0.757505,822,129539.794353,1,2,-1,149
0.506,568,129559.205961,0,2,-1,44
0.672,787,129585.621401,0,2,-1,9
0.519801,829,129614.360709,1,2,-18,72
1.196629,661,129636.594005,2,0,136,-1
0.906999,831,129665.506689,1,2,-1,19
1.069309,975,129698.935978,1,2,-1,11
0.286,552,129717.743581,0,2,-1,122
0.211,456,129733.429783,0,2,-1,165
0.8385,1084,129770.405702,1,2,-5,46
0.5531,972,129803.871298,1,2,-1,166
1.051913,1038,129839.429158,1,2,-1,8
0.478,536,129857.72418,0,2,-1,82
0.607086,863,129887.658065,1,2,-1,93
0.766238,918,129918.251531,1,2,-1,108
1.162516,861,129947.977691,1,2,-1,1
1.052048,1065,129984.375782,1,2,-1,2
0.880138,497,130001.451522,2,0,15,-1
0.500226,705,130025.153267,1,2,-1,171
0.901841,927,130057.179928,1,2,-1,80
0.685,706,130082.011773,0,2,-1,11
0.831086,863,130110.839036,1,2,-1,17
0.749447,797,130138.669411,1,2,-1,60
0.576,547,130157.264529,0,2,-1,45
0.934089,1074,130193.88951,1,2,-1,19
0.572,535,130212.19307,0,2,-1,49
0.715408,682,130235.113539,0,2,-1,13
1.20099,1127,130274.497045,1,2,-1,31
0.505,565,130293.79875,0,2,-1,76
0.62,477,130310.143143,0,2,-1,26
1.07299,836,130337.982765,1,2,-1,83
0.398311,756,130364.749969,1,2,-1,84
0.408226,942,130397.126083,1,2,-1,103
0.958411,575,130416.702739,2,0,106,-1
0.736137,757,130442.001782,1,2,-1,40
0.614,541,130460.441331,0,2,-1,33
0.402,556,130479.34005,0,2,-1,98
0.720478,961,130512.322071,2,1,44,-1
1.075267,582,130532.05715,2,0,7,-1
0.52318,889,130562.689908,1,2,-1,83
0.358,530,130580.75927,0,2,-1,104
0.89118,969,130614.015144,1,2,-1,54
0.071,469,130630.111688,0,2,-1,103
0.282007,552,130648.899713,0,2,-1,145
0.332,472,130665.148408,0,2,-1,112
0.716472,1268,130707.979226,1,2,-1,0
0.71175,736,130733.760444,1,2,-11,151
0.338252,435,130748.791892,0,2,-1,82
1.534,919,130780.441468,1,2,-1,78
0.638582,822,130807.866735,1,2,-1,39
0.950208,569,130827.242884,2,0,94,-1
0.850829,914,130858.718382,1,2,-1,87
0.918275,947,130891.258521,1,2,-1,13
0.402,598,130911.655854,0,2,-1,95
0.819587,1000,130945.945774,1,2,-1,10
0.663868,701,130969.499334,1,2,-1,22
0.917111,638,130992.09568,2,1,94,-1
0.95899,907,131022.374227,1,2,-1,109
0.982,1005,131056.670213,0,2,-1,17
0.406086,794,131084.328536,1,2,-1,87
0.493,511,131101.737739,0,2,-1,75
0.895322,1102,131139.171981,2,1,30,-1
0.59826,959,131171.950488,1,2,-1,145
1.105919,596,131192.292845,2,0,106,-1
0.417,597,131212.51333,0,2,-1,100
1.05599,894,131243.262602,1,2,-1,10
0.49,521,131260.99465,0,2,-1,58
1.088773,1053,131296.991156,1,2,-1,75
0.586969,739,131322.846251,1,2,-1,99
0.768577,687,131346.113689,2,0,31,-1
0.816086,682,131369.101923,2,0,66,-1
0.530696,554,131387.944425,2,0,1,-1
1.024528,1000,131422.242827,1,2,-1,11
0.334,658,131445.446211,0,2,-1,114
0.76254,883,131474.805401,1,2,-1,84
0.662,635,131496.265953,0,2,-1,6
0.659505,887,131527.002614,1,2,-1,109
0.478,692,131551.286747,0,2,-1,52
0.878203,670,131573.829004,2,0,59,-1
1.178809,1222,131615.060353,2,1,35,-1
0.687406,1024,131650.112585,1,2,-1,78
0.158252,374,131663.174003,0,2,-1,113
0.711,578,131682.918237,0,2,-1,4
1.196465,1053,131718.826677,2,1,9,-1
1.320169,738,131744.619521,2,1,44,-1
0.706198,843,131772.745848,2,0,1,-1
0.514,580,131792.433075,0,2,-1,74
0.882827,883,131822.869774,1,2,-1,35
0.77599,945,131855.486484,1,2,-1,128
0.964472,1017,131890.221124,1,2,-1,8
0.73415,814,131918.48822,1,2,-1,76
0.314,520,131936.220533,0,2,-1,144
0.800089,961,131968.202884,1,2,-1,11
0.779018,800,131995.990694,1,2,-1,9
0.375,704,132019.708706,0,2,-1,110
0.702412,973,132053.102166,1,2,-1,4
0.92699,707,132077.887378,1,2,-1,54
0.56,736,132102.564926,0,2,-1,53
0.565,677,132125.396776,0,2,-1,48
0.643833,906,132156.626402,1,2,-14,102
0.2,511,132174.073672,0,2,-1,166
0.830183,816,132202.479769,1,2,-1,27
1.02899,995,132236.550301,1,1,-1,-1
0.439829,815,132263.770491,1,2,-1,126
1.055309,923,132295.555374,1,2,-1,2
0.664429,887,132326.065919,2,1,73,-1
1.354534,1014,132360.795724,2,1,73,-1
0.7736,758,132386.143082,2,0,30,-1
1.063883,1056,132422.278793,2,1,86,-1
0.3,497,132439.328054,0,2,-1,136
0.341929,1044,132475.080463,1,2,-1,155
0.794447,850,132504.595073,1,2,-1,17
0.885656,991,132538.56108,2,1,32,-1
1.272111,1003,132572.86565,2,1,89,-1
0.98207,843,132601.983253,1,2,-1,14
0.324,662,132624.364501,0,2,-1,114
0.786527,741,132649.198983,2,0,26,-1
1.09299,967,132682.387337,1,2,-1,0
0.974897,804,132710.381066,1,2,-1,27
0.594,594,132730.571232,0,2,-1,40
0.618372,950,132763.217304,2,1,27,-1
0.326,543,132781.843593,0,2,-1,126
0.748871,866,132811.785193,1,2,-1,102
0.58099,755,132837.167504,1,2,-1,105
0.326,444,132852.48572,0,2,-1,116
1.181399,1143,132891.345184,1,2,-1,19
1.100033,650,132913.290195,2,0,146,-1
0.27976,463,132929.301064,0,2,-1,113
0.748335,892,132960.038544,2,1,17,-1
0.764307,843,132989.21029,1,2,-1,65
1.450902,1108,133026.980452,1,2,-1,23
0.965563,716,133051.002112,2,0,129,-1
0.768517,692,133075.42779,2,0,29,-1
0.990358,975,133108.872127,1,2,-1,61
0.882352,1040,133144.474311,1,2,-1,49
0.695694,736,133169.251732,0,2,-10,14
0.340007,652,133191.32082,0,2,-1,125
0.357,495,133208.3396,0,2,-1,110
0.329,648,133230.105156,0,2,-1,139
0.576,522,133248.059393,0,2,-1,37
0.47,824,133276.621867,0,2,-1,22
0.722978,596,133296.823761,2,0,8,-1
1.52604,645,133319.597575,2,0,101,-1
0.895044,528,133337.526318,2,0,54,-1
0.527948,570,133356.990198,0,2,-14,54
0.412064,549,133375.658778,0,2,-1,80
0.569787,1049,133411.403733,1,2,-1,145
0.409086,667,133433.827662,0,2,-1,93
0.772515,541,133452.350769,2,0,25,-1
0.987529,747,133478.434417,1,2,-1,1
0.936443,984,133512.144574,1,2,-1,81
0.951137,546,133530.816157,2,0,106,-1
0.762309,943,133562.023071,1,2,-1,129
0.692,728,133587.482536,0,2,-1,7
0.955919,553,133606.316932,2,0,16,-1
0.747402,1004,133640.627234,1,2,-1,114
0.85318,799,133667.460118,1,2,-1,83
0.773275,1048,133704.297871,1,2,-1,3
0.504,516,133721.948173,0,2,-1,74
0.43,515,133739.474975,0,2,-1,85
1.012846,776,133765.531465,1,1,120,-1
0.832571,855,133795.017611,2,1,21,-1
0.596,607,133815.480404,0,2,-1,33
1.17884,1051,133851.441787,2,1,16,-1
0.741326,644,133873.216514,2,0,9,-1
0.537,600,133893.502506,0,2,-1,23
0.341,645,133916.322493,0,2,-1,127
0.866827,871,133945.29775,1,2,-1,77
0.606,617,133967.224737,0,2,-1,31
0.780575,1046,134002.917792,1,2,-1,99
0.641252,536,134021.287818,0,2,-1,5
1.590275,1058,134057.449266,2,1,176,-1
1.730103,735,134082.118526,2,1,170,-1
0.725283,728,134107.570828,2,0,19,-1
0.251902,877,134136.856066,1,2,-1,116
0.325625,460,134152.6353,0,2,-1,89
1.062086,879,134182.978999,1,2,-1,7
0.721929,1082,134219.914808,1,2,-1,24
0.772408,630,134241.219463,2,0,33,-1
0.829075,1073,134277.772285,1,2,-1,83
0.496408,690,134302.081647,0,2,-6,90
0.895311,799,134328.799262,1,2,-1,18
0.654,657,134352.12486,0,2,-1,22
0.873587,1000,134385.346526,1,2,-1,0
0.571808,773,134412.346836,1,2,-1,114
0.797287,771,134438.196805,1,2,-1,26
1.131461,888,134468.861089,2,1,34,-1
1.19381,962,134501.916255,2,1,46,-1
1.026827,861,134531.698165,1,2,-1,8
1.09033,1190,134572.08028,2,1,54,-1
1.105008,561,134591.15199,2,0,128,-1
0.604,635,134612.620812,0,2,-1,15
0.735529,679,134636.605961,1,2,-1,171
0.940937,718,134660.729751,1,2,-1,77
0.595,682,134684.635551,0,2,-1,29
0.787287,994,134717.68283,1,2,-1,5
0.981578,1152,134757.884959,1,2,-1,2
0.766619,941,134790.201523,2,1,7,-1
0.350829,811,134817.180851,1,2,-1,140
0.679557,995,134851.262986,1,2,-1,87
0.750227,627,134872.482844,2,0,36,-1
1.011477,823,134901.037499,1,2,-1,99
1.029075,1046,134936.721923,1,2,-1,1
0.593,534,134954.931646,0,2,-1,10
1.034915,514,134972.509141,2,0,135,-1
0.752065,564,134991.682472,2,0,56,-1
0.444694,530,135009.736212,0,2,-1,86
0.834911,1031,135045.003471,1,2,-12,43
0.207,525,135062.885607,0,2,-1,145
0.511,788,135090.291736,0,2,-1,135
0.941402,800,135117.048611,1,2,-1,20
0.622,624,135138.143169,0,2,-1,15
0.675887,655,135161.348025,0,2,-1,8
0.983276,830,135189.076843,2,1,137,-1
1.09499,821,135217.681099,1,2,-1,9
0.885731,565,135236.90955,2,0,10,-1
0.656529,800,135264.643383,1,2,-1,77
0.9271,1199,135305.309835,1,2,-1,30
0.741,810,135333.438706,0,2,-1,2
0.432,654,135355.533896,0,2,-1,94
1.072516,1214,135396.577273,1,2,-1,5
1.144659,830,135425.337849,2,1,135,-1
0.335,588,135445.318618,0,2,-1,110
0.214,533,135463.494126,0,2,-1,95
0.844737,890,135494.068031,2,1,88,-1
1.059226,1272,135536.960478,1,2,-1,0
0.986705,490,135553.908582,2,0,56,-1
0.431,550,135572.624459,0,2,-1,84
1.198363,953,135605.363623,2,1,68,-1
0.876031,561,135624.480075,2,0,6,-1
0.454,601,135644.841998,0,2,-1,66
0.711827,800,135672.676857,1,2,-1,13
1.051797,726,135697.029706,2,1,67,-1
1.134922,927,135729.005172,1,2,-1,51
1.05999,890,135759.610879,1,2,-1,15
0.529482,590,135779.578458,0,2,-1,71
0.75099,868,135809.680696,1,2,-1,125
1.225902,953,135842.452232,1,2,-1,6
1.067578,969,135875.575529,2,1,97,-1
0.554,624,135896.72569,0,2,-1,29
1.165097,1183,135936.828361,2,0,81,-1
0.928553,912,135968.189259,1,2,-1,60
0.671354,783,135994.359417,1,2,-1,130
1.31399,913,136025.859505,1,1,-1,-1
1.399089,559,136044.929323,2,0,0,-1
0.503,647,136067.91213,0,2,-1,57
0.809617,691,136091.070324,2,0,15,-1
0.631528,759,136116.435493,1,2,-1,121
1.016443,989,136150.280342,1,2,-1,4
0.941937,692,136174.605515,1,2,-14,36
0.835639,645,136196.483854,2,0,57,-1
0.691,642,136218.088184,0,2,-1,0
1.100307,792,136245.595588,2,1,88,-1
0.391,562,136264.749965,0,2,-1,96
0.41,496,136281.722206,0,2,-1,85
0.830086,815,136308.967775,1,2,-1,26
0.529373,734,136334.620277,1,2,-16,62
0.371,716,136358.754746,0,2,-1,60
0.906007,821,136387.160854,2,1,9,-1
0.702751,571,136406.550091,2,0,34,-1
1.040169,1040,136442.108792,1,2,-1,0
1.078898,864,136471.940307,2,1,58,-1
0.685,623,136493.070465,0,2,-1,4
0.59854,953,136525.771101,1,2,-1,114
0.57254,732,136550.291122,1,2,-1,166
0.344,459,136566.081849,0,2,-1,109
0.678392,793,136593.616982,1,2,-15,38
0.638309,889,136623.294239,1,2,-1,2
0.547,609,136644.987717,0,2,-1,55
0.693,748,136670.131272,0,2,-1,4
0.511,682,136693.164436,0,2,-1,54
0.316,701,136717.819901,0,2,-1,137
1.217335,499,136734.860451,2,0,146,-1
1.462057,479,136751.440921,2,0,73,-1
0.656,651,136773.371843,0,2,-1,3
0.855846,939,136805.616061,1,2,-1,82
0.539824,545,136824.232569,0,2,-1,63
0.397,562,136843.292161,0,2,-1,93
1.41434,507,136860.671441,2,0,34,-1
0.516,637,136882.255414,0,2,-1,67
0.472,530,136900.360441,0,2,-1,66
0.549,566,136919.676121,0,2,-1,48
0.708627,913,136951.182578,1,2,-1,83
0.645,694,136974.630519,0,2,-1,12
0.591169,909,137005.87218,1,2,-1,26
0.779274,1002,137040.155447,2,1,31,-1
1.083723,951,137072.777665,2,1,16,-1
0.532,594,137092.908079,0,2,-1,18
0.482,642,137114.621522,0,2,-1,77
0.373505,838,137143.728753,1,2,-1,139
0.304829,777,137170.785506,1,2,-1,110
0.997267,1024,137205.85356,2,1,1,-1
0.780402,815,137233.144814,1,2,-1,5
0.54376,573,137252.623858,0,2,-11,33
0.707587,881,137283.035554,1,2,-1,42
1.166902,959,137316.060713,1,2,-1,7
1.125151,951,137348.723533,2,1,44,-1
0.97242,874,137377.849518,1,2,-1,26
0.564,512,137395.336974,0,2,-1,30
1.427192,384,137408.757204,2,0,47,-1
1.485948,912,137440.147125,1,2,-1,80
1.25299,890,137470.910659,1,2,-1,34
0.770287,1062,137507.174189,1,2,-1,26
0.795689,866,137536.024557,1,2,-1,29
0.70934,920,137567.69034,1,2,-1,130
0.497897,790,137595.195496,1,2,-1,145
0.811575,975,137628.656127,1,2,-1,87
1.126726,566,137647.955132,2,0,58,-1
0.601,597,137668.150353,0,2,-1,42
0.836307,851,137697.643127,1,1,72,-1
-0.028,410,137710.787504,0,2,-1,150
0.914651,937,137742.997528,1,2,-1,7
0.239,531,137761.150317,0,2,-1,135
1.01718,964,137794.267382,1,2,-1,22
0.532,558,137813.208443,0,2,-1,53
1.087318,1095,137850.473673,1,2,-1,18
0.421,570,137869.766862,0,2,-1,95
0.963206,833,137898.682887,1,2,-1,10
0.859999,882,137929.082715,1,2,-1,55
0.248,528,137947.207163,0,2,-1,145
0.449,645,137969.029298,0,2,-1,81
0.835851,492,137985.890839,2,0,20,-1
0.296824,584,138005.665567,0,2,-1,114
0.851925,1025,138040.75275,1,2,-1,4
0.378,538,138059.093436,0,2,-1,114
0.652824,867,138088.953816,1,2,-1,44
1.141898,753,138114.242082,2,1,58,-1
0.393694,603,138135.68058,0,2,-1,84
0.826086,796,138162.269945,1,2,-1,89
0.704,821,138190.682478,0,2,-1,0
1.69417,789,138217.081373,1,1,-1,-1
0.632,788,138244.467065,0,2,-1,23
0.547206,976,138277.910824,1,2,-1,86
0.25,529,138295.966522,0,2,-1,149
0.448012,579,138315.572176,0,2,-16,99
0.901984,588,138335.492746,2,0,55,-1
0.729055,918,138367.077658,2,1,18,-1
0.829685,808,138394.055978,2,1,10,-1
0.74342,748,138420.107872,1,2,-1,76
0.613824,594,138440.202533,0,2,-1,28
1.397,795,138467.965124,1,2,-1,88
0.957976,1267,138510.656847,1,2,-13,4
0.656,648,138532.5355,0,2,-1,12
0.954925,876,138562.758482,1,2,-1,19
0.742639,450,138578.373854,2,0,57,-1
0.578,485,138595.130311,0,2,-1,60
1.042983,996,138629.191355,2,1,10,-1
0.64,695,138652.551685,0,2,-1,13
1.071065,919,138684.158328,2,1,14,-1
0.57454,940,138716.437037,1,2,-1,176
0.760122,773,138742.292907,1,2,-1,16
1.24599,942,138774.794047,1,2,-1,44
1.035075,1114,138812.653378,1,2,-1,0
1.194239,987,138846.395484,2,1,25,-1
0.827645,731,138872.038944,2,0,5,-1
0.968827,817,138899.343124,1,2,-1,79
0.629,654,138922.441368,0,2,-1,10
1.140928,1078,138959.213324,2,1,25,-1
1.112196,930,138991.255288,2,1,29,-1
1.22599,866,139020.100774,1,2,-1,2
1.091922,899,139051.155067,1,2,-1,30
0.78024,656,139073.301752,2,0,16,-1
0.93898,442,139088.542656,2,0,12,-1
0.500206,923,139120.388041,1,2,-1,166
1.644,867,139150.415338,1,2,-1,9
0.74379,950,139181.929034,1,2,-1,102
1.266615,884,139212.443472,2,1,97,-1
0.28318,739,139238.272412,1,2,-1,101
0.492017,708,139262.066112,1,2,-1,92
0.276,513,139279.651867,0,2,-1,147
0.990688,1025,139314.652436,2,1,26,-1
1.08799,1014,139349.279856,1,2,-1,93
0.725,632,139370.708885,0,2,-1,3
1.250887,860,139400.468589,1,2,-1,128
0.644,602,139421.00683,0,2,-1,11
0.36,515,139438.697226,0,2,-1,126
0.315,589,139458.669798,0,2,-1,119
1.128309,926,139490.56169,2,1,2,-1
0.85155,641,139512.153131,2,0,19,-1
1.045862,1039,139547.634314,2,1,35,-1
1.296602,428,139562.404336,2,0,26,-1
0.566902,807,139590.613034,1,2,-1,85
0.838267,641,139612.197523,2,0,31,-1
0.569331,538,139630.534629,0,2,-5,49
0.824984,595,139650.671581,2,0,76,-1
1.371,849,139680.056379,1,2,-1,27
0.797,894,139710.79665,0,2,-1,78
0.11,426,139724.485913,0,2,-1,161
1.051922,934,139756.70721,1,2,-1,6
0.423,574,139776.168566,0,2,-1,30
0.877226,973,139809.538658,1,2,-1,52
1.256,700,139834.152799,1,2,-1,136
0.275,541,139852.630548,0,2,-1,118
1.279,841,139880.711119,1,2,-1,18
0.457,641,139903.410469,0,2,-1,73
0.73,856,139931.927785,0,2,-1,95
0.434,544,139950.420784,0,2,-1,102
1.005802,932,139982.516978,2,1,2,-1
1.125673,365,139995.221096,2,0,95,-1
0.195,369,140008.162276,0,2,-1,171
0.291,509,140025.588389,0,2,-1,103
0.634,594,140045.751936,0,2,-1,26
0.659,828,140073.427251,0,2,-1,18
0.827196,578,140094.1203,2,0,67,-1
0.245,492,140109.896923,0,2,-1,140
0.265516,879,140140.282089,1,2,-1,151
0.901176,1153,140179.385054,1,2,-1,10
0.96,1111,140218.23629,0,2,-1,12
1.407,788,140244.634919,1,2,-1,64
1.032322,903,140275.78348,1,2,-4,76
0.61,617,140296.707443,0,2,-1,16
1.301703,577,140316.254301,2,0,51,-1
0.868917,738,140342.090985,1,2,-1,64
1.152,733,140366.867469,1,2,-1,150
0.748422,656,140389.024741,2,0,5,-1
1.013414,943,140421.501831,1,2,-1,62
0.67599,690,140445.800736,1,2,-1,176
0.521,1008,140480.340371,0,2,-1,88
1.00634,978,140512.785583,1,2,-1,27
1.087211,1094,140551.076035,2,1,8,-1
1.003433,516,140568.63909,2,0,35,-1
0.950827,755,140593.901209,1,2,-1,48
1.062846,765,140620.593658,1,2,-1,20
0.664324,789,140646.888415,1,2,-1,87
0.517,555,140665.781915,0,2,-1,27
0.465086,789,140693.283248,1,2,-1,94
0.955892,525,140711.175573,2,0,8,-1
0.481,565,140730.388516,0,2,-1,72
0.583,685,140753.459738,0,2,-1,28
0.758,623,140774.504646,0,2,-1,3
0.204,449,140789.939522,0,2,-1,120
0.90707,1110,140827.684403,1,2,-1,14
1.177937,790,140855.202416,2,1,58,-1
0.632,514,140872.721383,0,2,-1,44
0.867988,484,140889.346536,2,0,8,-1
1.398169,773,140915.2265,2,1,44,-1
0.949477,959,140948.158466,1,2,-1,136
0.711107,701,140972.783185,2,0,0,-1
0.764705,564,140991.966523,2,0,37,-1
1.108399,718,141016.129756,1,2,-1,62
0.63,569,141035.442447,0,2,-1,24
0.985311,981,141069.062593,1,2,-1,6
0.753,950,141101.790009,0,2,-1,95
0.86506,621,141122.84601,2,0,47,-1
1.198558,769,141149.689383,2,1,4,-1
0.461,540,141168.089893,0,2,-1,83
1.051017,887,141198.717132,1,2,-1,21
0.746328,779,141224.747631,1,2,-1,126
1.565887,824,141253.457529,1,2,-13,9
0.819385,895,141283.234408,1,2,-1,96
0.413,771,141310.168904,0,2,-1,109
0.905557,590,141330.107804,2,0,41,-1
0.721,788,141357.597273,0,2,-1,3
0.963498,982,141391.11712,2,1,25,-1
1.395575,507,141408.486168,2,0,5,-1
1.100999,938,141439.771595,2,1,25,-1
0.889627,489,141456.548573,2,0,35,-1
1.843592,827,141485.214024,2,1,103,-1
1.025582,880,141515.625123,1,2,-1,27
1.478627,576,141535.22422,2,0,65,-1
0.452007,628,141556.464303,0,2,-1,69
0.501238,827,141585.1613,1,2,-1,135
0.755483,684,141608.209918,2,0,16,-1
0.916388,907,141639.486349,2,1,43,-1
0.977569,434,141654.397743,2,0,97,-1
1.254,853,141682.859197,1,2,-1,57
0.821162,738,141708.606721,2,0,42,-1
1.218897,787,141734.973506,1,2,-1,68
0.189,494,141751.900483,0,2,-1,176
0.368,535,141770.201047,0,2,-1,117
0.589578,880,141800.582819,1,2,-1,49
0.560048,787,141827.953316,1,2,-1,93
0.488505,752,141853.27309,1,2,-1,101
1.131435,947,141885.840432,1,2,-1,0
1.717287,819,141913.276263,2,1,77,-1
1.09799,966,141946.467597,1,2,-1,70
0.165,445,141961.859445,0,2,-1,171
0.437,547,141980.480728,0,2,-1,87
0.73672,732,142006.103069,1,2,-1,88
0.778875,870,142035.061487,2,1,98,-1
0.862372,912,142066.488505,1,2,-1,11
1.083296,585,142086.428416,2,0,72,-1
0.636,647,142109.340419,0,2,-1,12
0.457,658,142131.563618,0,2,-1,87
1.29599,871,142161.604181,1,2,-1,15
1.467,853,142190.048193,1,2,-1,3
1.090708,464,142206.03069,2,0,50,-1
1.09067,1014,142240.780225,2,1,6,-1
0.624582,718,142265.925686,1,2,-1,48
1.037929,1033,142301.322012,1,2,-1,9
0.8917,928,142332.124664,2,1,3,-1
0.85999,671,142355.798901,1,2,-1,12
0.458902,906,142385.821841,1,2,-1,124
0.962,752,142412.053683,1,2,-1,171
0.925651,962,142444.996004,1,2,-1,60
0.858105,821,142472.431802,2,1,55,-1
0.371033,656,142495.609371,1,2,-1,122
1.028244,680,142518.385098,2,1,34,-1
0.285,600,142538.666288,0,2,-1,137
1.431858,470,142554.749863,2,0,56,-1
0.397,713,142578.797738,0,2,-1,97
1.135015,883,142609.311098,2,1,86,-1
0.98499,683,142633.336571,1,2,-1,76
0.421206,802,142660.12577,1,2,-1,84
0.378824,547,142678.776427,0,2,-1,113
0.854553,1016,142713.472317,1,2,-1,110
1.06546,1020,142748.423477,2,1,14,-1
1.009251,1125,142786.619452,2,1,14,-1
0.954585,565,142805.870331,2,0,41,-1
1.060391,1034,142841.260541,1,2,-1,21
0.531,502,142858.503769,0,2,-1,0
0.587895,634,142881.010385,1,2,-1,171
0.874841,480,142897.473092,2,0,13,-1
0.731983,740,142922.299076,2,0,22,-1
1.460617,1098,142959.592071,2,1,103,-1
0.6605,903,142990.705574,1,2,-1,115
0.943826,893,143021.478527,2,1,28,-1
0.608805,867,143050.358796,1,2,-4,79
0.825173,613,143072.232083,2,0,0,-1
0.842361,515,143089.786915,2,0,3,-1
1.698,881,143119.134892,1,2,-1,0
1.395,891,143149.878063,1,2,-1,98
0.347824,536,143168.111492,0,2,-12,35
1.131505,910,143199.438301,1,2,-1,15
1.358472,646,143221.326069,2,0,4,-1
0.619,577,143240.915153,0,2,-1,26
1.176,567,143260.213407,1,2,-1,24
0.775018,1013,143294.909951,1,2,-1,13
1.036086,930,143326.948277,1,2,-1,0
1.500391,527,143344.918135,2,0,176,-1
0.564887,405,143358.924585,0,2,-1,19
0.400529,822,143387.499683,1,2,-1,138
0.661,612,143408.190153,0,2,-1,18
1.135147,510,143425.606891,2,0,110,-1
0.858311,1011,143460.101803,1,2,-1,11
0.72765,967,143493.338153,1,2,-1,116
1.274,740,143518.154178,1,2,-1,14
0.322,525,143536.117185,0,2,-1,136
0.462,673,143558.719728,0,2,-1,123
1.330086,615,143580.517563,2,1,98,-1
0.726478,678,143603.397682,1,2,-17,73
0.181,437,143618.52147,0,2,-1,161
0.647,604,143639.010807,0,2,-1,10
0.460997,700,143662.581494,1,2,-1,125
0.723929,925,143694.373462,1,2,-1,0
1.184,626,143715.574144,1,2,-1,73
0.644,623,143737.633639,0,2,-1,26
0.622328,764,143763.236719,1,2,-1,166
0.751004,477,143779.634097,2,0,47,-1
1.499,753,143805.939774,1,2,-1,18
0.957224,1034,143841.219251,2,1,14,-1
0.80995,854,143869.726893,2,1,8,-1
1.453227,544,143888.245969,2,0,24,-1
0.75434,675,143912.034127,1,2,-1,13
0.73218,979,143945.595382,1,2,-1,91
0.256,544,143964.194229,0,2,-1,140
0.684386,901,143994.143269,1,2,-1,132
0.666,530,144012.353649,0,2,-1,13
1.002557,728,144037.900525,2,1,81,-1
1.211125,836,144065.843588,1,1,-1,-1
0.487111,745,144091.915516,1,2,-1,139
0.627,640,144113.542281,0,2,-1,25
0.548,679,144136.390796,0,2,-1,62
1.558625,763,144163.072725,1,1,-9,59
0.808325,923,144194.901612,1,2,-1,105
0.478948,748,144220.099443,0,2,-14,80
0.625,613,144240.892973,0,2,-1,14
1.545887,914,144272.331003,1,2,-1,0
0.849845,768,144299.078991,2,1,55,-1
0.838529,824,144326.548838,1,2,-1,12
0.580275,1019,144361.459143,1,2,-1,156
0.976429,504,144378.734659,2,0,17,-1
0.361,659,144401.979326,0,2,-1,94
1.46918,835,144429.88504,2,1,1,-1
1.34,800,144457.659125,1,2,-1,7
0.369,466,144473.703692,0,2,-1,106
0.608575,885,144503.215931,1,2,-1,151
0.257,417,144517.665743,0,2,-1,150
0.883287,829,144546.536355,1,2,-1,76
0.878244,614,144567.326397,2,0,24,-1
0.36076,909,144598.69213,0,2,-1,82
0.813169,1096,144636.014526,1,2,-1,34
1.263484,712,144659.894207,2,1,42,-1
1.1523,748,144686.05293,2,1,59,-1
1.057948,463,144702.089342,2,0,54,-1
0.947164,747,144727.048541,1,2,-1,106
0.992853,961,144760.1413,2,1,4,-1
0.474,482,144776.720522,0,2,-1,91
0.332813,638,144798.356675,1,2,-1,125
0.893471,601,144818.765182,2,0,14,-1
0.85999,821,144847.181953,1,2,-1,77
0.891075,1068,144883.760929,1,2,-1,5
0.462948,601,144904.102036,0,2,-1,84
1.409999,613,144924.81009,2,0,28,-1
0.814582,906,144955.980153,1,1,-1,100
1.133827,871,144986.13021,1,2,-1,2
0.888973,578,145005.778854,2,0,97,-1
1.047915,576,145025.297038,2,0,49,-1
0.745227,789,145052.795888,2,1,59,-1
1.502,733,145077.411518,1,2,-1,16
0.879934,614,145098.228391,2,0,43,-1
0.423,709,145123.17135,0,2,-1,81
0.722,570,145142.501095,0,2,-1,11
0.852913,753,145167.819159,1,2,-1,87
0.260275,845,145197.030495,1,2,-1,147
0.921829,881,145227.567885,1,2,-1,65
1.091755,851,145255.930131,2,1,130,-1
1.417,777,145282.982289,1,2,-1,11
0.339,439,145298.169352,0,2,-1,99
1.732602,837,145326.162523,2,1,26,-1
1.056472,941,145358.507345,2,1,35,-1
1.766,1062,145394.789135,1,2,-1,5
0.517505,644,145417.596775,1,2,-1,145
0.98499,789,145443.888625,1,2,-1,0
0.708,872,145474.051414,0,2,-1,13
0.976805,962,145507.057932,1,2,-1,132
1.627,793,145533.581896,1,2,-1,10
0.200456,768,145560.323798,1,2,-1,155
1.153794,1024,145595.287003,2,1,44,-1
0.878086,897,145625.183524,1,2,-1,77
0.896,977,145658.746915,0,2,-1,36
1.01999,823,145687.233997,1,2,-1,85
0.73299,711,145711.189985,1,2,-1,82
0.33,480,145727.688311,0,2,-1,92
1.465,809,145755.840832,1,2,-1,4
0.668642,819,145783.30827,1,2,-1,120
1.111488,1038,145819.806376,1,2,-14,2
0.6681,895,145849.625496,1,2,-1,102
0.631,524,145867.493621,0,2,-1,16
0.579,654,145890.62077,0,2,-1,51
1.190805,844,145918.692908,1,2,-1,30
0.884311,873,145948.868087,1,2,-1,27
0.992656,1131,145987.296284,1,2,-11,26
0.935847,811,146015.422563,1,2,-1,30
0.22,396,146028.098081,0,2,-1,116
0.746,1053,146065.201088,0,2,-1,36
0.607,588,146085.205723,0,2,-1,35
0.714897,926,146117.050813,1,2,-1,43
1.060075,967,146149.202684,2,1,24,-1
0.888125,734,146174.948245,1,2,-1,95
0.8222,540,146193.319249,2,0,38,-1
1.260262,912,146224.719619,2,1,40,-1
1.213,618,146245.620209,1,2,-1,121
1.375,799,146272.296353,1,2,-1,27
0.583,555,146292.297594,0,2,-1,38
0.813913,1085,146329.212672,1,2,-1,16
1.278125,962,146362.207058,1,2,-1,38
1.088815,842,146390.263891,2,1,8,-1
1.079705,925,146422.137359,1,2,-1,3
1.07,686,146445.290249,1,2,-1,135
0.912402,875,146475.552718,1,2,-1,3
0.777874,1001,146509.844877,1,2,-1,83
1.102707,423,146524.427922,2,0,89,-1
0.563,732,146548.957011,0,2,-1,53
1.008902,1148,146587.968936,1,2,-1,37
0.310587,592,146609.182406,1,2,-1,102
0.624,484,146625.791211,0,2,-1,18
0.882472,1111,146663.47262,1,2,-1,28
0.678,871,146692.453352,0,2,-1,4
0.830964,777,146719.558321,1,1,-3,166
1.152276,993,146754.741261,1,2,-10,3
0.791091,712,146779.110001,2,0,68,-1
1.744309,919,146810.69873,2,1,50,-1
0.794221,620,146831.721326,2,0,33,-1
0.439,582,146851.56088,0,2,-1,96
0.890125,977,146885.009441,1,2,-1,35
0.660969,799,146912.812387,1,2,-1,136
1.178529,866,146942.767716,1,2,-1,13
1.423797,545,146961.353632,2,0,27,-1
1.159125,841,146989.41385,1,2,-1,13
1.364694,826,147018.006422,1,1,-10,147
1.005859,1029,147053.094156,1,2,-1,35
1.259615,1022,147088.066776,2,1,64,-1
1.24999,868,147118.135913,1,2,-1,24
0.518,685,147141.15614,0,2,-1,57
1.138877,732,147165.652854,1,2,-1,39
0.395,527,147183.590749,0,2,-1,63
1.251,691,147207.973586,1,2,-1,24
1.031535,1021,147242.875126,1,2,-1,25
0.969086,876,147272.11129,1,2,-1,73
0.554447,744,147298.213249,1,2,-1,136
1.099784,884,147328.710257,2,1,93,-1
0.856949,1001,147362.92471,2,1,99,-1
0.633948,459,147377.707927,0,2,-1,21
1.277,797,147405.524119,1,2,-1,57
1.073801,371,147418.546146,2,0,55,-1
1.104488,966,147451.693794,1,2,-14,5
0.521582,883,147481.1145,1,2,-1,119
0.394,565,147500.364202,0,2,-1,88
0.313,416,147514.802459,0,2,-1,146
1.624034,453,147530.401465,2,0,122,-1
1.449,814,147558.712447,1,2,-1,52
0.935528,1088,147595.774008,1,2,-1,54
0.933125,713,147619.730391,1,2,-1,69
0.9907,781,147646.851831,2,1,60,-1
0.770076,511,147664.308417,2,0,20,-1
1.107296,514,147681.798153,2,0,72,-1
1.344453,863,147711.702492,2,1,57,-1
1.037199,949,147743.229888,2,1,3,-1
1.051477,763,147769.842569,1,2,-1,36
0.952186,952,147802.617019,1,2,-1,16
0.506086,694,147825.973032,1,2,-1,73
0.339,547,147844.577823,0,2,-1,99
0.944905,508,147861.917267,2,0,122,-1
0.738086,792,147889.404886,1,2,-1,6
0.723903,926,147920.153924,1,2,-1,82
0.810125,624,147942.297447,1,2,-1,67
0.555874,900,147972.221184,1,2,-1,135
1.295,726,147997.721925,1,2,-1,99
0.605887,911,148029.073591,0,2,-1,81
1.080343,1034,148064.389246,2,1,48,-1
0.885,881,148093.701872,0,2,-1,48
1.387906,1044,148129.381029,2,1,105,-1
0.963206,1032,148164.692682,1,1,29,-1
0.14576,384,148178.089895,0,2,-1,156
0.323694,510,148195.587861,0,2,-1,131
1.327,731,148221.172642,1,2,-1,18
0.221602,786,148247.432499,1,2,-1,146
0.747782,547,148265.987393,2,0,55,-1
1.22799,847,148295.349478,1,2,-1,6
0.347,500,148312.387453,0,2,-1,119
0.808004,494,148329.315106,2,0,58,-1
0.504895,758,148354.744852,1,2,-1,120
1.36118,574,148374.176126,2,0,1,-1
1.694,932,148406.149924,1,2,-1,12
1.067224,640,148427.826476,2,0,33,-1
1.167141,377,148440.98597,2,0,96,-1
0.65879,824,148469.592274,1,2,-1,15
0.968,714,148493.567218,1,2,-1,120
0.483,444,148508.808489,0,2,-1,36
0.416109,796,148536.51829,1,2,-1,84
1.216434,534,148554.739389,2,0,122,-1
0.993904,895,148584.547056,1,2,-15,50
0.934156,400,148598.480093,2,0,65,-1
0.975585,464,148614.438134,2,0,58,-1
1.803925,887,148645.023387,2,0,49,-1
1.381,901,148676.105886,1,2,-1,23
0.659,664,148698.502653,0,2,-1,10
1.147157,947,148730.938364,2,1,59,-1
0.2,405,148744.985402,0,2,-1,150
1.54035,513,148762.606528,2,0,107,-1
0.719102,536,148780.841027,2,0,5,-1
0.508,665,148803.265212,0,2,-1,61
1.04854,1263,148845.947376,1,2,-1,2
1.303079,934,148878.060735,2,1,0,-1
1.071323,1219,148920.451292,2,1,40,-1
0.595,513,148938.067368,0,2,-1,15
1.194,716,148962.148991,1,2,-1,65
0.501169,792,148989.750824,1,2,-1,77
0.644023,744,149014.794932,2,0,27,-1
1.18,747,149039.860995,1,2,-1,176
1.35054,895,149070.736312,2,1,20,-1
1.385131,999,149104.989366,1,2,-1,5
0.832125,646,149126.782309,1,2,-1,19
1.273498,1102,149165.362088,2,1,116,-1
0.993125,647,149187.14914,1,2,-1,27
1.380275,573,149206.651995,2,0,2,-1
1.084432,531,149224.740468,2,0,64,-1
0.588681,1078,149261.454201,1,2,-1,151
1.326275,477,149277.796598,2,0,2,-1
0.364,593,149297.86517,0,2,-1,94
0.886827,849,149327.215149,1,2,-1,13
0.286,499,149344.289373,0,2,-1,115
0.314,638,149365.884585,0,2,-1,102
0.509,600,149386.235469,0,2,-1,71
1.068922,571,149405.655883,2,0,27,-1
0.760582,871,149435.680913,1,2,-1,130
1.027404,916,149467.172346,2,1,5,-1
0.921331,922,149498.89565,2,1,29,2
1.524,803,149525.785039,1,2,-1,55
0.728086,750,149552.012044,1,2,-1,50
0.588007,575,149571.551172,0,2,-15,33
1.39493,388,149585.108638,2,0,146,-1
0.803472,954,149616.768885,1,1,-1,61
1.443391,435,149631.837818,2,0,92,-1
0.832548,734,149657.510301,1,2,-1,74
1.178,635,149678.973305,1,2,-1,122
0.986226,876,149709.25174,1,2,-1,18
1.125508,861,149738.018106,2,1,89,-1
0.982305,558,149757.032013,2,0,1,-1
0.848381,909,149788.328839,1,2,-1,87
1.019399,711,149813.294057,1,2,-1,62
0.647,736,149838.010894,0,2,-1,10
1.078399,866,149867.946702,1,2,-1,35
1.10588,1047,149903.744974,2,0,20,-1
0.763317,738,149928.594528,2,0,30,-1
0.732678,683,149952.688985,2,0,4,-1
1.04099,839,149980.738565,1,2,-1,0
0.643929,834,150009.583688,1,2,-1,25
0.410925,844,150037.732532,1,2,-1,135
1.179,850,150067.045847,1,2,-1,108
0.883132,757,150093.51984,2,1,71,-1
0.343,521,150111.243466,0,2,-1,111
1.641,703,150134.968574,1,2,-1,41
1.561034,387,150148.482801,2,0,122,-1
0.283,556,150167.376736,0,2,-1,132
0.483,589,150187.345056,0,2,-1,69
0.952154,620,150208.394513,2,0,74,-1
0.645,704,150233.07333,0,2,-1,0
0.88099,858,150261.695352,1,2,-1,137
1.046726,566,150280.865937,2,0,26,-1
0.616877,784,150308.194486,1,2,-1,125
0.406,580,150327.84882,0,2,-1,82
0.676,543,150346.274552,0,2,-1,7
1.051005,590,150366.288405,2,0,69,-1
1.040049,573,150385.637487,2,0,14,-1
1.01564,843,150414.874539,2,1,48,-1
1.009997,912,150446.342401,1,2,-15,76
0.975448,891,150476.141368,1,2,-17,57
1.143,656,150499.34118,1,2,-1,128
0.813361,782,150525.550036,2,1,3,-1
0.462,609,150546.135209,0,2,-1,59
0.694025,624,150568.338921,1,2,-1,92
0.983169,1140,150607.142485,1,2,-1,43
0.599,697,150630.596508,0,2,-1,15
1.440373,478,150647.027891,2,0,38,-1
1.405681,563,150666.193458,2,0,6,-1
1.004125,833,150694.985234,1,2,-1,122
1.358,966,150728.204366,1,2,-1,40
1.112399,659,150750.547194,1,2,-1,84
1.331316,750,150776.791068,2,1,81,-1
1.193,740,150801.663463,1,2,-1,145
1.38242,738,150826.436452,2,0,30,17
0.706,645,150849.287126,0,2,-1,9
0.876829,984,150882.915882,1,2,-1,45
1.790841,859,150911.673195,2,1,46,-1
1.168125,859,150941.400137,1,2,-1,67
0.477,509,150958.829336,0,2,-1,46
1.113125,733,150983.456274,1,2,-1,50
1.53687,437,150998.543299,2,0,115,-1
0.346,532,151016.644226,0,2,-1,116
1.291399,777,151043.672615,1,2,-1,32
1.056882,598,151063.900581,2,0,82,-1
0.937125,818,151092.353286,1,2,-1,129
1.523582,444,151106.620521,2,0,89,-1
0.918325,840,151135.730416,1,2,-1,101
1.038827,906,151167.168424,1,2,-1,17
1.229657,1023,151202.396167,2,0,96,-1
0.872125,775,151228.319596,1,2,-1,106
0.302,723,151254.299632,0,2,-1,130
1.567,883,151285.638698,1,2,-1,12
1.278524,779,151312.138547,2,1,135,-1
0.754558,629,151333.548974,2,0,9,-1
1.194814,940,151367.169547,1,2,-12,5
0.684275,1039,151404.667029,1,2,-1,131
0.29018,954,151439.272086,1,2,-1,95
0.598207,826,151468.569308,1,2,-9,99
1.106,845,151497.093954,1,2,-1,114
0.733205,623,151519.597647,2,0,28,-1
0.91599,766,151545.588729,1,2,-1,23
0.468505,778,151573.123692,1,2,-1,139
1.356226,593,151593.380718,2,0,18,-1
1.61799,513,151610.973073,2,0,137,-1
1.055311,882,151640.734904,1,2,-1,17
0.391372,803,151668.985914,1,2,-1,82
1.074843,424,151683.773366,2,0,76,-1
1.040699,673,151706.539506,2,0,5,-1
0.667402,885,151737.396162,1,2,-1,55
0.878828,491,151754.530112,2,0,19,-1
0.731335,890,151785.598745,1,2,-1,85
1.17617,967,151817.966227,2,1,105,-1
0.811302,686,151842.349108,2,0,1,-1
0.934164,753,151867.802815,1,2,-18,55
1.072,784,151895.336515,1,2,-1,171
0.99999,771,151921.308666,1,2,-1,73
0.31,411,151935.802985,0,2,-1,105
0.874233,707,151959.744342,2,0,88,-1
1.27917,910,151991.667765,2,1,1,-1
0.831309,918,152023.685292,1,2,-1,86
1.203931,746,152049.090805,2,1,55,-1
1.341125,844,152078.768958,1,2,-1,21
1.546211,760,152105.691845,2,1,98,-1
0.783995,811,152133.160835,2,0,30,-1
0.854602,1036,152168.859568,1,1,-1,-1
0.695086,866,152198.909364,1,2,-1,68
0.61565,1033,152234.599426,1,2,-1,66
1.055959,513,152252.321048,2,0,80,-1
1.294125,957,152285.438135,1,2,-1,9
1.139983,425,152300.307766,2,0,56,-1
1.447703,799,152327.188533,2,1,71,-1
1.052936,945,152359.910026,2,1,68,-1
0.700504,921,152391.817432,2,1,63,-1
1.0341,944,152424.477307,1,2,-1,27
1.031339,869,152453.51958,1,2,-1,33
0.651402,812,152481.972489,1,2,-1,99
0.89799,811,152510.260198,1,2,-1,83
0.853372,811,152537.505046,1,2,-1,11
0.94305,799,152565.387165,2,1,49,-1
0.92499,793,152592.098721,1,2,-1,68
0.500602,920,152623.945175,1,2,-1,164
0.84899,736,152648.771445,1,2,-1,133
1.077431,531,152668.070594,2,0,136,-1
0.62899,636,152689.695995,1,2,-1,176
0.593,523,152707.806353,0,2,-1,38
0.836646,875,152738.349165,2,1,30,-1
0.70199,687,152762.654094,1,2,-1,81
1.331,853,152792.16677,1,2,-1,122
1.413137,604,152813.936413,2,0,10,-1
0.719294,656,152836.130794,1,2,-13,60
1.142949,943,152868.808972,2,1,50,-1
1.786309,699,152892.426596,2,1,176,-1
0.94338,509,152909.986544,2,0,48,-1
0.93099,721,152935.412411,1,2,-1,48
1.358125,939,152966.840285,1,2,-1,9
0.791288,600,152988.338705,2,0,3,-1
1.158125,833,153016.272959,1,2,-1,28
1.074307,985,153050.260061,1,1,-1,-1
1.04878,462,153066.278546,2,0,19,-1
0.640529,960,153099.456128,1,2,-1,176
0.861916,653,153121.688194,2,0,0,-1
0.733,707,153146.625743,0,2,-1,4
1.045125,737,153171.435837,1,2,-1,57
0.88622,992,153205.760481,1,2,-1,5
0.50712,762,153231.476111,0,2,-17,69
1.047384,727,153257.462352,2,0,11,-1
0.462,499,153274.860508,0,2,-1,70
0.935072,720,153299.88073,2,0,18,-1
0.937311,830,153328.815058,1,2,-1,75
1.414,853,153358.625275,1,2,-1,1
1.409125,989,153392.151459,1,1,-1,-1
0.65,707,153417.776505,0,2,-1,13
1.164223,1124,153457.218295,2,1,98,-1
0.432999,744,153482.554344,1,2,-1,74
0.675,709,153508.405528,0,2,-1,3
1.22499,929,153541.111482,1,2,-1,33
0.539847,937,153573.852227,1,2,-1,87
0.981086,800,153601.082722,1,2,-1,61
0.825125,628,153622.656771,1,2,-1,108
1.12199,747,153649.268743,1,2,-1,32
0.544,493,153666.886268,0,2,-1,42
0.907207,553,153686.460407,2,0,75,-1
0.615,511,153704.437821,0,2,-1,32
0.803736,829,153732.464409,1,2,-1,65
0.850149,546,153752.65415,2,0,1,-1
1.110151,966,153787.50292,1,2,-1,5
0.629681,882,153819.535451,1,2,-1,30
0.734057,808,153848.671452,1,2,-1,110
1.341871,974,153883.940767,2,1,4,-1
0.8485,865,153914.35114,1,2,-1,10
0.468174,547,153933.863497,0,2,-18,69
0.464,638,153957.451325,0,2,-1,79
1.020928,787,153984.933038,2,1,36,-1
0.707989,633,154006.304054,2,0,34,-1
0.839829,854,154036.697841,1,2,-1,4
0.69865,942,154069.308946,1,2,-1,69
0.75999,908,154101.915747,1,2,-1,46
1.297,763,154127.616708,1,2,-1,100
0.404929,833,154156.910656,1,2,-1,94
0.861386,1009,154191.765718,1,2,-1,65
1.058811,727,154216.327565,2,0,25,3
0.606,508,154233.862726,0,2,-1,32
0.65634,730,154259.646209,1,2,-1,65
0.921125,759,154285.337391,1,2,-1,67
0.929748,854,154315.170402,2,1,4,-1
0.53754,946,154348.005996,1,1,-1,176
0.860266,916,154378.685891,1,1,-1,-1
0.737125,737,154404.651987,1,2,-1,151
1.64,747,154429.935978,1,2,-1,10
0.621844,610,154451.012275,2,0,4,-1
0.38,509,154468.519243,0,2,-1,75
1.039714,784,154496.720074,1,2,-13,72
1.198,618,154518.612029,1,2,-1,118
1.355305,975,154553.351281,2,1,1,-1
0.459,640,154575.738598,0,2,-1,84
1.043172,424,154590.385742,2,0,23,-1
0.414,651,154612.513477,0,2,-1,89
1.508,898,154643.449987,1,2,-1,4
0.841086,751,154669.896929,1,2,-1,40
0.522,591,154690.21354,0,2,-1,62
0.5,887,154721.105865,0,2,-1,109
0.626135,828,154749.447273,1,2,-12,68
1.082125,758,154776.733745,1,2,-1,39
0.821241,728,154801.205963,2,0,25,-1
0.702007,548,154820.030767,0,2,-1,12
0.878673,580,154839.942315,2,0,93,-1
0.857275,1009,154874.920143,1,2,-1,49
0.648587,982,154908.963455,1,2,-1,94
1.133339,790,154937.297409,1,2,-1,84
0.734725,528,154956.211042,2,0,56,-1
0.874086,825,154984.501644,1,2,-1,4
1.216529,979,155018.576209,1,2,-1,5
1.032311,903,155050.38043,1,2,-1,18
0.842997,780,155077.710446,1,2,-1,21
0.591447,945,155110.173332,1,2,-1,103
0.978086,926,155142.950518,1,2,-1,35
0.649,631,155164.906575,0,2,-1,15
0.517,560,155184.334307,0,2,-1,52
0.679,690,155208.666323,0,2,-1,16
0.974324,395,155222.397853,2,0,96,-1
0.712399,730,155246.894711,1,2,-1,144
1.089159,835,155275.861078,1,2,-11,69
0.547131,832,155303.591129,1,2,-1,76
0.616,817,155331.985921,0,2,-1,28
0.852052,878,155362.316686,1,2,-12,48
1.113529,876,155391.535726,1,2,-1,16
1.392902,568,155410.817245,2,0,8,-1
0.412821,758,155437.449221,1,2,-1,140
0.731,597,155457.712368,0,2,-1,0
0.374,605,155478.346937,0,2,-1,104
0.544,847,155507.671112,0,2,-1,50
1.207125,758,155533.212204,1,2,-1,29
0.278,501,155550.891251,0,2,-1,128
0.841372,934,155583.635656,1,2,-1,56
1.25799,842,155613.041728,1,2,-1,29
0.675999,902,155644.659585,1,2,-1,23
0.715414,780,155671.164919,2,1,0,-1
0.094,469,155687.330701,0,2,-1,176
0.824342,577,155707.154077,2,0,64,-1
1.105516,914,155739.609117,1,2,-1,7
1.100896,874,155770.423001,1,2,-1,11
1.709694,1001,155805.376964,1,2,-1,16
1.030125,655,155829.2747,1,2,-1,96
0.9595,1023,155865.939334,1,2,-1,34
0.547555,501,155883.79597,0,2,-1,36
1.468206,804,155911.81128,2,1,29,-1
0.715841,774,155939.487015,1,2,-1,72
0.991037,506,155956.714294,2,0,23,-1
0.656812,719,155981.185481,1,2,-1,9
0.734619,652,156004.464149,2,0,66,-1
1.022227,771,156030.512456,1,2,-1,74
0.815169,1034,156066.824404,1,2,-1,93
0.755456,809,156095.405877,1,2,-1,13
0.396,601,156116.074898,0,2,-1,104
1.148125,752,156141.409249,1,1,-1,-1
1.060912,491,156158.408271,2,0,15,-1
0.828243,735,156184.389054,2,0,51,-1
0.975555,935,156218.123141,0,2,-8,51
0.731897,858,156246.868022,1,2,-1,68
1.464,936,156279.185557,1,2,-1,90
0.840044,528,156297.281764,2,0,41,-1
1.271634,933,156329.582383,2,1,95,-1
0.574328,836,156358.677004,1,2,-1,25
1.162287,913,156389.332749,1,2,-13,19
0.764307,825,156418.149513,1,2,-1,98
0.234,525,156436.196061,0,2,-1,156
1.014039,657,156458.566369,2,0,56,-1
1.238358,757,156485.245484,2,1,74,-1
0.341399,597,156505.519845,1,2,-1,176
1.223828,1081,156542.693819,2,1,104,-1
1.08,665,156565.288799,1,2,-1,156
0.946773,856,156595.068625,1,2,-1,22
0.612,649,156617.020722,0,2,-1,30
1.064728,526,156635.149781,2,0,57,-1
0.760767,572,156654.505994,2,0,6,-1
0.863224,765,156681.493377,1,2,-12,167
1.806287,740,156706.434347,2,1,77,-1
0.289,632,156728.959558,0,2,-1,109
1.677,909,156760.047536,1,2,-1,26
0.948153,1115,156799.356891,1,2,-17,65
0.653,565,156819.345186,0,2,-1,4
0.840399,703,156844.749907,1,2,-1,98
1.026287,648,156868.666737,1,2,-13,79
0.883232,1003,156906.17087,1,2,-1,4
0.642,789,156936.146442,0,2,-1,21
0.383,518,156954.869067,0,2,-1,91
0.855661,577,156974.5829,2,0,5,-1
0.634311,769,157000.334492,1,2,-1,65
1.060708,543,157018.895772,2,0,50,-1
0.506,677,157043.239311,0,2,-1,62
0.80621,583,157065.103965,2,0,9,-1
1.362,774,157093.764513,1,2,-1,100
0.648399,676,157119.650552,1,2,-1,156
1.107026,445,157135.519692,2,0,65,-1
1.328,840,157164.316317,1,2,-1,113
0.698924,727,157190.476861,1,2,-6,109
1.442307,464,157206.927957,2,0,72,-1
0.981937,812,157235.06242,2,1,58,-1
1.406472,533,157253.707779,2,0,4,-1
2.030913,915,157285.983456,2,1,152,-1
0.346,535,157304.92118,0,2,-1,113
1.012485,896,157336.960089,2,1,49,-1
0.826442,667,157360.182593,2,0,5,-1
0.601089,1043,157397.137628,1,2,-1,8
1.082363,553,157416.247922,2,0,38,-1
0.419,603,157436.639354,0,2,-1,74
0.748602,862,157466.506767,1,2,-1,59
1.173937,785,157493.807986,1,2,-14,69
0.589311,914,157524.285666,1,2,-1,106
1.868548,739,157550.157387,2,1,95,-1
1.031399,890,157581.042244,1,2,-1,5
0.515516,929,157612.223903,1,2,-1,64
0.662399,655,157636.306455,1,2,-1,176
0.481,426,157651.722275,0,2,-1,41
1.463516,733,157676.514922,2,1,68,-1
1.042802,555,157695.330576,2,0,58,-1
0.839311,1031,157730.572929,1,2,-1,94
0.374,557,157749.468332,0,2,-1,99
1.453,703,157774.669241,1,2,-1,5
1.426227,627,157796.07871,2,0,24,-1
0.776867,610,157816.862635,2,0,16,-1
1.793874,1081,157854.107136,2,0,22,-1
1.564538,917,157885.977766,2,1,112,-1
0.528,776,157912.425449,0,2,-1,59
0.523125,692,157937.052455,1,2,-1,134
1.003892,535,157955.729595,2,0,8,-1
0.47,518,157973.74883,0,2,-1,91
1.285,782,158000.769843,1,2,-1,0
1.402381,630,158023.544209,2,0,19,-1
1.704703,772,158049.566901,2,1,51,-1
0.71734,1035,158085.323698,1,1,-1,140
1.474,855,158115.403897,1,2,-1,72
1.028639,686,158138.782992,2,0,14,-1
0.986811,710,158162.714982,2,1,159,-1
0.135,482,158179.285152,0,2,-1,176
1.164951,506,158196.69648,2,0,136,-1
0.840736,623,158218.982468,2,0,106,-1
0.96014,588,158239.137575,2,0,106,-1
1.408206,449,158254.718637,2,0,29,-1
1.201,688,158277.999,1,2,-1,107
1.241496,592,158298.205562,2,0,152,-1
2.1,445,158313.611529,2,0,176,-1
1.393,918,158345.372537,1,2,-1,112
0.941361,563,158364.702862,2,0,137,-1
0.771767,886,158395.69287,2,1,35,-1
1.147007,694,158419.325463,1,2,-1,28
1.194,695,158442.899203,1,2,-1,113
1.84487,651,158466.207786,2,1,128,-1
0.904391,836,158494.529543,1,2,-1,91
0.920328,796,158522.534746,1,2,-1,32
1.216025,630,158544.1314,1,2,-1,39
1.045399,698,158567.695107,1,2,-1,115
0.468372,920,158599.596992,1,2,-1,114
0.97837,669,158622.302642,2,0,115,-1
0.875475,589,158643.566861,2,0,82,-1
1.0101,1259,158686.518134,1,2,-1,3
1.256617,422,158701.241365,2,0,117,-1
1.054399,635,158722.92539,1,2,-1,32
0.986354,758,158749.494401,1,2,-1,101
1.4029,677,158772.231627,2,1,137,-1
0.576386,921,158803.983685,1,2,-1,30
0.612,678,158826.866476,0,2,-1,27
0.82736,816,158855.233832,1,2,-1,20
0.963399,766,158880.84341,1,2,-1,65
1.014949,930,158912.782557,1,2,-1,29
1.413929,523,158930.667236,2,0,16,-1
0.931324,552,158949.416958,2,0,66,-1
0.782767,632,158970.77922,2,0,40,-1
0.980051,821,158999.387207,2,1,60,-1
1.005575,1061,159035.583401,1,2,-1,9
0.96337,882,159065.925632,2,1,19,-1
0.947787,965,159099.087637,1,2,-1,48
0.982999,971,159132.49237,1,2,-1,18
1.352966,936,159163.645992,2,1,36,-1
0.970086,1002,159197.934613,1,1,-1,-1
0.366,540,159216.356506,0,2,-1,118
0.504,517,159234.029665,0,2,-1,45
1.035399,912,159265.431509,1,2,-1,30
0.676516,854,159294.99957,1,2,-1,136
0.887495,567,159314.386724,2,0,38,-1
0.696516,788,159340.868428,1,2,-1,35
1.087548,881,159371.401282,1,2,-1,40
1.261125,668,159393.995162,1,2,-1,40
0.751,948,159426.73631,0,2,-1,8
0.490372,819,159455.313323,1,2,-1,79
1.486155,536,159473.667899,2,0,78,-1
1.053447,684,159496.843362,2,0,23,-1
1.327544,948,159529.584147,2,1,53,-1
0.735057,804,159557.749637,1,2,-1,125
0.799346,499,159574.96066,2,0,11,-1
1.04838,412,159589.401295,2,0,92,-1
0.445,535,159607.675915,0,2,-1,99
0.732899,629,159629.025332,2,0,3,-1
0.681089,994,159663.183377,1,2,-1,14
1.739,813,159690.734975,1,1,-1,-1
0.614,672,159714.669172,0,2,-1,36
0.947579,881,159744.055984,2,1,41,-1
0.9911,1047,159779.811316,1,2,-1,5
1.266,667,159803.46318,1,2,-1,22
0.942752,831,159831.305173,1,2,-1,45
1.052627,967,159864.67849,1,2,-1,5
0.745515,547,159883.466658,2,0,25,-1
1.576,915,159915.21104,1,2,-1,22
0.298,470,159931.374954,0,2,-1,131
1.528,830,159960.378367,1,2,-1,70
0.911181,1012,159995.547719,1,2,-1,12
1.14438,549,160014.543606,2,0,92,-1
1.148159,902,160044.85278,1,2,-11,0
0.529086,732,160070.819412,1,2,-1,61
1.373498,873,160101.255629,2,1,38,-1
0.956125,711,160125.121366,1,2,-1,47
1.396232,449,160140.591367,2,0,41,-1
0.792469,575,160160.235455,2,0,26,-1
0.558,651,160182.172566,0,2,-1,56
0.309,440,160197.358157,0,2,-1,120
0.563,521,160215.040237,0,2,-1,44
0.814018,966,160248.256633,1,2,-1,3
1.305,728,160272.697782,1,2,-1,22
1.030125,791,160300.191101,1,2,-1,109
1.553,781,160326.271003,1,2,-1,11
0.804399,870,160356.387048,1,2,-1,69
1.132,748,160382.575197,1,2,-1,72
1.509,843,160410.753667,1,1,-1,-1
0.848275,879,160441.151584,1,2,-1,31
0.523,475,160457.45414,0,2,-1,56
0.633057,755,160482.764416,1,2,-1,104
0.931,615,160504.619415,1,2,-1,97
1.147,805,160531.521117,1,2,-1,95
0.832612,603,160552.007916,2,0,38,-1
0.611064,705,160576.722449,0,2,-16,17
0.804827,824,160604.194708,1,2,-1,146
0.313,560,160623.337284,0,2,-1,137
1.691868,688,160647.559298,2,1,67,-1
0.395206,759,160673.022736,1,2,-1,134
0.692,888,160703.689693,0,2,-1,124
1.089392,1192,160744.143603,1,2,-1,1
1.376018,489,160761.136375,2,0,9,-1
0.602,669,160785.002202,0,2,-1,38
0.924679,736,160810.020217,1,2,-8,176
1.208,767,160836.867816,1,2,-1,99
0.966309,742,160862.112483,1,2,-1,19
0.50618,964,160895.30372,1,2,-1,157
0.84699,742,160920.584673,1,2,-1,145
0.822548,725,160946.19636,1,2,-1,95
0.95351,747,160971.376656,2,1,12,-1
0.597516,718,160996.593703,1,2,-1,53
0.672,605,161017.340718,0,2,-1,16
0.6831,866,161046.324117,1,2,-1,128
1.623,819,161075.053267,1,2,-1,5
0.80165,475,161091.396982,2,0,34,-1
1.119626,791,161119.135324,2,1,73,-1
0.699,622,161140.200273,0,2,-1,6
1.499402,951,161172.933151,2,1,55,-1
1.281,637,161194.56638,1,2,-1,84
1.262937,732,161219.356313,2,1,40,-1
0.982399,708,161244.390932,1,2,-1,67
0.767968,846,161272.785504,1,2,-10,74
0.739086,836,161301.965441,1,2,-1,102
1.172558,822,161330.528928,2,1,4,-1
1.420797,540,161349.124886,2,0,27,-1
0.355,511,161366.760248,0,2,-1,107
1.052049,594,161387.017178,2,0,14,-1
0.885311,1093,161424.424907,1,2,-1,25
1.42,819,161451.965976,1,2,-1,71
1.052587,810,161480.222631,1,2,-11,64
0.579958,786,161507.76351,1,2,-1,78
0.938772,1298,161551.863176,2,1,5,-1
1.207358,828,161580.712281,1,2,-1,3
1.421089,552,161599.573205,2,0,0,-1
0.932086,1025,161634.783668,1,2,-1,81
1.541325,807,161661.950756,2,1,106,-1
1.472,792,161689.692934,1,2,-1,1
0.601386,892,161720.576393,1,2,-1,145
1.136957,1010,161755.45633,2,1,54,-1
0.798987,669,161778.305228,2,0,6,-1
1.631,867,161808.431257,1,1,-1,-1
0.778608,522,161826.369838,2,0,64,-1
0.786275,973,161859.933123,1,2,-1,89
1.187447,1110,161898.010524,1,2,-1,5
1.277389,613,161918.957847,2,1,137,-1
1.166055,1121,161957.393452,2,0,18,-1
0.985577,914,161989.035236,2,1,51,-1
0.587,605,162009.749291,0,2,-1,7
0.87199,901,162041.006924,1,2,-1,144
0.987384,838,162070.324552,2,1,11,-1
0.714,820,162097.886507,0,2,-1,0
0.517858,580,162117.987353,1,2,-1,115
0.688,630,162139.468904,0,2,-1,17
0.671,607,162161.527351,0,2,-1,12
1.291,815,162188.945653,1,2,-1,46
1.366,811,162217.239117,1,2,-1,124
0.66,671,162239.984893,0,2,-1,8
0.568922,746,162266.255684,1,2,-1,151
0.632,637,162287.864002,0,2,-1,32
0.855109,872,162318.22588,1,2,-1,68
0.656,903,162348.364136,0,2,-1,130
0.76834,868,162378.521457,1,2,-1,30
1.223,791,162406.090573,1,2,-1,49
1.387,735,162430.743753,1,2,-1,5
1.116,696,162454.134613,1,2,-1,121
0.836447,711,162479.138203,1,2,-1,56
1.483,812,162506.340202,1,2,-1,9
0.790222,889,162537.071986,1,2,-1,141
0.54264,977,162570.779732,1,2,-1,176
0.884895,873,162601.437711,1,2,-1,121
0.848125,749,162627.121438,1,2,-1,156
0.639,474,162643.596214,0,2,-1,10
1.266402,805,162671.746142,2,1,86,-1
0.881358,591,162692.120862,2,0,106,-1
0.621,621,162713.36317,0,2,-1,18
0.927399,800,162741.459913,1,2,-1,136
1.087681,909,162772.202784,2,1,0,-1
0.854232,980,162806.204922,1,2,-1,31
0.655,696,162830.865885,0,2,-1,3
1.084846,754,162856.378427,1,2,-1,46
1.284249,433,162871.348629,2,0,136,-1
1.054627,593,162891.735737,2,0,24,-1
0.831445,609,162912.459469,2,0,5,-1
0.930399,849,162942.123903,1,2,-1,77
1.147022,562,162961.237375,2,0,83,-1
0.888507,1003,162996.015418,1,1,-15,66
1.494,746,163021.408765,1,2,-1,95
0.858,634,163044.055675,1,2,-1,176
0.96681,859,163073.06347,1,2,-1,31
0.849494,488,163089.841581,2,0,44,-1
0.331,555,163108.907092,0,2,-1,131
0.914488,607,163130.698607,2,0,55,-1
1.321072,904,163161.377213,1,2,-14,4
0.705587,849,163191.139969,1,2,-1,131
0.818399,737,163216.260141,1,2,-1,107
1.096417,850,163245.949394,2,1,9,-1
1.387024,690,163269.597187,2,1,122,-1
1.00611,991,163304.10619,1,2,-11,63
1.145529,1003,163339.036343,1,2,-1,17
0.720529,800,163367.053879,1,2,-1,13
0.80226,911,163398.620899,1,2,-1,12
1.050729,862,163427.65433,2,1,58,-1
0.998086,845,163457.458101,1,2,-1,32
1.007856,462,163473.525166,2,0,32,-1
1.32,814,163501.954649,1,2,-1,14
0.496887,629,163523.390531,0,2,-1,80
0.622307,796,163550.152813,1,2,-1,33
0.751587,982,163584.068639,1,2,-1,6
1.083616,564,163603.339273,2,0,137,-1
0.730797,906,163634.655951,1,2,-1,25
0.875456,549,163653.529753,2,0,65,-1
0.635309,893,163684.473053,1,2,-1,84
1.075399,816,163712.130457,1,2,-1,69
1.000131,836,163741.423147,1,2,-15,9
1.698805,372,163754.645705,2,0,146,-1
1.305856,869,163785.096447,2,1,32,-1
1.23127,442,163799.733,2,0,115,-1
0.658748,672,163823.590393,2,0,41,-1
0.64999,680,163846.666504,1,2,-1,124
1.036587,972,163880.261308,1,2,-1,22
0.585,671,163903.013987,0,2,-1,34
0.783529,675,163926.93179,1,2,-1,97
1.592,889,163956.65029,1,1,-1,51
1.442925,525,163974.733561,2,0,49,-1
1.039914,477,163991.180438,2,0,7,-1
0.244,386,164004.747273,0,2,-1,156
0.500948,655,164027.003928,0,2,-1,25
1.337,687,164051.322066,1,2,-1,92
1.064311,865,164080.192641,1,2,-1,28
1.21835,818,164108.79289,1,2,-1,5
0.881498,523,164126.7909,2,0,25,-1
0.564,604,164147.407468,0,2,-1,60
1.142125,743,164173.514066,1,2,-1,35
0.968443,827,164201.266039,1,2,-1,56
1.651373,863,164231.31967,2,1,38,-1
1.40226,537,164249.635829,2,0,11,-1
0.478815,740,164274.841969,1,2,-1,123
0.854925,929,164307.345006,1,2,-1,77
0.730094,552,164326.342643,2,0,71,-1
1.377939,724,164351.854515,2,1,90,-1
0.840897,1013,164386.90142,1,2,-1,1
1.039007,466,164403.208487,2,0,9,-1
1.394034,732,164428.109502,2,1,122,-1
1.306261,888,164459.231115,2,1,10,-1
0.867109,1064,164495.95991,1,2,-1,79
0.943815,564,164515.22651,2,0,112,-1
0.866618,681,164538.221652,2,0,0,-1
0.593999,771,164565.294315,1,2,-1,53
0.385,719,164589.701381,0,2,-1,109
0.944752,676,164612.744083,2,0,49,-1
0.583787,842,164642.194002,1,2,-1,171
0.841591,639,164663.90651,2,0,5,-1
0.59,416,164678.352597,0,2,-1,23
1.136946,908,164709.664589,2,0,96,-1
0.901309,461,164725.55367,2,0,87,-1
0.919125,787,164752.110368,1,2,-1,22
0.77502,560,164771.506636,2,0,34,-1
0.544,528,164790.692489,0,2,-1,57
0.783093,914,164821.70237,1,2,-1,105
1.042399,816,164850.142559,1,2,-1,16
1.62407,537,164868.464363,2,0,111,-1
1.633,836,164897.606557,1,2,-1,19
0.411,669,164920.293219,0,2,-1,96
1.477,834,164949.320387,1,2,-1,12
1.195865,1091,164986.596752,2,1,20,-1
0.305,552,165005.53309,0,2,-1,119
0.465575,942,165037.996991,1,2,-1,86
0.929644,1004,165072.446318,2,1,65,-1
0.742761,591,165092.511438,2,0,10,-1
0.967477,974,165126.040921,1,2,-1,87
1.473,852,165154.556127,1,2,-1,39
1.229551,773,165181.53693,2,1,80,-1
1.699137,831,165209.371478,2,1,10,-1
1.213941,527,165227.423794,2,0,26,-1
0.909587,921,165259.161481,1,2,-1,25
1.190007,894,165290.08734,2,1,1,-1
1.346261,789,165317.608684,2,1,10,-1
0.963929,1085,165354.597407,1,1,-1,35
0.827355,643,165376.312387,2,0,23,-1
1.083592,954,165409.387538,1,2,-16,8
0.707,669,165432.225246,0,2,-1,8
0.277,584,165452.322549,0,2,-1,126
0.420575,968,165485.888283,1,2,-1,129
1.098026,765,165512.849515,2,1,65,-1
0.536017,691,165536.096484,1,2,-1,134
0.818535,1051,165572.635315,1,2,-1,38
0.701892,863,165602.680383,1,2,-1,150
1.403,812,165629.964349,1,2,-1,60
0.928399,708,165654.959998,1,2,-1,56
0.794104,996,165689.046474,1,2,-1,103
1.311927,755,165714.37518,2,1,53,-1
1.270979,419,165729.043075,2,0,137,-1
0.232,435,165744.10772,0,2,-1,140
0.429,467,165760.230021,0,2,-1,97
0.709002,734,165784.953223,2,0,33,-1
0.378,638,165806.63391,0,2,-1,74
0.985372,1114,165844.487393,1,2,-1,11
0.674485,1064,165882.337485,2,1,11,-1
0.817887,1145,165921.304307,0,2,-13,78
1.518,707,165945.214764,1,2,-1,43
1.161746,828,165974.025651,1,2,-12,23
0.491,617,165994.965627,0,2,-1,66
1.253114,463,166010.968902,2,0,136,-1
0.579,766,166036.756702,0,2,-1,25
0.94199,808,166065.071188,1,2,-1,5
1.266,618,166086.026477,1,2,-1,119
0.908412,1216,166128.523612,1,2,-1,3
0.949398,683,166151.632302,2,0,111,-1
1.168125,899,166182.647145,1,2,-1,13
1.548529,449,166198.33919,2,0,97,-1
1.063763,525,166216.345021,2,0,127,-1
0.511,579,166236.165715,0,2,-1,11
1.33999,869,166265.223883,1,1,-1,17
1.300399,967,166298.623023,1,2,-1,14
1.351,681,166322.878057,1,2,-1,129
0.659,682,166345.961364,0,2,-1,9
0.957572,823,166374.697762,2,1,89,-1
0.737395,476,166390.011593,2,0,18,-1
0.745128,880,166420.582911,1,2,-1,67
0.96499,711,166445.702993,1,2,-1,43
1.341275,614,166466.782131,2,0,2,-1
1.643,956,166500.076774,1,2,-1,6
1.2463,872,166529.334627,2,1,137,-1
1.301155,804,166557.593112,2,1,57,-1
0.823175,615,166578.494187,2,0,0,-1
0.8946,1125,166616.942454,2,1,89,-1
0.771529,788,166644.769251,1,2,-1,48
1.44,757,166670.344823,1,2,-1,54
0.932125,899,166701.526917,1,2,-1,5
0.93781,871,166731.871989,2,1,43,-1
0.812461,685,166755.220965,2,1,94,-1
1.269342,1150,166794.859087,2,1,30,-1
1.215,743,166821.114444,1,2,-1,116
1.180706,760,166847.060684,2,1,72,-1
0.664,564,166866.227412,0,2,-1,22
0.917034,943,166898.752014,1,2,-14,94
1.59999,413,166913.17651,2,0,137,-1
1.412391,904,166944.567565,2,1,55,-1
0.763472,1076,166981.22477,1,2,-1,7
0.899472,1094,167018.570771,1,2,-1,53
0.821668,796,167046.367658,2,0,5,-1
0.857122,836,167074.777199,1,2,-1,99
0.999693,455,167090.623223,2,0,137,-1
0.595929,962,167123.640747,1,2,-1,37
1.408381,543,167142.166781,2,0,19,-1
0.741575,928,167174.370032,1,2,-1,26
1.331892,887,167205.094754,2,1,8,-1
0.582226,915,167235.593871,1,2,-1,157
1.146,721,167260.930966,1,2,-1,84
0.998612,571,167280.38563,2,0,35,-1
0.899937,991,167314.712182,1,2,-1,29
1.063125,780,167340.866648,1,2,-1,34
1.004312,785,167368.391792,2,1,58,-1
1.876339,407,167382.486363,2,0,159,-1
0.937226,877,167411.782711,1,2,-1,31
1.01318,1221,167454.153304,1,2,-1,5
1.211007,978,167487.772531,2,1,1,-1
1.728,914,167519.571917,1,2,-1,13
1.191125,795,167546.263803,1,2,-1,51
1.36,725,167570.792468,1,2,-1,119
0.990375,582,167591.874164,2,0,12,-1
1.509917,481,167608.50457,2,0,81,-1
0.772384,672,167631.406442,2,0,51,-1
0.91135,728,167656.296475,1,2,-1,79
0.476,845,167686.243655,0,2,-1,117
0.739086,789,167712.723813,1,2,-1,128
1.622,890,167743.49153,1,2,-1,58
1.752153,742,167769.63079,2,1,53,-1
1.41718,852,167798.046523,2,1,1,-1
1.290929,667,167821.721781,2,1,16,-1
0.539206,913,167853.342178,1,2,-1,139
0.51,577,167874.708897,0,2,-1,69
1.183221,1114,167913.886846,2,1,91,-1
1.521951,796,167941.428435,2,1,136,-1
1.476,984,167976.328741,1,2,-1,89
0.81299,680,168001.73542,1,2,-1,105
0.989399,821,168031.690617,1,2,-1,90
1.416,766,168061.048544,1,2,-1,24
0.412,580,168082.795495,0,2,-1,66
1.591381,839,168113.528705,2,1,19,-1
1.427093,505,168132.670194,2,0,86,-1
0.498,521,168152.276304,0,2,-1,15
1.227948,752,168181.339037,1,2,-14,3
1.194,838,168213.335024,1,2,-1,106
0.966529,795,168242.782786,1,2,-1,83
1.287,687,168267.311638,1,2,-1,59
0.930674,487,168284.383288,2,0,43,-1
0.278,418,168299.23764,0,2,-1,138
1.511582,458,168315.538615,2,0,176,-1
1.374,728,168340.473645,1,2,-1,80
1.057665,442,168356.529496,2,0,20,-1
0.781707,686,168381.369915,2,0,30,-1
1.012104,464,168397.923704,2,0,21,-1
1.413516,481,168414.989997,2,0,13,-1
1.091925,956,168447.641096,1,2,-1,0
0.889275,1111,168487.612029,1,2,-1,62
0.778086,926,168518.977409,1,2,-1,74
0.985309,944,168551.906137,1,1,-1,-1
0.457089,858,168582.637461,1,2,-1,128
1.559,851,168613.081814,1,2,-1,19
1.028329,532,168631.529752,2,0,34,-1
1.407929,498,168648.763368,2,0,16,-1
1.283922,1053,168685.19225,1,2,-1,14
0.614227,894,168715.270017,1,2,-1,23
0.793399,720,168740.718976,1,2,-1,64
0.853086,690,168764.356319,1,2,-1,109
0.781127,592,168784.834185,2,0,11,-1
1.127437,512,168802.718647,2,0,104,-1
0.932774,790,168830.66321,2,1,14,-1
0.337,575,168850.51169,0,2,-1,129
1.581,836,168879.989075,1,2,-1,51
0.97217,575,168899.904371,2,0,1,-1
1.075536,474,168916.423298,2,0,25,-1
0.935243,595,168936.898355,2,0,112,-1
1.592,809,168964.54925,1,2,-1,17
1.3921,560,168984.237568,2,0,33,-1
1.196089,709,169009.379071,2,1,0,-1
1.069832,556,169028.396036,2,0,45,-1
1.602922,610,169049.128712,2,1,128,-1
1.389602,472,169065.409347,2,0,26,-1
1.19099,776,169092.877796,1,2,-1,27
1.63,932,169124.235975,1,2,-1,40
1.101678,559,169143.588714,2,0,48,-1
1.497,910,169175.212654,1,2,-1,2
0.985125,782,169202.870661,1,2,-1,14
1.122125,743,169228.021267,1,2,-1,70
0.699,861,169258.832687,0,2,-1,0
1.187125,822,169288.177165,1,2,-1,21
0.932125,705,169312.340715,1,2,-1,80
1.038907,859,169342.772953,2,1,0,-1
0.453929,926,169373.866676,1,2,-1,110
0.740093,823,169402.674011,1,2,-1,24
1.169125,702,169426.457711,1,2,-1,74
0.878627,1055,169462.989929,1,1,-1,85
1.446,898,169494.079366,1,2,-1,23
1.487,818,169522.923254,1,2,-1,83
1.042125,931,169555.593868,1,2,-1,21
0.705352,834,169583.924052,1,2,-1,81
0.883125,720,169609.522167,1,2,-1,108
0.51376,535,169628.01386,0,2,-11,58
0.527086,732,169653.261028,1,2,-1,105
1.071352,595,169673.459701,2,0,24,-1
1.413,946,169706.369411,1,2,-1,10
1.469948,796,169734.555839,1,2,-1,2
0.843328,841,169763.130984,1,2,-1,97
1.329887,754,169790.116894,1,2,-1,30
1.175763,1106,169828.527472,2,1,1,-1
1.318949,808,169857.005218,1,2,-1,21
1.332,847,169885.674902,1,2,-1,26
0.668226,961,169919.004816,1,2,-1,59
0.45199,715,169943.259922,1,2,-1,129
0.698,861,169973.450502,0,2,-1,97
1.817125,729,169999.487426,2,1,136,-1
0.607,558,170018.737656,0,2,-1,9
0.390275,924,170050.398257,1,2,-1,73
0.888,597,170072.002937,1,2,-1,137
1.721694,910,170102.860701,1,2,-10,9
1.158084,1060,170140.279801,1,2,-1,0
1.342125,820,170169.916286,1,2,-1,14
0.803824,584,170190.133477,1,2,-1,150
0.481311,896,170221.141678,1,2,-1,70
1.228,706,170244.931045,1,2,-1,106
1.084461,863,170275.018773,2,1,4,-1
1.496997,456,170291.040787,2,0,85,-1
0.56543,875,170321.661055,1,2,-5,75
0.66779,867,170350.877294,1,2,-1,43
0.357,615,170373.092583,0,2,-1,107
0.83699,953,170405.449537,1,2,-1,88
0.657,750,170431.910932,0,2,-1,13
0.832317,748,170457.678357,2,0,30,-1
0.443,490,170474.838507,0,2,-1,50
1.082142,921,170506.619661,2,1,9,-1
1.67499,531,170524.943865,2,0,137,-1
1.493829,552,170543.780724,2,0,74,-1
0.875125,840,170573.141215,1,2,-1,100
0.93454,826,170600.86687,1,2,-1,25
0.519575,974,170635.057229,1,2,-1,164
1.267824,993,170670.290692,2,1,89,-1
0.669275,971,170703.800437,1,2,-1,117
1.549,825,170732.653247,1,2,-1,3
1.111272,734,170757.810379,2,1,107,-1
0.70042,1166,170797.975206,1,2,-1,51
1.656829,761,170824.802758,2,1,74,-1
0.503,559,170843.905566,0,2,-1,53
1.269602,765,170871.136902,2,1,26,-1
0.515125,664,170894.002287,1,2,-1,171
0.696999,1079,170931.73878,1,2,-1,124
1.081906,575,170951.463265,2,0,81,-1
0.401,526,170969.940702,0,2,-1,106
0.501372,755,170996.691478,1,2,-1,78
1.413,727,171021.141761,1,1,-1,-1
1.38664,519,171038.917577,2,0,31,-1
1.188496,467,171055.043059,2,0,152,-1
1.656275,905,171086.622617,2,1,2,-1
0.554307,979,171120.379693,1,2,-1,176
1.936125,830,171148.433466,2,1,136,-1
1.083125,1009,171183.072779,1,2,-1,108
1.429137,526,171201.080842,2,0,10,-1
1.413,844,171230.380509,1,2,-1,29
1.227,756,171255.899461,1,2,-1,139
1.32279,416,171270.298158,2,0,7,-1
0.726007,793,171298.027813,2,1,1,-1
1.371,753,171323.350183,1,2,-1,35
0.852628,762,171350.017048,2,0,1,-1
0.596,496,171367.088427,0,2,-1,15
1.301,836,171395.157562,1,2,-1,125
0.591125,702,171419.98231,1,2,-1,136
0.715926,634,171441.440385,2,0,20,-1
0.99867,578,171461.134806,2,0,6,-1
1.539,809,171489.278155,1,2,-1,69
1.333,818,171516.601312,1,2,-1,64
0.921125,614,171537.553441,1,2,-1,15
0.865642,912,171569.054166,1,2,-1,27
1.448232,529,171587.150011,2,0,41,-1
1.456969,431,171602.087069,2,0,80,-1
0.968964,917,171633.688889,2,1,71,-1
1.428,716,171657.820832,1,2,-1,70
1.706,816,171686.252902,1,2,-1,10
1.424358,701,171709.885062,2,1,105,-1
1.399089,486,171726.656835,2,0,0,-1
1.09101,920,171758.4075,1,2,-1,11
1.08681,886,171789.069588,1,2,-1,8
0.982033,901,171819.046703,1,2,-1,36
1.365173,840,171848.333367,2,1,46,-1
1.742886,789,171875.823565,2,1,119,-1
0.496086,833,171903.811108,1,2,-1,149
2.067673,877,171934.129746,2,1,152,-1
1.027599,823,171962.871209,2,1,96,-1
0.666,625,171984.068037,0,2,-1,9
0.893886,998,172018.444917,1,2,-1,130
0.622,633,172039.973616,0,2,-1,19
0.711,652,172062.144047,0,2,-1,2
1.137381,845,172091.527821,2,1,46,-1
1.477,838,172121.380104,1,2,-1,105
1.175529,1209,172162.771837,1,2,-1,16
0.813572,614,172184.217361,1,2,-1,73
0.708917,788,172212.117516,1,2,-1,10
1.282681,467,172228.345556,2,0,6,-1
1.446847,511,172245.922391,2,0,43,-1
0.964817,709,172270.519686,1,2,-15,67
1.327113,786,172297.564248,1,2,-1,1
1.140181,461,172313.918552,2,0,73,-1
1.09999,826,172342.896533,1,2,-1,34
1.16799,879,172373.645334,1,2,-1,18
0.830125,673,172396.586544,1,2,-1,125
0.539,491,172413.677481,0,2,-1,66
1.652,1074,172450.668612,1,2,-1,29
1.078829,1076,172487.742966,1,2,-1,29
0.96742,1228,172530.701784,1,2,-1,49
1.079125,831,172558.543643,1,2,-1,4
1.068328,917,172590.50458,1,2,-1,13
1.73,833,172619.87561,1,1,-1,6
1.579,829,172648.15156,1,2,-1,29
0.699495,580,172667.974913,2,0,12,-1
1.493174,753,172694.385408,1,2,-18,78
0.771665,681,172717.384322,2,0,2,-1
1.074337,521,172735.230592,2,0,40,-1
0.631,564,172754.460953,0,2,-1,25
1.367824,795,172782.232458,1,2,-1,59
1.201,702,172805.923455,1,2,-1,112
1.479797,814,172834.273401,2,1,27,-1
0.855688,691,172857.98684,2,0,26,-1
1.299125,981,172891.750425,1,2,-1,10
1.369773,724,172916.181421,1,2,-1,33
0.701,736,172942.107372,0,2,-1,1
1.12999,833,172971.124597,1,2,-1,57
0.415684,788,172997.551561,1,2,-13,126
1.64018,945,173030.287932,2,1,1,-1
0.63612,588,173050.27556,0,2,-17,25
0.732328,766,173077.07119,1,2,-1,18
0.983216,800,173103.937692,2,1,18,-1
0.868,619,173124.966049,1,2,-1,165
0.797373,933,173157.280601,1,2,-1,56
1.349261,727,173182.831503,2,1,10,-1
1.626,808,173209.919715,1,2,-1,8
0.53379,881,173240.479068,1,2,-1,118
0.824125,634,173261.965223,1,2,-1,90
1.316177,516,173279.595283,2,0,16,-1
0.888494,803,173307.477545,2,1,44,-1
1.07935,830,173335.321337,2,1,18,-1
1.305125,848,173364.721135,1,2,-1,10
1.057,553,173383.613348,1,2,-1,104
1.409,795,173411.368903,1,1,-1,107
1.526,855,173439.997358,1,2,-1,79
0.97881,720,173465.286892,1,2,-1,108
0.702431,923,173496.056001,1,2,-17,116
1.337608,959,173529.10338,2,1,27,-1
1.394587,568,173548.405893,2,0,35,-1
0.911309,1182,173589.778344,1,2,-1,72
1.414651,504,173607.114976,2,0,39,-1
1.458,802,173634.258691,1,1,-1,-1
0.770671,683,173658.486558,1,2,-1,122
0.534,444,173673.970977,0,2,-1,63
0.717104,804,173700.951012,1,2,-1,124
1.519064,830,173729.963703,1,2,-16,62
1.65099,401,173743.894004,2,0,137,-1
0.743558,559,173762.932439,2,0,4,-1
1.357,839,173790.86884,1,2,-1,73
0.686,558,173809.820376,0,2,-1,11
0.26,575,173829.304856,0,2,-1,145
1.616529,698,173853.845859,2,1,97,-1
1.38865,929,173885.813066,2,1,14,-1
1.528,828,173913.628215,1,2,-1,2
1.443192,523,173931.511539,2,0,47,-1
0.711325,906,173962.809172,1,2,-1,1
1.077402,1013,173998.059545,1,2,-1,7
0.581,638,174019.649227,0,2,-1,3
1.096925,1109,174057.490266,1,2,-1,2
1.13681,679,174081.954631,1,2,-1,10
1.382,865,174111.084918,1,2,-1,128
0.86181,688,174135.378211,1,2,-1,69
1.447,809,174162.501087,1,2,-1,55
1.345795,482,174179.272237,2,0,146,-1
0.9976,637,174202.491008,2,0,7,-1
1.577,789,174229.498402,1,2,-1,24
1.506,961,174263.117205,1,2,-1,80
1.004311,524,174281.288418,2,0,45,-1
0.819515,538,174300.250014,2,0,58,-1
0.654,696,174324.197044,0,2,-1,0
1.574389,850,174354.374079,2,1,137,-1
1.259,754,174381.206131,1,2,-1,83
1.11081,795,174408.397593,1,2,-1,72
0.727301,1235,174451.653203,2,1,3,-1
0.705064,705,174475.521499,0,2,-16,3
0.845602,1089,174512.879671,1,2,-1,47
1.377705,553,174531.741039,2,0,21,-1
1.376581,703,174555.699935,2,1,63,-1
1.480033,507,174573.253736,2,0,64,-1
1.627,882,174603.856478,1,2,-1,33
0.901125,752,174630.119759,1,2,-1,26
0.640226,937,174661.247337,1,2,-1,144
0.501,611,174682.92439,0,2,-1,79
1.418169,476,174699.227463,2,0,44,-1
0.912086,795,174725.843151,1,2,-1,66
0.377,463,174741.793184,0,2,-1,87
1.012351,525,174759.819398,2,0,20,-1
1.221,718,174784.03188,1,2,-1,53
0.913841,765,174810.749153,1,2,-1,39
1.60599,446,174826.156419,2,0,137,-1
0.988,867,174856.144577,1,2,-1,128
1.432617,996,174889.558967,2,1,109,-1
0.647,838,174919.366671,0,2,-1,2
1.374226,482,174935.951013,2,0,18,-1
1.165017,885,174966.811153,1,2,-1,0
0.655997,583,174986.717795,1,2,-1,176
1.389929,524,175004.769146,2,0,16,-1
0.994038,862,175034.765268,1,2,-1,23
0.721917,769,175061.021113,1,2,-1,82
1.058805,718,175086.685487,1,2,-1,86
0.915373,1044,175122.81587,1,2,-1,64
1.084876,982,175155.92222,2,1,26,-1
1.402372,882,175186.70381,2,1,3,-1
0.994837,631,175208.5481,2,0,137,-1
1.054226,972,175242.658739,1,2,-1,7
0.677,652,175266.323983,0,2,-1,14
1.382,778,175292.992981,1,2,-1,80
0.763703,1022,175328.2539,1,2,-1,3
1.26499,1046,175364.651231,1,2,-1,2
0.60007,737,175390.600896,2,1,2,-1
1.20475,416,175404.01801,2,0,107,-1
1.069,668,175427.705856,1,2,-1,72
0.846602,641,175449.436049,2,0,13,-1
0.851125,745,175474.422816,1,2,-1,99
1.317929,531,175492.607804,2,0,16,-1
0.331,653,175515.814275,0,2,-1,124
0.976086,792,175542.344239,1,2,-1,40
0.484,594,175562.592149,0,2,-1,72
0.686847,996,175597.253938,1,2,-1,59
0.85354,934,175629.529737,1,2,-1,1
1.105627,900,175660.885524,1,2,-1,2
0.696,494,175677.917514,0,2,-1,7
0.808441,524,175695.920299,2,0,4,-1
1.366797,695,175719.412214,2,0,27,-1
0.822385,843,175748.842137,1,2,-1,116
1.267,698,175773.076592,1,2,-1,88
1.424582,466,175789.556689,2,0,89,-1
0.421,593,175810.188675,0,2,-1,105
1.059049,1051,175846.42956,1,2,-1,44
1.106343,837,175875.514745,2,1,13,-1
0.84847,924,175907.506331,2,1,0,-1
1.493,788,175934.081086,1,2,-1,74
1.653,945,175966.775032,1,2,-1,20
0.984461,634,175989.398594,2,0,4,-1
1.055683,798,176016.205992,1,2,-1,70
0.795951,680,176039.278444,2,0,8,-1
0.800301,670,176063.05376,2,0,74,-1
0.879731,536,176081.561429,2,0,107,-1
0.616319,1009,176116.278642,2,1,4,-1
1.44,929,176148.222836,1,2,-1,4
1.509535,715,176172.630261,2,1,42,-1
0.263,536,176191.477619,0,2,-1,150
0.281,607,176212.530725,0,2,-1,130
1.527086,447,176228.00661,2,0,98,-1
1.624,895,176258.785322,1,2,-1,17
0.365,465,176274.952573,0,2,-1,115
1.131181,1094,176312.702664,1,2,-1,12
0.588,580,176332.591566,0,2,-1,5
0.427,743,176357.883544,0,2,-1,74
1.026319,622,176380.448046,2,0,80,-1
0.989243,604,176401.218466,2,0,112,-1
1.214995,446,176416.731464,2,0,115,-1
0.866188,466,176433.093972,2,0,92,-1
1.118447,926,176464.936331,1,2,-1,28
0.646,716,176491.214712,0,2,-1,0
1.492,728,176516.567793,1,2,-1,5
0.346,460,176532.665192,0,2,-1,100
0.634,715,176558.256483,0,2,-1,22
0.401,604,176579.555704,0,2,-1,97
0.942,1014,176615.233341,0,2,-1,51
0.673051,854,176644.461062,2,1,68,-1
1.409787,498,176662.217294,2,0,15,-1
0.770994,895,176694.022047,2,1,15,-1
1.423556,889,176724.799629,2,1,50,-1
1.736227,797,176751.702041,2,1,24,-1
1.189954,874,176782.201849,2,1,67,-1
1.589,742,176808.814281,1,2,-1,27
0.658,616,176829.913704,0,2,-1,15
0.744529,899,176860.943214,1,2,-1,110
1.15,877,176892.149852,1,2,-1,103
1.169441,735,176918.342844,2,1,65,-1
1.124922,843,176946.630698,1,2,-1,62
1.241771,711,176971.825746,2,1,3,-1
0.80899,683,176994.828826,1,2,-1,80
1.006564,700,177018.514652,2,0,5,-1
1.023227,1081,177055.654554,1,1,24,-1
0.426,468,177071.75809,0,2,-1,98
0.612,565,177092.289113,0,2,-1,12
0.636553,968,177124.746876,1,2,-1,53
1.353902,503,177142.506127,2,0,8,-1
1.499122,482,177159.382679,2,0,94,-1
1.245189,940,177191.840766,1,2,-16,45
0.920199,573,177211.460674,2,0,3,-1
1.164,744,177237.614396,1,2,-1,117
1.542,814,177264.80247,1,2,-1,0
0.840399,851,177294.30136,1,2,-1,151
0.937098,505,177311.617747,2,0,68,-1
1.063,721,177335.898614,1,2,-1,137
0.587417,719,177361.883382,1,2,-1,97
1.357,716,177386.61658,1,2,-1,104
1.035467,948,177419.928833,2,1,19,-1
0.132,457,177435.91661,0,2,-1,165
1.510999,796,177462.758715,2,1,28,-1
1.384553,395,177476.806021,2,0,48,-1
1.322386,471,177493.311329,2,0,12,-1
0.188948,454,177509.065974,0,2,-14,108
0.317,590,177529.354439,0,2,-1,116
0.956582,734,177555.342805,1,2,-1,63
0.907162,1066,177591.990185,1,2,-1,44
1.301,602,177612.479283,1,2,-1,117
1.49179,718,177637.162056,2,1,7,-1
1.118538,731,177663.196609,2,1,112,-1
1.394,752,177689.138372,1,2,-1,123
0.938571,505,177706.945827,2,0,14,-1
0.774682,850,177736.531475,2,0,59,-1
0.885125,734,177761.706192,1,2,-1,165
0.857307,892,177793.233164,1,2,-1,2
0.651,876,177824.008809,0,2,-1,16
0.668,566,177843.349271,0,2,-1,7
0.677529,721,177867.848091,1,2,-1,119
0.676,540,177886.711701,0,2,-1,9
1.084755,1013,177922.085077,2,1,24,-1
0.637408,548,177940.950878,0,2,-1,46
0.953,642,177963.903045,1,2,-1,156
0.857125,751,177989.042494,1,2,-1,53
1.492,858,178019.361634,1,2,-1,26
0.923414,608,178040.489574,2,0,57,-1
0.950311,772,178066.672508,1,2,-1,48
1.401,692,178091.328622,1,2,-1,78
1.392356,1202,178132.438927,2,1,41,-1
0.963125,849,178161.925344,1,1,-1,124
0.891716,812,178189.596123,2,1,11,-1
0.946126,563,178209.027096,2,0,10,-1
1.518,767,178236.000645,1,2,-1,3
1.093447,906,178267.590805,1,2,-1,32
0.818086,804,178294.528324,1,2,-1,109
0.87599,702,178319.250097,1,2,-1,22
1.029037,932,178351.43044,1,2,-9,21
1.555,718,178375.589566,1,2,-1,68
1.05,666,178398.178448,1,2,-1,124
1.777328,856,178428.489781,2,1,57,-1
1.026455,812,178455.9851,1,2,-5,75
1.258566,904,178487.344805,1,2,-1,18
2.044467,883,178518.044212,2,1,140,-1
1.275482,606,178538.765022,1,2,-1,28
0.850853,652,178561.879443,2,0,65,-1
1.042,590,178583.49093,1,2,-1,132
1.339,667,178606.314806,1,2,-1,123
0.849602,1073,178643.240315,1,2,-1,87
1.625423,938,178675.626328,2,1,91,-1
0.349575,894,178706.781284,1,2,-1,110
1.375408,824,178734.636526,1,2,-1,12
0.466,480,178751.408789,0,2,-1,81
0.53176,473,178767.933759,0,2,-11,55
1.667104,828,178797.676727,2,1,37,-1
0.93,722,178822.381051,1,2,-1,138
1.009125,807,178850.474381,1,2,-1,104
0.720125,723,178875.192382,1,2,-1,105
1.372,788,178902.809326,1,2,-1,117
0.477,581,178922.590078,0,2,-1,49
0.898,642,178944.280377,1,2,-1,144
0.883542,593,178964.366574,2,0,4,-1
1.209868,893,178995.326523,2,1,100,-1
0.88699,807,179022.443874,1,2,-1,72
1.252,644,179045.322702,1,2,-1,148
1.117473,1384,179092.099617,2,1,60,-1
0.922922,1009,179127.167897,1,1,-1,130
1.328,748,179154.202347,1,2,-1,24
1.912399,729,179179.234702,2,1,135,-1
1.682,829,179208.617046,1,2,-1,15
1.22,571,179228.155587,1,2,-1,78
0.999435,784,179256.009737,2,1,59,-1
0.349575,952,179288.223994,1,2,-1,69
1.415,910,179319.690904,1,2,-1,21
0.923402,736,179345.602876,1,2,-1,61
1.300824,800,179372.509876,1,2,-1,111
0.878812,794,179400.121646,1,2,-1,17
1.119986,593,179420.463552,2,0,85,-1
0.55,591,179440.537489,0,2,-1,35
1.582846,454,179456.263585,2,0,120,-1
1.046229,977,179489.960358,2,1,6,-1
1.452181,846,179518.83403,2,1,73,-1
1.261,647,179543.261745,1,2,-1,112
1.366309,804,179573.661448,2,1,50,-1
0.784505,603,179596.488434,2,0,37,-1
1.351089,515,179614.220622,2,0,0,-1
1.315708,808,179644.767936,1,2,-14,71
0.646074,820,179674.917089,2,1,90,-1
1.253,725,179700.774377,1,2,-1,95
1.119694,645,179724.889639,1,2,-1,95
0.70718,855,179756.393296,1,2,-1,95
1.549948,707,179780.763824,1,2,-14,76
0.738805,737,179807.568867,1,2,-1,56
1.389,760,179833.886561,1,2,-1,12
1.843086,842,179863.882742,2,1,98,-1
1.32099,908,179896.17821,1,2,-1,5
1.168869,875,179926.280584,2,1,58,-1
0.667824,636,179949.516724,0,2,-12,15
1.774057,784,179976.61677,2,1,73,-1
1.137325,764,180003.960834,2,1,85,-1
1.243,830,180032.555279,1,2,-1,2
1.589937,839,180064.793204,2,1,40,-1
0.686,637,180088.033847,0,2,-1,2
1.503114,788,180115.99629,2,1,136,-1
0.579075,914,180147.953931,1,2,-1,35
1.551,832,180176.186274,1,2,-1,23
0.2,450,180191.929418,0,2,-1,138
1.639,876,180222.509783,1,2,-1,7
1.393089,636,180244.221632,2,0,0,-1
0.332,441,180259.471979,0,2,-1,119
0.975149,1166,180299.356098,2,1,5,-1
1.007553,926,180331.327959,1,2,-1,38
0.354969,680,180354.348462,1,2,-1,153
0.610399,746,180380.461669,1,2,-1,136
1.525929,800,180407.50079,2,1,16,-1
1.705,912,180439.178202,1,2,-1,9
1.289,732,180465.565374,1,2,-1,114
0.778589,670,180488.627329,2,0,30,-1
0.927375,508,180506.381432,2,0,12,-1
1.491578,442,180521.830184,2,0,71,-1
0.701215,768,180547.719007,1,2,-12,78
0.398681,847,180577.226015,1,2,-1,83
1.16499,875,180607.866549,1,2,-1,3
0.196,554,180627.016135,0,2,-1,176
0.163007,424,180640.651716,0,2,-1,133
2.001125,685,180664.837523,2,1,136,-1
1.318,900,180695.904816,1,2,-1,86
1.008086,817,180723.217364,1,2,-1,38
0.416307,902,180754.483253,1,2,-1,97
0.828125,658,180776.803891,1,2,-1,43
1.000929,976,180810.471807,1,2,-1,12
1.222243,839,180840.323011,2,1,56,-1
0.861929,1029,180875.694413,1,2,-1,10
0.662,602,180896.249324,0,2,-1,19
1.34099,1001,180930.663062,1,2,-1,0
1.427587,602,180951.236962,2,0,35,-1
0.68755,905,180983.117209,1,2,-1,71
1.515385,512,181000.737204,2,0,88,-1
1.698169,838,181029.111905,2,1,44,-1
0.727,707,181054.488427,1,2,-1,171
0.916827,1108,181092.925377,1,2,-1,104
0.93091,659,181115.358479,2,0,60,-1
0.901154,932,181147.535672,1,2,-1,19
0.887309,956,181180.51872,1,2,-1,65
0.661,614,181201.317256,0,2,-1,0
1.542,918,181233.3089,1,2,-1,68
1.485086,434,181248.394841,2,0,98,-1
0.689,669,181271.082172,0,2,-1,2
0.780358,939,181303.635856,1,2,-1,14
0.615528,781,181329.848539,1,2,-1,109
0.880139,552,181350.108975,2,0,94,-1
0.695835,740,181378.204898,0,2,-14,16
1.25599,729,181403.338687,1,2,-1,42
0.964529,749,181430.103888,1,2,-1,72
0.855117,1000,181464.694677,1,2,-1,7
1.056908,1017,181503.200608,1,2,-1,14
0.88469,557,181524.516006,2,0,34,-1
0.647468,546,181549.272996,2,0,32,-1
0.817362,730,181580.709392,2,0,17,-1
0.442,641,181610.249226,0,2,-1,87
2.047805,899,181648.216066,2,1,146,-1
0.537,537,181671.49506,0,2,-1,39
0.476399,702,181702.937592,1,2,-1,135
1.704,888,181741.070105,1,2,-1,2
1.121703,497,181762.162408,2,0,71,-1
0.278331,469,181779.117276,0,2,-1,151
0.538,530,181798.131217,0,2,-1,67
1.530529,483,181816.432058,2,0,97,-1
0.755784,471,181834.3816,2,0,85,-1
1.382125,896,181870.327236,1,2,-1,9
1.081709,1044,181911.23561,2,1,58,-1
0.661287,823,181944.365995,1,2,-1,17
1.593,753,181975.513414,1,2,-1,23
1.06599,871,182011.058339,1,2,-1,84
1.282946,732,182036.458035,2,1,131,-1
0.623306,888,182068.831553,2,1,49,-1
1.522815,556,182088.665209,2,0,90,-1
1.402838,715,182114.632682,2,1,64,-1
1.097125,668,182137.831434,1,2,-1,86
0.86453,744,182163.613132,2,1,76,-1
1.238397,912,182196.058518,2,0,59,-1
0.721089,1088,182234.330551,1,2,-1,19
1.047,1118,182273.442628,0,2,-1,6
0.423,518,182291.746731,0,2,-1,74
0.341,603,182314.048909,0,2,-1,114
1.429887,653,182336.793599,1,2,-1,59
1.462,696,182360.955773,1,2,-1,22
1.461529,389,182374.863368,2,0,97,-1
1.437412,775,182402.789365,2,1,25,-1
0.478,551,182422.304178,0,2,-1,66
1.646311,717,182447.18368,2,1,59,-1
0.584841,745,182473.013608,1,2,-1,115
0.813516,1064,182511.674787,1,2,-1,47
1.15452,996,182545.715074,2,1,47,-1
1.048682,589,182567.660421,2,0,57,-1
0.936812,942,182599.877799,1,1,58,-1
1.57,919,182632.224609,1,2,-1,46
0.86896,685,182656.99175,2,0,22,-1
1.174125,775,182683.580581,1,2,-1,3
0.033,578,182703.546815,0,2,-1,171
0.600318,848,182732.961057,1,2,-15,130
1.125684,1175,182773.056123,2,1,52,-1
1.18853,793,182800.733816,2,1,20,-1
0.522,555,182819.639074,0,2,-1,42
1.39,814,182846.902529,1,2,-1,123
1.35912,922,182878.784555,1,2,-15,48
0.816341,593,182898.815984,2,0,41,-1
1.204125,896,182929.726364,1,2,-1,21
1.36742,541,182948.138845,2,0,30,-1
0.411,469,182964.273667,0,2,-1,86
0.78199,810,182992.355428,1,2,-1,145
0.672,787,183018.660694,0,2,-1,6
0.676017,886,183049.307163,1,2,-1,124
0.557,504,183066.515312,0,2,-1,30
1.060269,1051,183102.483466,2,0,16,-1
0.798328,852,183131.944388,1,2,-1,70
0.696309,1022,183167.01359,1,2,-1,62
0.825031,900,183197.062662,2,1,51,-1
0.85726,978,183230.580051,1,1,11,-1
1.428017,660,183253.922275,2,1,82,-1
1.552858,862,183282.706395,2,1,56,-1
1.47735,396,183296.480055,2,0,107,-1
0.679,685,183319.619688,0,2,-1,16
0.786609,853,183349.184287,1,2,-15,86
1.289824,815,183377.469612,1,2,-1,156
1.125939,717,183401.599131,2,1,90,-1
0.880884,589,183421.613904,2,0,27,-1
1.015997,887,183452.242593,1,2,-1,16
0.769911,787,183478.592,1,2,-1,86
0.767832,588,183499.61387,2,0,54,-1
0.696089,872,183528.63062,1,2,-1,136
0.387,488,183545.279229,0,2,-1,107
0.675399,636,183567.972585,1,2,-1,156
0.391,662,183590.262078,0,2,-1,104
0.803498,635,183611.752258,2,0,25,-1
1.407602,656,183633.957661,2,0,26,-1
1.400169,465,183650.014787,2,0,44,-1
0.762381,768,183676.900888,1,2,-1,14
0.311169,816,183704.126677,1,2,-1,77
0.482,631,183726.521384,0,2,-1,74
1.135412,1100,183764.017469,2,1,56,-1
0.521,580,183783.713204,0,2,-1,18
1.115772,900,183814.643381,2,1,92,-1
0.94399,959,183846.544035,1,2,-1,29
0.353625,450,183862.013219,0,2,-9,111
0.740285,798,183889.719311,2,0,22,-1
0.893519,572,183909.149826,2,0,82,-1
0.958399,675,183931.92535,1,2,-1,67
1.023065,703,183956.66419,2,0,17,-1
1.414059,791,183983.129582,2,1,111,-1
0.64454,792,184010.654526,1,2,-1,98
0.973974,992,184044.567553,2,1,35,-1
1.557086,397,184058.363654,2,0,98,-1
0.649529,757,184083.675753,1,2,-1,130
0.695,606,184104.094277,0,2,-1,11
1.242614,943,184136.573084,2,1,113,-1
1.395929,491,184153.447011,2,0,16,-1
1.633,822,184181.949084,1,2,-1,9
1.414386,724,184206.256744,2,1,12,-1
0.723,620,184227.276729,0,2,-1,1
0.245,564,184246.367003,0,2,-1,144
1.482,806,184274.367651,1,2,-1,64
1.081017,891,184305.097267,1,2,-1,8
1.361587,481,184321.526511,2,0,35,-1
0.785829,1021,184356.477791,1,2,-1,86
0.97835,1019,184391.403807,1,2,-1,77
0.695,746,184416.490106,0,2,-1,0
1.034254,1095,184453.780254,2,1,65,-1
0.323,471,184469.955527,0,2,-1,122
1.154086,932,184502.110032,1,2,-1,9
1.723386,780,184528.234031,2,1,12,-1
0.920999,812,184556.468343,1,2,-1,36
0.816132,702,184580.115916,2,1,103,-1
0.772067,644,184602.96266,2,0,36,-1
0.949399,745,184627.967215,1,2,-1,59
1.387516,578,184647.612485,2,1,68,-1
1.367412,606,184668.207059,2,0,25,-1
0.464858,866,184698.136051,1,2,-1,79
0.846122,800,184725.987826,1,2,-1,79
1.51018,909,184756.204917,2,1,1,-1
0.910025,638,184778.728105,1,2,-1,104
1.731018,920,184809.318504,2,1,9,-1
1.454,716,184834.465772,1,2,-1,4
0.844787,960,184867.46533,1,2,-1,74
1.62399,466,184883.509875,2,0,137,-1
1.701824,868,184912.423434,1,2,-1,5
1.458578,432,184927.787811,2,0,71,-1
1.63,790,184955.783979,1,2,-1,7
1.432309,486,184972.447579,2,0,50,-1
1.011,708,184996.303634,1,2,-1,150
1.367787,488,185013.042328,2,0,15,-1
1.024226,1218,185054.193357,1,2,-1,14
1.70618,990,185088.295041,2,1,1,-1
0.779529,919,185119.919421,1,2,-1,9
1.489,864,185149.802746,1,2,-1,2
1.114805,654,185171.897174,2,1,6,-1
0.832847,1129,185210.585248,1,1,-1,-1
1.388075,457,185226.320764,2,0,17,-1
1.363866,468,185242.412335,2,0,32,-1
1.272,632,185263.822884,1,2,-1,87
1.537447,654,185287.010139,2,0,104,-1
0.736487,622,185308.004247,2,0,31,-1
1.283,736,185332.716922,1,2,-1,6
1.53,766,185359.473996,1,2,-1,49
1.3125,664,185381.814859,2,1,45,-1
1.192,751,185408.088192,1,2,-1,107
0.437999,880,185437.401291,1,2,-1,171
0.802424,736,185463.143094,2,0,27,-1
1.444238,417,185476.539157,2,0,66,-1
1.601,820,185504.924674,1,2,-1,40
0.245,566,185524.154885,0,2,-1,130
1.245,698,185548.76602,1,2,-1,129
0.865,790,185575.220346,0,2,-1,7
1.103997,905,185606.318512,1,2,-1,9
0.934,693,185629.564882,1,2,-1,167
1.392137,460,185645.435711,2,0,10,-1
0.935017,868,185675.357002,1,2,-1,40
1.177,686,185698.469324,1,2,-1,176
1.229125,782,185725.636396,1,2,-1,28
0.294,674,185748.291389,0,2,-1,119
1.139,760,185773.746666,1,2,-1,32
1.408866,621,185795.811855,2,0,32,-1
0.156,414,185810.214093,0,2,-1,176
1.048892,945,185841.880327,1,2,-1,4
1.278,816,185870.819234,1,2,-1,27
1.392705,404,185885.127732,2,0,21,-1
1.779245,679,185908.111991,2,1,170,-1
1.28199,1090,185945.447962,1,2,-1,3
1.358169,551,185964.299602,2,0,44,-1
0.721744,490,185981.154787,2,0,36,-1
1.441232,543,185999.607066,2,0,41,-1
0.567429,781,186026.769906,1,2,-17,41
0.700232,701,186050.523108,1,2,-1,72
0.762354,817,186078.950279,1,2,-1,78
1.19599,1016,186113.680104,1,2,-1,38
1.216,670,186136.315576,1,2,-1,88
1.418,850,186165.835827,1,2,-1,12
1.29,608,186186.508924,1,2,-1,45
0.717083,843,186215.865503,2,0,1,-1
1.417232,508,186233.251806,2,0,41,-1
0.863254,632,186254.583452,2,0,16,-1
1.670232,815,186282.045257,2,1,41,-1
1.370018,532,186300.264777,2,0,9,-1
1.134116,545,186318.941702,2,0,146,-1
0.336,580,186339.779391,0,2,-1,83
0.653,488,186356.63415,0,2,-1,20
1.019217,467,186372.060641,2,0,24,-1
0.564637,998,186406.324253,1,2,-12,108
0.536,638,186429.084223,0,2,-1,36
0.827399,795,186455.7142,1,2,-1,73
1.12399,695,186480.2341,1,2,-1,4
1.426206,470,186496.456603,2,0,29,-1
0.788655,741,186521.460648,2,0,15,-1
1.435109,530,186539.62234,2,0,52,-1
1.072286,994,186573.761458,2,1,77,-1
0.294797,728,186598.227551,1,2,-1,130
1.405866,497,186615.208413,2,0,32,-1
0.733583,991,186649.10902,2,1,2,-1
1.039548,985,186682.937202,1,2,-1,39
1.813925,889,186713.69929,2,1,49,-1
0.92,587,186733.669804,1,2,-1,132
1.484,743,186759.673327,1,2,-1,81
0.806759,1126,186798.113843,1,2,-11,78
0.933,695,186821.560633,1,2,-1,95
0.66876,721,186845.947134,0,2,-1,11
1.738,790,186873.519073,1,1,-1,5
0.451999,826,186902.201453,1,2,-1,82
1.440812,472,186918.499713,2,0,58,-1
1.36034,534,186936.855342,2,0,34,-1
1.689075,836,186964.842419,2,1,17,-1
0.886399,713,186989.865893,1,2,-1,56
0.895,852,187018.447248,0,2,-1,61
1.708,841,187047.676794,1,2,-1,11
0.928049,824,187076.278034,1,2,-1,26
1.342,753,187101.65935,1,2,-1,4
1.196,690,187124.850131,1,2,-1,100
0.562,668,187148.619611,0,2,-1,55
1.472,793,187175.356442,1,2,-1,0
0.831756,600,187195.646766,2,0,113,-1
0.242,540,187214.104052,0,2,-1,150
1.198,599,187235.483227,1,2,-1,130
0.917,637,187257.053833,1,2,-1,125
0.956361,533,187275.275743,2,0,3,-1
1.203007,603,187295.801008,1,2,-15,88
0.536,557,187314.749787,0,2,-1,65
1.379472,457,187330.500588,2,0,4,-11.0.561,589,187350.528913,0,2,-1,14
1.513,716,187375.596397,1,2,-1,17
0.889154,496,187392.602021,2,0,72,-111.474309,834,187420.552877,2,1,50,-0.61.550887,671,187444.299581,1,2,-130.746529,830,187471.32168,1,2,-1,21
1.484948,1113,187509.297413,2,1,95,-1
0.522373,843,187538.610888,1,2,-1,40
0.708133,731,187563.191986,2,0,22,-1
0.269,661,187586.50317,0,2,-1,139
0.727625,779,187612.6683,1,2,-1,25
1.384089,455,187628.411256,2,0,0,-1
1.41850.955307,881,187645.816573,2,1,81.74131.242,713,187669.795447,1,2,-1,100.91.306,744,187695.971522,1,2,-1,9
0.802,636,187717.572169,1,2,-1,176
0.884854,880,187748.02866,2,1,124,-1
1.034544,844,187776.313129,1,2,-1,123
1.483,744,187802.372544,1,2,-1,45
1.293,806,187830.462826,1,2,-1,21
0.998,909,187860.791486,0,2,-1,21
1.371275,723,187886.148012,2,0,2,1
1.135887,726,187910.610361,1,2,-13,44
1.681,837,187939.669398,1,2,-1,28
0.362,580,187959.317935,0,2,-1,79
0.974587,940,187991.711554,1,2,-1,35
0.856814,563,188010.949322,2,0,53,-1
0.607,498,188028.076031,0,2,-1,23
0.851857,580,188047.823342,2,0,2,-1
1.6541251.017018,989,188076.565773,1,2,0.372,50.649829,806,188103.573187,10.830846,70.414,531,188121.684953,0,2,-0.53,701.289,679,188144.689993,1,21.4395351.002529,927,188176.713028,1,2,-1,3
1.54234,781,188203.973184,2,1,34,-1
1.103959,514,188221.543853,2,01.18549,0.436275,859,188250.217856,1,2,-1,118
0.973018,996,188284.380225,1,2,-1,9
1.308,771,188311.314188,1,2,-1,58
0.594086,653,188333.447115,1,2,-1,24
1.473824,502,188350.728934,2,00.9173091.046827,814,188379.060956,1,21.5880931.51,750,188404.26093,1,2,-1,0.920.692,690,188428.616426,0,2,-1,0
1.424,756,188454.078132,1,2,-1,16
1.15,661,188476.481185,1,2,-1,17600.969381,1032,188511.822141,1,2,-1,10.90.86199,704,188536.533747,1,2,-1,111.41.40565,520,188554.288635,2,0,14,-101.639,773,188580.298784,1,2,-1,17
01.342,807,188598.950098,1,2,-1,0
0.60.82018,995,188633.335932,1,2,-1,6
0.694,689,188657.596345,0,2,-1,12
0.639,670,188680.213048,0,2,-1,16
1.533,788,188706.696816,1,2,-1,10
0.822637,815,188735.060103,2,1,0,-1
0.66,670,188757.66017,0,2,-1,7
0.649,611,188779.402248,0,2,-1,24
0.716787,995,188813.571236,1,2,-1,123
1.785017,807,188840.506362,2,1,96,-1
0.72634,913,188872.020541,1,2,-1,149
1.166827,942,188904.383221,1,2,-1,17
0.985814,829,188932.186846,1,2,-1,38
1.178034,846,188961.703163,1,1,122,-1
1.086,808,188989.715443,1,2,-1,166
0.634311,741,189014.557691,1,2,-1,133
0.718941,790,189042.144057,2,0,46,-1
1.621,749,189067.315351,1,2,-1,36
1.407516,585,189087.10113,2,0,13,-1
1.467578,503,189104.321411,2,0,71,-1
0.955582,924,189136.204896,1,2,-1,1.020.471,563,189155.409783,0,2,-1,87
1.081,698,189178.878732,1,2,-1,93
1.364528,723,189204.304475,2,0,53,24
0.354694,576,189223.912624,0,2,-1,1131.1.404,688,189247.090774,1,2,-1,290.0.485,553,189265.977901,0,2,-1,77
0.767529,873,189296.230197,1,2,-1,3
1.542,869,189319.808247,1,2,-1,4
1.597979,764,189346.525974,2,1,137,-1
0.671747,625,189367.795712,2,0,4,-1
1.550625,851,189397.314274,1,2,-1,40
0.925075,1397,189445.427345,1,2,-1,67
0.309,821,189472.926708,0,2,-1,115
1.293948,696,189497.380945,1,2,-14,46
0.225,479,189512.842794,0,2,-1,125
0.814089,991,189547.018361,1,2,-1,67
0.808564,777,189574.178308,1,2,-13,132
0.793385,715,189598.364524,1,2,-1,55
0.718415,1008,189632.906369,1,2,-13,56
1.695,962,189666.037179,1,2,-1,16
0.536829,992,189699.939887,1,2,-1,151
1.075447,843,189729.734792,1,2,-1,50
0.822086,763,189755.280212,1,2,-1,31
0.703797,940,189787.67269,1,2,-1,4
1.186903,1065,189824.167361,2,1,6,-1
1.074939,1024,189859.085508,2,1,25,-1
1.448703,516,189876.732001,2,0,51,-1
1.350625,893,189907.587348,1,2,-1,60
0.293,344,189919.658243,0,2,-1,9
0.869086,854,189948.115963,1,2,-1,24
0.723386,960,189981.207589,1,2,-1,11
1.559,676,190003.970442,1,2,-1,67
1.399,700,190028.629194,1,2,-1,16
0.981025,685,190051.693346,1,2,-1,129
0.56664,838,190080.831526,1,2,-1,171
1.678125,397,190094.7042,2,0,136,-1
1.40679,729,190119.22367,2,0,7,0
0.341174,408,190133.355111,0,2,-18,135
1.565827,541,190151.7912.055477,905,1900.726,854,190181.463093,0,2,-1,0
1.737372,809,190208.573431,2,1,3,-1
1.578206,807,190236.629163,2,1,29,-1
0.954086,892,190266.380568,1,2,-1,0
0.534086,676,190290.350448,1,2,-1,131
2.01299,966,190323.512581,2,1,137,-1
0.998999,785,190349.888633,1,2,-1,14
1.05438,532,190368.038656,2,0,92,-1
1.096,656,190390.328196,1,2,-1,130
0.433,592,190411.473667,0,2,-1,93
1.071,823,190439.037564,1,2,-1,95
1.525815,514,190456.672056,2,0,90,-1
1.038,657,190479.94265,1,2,-1,166
0.694,609,190500.615081,0,2,-1,6
1.97799,752,190525.953261,2,1,137,-1
1.337795,778,190553.167664,2,1,146,-1
1.713,965,190586.341909,1,2,-1,7
0.858292,603,190606.895194,2,0,2,-1
0.925324,622,190627.994236,2,0,66,-1
0.774123,702,190651.619551,2,0,17,-1
1.249,785,190679.038212,1,2,-1,141
1.281773,933,190711.214733,1,2,-1,4
1.486089,814,190738.446623,2,1,0,-1
1.334,862,190768.356335,1,2,-1,126
0.799184,762,190793.93961,2,0,59,-1
1.592827,508,190811.365343,2,0,113,-1
1.610516,872,190841.619754,2,1,68,-1
1.105453,1015,190876.351115,2,1,32,-1
1.599245,709,190901.297957,2,1,66,-1
1.185397,1035,190936.780336,2,1,73,-1
1.112,594,190956.992792,1,2,-1,109
1.313,707,190980.672019,1,2,-1,80
1.704,850,191010.181334,1,2,-1,6
0.77891,527,191028.19063,2,0,19,-1
1.135,694,191051.523937,1,2,-1,92
0.414,689,191074.768033,0,2,-1,94
0.534288,775,191101.854126,1,2,-1,98
1.111625,1074,191138.575519,1,2,-1,7
0.968209,1246,191181.831536,1,2,9,12
1.512,744,191206.771321,1,2,-1,64
1.003089,512,191224.320247,2,0,33,-1
0.90491,651,191246.330966,2,0,57,-1
1.028311,968,191279.584796,1,2,-1,26
0.978938,712,191304.589864,2,1,96,-1
1.056157,489,191320.330678,2,0,64,-1
0.723694,944,191352.823591,2,1,12,-1
1.407929,589,191372.832579,2,0,16,-1
1.247694,650,191395.914926,1,2,-1,120
0.900854,790,191422.368222,2,1,65,-1
0.724689,880,191452.804572,2,1,19,-1
1.106922,813,191481.181892,1,2,-1,8
0.320553,928,191512.043741,1,2,-1,171
0.635,529,191530.117314,0,2,-1,10
1.576125,390,191543.741166,2,0,136,-1
1.11699,933,191575.755896,1,2,-1,28
1.072897,451,191591.327,2,0,134,-1
0.576797,871,191621.593383,1,2,-1,10
1.383,679,191644.481495,1,2,-1,29
1.366089,577,191664.05369,2,0,0,-1
1.380948,938,191696.320376,1,2,-1,22
1.4015,553,191715.173295,2,0,45,-1
1.407,843,191744.401582,1,2,-1,38
0.712,678,191767.170483,0,2,-1,3
1.395275,595,191787.397117,2,0,2,-1
1.399,784,191814.716764,1,2,-1,114
1.55279,509,191832.152903,2,0,102,-1
0.422,583,191851.94426,0,2,-1,100
1.513,917,191883.638159,1,2,-1,59
0.728244,686,191906.79482,2,0,9,-1
0.414307,783,191933.086911,1,2,-1,134
1.238,731,191958.677783,1,2,-1,171
1.318874,411,191973.030965,2,0,22,-1
1.446,722,191997.291783,1,2,-1,26
0.771575,994,192031.43404,1,2,-1,31
0.916714,860,192061.228868,1,2,-13,83
0.569,590,192081.270113,0,2,-1,44
0.407887,659,192103.615276,0,2,-13,100
1.598,817,192131.985739,1,2,-1,35
1.557,753,192157.354367,1,2,-1,47
1.463307,543,192175.91668,2,0,72,-1
0.964564,504,192193.188219,2,0,5,-1
1.56621,899,192224.146927,2,1,12,-1
0.654829,943,192256.6515,1,2,-1,156
1.00542,858,192286.277081,1,2,-1,18
1.722,946,192317.73388,1,2,-1,7
1.636,1236,192360.733079,1,2,-1,10
0.411,531,192378.883949,0,2,-1,88
1.135,590,192398.916604,1,2,-1,40
0.855858,825,192427.636104,1,2,-1,61
1.26299,1133,192466.180099,1,2,-1,4
1.178,628,192487.385807,1,2,-1,43
1.373472,560,192506.413981,2,0,4,-1
1.488,720,192531.741897,1,2,-1,25
1.235372,634,192553.221773,2,1,3,-1
0.953,605,192573.849585,1,2,-1,176
1.355,776,192599.917762,1,2,-1,58
0.564,723,192625.337754,0,2,-1,37
1.507325,439,192640.564689,2,0,106,-1
1.398,964,192673.66013,1,2,-1,26
1.14799,851,192702.047191,1,2,-1,81
1.45626,952,192734.750536,2,1,11,-1
0.971956,845,192764.063532,2,1,14,-1
0.519,496,192781.057353,0,2,-1,60
1.388075,723,192805.367589,2,0,17,1
1.603505,470,192821.559233,2,0,116,1.501.009065,1050,192857.525122,2,1,7,-1
1.56387,437,192872.612507,2,00.99099,81.40679,607,192893.28226,2,01.560721.549,868,192923.212224,1,2,-1,1.070.856969,1024,192958.219024,1,2,-1,94
1.430587,567,192977.592535,2,0,35,-1
1.316,870,193007.685006,1,2,-1,16
0.362,579,193027.385762,0,2,-1,113
1.058429,1115,193065.381171,2,1,0,-1
1.395824,738,193090.110593,1,2,-12,44
1.438934,699,193114.727844,1,2,-18,67
0.706,701,193138.462131,0,2,-1,1
1.121827,886,193169.108791,1,2,-1,14
1.185,827,193196.786772,1,2,-1,4
1.886122,885,193227.233656,2,1,94,-1
0.820821,524,193245.128884,2,0,38,-1
0.438887,513,193262.73952,0,2,-13,105
0.703104,743,193288.746644,1,2,-1,64
0.814637,790,193315.137588,1,2,-12,22
0.818162,520,193332.886306,2,0,17,-1
1.491049,446,193348.262754,2,0,79,-1
1.56135,414,193362.657969,2,0,107,-1
0.600309,850,193392.188685,1,2,-1,19
0.894827,937,193423.40348,1,2,-1,39
1.571137,807,193451.3845,2,1,10,-1
2.1,439,193466.585389,2,0,176,-1
0.484325,709,193490.359483,1,2,-1,126
1.085,723,193515.782353,1,2,-1,105
1.009,792,193542.307608,1,2,-1,164
1.074104,1006,193576.832137,1,1,-1,5
1.449812,575,193596.338138,2,0,58,-1
1.481275,877,193626.7309,2,1,2,-1
0.873907,588,193646.669307,2,0,56,-1
1.361,711,193671.681043,1,2,-1,21
0.705,717,193695.818879,0,2,-1,0
0.352,680,193718.799961,0,2,-1,118
1.367104,474,193735.182982,2,0,37,-1
1.561,974,193768.577043,1,2,-1,15
0.721358,799,193796.273687,1,2,-1,20
1.335,806,193823.261934,1,2,-1,5
0.527,554,193842.039264,0,2,-1,31
1.62918,799,193870.297678,2,1,1,-1
0.134829,788,193896.630047,1,2,-1,165
0.89299,865,193926.583097,1,2,-1,137
1.009602,1027,193961.671498,1,2,-1,25
1.524,1014,193996.34129,1,2,-1,1
0.976086,902,194027.449904,1,2,-1,79
0.87799,848,194056.783114,1,2,-1,98
1.710896,1033,194092.171767,2,1,62,9
1.589,784,194118.364462,1,2,-1,56
0.936614,890,194149.185324,2,1,15,-1
1.398,839,194177.261964,1,1,-1,-1
1.435896,789,194204.806229,2,1,62,-1
0.778575,1049,194240.718046,1,1,-1,-1
0.718,643,194262.459965,0,2,-1,3
1.581,907,194293.792261,1,2,-1,14
0.860713,637,194315.368222,2,0,34,-1
0.731292,559,194334.412783,2,0,64,-1
1.400464,963,194367.592059,2,1,136,-1
1.268361,699,194392.261708,2,0,152,-1
1.197829,996,194426.399662,2,1,58,-1
1.452858,502,194443.575335,2,0,56,-1
1.032126,1046,194479.406105,2,1,11,-1
0.933535,865,194508.270659,1,2,-1,46
0.696434,856,194537.958333,2,1,43,-1
1.222948,743,194562.96126,1,2,-14,139
1.37979,514,194580.521806,2,0,7,-1
1.100841,1109,194619.512833,1,2,-1,3
0.272,629,194640.804296,0,2,-1,144
1.115033,1070,194677.347741,1,2,-1,22
0.830857,651,194699.343664,2,0,2,-1
1.404887,701,194724.015168,1,2,-1,72
1.258922,1018,194758.689981,1,2,-1,12
1.562,758,194784.171207,1,2,-1,1
1.373472,610,194804.885366,2,0,4,-1
1.429797,455,194820.590253,2,0,27,-1
1.531,736,194846.441243,1,2,-1,30
0.548824,518,194864.173953,0,2,-1,65
0.714948,701,194887.811449,0,2,-14,1
0.428,628,194909.101611,0,2,-1,10
0.503,997,194943.278592,0,2,-1,113
1.565,809,194971.353672,1,2,-1,31
0.994067,982,195005.0114,2,1,11,-1
1.206,670,195027.637036,1,2,-1,89
0.600887,595,195047.84918,0,2,-13,39
1.511093,448,195063.319478,2,0,86,-1
1.447139,829,195092.035211,2,1,114,-1
0.911196,412,195105.222326,2,0,29,-1
0.702,849,195134.623961,0,2,-1,1
1.209,849,195164.150969,1,2,-1,90
0.853829,610,195184.799506,2,0,70,-1
1.430937,498,195201.915097,2,0,40,-1
1.278,831,195229.733799,1,2,-1,74
1.241937,744,195255.846835,2,1,49,-1
0.581,724,195280.312725,0,2,-1,8
1.661057,682,195304.352826,2,1,73,-1
0.346,571,195323.850601,0,2,-1,136
0.63718,862,195352.624712,1,2,-1,101
1.256,823,195381.320622,1,2,-1,156
1.692587,860,195411.169017,2,1,35,-1
1.535625,729,195435.715536,1,2,-9,43
0.850446,726,195461.151769,2,0,48,-1
0.867385,764,195486.848721,1,2,-1,102
0.68299,750,195513.176735,1,2,-1,146
0.951093,979,195545.658299,1,1,86,-1
0.896509,1029,195580.986056,2,1,34,-1
1.672,1158,195621.306393,1,2,-1,12
0.978,654,195643.401923,1,2,-1,119
1.359929,527,195661.381347,2,0,16,-1
1.82735,716,195685.444395,2,1,107,-1
1.495592,449,195700.915339,2,0,103,-1
1.155,660,195724.270938,1,2,-1,68
1.627824,869,195753.257484,1,2,-12,15
1.366,853,195782.756972,1,2,-1,118
1.297,694,195806.161385,1,2,-1,132
1.217948,670,195829.903006,1,2,-1,117
0.910871,877,195859.216318,1,2,-1,23
0.896922,996,195893.379927,1,2,-1,2
1.664948,1067,195929.858834,1,2,-14,16
1.52835,378,195943.052509,2,0,107,-1
0.42,551,195961.773373,0,2,-1,100
0.953571,538,195980.144781,2,0,14,-1
1.676892,711,196005.196244,2,1,82,-1
0.616,743,196030.286094,0,2,-1,42
1.139959,890,196060.977398,2,1,73,-1
1.361169,466,196076.990748,2,0,44,-1
0.577359,1072,196113.689265,2,1,11,-1
0.958922,921,196145.318683,1,2,-1,92
1.108582,995,196179.555026,1,2,-1,24
0.791619,739,196204.357567,2,0,7,-1
0.668969,852,196233.896624,1,2,-1,4
1.38,723,196258.227052,1,2,-1,94
0.852311,959,196291.283372,1,2,-1,77
0.655,503,196308.511931,0,2,-1,9
1.480516,445,196323.8697,2,0,68,-1
1.72511,735,196348.62504,2,1,107,-1
1.236535,930,196380.711848,2,1,14,-1
0.969233,533,196398.940912,2,0,25,-1
1.719805,361,196411.604617,2,0,146,-1
1.121341,979,196445.248324,2,1,3,-1
0.996091,620,196466.305274,2,0,44,-1
0.69134,860,196496.139184,1,2,-1,108
0.781516,936,196527.262325,1,2,-1,81
1.390718,867,196557.251216,2,1,83,-1
1.597925,724,196582.678775,2,1,49,-1
2.061,691,196605.930186,2,1,176,-1
0.847911,580,196625.614592,2,0,94,-1
1.347,732,196650.173663,1,2,-1,38
1.815841,888,196680.786669,2,1,46,-1
1.23,764,196707.473961,1,2,-1,23
0.292,622,196728.508857,0,2,-1,150
1.439703,593,196748.60297,2,0,51,-1
1.412937,506,196765.957669,2,0,40,-1
0.782412,914,196797.424814,1,2,-1,25
0.485887,525,196815.358844,0,2,-1,30
1.03581,823,196842.887705,1,2,-1,8
0.944922,854,196872.449304,1,2,-1,15
1.439,783,196899.836002,1,2,-1,3
0.58,520,196917.587505,0,2,-1,44
1.315,790,196944.071887,1,2,-1,146
1.621,824,196972.706983,1,2,-1,33
0.790089,696,196996.207663,2,0,11,-1
1.218562,903,197027.372574,2,1,53,-1
1.124,611,197048.033323,1,2,-1,176
0.637,722,197073.455212,0,2,-1,22
1.366866,566,197092.708057,2,0,32,-1
1.691,949,197125.399424,1,2,-1,6
1.849897,798,197152.083285,2,1,83,-1
1.684,801,197179.976227,1,2,-1,14
0.80252,474,197196.278913,2,0,47,-1
0.62217,730,197220.827715,0,2,-3,53
0.794013,774,197246.748181,2,0,12,-1
1.342,716,197272.004819,1,2,-1,68
0.329,473,197288.323511,0,2,-1,100
1.55454,733,197312.955158,2,1,20,-1
0.704827,845,197342.243524,1,2,-1,94
1.174,732,197366.919867,1,2,-1,151
1.87599,755,197393.378019,2,1,137,-1
1.371902,509,197410.883709,2,0,8,-1
1.665805,413,197425.210391,2,0,146,-1
1.110111,409,197438.306274,2,0,94,-1
1.454,942,197470.860378,1,2,-1,84
1.022,603,197491.304526,1,2,-1,75
1.423206,452,197506.870.86199,761,19751.562414,489,197523.0.698,671,197539.581.314,860,1975531.433627,609,197560.1.379386,552,197570.660007,711,197585.1.471,723,197596.71.308,888,197614.0.665238,805,197621.630535,896,1976451.36738,814,197650.655,867,197675.90071.128017,863,0.831086,773,197701.811811.448,768,1971.428007,746,197728.011.05589,875,197731.384372,671,197750.1.356275,448,1970.563824,953,197783.465942,1,2,-1,122
0.622529,757,197810.038391,1,2,-1,111
1.332,725,197834.437429,1,2,-1,122
1.393,775,197860.41324,1,2,-1,14
0.207,402,1978740.702,549,197876.3080.928465,1187,197915.810119,2,1,40,-1
0.801129,662,197938.10798,2,0,53,-1
1.16,656,197960.248087,1,2,-1,78
1.456,699,197983.834453,1,2,-1,74
1.136597,753,198010.164857,2,1,77,-1
1.63,737,198034.972054,1,2,-1,24
0.67112,619,198057.081379,0,2,-17,23
1.537917,488,191.253566,1018,198079.231.666,722,1980981.054003,925,1981111.403787,490,1981141.603,731,198135.681146,1,2,-1,15
1.511,885,198166.201078,1,2,-1,82
0.648086,837,198194.222955,1,2,-1,87
1.065942,673,198218.039691,2,0,146,-1
0.003,407,198232.215189,0,2,-1,144
1.085785,1067,198268.663686,2,1,25,-1
1.060307,1040,198304.2252,1,2,-1,26
1.77634,857,198332.843703,2,1,34,-1
0.87921,546,198351.389652,2,0,6,-1
1.069354,888,198382.361809,1,2,-1,76
1.552372,762,198408.975982,2,1,3,-1
0.96617,472,198425.193344,2,0,1,-1
0.896261,528,198443.171474,2,0,34,-1
1.499287,523,198461.123008,2,0,77,-1
0.77584,623,198482.181429,2,0,66,-1
1.235125,879,198512.608138,1,2,-1,48
1.564,772,198538.564602,1,2,-1,45
1.669,835,198567.472669,1,2,-1,22
1.353,783,198593.674533,1,2,-1,60
1.348381,483,198610.293179,2,0,19,-1
1.524391,412,198624.546754,2,0,92,-1
0.967192,938,198656.888224,1,2,-1,301.33365,404,198670.980307,2,0,14,-1
1.029412,1190,198704.773229,1,2,-1,0.31.094517,483,198720.266889,2,0,50.69781.53,843,198749.565085,1,2,-1,691.0.381,499,198766.717425,0,2,-1,11900.763332,926,198798.629037,2,1,6,-1
0.393,511,198816.07782,0,2,-1,105
1.084227,1076,198852.81498,2,1,46,-1
1.093929,962,198885.871978,2,1,33,-1
0.963709,643,198907.593286,2,0,15,-1
1.176227,807,198935.773105,2,1,81,-1
1.605,958,198968.696457,1,2,-1,21
0.644922,680,198991.703922,1,2,-1,114
1.463528,448,199007.120694,2,0,53,-1
1.402,699,199030.592187,1,2,-1,43
0.37,521,199048.444483,0,2,-1,120
0.695969,756,199074.834048,1,2,-1,69
1.004326,585,199094.745157,2,0,134,-1
0.753827,819,199122.11572,1,2,-1,151
0.853054,823,199150.739809,2,1,4,-1
0.931196,443,199166.039808,2,0,2,-1
10.727614,827,199189.834634,2,0,34,-101.546,790,199217.403082,1,2,-1,62
1.622,966,199250.644084,1,2,-1,23
0.91099,676,199273.431689,1,2,-1,62
0.385307,678,199296.230443,1,2,-1,1760.542787,927,199315.872038,1,2,-1,84
1.508,821,199344.291244,1,2,-1,74
1.748651,818,199372.728637,2,1,39,-11.202086,1026,199407.282103,1,2,-1,3
0.994668,987,199441.202016,2,1,36,-1
1.285,686,199464.415733,1,2,-1,36
0.548889,522,199482.293567,0,2,-12,5510.890367,540,199500.706696,2,0,20,1.780.839249,510,199518.149162,2,0,19,-0.80.840006,651,199540.171223,2,0,0,-10.1.661528,700,199564.837883,2,1,53,-10.1.407,863,199593.713039,1,2,-1,71
1.22782,948,199626.458534,1,2,-1,1761.1.625,795,199654.153161,1,2,-1,810.515,813,199681.315382,0,2,-1,60
1.103223,931,199713.423938,1,2,-1,60
0.928,719,199738.726251,1,2,-1,1.0270.624137,796,199765.406066,1,2,-11.071311,1076,199795.083716,1,2,-1,8
1.416276,888,199824.75317,2,1,77,-1
0.822385,979,199858.432169,1,2,-1,13
1.491482,765,199885.129103,1,2,-1,28
0.79799,906,199916.40077,1,2,-1,158
1.626,959,199948.464705,1,2,-1,4
0.667575,959,199981.477317,1,2,-1,114
0.693574,798,200009.33246,2,0,5,-1
0.401555,414,200023.76146,0,2,-1,111
1.384,782,200049.979403,1,2,-1,54
0.532,614,200070.887267,0,2,-1,55
0.635,720,200096.319329,0,2,-1,23
0.349309,711,200120.330389,1,2,-1,94
0.71026,873,200150.629239,1,2,-1,117
1.461,852,200180.247855,1,1,-1,97
1.40018,626,200201.380404,2,0,1,-1
0.68,652,200223.428989,0,2,-1,14
1.462238,402,200237.492125,2,0,66,-1
0.961343,559,200256.470128,2,0,68,-1
0.892508,810,200284.64366,2,0,6,0
0.97435,1016,200319.475839,1,2,-1,50
0.83599,853,200348.023424,1,2,-1,176
1.735575,909,200379.448393,2,1,5,-1
1.241425,985,200413.324504,2,1,83,-1
0.518232,867,200443.422061,1,2,-1,70
0.712858,690,200466.80975,2,0,12,-1
0.347,677,200489.627702,0,2,-1,115
1.453841,457,200505.375031,2,0,46,-1
0.757874,856,200535.111079,1,2,-1,13
1.367999,479,200551.557439,2,0,28,-1
1.500925,496,200568.509333,2,0,49,-1
0.86526,905,200599.649221,1,2,-1,73
1.648,695,200623.201622,1,2,-1,19
0.663,647,200645.099967,0,2,-1,15
2.055,444,200660.789627,985,200662.71.536,785,200687.1.020535,1075,2001.497,871,200716.921231.598,780,2001.839447,866,200746.91.76,1037,200762.11.060606,1165,200786.409222,2,1,6,-1
0.764585,780,200813.646825,2,0,2,-1
1.561592,407,200827.816851,2,0,103,-1
1.95087,747,200852.958385,2,1,115,-1
1.439121,917,200884.572132,2,1,134,-1
1.604325,467,200900.718486,2,0,106,-1
1.463311,551,200919.542295,2,0,59,-1
1.407929,6560.980017,793,200941.8945641.13399,853,200971.188003,1,1,-1,82
0.86899,669,200993.728172,1,2,-1,113
0.983582,855,201023.441806,1,2,-1,48
1.401581,700,201047.118661,1,2,-13,100
1.539086,548,201065.825788,2,0,98,-1
1.484048,844,201095.035558,2,1,23,-1
0.378,536,201113.339284,0,2,-1,110
1.358386,491,201130.193267,2,0,12,-1
1.552,977,201163.814829,1,2,-1,53
1.11,761,201189.371598,1,2,-1,146
1.348,686,201213.553177,1,2,-1,110
0.871776,489,201229.221191,2,0,48,-1
0.630516,828,201258.050158,1,2,-1,71
1.391007,867,201287.993539,1,2,-1,86
0.449,578,201307.53578,0,2,-1,84
0.89899,708,201331.447033,1,2,-1,31
1.503385,561,201350.608465,2,0,88,-1
1.435651,509,201368.087815,2,0,39,-1
1.409681,472,201380.808829,926,2013841.247,800,201412.2620.504309,953,201.338,776,201438.242007,1,2,-1,119
0.958096,618,201460.246695,2,0,2,-1
1.438309,548,201478.9850480.662892,9130.858815,870,201507.92401.728,831,2010.574309,953,201540.731.614948,968,2010.610703,1127,201579.27754,1,2,-1,11
1.402472,527,201597.270595,2,0,4,-1
0.599226,845,201626.548935,1,2,-1,119
1.383575,510,200.778484,858,201649.761.715,942,201676.573655,1,2,-1,16
0.73054,1073,201713.248244,1,2,-1,96
0.945093,698,201736.726275,1,2,-10,136
1.312018,978,201770.215642,2,1,9,-1
0.494529,882,201800.780408,1,2,-1,106
1.756,898,201831.794192,1,1,-1,-1
1.663,974,201865.325132,1,2,-1,7
0.186,391,201877.964593,0,2,-1,90
1.356824,708,201902.765625,1,2,-1,70
1.477516,4990.847075,1169,201932.008081.528183,527,1.400018,568,201951.407720.906792,5700.437,659,201973.67577,0,1.035249,1.424528,438,201988.784391,21.56435,460.642,589,202008.78079,0,2,-1.74080.635309,741,202033.756327,1,2,-1,150
1.296,827,202062.403712,1,2,-1,151
0.636587,838,202091.488775,1,2,-1,138
1.154969,949,202123.085371,1,2,-1,0
1.755,837,202152.100876,1,2,-1,0
1.515,788,202179.640748,1,2,-1,75
1.675086,644,202201.357294,2,1,98,-1
1.392137,559,202220.358133,2,0,10,-1
1.367,793,202248.003041,1,2,-1,115
0.711928,536,202266.347997,2,0,16,-1
1.468815,422,202279.915706,2,0,901.0080.347,523,202297.806527,0,2,-1,9511.784528,907,202329.075313,2,1,53,-1.60.91799,728,202354.64176,1,2,-1,1001.1.554,761,202380.182589,1,2,-1,510.1.579,642,202401.86231,1,2,-1,40
1.524391,491,202418.765742,2,0,92,-11.408,1002,202436.019582,1,2,-1,8
1.58540.545582,835,202463.837016,1,2,-11.53001.310694,850,202493.319679,1,2,-0.705,11.331331,732,202517.996282,1,20.7623841.522,945,202550.430842,1,2,-11.741.488925,564,202569.62017,2,0,49,-0.40.906091,889,202600.380682,1,2,-1,80.41.041368,383,202612.66709,2,0,80.774553,831,202639.923476,1,2,-1,71
0.795431,607,202660.50019,2,0,62,-1
1.4495,477,202676.948209,2,0,45,-1
1.649,843,202706.177964,1,2,-1,41
0.408,485,20.746976,658,202724.02361.245,791,2021.78254,1009,202758.491.761805,424,2021.106371,1027,202793.725112,1,2,-16,20
0.610897,879,202823.073815,1,2,-1,25
0.926381,1084,202861.036318,1,2,-1,7
1.364075,479,202876.430319,2,0,17,-1
1.40679,669,202900.171541,2,0,7,-1
1.508,782,202926.36408,1,2,-1,43
1.542086,402,202940.395552,2,0,98,-1
1.533075,811,202968.580676,2,1,17,-1
1.37679,641,202990.269872,2,0,7,-1
1.475,802,203017.07314,1,2,-1,85
1.503868,440,2030320.751402,777,2030321.351651,456,203048.1.429797,495,203041.415075,675,203071.1.428,936,203081.70.754808,617,203090.617827,664,203104.1.429,823,203120.10.904548,766,20311.448402,458,203135.91.189759,1085,203167.905222,2,1,16,-1
1.655749,750,203193.169592,2,1,5,-1
0.963892,945,203225.799666,2,1,8,-1
0.838999,1047,203261.574512,1,2,-1,83
1.37799,933,203293.768228,1,1,-1,-1
1.504017,402,203307.757978,2,0,96,-1
1.466868,527,203325.786165,2,0,67,-1
0.887088,932,203357.874017,2,1,28,-1
1.389137,508,203375.343724,2,0,10,-1
0.913281,762,203400.951269,2,1,25,-1
0.1.52176,692,203423.092391,1,2,-1,60.51.06,663,203445.580041,1,2,-1,113
1.506,737,203470.36423,1,2,-1,53
1.489311,713,203495.414403,2,1,59,-1
1.671,874,203524.611623,1,1,-1,31
1.565,899,203555.647908,1,2,-1,0
1.500391,523,203573.488638,2,0,92,-1
0.834671,521,203591.297519,2,0,36,-1
1.7100.653,557,203605.833709,0,2,-1,271.459548,540,203623.816398,2,0,95,-1
1.56,803,203651.780021,1,2,-1,13
0.888012,682,203674.779346,2,0,49,-1
1.410226,565,203693.927722,2,0,18,-110.472,603,203714.398905,0,2,-1,78
1.626,671,203738.082786,1,2,-1,33
1.445169,495,203754.098176,2,0,44,-1
0.740587,836,203783.155981,1,2,-1,111
1.248,705,203806.895618,1,2,-1,91
1.4501.119022,624,203825.88589,2,0,1361.4891.430999,470,203841.07321,2,0,28,1.390.514797,780,203868.326677,1,2,1.076,680,203888.543946,1,2,-1,119
0.631,784,203916.01423,0,2,-1,7
1.431089,4111.537,698,203939.157288,11.273,708,1.669075,876,203969.5917541.524625,7900.15265,776,203995.61423,11.497,731,21.443,713,204020.708356,1.401048,451.406948,767,204046.511744,1.457,712,2041.612,763,204073.179378,1,2,-1,14
1.474516,493,204090.152569,2,0,68,-1
1.711,1020,204125.043354,1,2,-1,6
1.438,753,204150.344635,1,1,-1,-1
1.474238,519,204168.086123,2,0,66,-1
0.577,588,204188.04765,0,2,-1,17
1.091582,518,204205.728111.161956,1001,0.426412,875,204236.03590.463,561,20421.015724,581,204255.70.716571,644,204250.900729,667,204278.1.552,631,204279.1.07633,1170,204319.190397,2,1,7,-1
1.40079,486,204335.81.215888,895,2041.375,646,204357.73941.645,1037,204377.566962,1,2,-1,22
0.70299,730,204402.17429,1,2,-1,150
1.59987,511,20441.349,667,204426.145551.790149,705,1.646948,776,204452.175471.528,835,20440.68726,1070,204488.71.814868,995,204501.677,906,204519.9771.779169,871,201.581,794,204547.7093090.693225,6160.788846,894,204577.482128,1,2,-1,122
0.712332,653,204600.546500.952373,935,1.413516,505,204617.841921.713238,932,1.516,813,204645.11656,1,1.222,8170.999886,518,204662.8077671.143447,871,204692.57772,1,2,-1,2
1.418587,481,204709.11247,2,0,35,-1
1.68099,396,204722.886294,2,0,137,-1
1.761805,489,204739.656202,2,0,146,-1
1.4065351.396,851,204767.571439,1,2,-11.4240.464,462,204783.584988,0,2,-1,181.0.682,801,204811.498411,0,2,-1,4
0.956181,494,204828.51739,2,0,11,-1
1.032086,731,204853.082932,1,2,-1,13
1.480325,375,204866.295174,2,0,106,-1
0.645475,498,204883.374694,2,0,12,-1
1.314,824,204901.47451,1,2,-1,151
1.289,726,204925.962987,1,2,-1,145
0.856287,787,204953.495603,2,0,62,-1
1.35,878,204983.793027,1,2,-1,118
1.21535,975,205016.205759,1,2,-1,3
0.70112,682,205040.323399,0,2,-1,0
1.529625,424,205054.995609,2,0,75,-1
1.724516,866,205083.906803,2,1,13,-11.719575,1105,205120.373528,2,1,5,0.923937,868,205144.331159,1,2,-1,2
1.4060.898787,859,205170.894379,1,2,-11.1741.188722,1067,205207.305073,2,11.436,8421.221399,768,205234.111444,0.676,667,21.689,779,205260.280094,1,2,-1,12
1.420206,454,205275.942384,2,0,29,-1
1.507,840,205305.023431,1,2,-1,11
1.241,789,205331.461663,1,21.0201680.654,640,205354.185018,0,2,-1,18
1.024068,1112,205392.060105,1,2,-1,25
1.745122,791,205418.627042,2,1,94,-1
0.799516,945,205451.110086,1,2,-1,85
1.727,769,205478.061976,1,2,-1,12
1.453,775,205504.094082,1,2,-1,93
1.552,774,205531.024868,1,2,-1,0
1.096414,823,205558.534418,1,2,-1,1
0.249,563,205577.758808,0,2,-1,85
0.857797,1162,205618.254858,1,2,-1,29
1.764057,854,205646.844126,2,1,73,-1
1.727575,897,205677.833159,2,1,5,-1
1.459,821,205706.453986,1,2,-1,9
2.021354,888,205736.145938,2,1,133,-1
1.661,950,205768.783504,1,2,-1,19
0.759213,638,205791.47439,2,0,8,-1
1.28,639,205813.186072,1,2,-1,120
1.337,886,205843.799453,1,2,-1,127
0.859763,660,205866.046218,1,2,-10,61
0.598694,731,205890.633634,0,2,-10,13
1.464,909,205922.027778,1,2,-1,85
0.485835,615,205942.857589,0,2,-14,67
1.114086,805,205970.904169,1,2,-1,19
1.783868,807,205997.904607,2,1,67,-1
1.621948,861,206027.622362,1,2,-1,2
1.17776,685,206050.66175,1,2,-11,99
1.416512,689,206074.924231,1,2,-9,77
1.423309,429,206089.727579,2,0,50,-1
0.554,462,206105.633401,0,2,-1,57
0.548682,861,206134.328965,1,2,-6,147
1.379651,677,206158.144193,2,1,39,-1
1.342,754,206183.516148,1,2,-1,58
0.908986,974,241899.778636,2,1,25,-1
1.588969,752,241924.887058,2,1,80,-1
0.716988,728,241950.392412,2,0,13,-1
0.978057,794,241976.998186,1,2,-1,3
0.911548,1016,242011.781225,1,2,-1,88
1.160814,1045,242047.581796,2,1,24,-1
1.72764,847,242076.923537,2,0,31,-1
1.68326,741,242101.845777,2,1,11,-1
1.364999,564,242122.223155,2,0,28,-1
1.084028,1030,242157.509521,2,1,43,-1
0.652,597,242177.73569,0,2,-1,26
0.596,578,242197.413008,0,2,-1,39
1.785192,894,242228.226856,2,1,47,-1
1.432352,969,242261.550098,2,1,143,-1
1.711089,1010,242295.149725,2,1,0,-1
0.869904,638,242317.871083,2,0,43,-1
1.453309,526,242335.775328,2,0,50,-1
0.481,541,242354.328626,0,2,-1,81
1.752887,875,242384.491504,1,2,-1,4
1.431841,510,242401.958451,2,0,36,-1
0.702086,849,242430.214782,1,2,-1,0
1.232,614,242451.032652,1,2,-1,105
0.97672,701,242475.641734,2,0,112,-1
0.972122,1025,242510.772119,1,2,-1,21
0.971377,514,242528.289338,2,0,74,-1
1.040172,405,242542.312504,2,0,23,-1
1.409018,541,242560.710062,2,0,9,-1
1.367999,492,242577.608071,2,0,28,-1
1.668,862,242606.388127,1,2,-1,30
1.667,798,242634.200613,1,2,-1,4
1.754528,873,242664.359586,2,1,53,-1
1.21,759,242689.765808,1,2,-1,30
1.748,851,242719.141836,1,1,-1,3
1.907827,900,242749.082443,2,1,113,-1
1.287,864,242778.971513,1,2,-1,107
1.445169,527,242796.839006,2,0,44,-1
1.466232,870,242826.833904,2,1,41,-1
1.391104,475,242843.223357,2,0,37,-1
1.492815,418,242857.735544,2,0,90,-1
0.709,635,242879.227829,0,2,-1,1
1.4495,496,242896.216004,2,0,451.2410.907437,524,242914.08392,2,0,1.397790.875868,780,242940.122622,1,1.125,7271.401575,500,242957.279182,1.495897,51.786125,756,242983.702829,20.35754,8121.058,686,243006.816575,1,21.531017,1.707,945,243039.239146,1,2,-1,12
1.552583,477,243055.663109,2,0,1.594,891.364,628,243076.831837,1,21.5910341.339,745,243102.970464,1,2,-1,77
1.38218,609,243123.581649,2,0,1,-11.1.639,903,243154.650343,1,2,-1,181.0.683352,653,243176.681832,1,2,-1,1.371.713805,408,243190.839445,2,0,146,1.551.413841,497,243207.753962,2,0,1.696121.408,850,243236.159808,1,2,-1,61.1.473,787,243263.564686,1,2,-1,91
1.436587,488,243280.377411,2,0,35,-1
1.327,681,243303.245292,1,2,-1,11011.092188,801,243331.100971,2,1,27,-1
1.079238,1086,243368.073551,1,2,-1,7
1.44712,737,243392.870104,1,2,-1,16
1.474516,495,243409.859691,2,0,68,-1
1.064,610,243430.497346,1,2,-1,176
0.890622,549,243449.177816,2,0,26,-1
1.701,786,243476.543014,1,1,-1,27
1.584,820,243505.011529,1,2,-1,51
1.445535,424,243518.644022,2,0,42,-1
1.444516,421,243533.275592,2,0,68,-1
1.673,1026,243568.408501,1,2,-1,25
1.152,678,243592.237791,1,2,-1,176
0.736386,805,243619.156151,1,2,-1,8
1.113208,882,243649.645789,2,1,77,-1
1.474057,557,243668.607604,2,0,73,-1
0.656472,913,243700.097621,1,2,-1,135
1.434,911,243730.387622,1,2,-1,104
1.382275,848,243759.771668,2,1,2,-1
1.134,712,243784.803714,1,2,-1,137
0.503,542,243803.351559,0,2,-1,2
1.57626,731,243827.923594,2,1,11,-1
0.848892,856,243857.635611,1,2,-1,94
1.384,765,243883.291476,1,2,-1,135
0.871038,617,243904.181592,2,0,9,-1
1.350929,465,243920.198583,2,0,16,-1
0.692824,645,243943.092182,0,2,-1,7
1.701535,798,243969.753102,2,1,42,-1
1.758805,433,243984.716105,2,0,146,-1
1.35842,449,244000.193038,2,0,30,-1
1.412,767,244025.913979,1,2,-1,88
1.521,973,244059.283564,1,2,-1,4
1.449412,414,244073.643972,2,0,25,-1
0.561,511,244091.129715,0,2,-1,34
1.496287,523,244109.003141,2,0,77,-1
1.36,692,244132.238771,1,2,-1,29
1.545,811,244160.447529,1,2,-1,75
1.589505,715,244184.412101,2,1,116,-1
1.454328,545,244203.006377,2,0,57,-1
1.707,946,244235.460109,1,2,-1,3
1.324,712,244260.512763,1,2,-1,130
1.398,801,244287.271581,1,2,-1,113
0.412,556,244306.136622,0,2,-1,97
1.525048,777,244333.24425,2,1,23,-1
1.334517,885,244363.939622,2,1,53,-1
0.798,691,244387.2118,1,2,-1,160
1.309,724,244411.566284,1,2,-1,99
1.556887,666,244435.057669,1,2,-1,14
1.451169,545,244453.637879,2,0,44,-1
1.198,639,244475.227854,1,2,-1,31
1.41465,581,244494.907455,2,0,14,-1
1.755805,423,244509.571039,2,0,146,-1
1.06281,901,244540.557809,1,2,-1,75
1.437,858,244569.130612,1,2,-1,110
1.699,964,244602.261736,1,2,-1,16
1.70326,847,244631.630871,2,1,11,-1
0.871022,787,244657.970344,1,2,-1,87
1.267,792,244685.524551,1,2,-1,151
1.692824,801,244713.463284,1,2,-1,11
1.491086,380,244725.678805,2,0,98,-1
1.414206,526,244743.667851,2,0,29,-1
1.71934,922,244775.356174,2,1,34,-1
1.423206,470,244791.591561,2,0,29,-1
1.525,960,244824.587725,1,2,-1,54
0.421,590,244844.61176,0,2,-1,0
1.400018,440,244859.863385,2,0,9,-1
1.541,836,244888.816991,1,2,-1,0
0.716,648,244910.710294,0,2,-1,9
1.387109,481,244927.319167,2,0,52,-1
1.799812,833,244955.089514,2,1,58,-1
1.520582,487,244971.757265,2,0,89,-1
1.261,860,245001.436503,1,2,-1,110
1.58612,825,245030.008812,1,2,-1,0
1.737311,767,245055.712981,2,1,59,-1
0.48981,666,245078.179877,1,2,-1,145
1.726386,890,245108.813933,2,1,12,-1
1.612892,835,245137.765904,2,1,82,-1
1.468412,853,245166.180927,2,1,25,-1
1.534,820,245194.678839,1,2,-1,48
1.360089,456,245210.390641,2,0,0,-1
1.016548,973,245243.852463,1,2,-1,14
1.591,917,245275.56688,1,2,-1,60
0.81399,772,245301.349045,1,2,-1,97
1.375,647,245323.200412,1,2,-1,76
1.643,817,245351.675715,1,2,-1,3
1.33179,463,245367.642451,2,0,7,-1
1.594,763,245393.197248,1,2,-1,41
1.191,757,245419.565771,1,2,-1,47
0.828782,594,245439.744507,2,0,78,-1
1.591505,406,245453.791992,2,0,116,-1
1.412075,704,245477.497107,2,0,17,-1
1.3801,522,245495.322844,2,0,33,-1
0.678,595,245515.474267,0,2,-1,15
1.241,626,245537.621297,1,2,-1,94
0.810705,820,245565.041414,2,0,37,-1
1.664,980,245598.635303,1,2,-1,2
1.384,902,245629.813739,1,2,-1,67
1.492017,449,245645.218119,2,0,96,-1
1.574198,835,245673.193444,2,1,59,-1
1.433937,499,245690.300753,2,0,40,-1
0.442,497,245707.279835,0,2,-1,52
1.618,997,245741.437582,1,2,-1,20
1.731,801,245769.288713,1,2,-1,13
1.401516,487,245785.970868,2,0,13,-1
1.241,808,245812.916185,1,2,-1,94
1.394075,583,245833.809253,2,0,17,-1
1.765,1007,245867.121458,1,1,-1,11
1.575575,727,245892.605193,2,1,5,-1
1.639587,798,245919.250277,2,1,35,-1
0.505,522,245937.115677,0,2,-1,73
0.278,449,245952.594995,0,2,-1,151
1.453033,410,245966.811441,2,0,64,-1
1.395275,585,245986.671422,2,0,2,-1
1.691,883,246017.220865,1,2,-1,7
1.26,764,246043.970126,1,2,-1,77
0.768077,701,246067.535185,2,0,62,-1
1.69635,782,246093.657781,2,1,107,-1
1.622206,819,246122.150648,2,1,29,-1
1.659824,824,246150.768835,2,1,40,-1
1.245,633,246172.161486,1,2,-1,116
1.409328,490,246189.060828,2,0,57,-1
1.419137,423,246203.706339,2,0,10,-1
1.477516,398,246216.488702,2,0,68,-1
1.471516,409,246230.679195,2,0,68,-1
0.41.826922,757,246256.426459,2,1,11.675,1083,246285.097676,1,1,-1,-1
0.391694,652,246308.200441,0,2,-1,106
0.373,524,246326.137694,0,2,-1,114
1.341,814,246353.274572,1,2,-1,131
1.269,696,246377.861913,1,2,-1,99
1.809414,808,246404.932051,2,1,112,-1
1.275,681,21.625068,1039,246440.62651.607,743,2460.509,585,246460.404391.71,916,2461.263,842,246489.569091.076,551,241.401,722,246513.730951,1.197,774,241.13,705,246538.579732,11.671841,876,246560.150583,2,1,36,-1
1.488889,6451.70618,857,246589.706108,21.567325,1.201,687,246612.783273,1,2,-11.541.317,788,246640.249896,1,2,-11.301.398929,455,246654.856231,2,0,10.630868,891,246680.781579,1,2,-1,108
1.196758,717,246704.89276,2,1,84,-1
1.092,681,246728.872859,1,2,-1,113
0.86471,571,246748.248698,2,0,1,-1
1.665516,764,246773.903687,2,1,68,-1
1.341048,475,246790.216355,2,0,23,-1
1.465,790,246817.769532,1,2,-1,9
1.43354,651,246839.647653,2,0,20,-1
0.318,573,246859.068513,0,2,-1,136
1.738,811,246887.273808,1,2,-1,2
1.534017,417,246901.765521,2,0,96,-1
1.4812871.743,1064,246934.916855,1,2,-1,6
1.419048,414,246949.299169,2,0,230.9791.373,866,246979.244867,1,2,-1,121.21.758805,472,246995.505096,2,0,141.736,1.467999,647,247017.382266,21.56135,391.608886,438,247032.514647,21.4635,408,1.417381,498,247049.567100.915328,10551.196031,753,247074.8113921.696,1094,247108.856907,1,1,-1,-1
0.405824,613,247130.636994,0,2,-12,88
0.703194,878,247159.833983,1,2,-13,98
1.175,560,247178.895534,1,2,-1,171
1.38,740,247204.811832,1,2,-1,78
1.302,667,247227.283487,1,2,-1,156
1.361,778,247254.395506,1,2,-1,24
1.798307,942,247286.745712,2,1,72,-1
0.987,623,247307.801528,1,2,-1,130
0.632,586,247327.69835,0,2,-1,29
0.75958,546,247346.349508,2,0,76,-1
2.007805,722,247370.579303,2,1,146,-1
0.239,642,21.411,979,247398.53816,1,1.585,947,247424.800581,1,2,-1,24
1.628896,711,247449.818595,2,1,62,-1
1.714516,814,247476.955633,2,1,68,-1
1.41031.695,1109,247498.960768,1,2,-1.611,1.443,902,247528.998605,1,2,-11.455847,580,247547.113923,2,0,43,-1
1.20799,836,247576.09518,1,2,-1,0
1.4483111.844578,933,247603.03818,2,1,1.511211.460535,548,247621.653985,2,0,1.573350.562,711,247645.574077,0,2,-1,58
1.742,923,247677.47081,1,2,-1,1
1.37,752,247702.733068,1,2,-1,25
0.636912,549,247721.407885,2,0,20,-1
1.504887,680,247745.340209,1,2,-1,33
1.502,914,247775.684153,1,2,-1,6
1.258,853,247805.169916,1,2,-1,151
1.483516,477,247821.943268,2,0,68,-1
1.474,889,247854.183609,1,2,-1,95
0.684574,532,247872.518,2,0,5,-1
1.512,751,247897.797986,1,2,-1,53
0.903651,818,247926.410031,1,2,-1,15
1.396109,450,247942.075569,2,0,52,-1
2.1,467,247958.215632,2,0,176,-1
1.436169,494,247975.357997,2,0,44,-1
1.635,855,248003.751033,1,2,-1,3
1.755847,938,248036.20713,2,1,43,-1
1.698805,387,248049.7029,2,0,146,-1
1.460311,516,248067.477331,2,0,59,-1
1.167922,912,248098.9812,1,2,-1,19
1.400472,440,248114.282054,2,0,4,-1
1.454169,502,248131.569494,2,0,44,-1
0.978017,952,248163.28612,1,2,-1,15
1.386,857,248193.259232,1,2,-1,98
1.634021,442,248208.647183,2,0,125,-1
0.832287,1035,248244.237682,1,2,-1,94
1.376829,415,248258.641304,2,0,74,-1
1.493,799,248285.503981,1,2,-1,84
0.845188,688,248309.863972,2,0,27,-1
0.6101.091824,1021,248330.449853,1,1,1.566871.635787,912,248361.981536,2,1,1.672861.094034,741,248387.168239,1,2,-1.870086,1011,248415.081168,2,1,98,-1
1.4381.649386,854,248440.159407,2,1,11.04011.438227,499,248457.268863,2,0,21.19,72.094,435,248472.409266,2,00.597,731,248497.457839,0,2,-1,33
0.877479,498,248514.499563,2,0,83,-1
1.406528,376,248527.740172,2,0,53,-1
1.278,679,248550.749297,1,2,-1,151
1.707,842,248580.071082,1,2,-1,3
1.295,846,248609.422539,1,2,-1,46
0.207902,704,248633.173929,1,2,-1,150
1.464,747,248659.441365,1,2,-1,21
1.691,838,248687.47559,1,2,-1,3
1.40764,603,248708.003226,2,0,31,-1
1.664797,896,248739.105895,2,1,27,-1
0.853953,449,248754.606418,2,0,98,-1
1.411381,534,248772.915668,2,0,19,-1
1.358,718,248797.059045,1,2,-1,124
1.574827,453,248812.754366,2,0,113,-1
1.35,835,248841.754169,1,2,-1,132
1.458812,462,248857.67474,2,0,58,-1
1.518,736,248882.507648,1,2,-1,58
1.439937,432,248897.589791,2,0,40,-1
1.535,818,248926.11972,1,2,-1,72
1.651,887,248955.816523,1,2,-1,33
0.645815,861,248985.763246,1,2,-1,56
1.450602,439,249001.074462,2,0,26,-1
1.46564,812,249029.343476,2,1,31,-1
1.285372,430,249043.273323,2,0,3,-1
1.603505,527,249061.455157,2,0,116,-1
1.442104,466,249077.477965,2,0,37,-1
1.526057,443,249092.783161,2,0,73,-1
1.716192,859,249122.549033,2,1,47,-1
1.07999,755,249147.927027,1,2,-1,26
1.039894,772,249174.904407,2,1,80,-1
1.405,795,249201.540683,1,2,-1,77
1.312206,414,249216.019365,2,0,29,-1
1.693125,405,249230.129291,2,0,136,-1
0.671122,941,249262.567251,1,2,-1,171
0.198,421,249277.228331,0,2,-1,141
1.546969,428,249292.194883,2,0,80,-1
0.711305,671,249314.811997,2,0,26,-1
1.745,1039,249350.509105,1,2,-1,2
1.427089,595,249370.724721,2,0,0,-1
1.542018,612,249391.563224,2,1,9,-1
1.676,782,249418.929381,1,2,-1,17
1.436868,452,249434.545339,2,0,67,-1
0.594017,677,249457.360486,1,2,-1,83
1.543,793,249485.118772,1,1,-1,80
1.434,725,249509.496196,1,2,-1,13
0.937275,982,249543.296848,1,2,-1,14
1.708,1025,249578.37764,1,2,-1,9
1.39718,551,249597.263692,2,0,1,-1
1.829702,790,249623.681041,2,1,90,-1
1.261,837,249652.891055,1,2,-1,63
1.817435,809,249681.112549,2,1,108,-1
1.049,743,249706.246347,1,2,-1,91
1.403,762,249732.880941,1,2,-1,61
1.444824,819,249760.312175,1,2,-12,75
1.409999,530,249778.535208,2,0,28,-1
1.755104,1033,249813.912225,2,1,37,-1
1.708,869,249844.0878,1,2,-1,6
1.788913,473,249860.334156,2,0,152,-1
1.723,962,249893.448783,1,2,-1,3
1.250819,758,249918.93231,2,1,137,-1
1.57335,418,249933.436447,2,0,107,-1
1.589827,437,249948.682441,2,0,113,-1
1.41,800,249975.45991,1,2,-1,82
1.458896,415,249989.897416,2,0,62,-1
1.30976,709,250014.923084,1,2,-1,100
1.72,755,250040.232055,1,2,-1,12
0.753412,900,250071.348157,1,2,-1,32
1.701805,382,250084.673146,2,0,146,-1
1.236,616,250105.551646,1,2,-1,171
1.943548,780,250131.733642,2,1,95,-1
1.657,857,250161.391553,1,2,-1,9
1.70654,860,250191.29685,2,1,20,-1
1.42,657,250213.567007,1,2,-1,10
1.709,873,250243.85093,1,2,-1,4
1.43042,607,250264.442238,2,0,30,-1
1.217,595,250284.689183,1,2,-1,103
1.471,900,250315.82538,1,2,-1,94
0.822827,908,250347.171925,1,2,-1,5
1.439402,452,250361.801358,2,0,55,-1
1.462516,420,250376.275526,2,0,68,-1
1.377575,539,250394.683023,2,0,5,-1
1.770805,382,250408.05671,2,0,146,-1
1.189,816,250436.56737,1,2,-1,81
1.224,814,250463.857414,1,2,-1,65
1.621034,446,250479.198324,2,0,122,-1
1.428,853,250508.853798,1,2,-1,96
1.736,871,250539.009917,1,2,-1,0
1.589824,763,250564.614817,1,2,-16,54
0.939683,655,250586.732179,2,0,90,-1
0.831528,742,250612.816278,1,2,-1,43
1.607472,923,250644.679695,2,1,4,-1
0.923495,574,250664.25904,2,0,105,-1
1.651,829,250692.056137,1,2,-1,41
1.759,951,250724.833321,1,2,-1,7
1.39454,590,250744.877513,2,0,20,-1
1.556,767,250771.760495,1,2,-1,74
1.648125,393,250785.542603,2,0,136,-1
1.526122,392,250798.194918,2,0,94,-1
1.395275,490,250815.10556,2,0,2,-1
1.457,918,250846.855323,1,2,-1,5
1.403602,869,250876.855373,2,1,26,-1
1.442874,473,250893.088869,2,0,22,-1
1.716805,440,250908.372463,2,0,146,-1
1.507,955,250940.267062,1,2,-1,57
0.3681,918,250972.119739,1,2,-1,73
1.66299,401,250986.126045,2,0,137,-1
1.058,622,251007.211751,1,2,-1,150
1.545,780,251034.545301,1,2,-1,15
0.865093,920,251066.237392,1,2,-1,86
1.507,868,251095.28093,1,2,-1,43
0.66,555,251114.242563,0,2,-1,25
1.571226,751,251140.556115,2,1,18,-1
1.443089,530,251158.72747,2,0,0,-1
0.981309,1079,251195.507673,1,1,-1,44
1.397999,489,251212.357024,2,0,28,-1
1.395,720,251236.539994,1,2,-1,96
1.531548,567,251255.810022,2,0,95,-1
0.386,715,251281.051309,0,2,-1,102
1.142548,987,251315.001429,1,2,-1,17
1.452,655,251337.227737,1,2,-1,96
1.526,831,251366.08511,1,2,-1,58
1.282694,659,251388.421399,1,2,-10,69
1.266007,629,251409.776124,1,2,-15,74
1.56,831,251438.67906,1,2,-1,28
1.19979,813,251465.949915,2,1,7,-1
0.96342,1044,251501.61626,1,2,-1,63
1.513222,502,251518.976574,2,0,87,-1
1.7701,816,251547.358666,2,1,33,-1
1.785703,970,251580.742476,2,1,51,-1
0.91518,1195,251621.186023,1,2,-1,9
1.422602,460,251637.084543,2,0,26,-1
0.944,687,251660.318371,1,2,-1,152
0.411,487,251677.075586,0,2,-1,57
1.409075,514,251694.783353,2,0,17,-1
1.691,1108,251733.705268,1,2,-1,1
0.267,520,251751.545891,0,2,-1,120
1.691472,842,251779.637144,2,1,4,-1
1.758705,997,251813.959955,2,1,21,-1
1.41476,766,251840.793707,1,2,-11,94
1.804111,897,251870.848723,2,1,77,-1
1.725,716,251896.03152,1,1,-1,12
1.39479,728,251920.581928,2,0,7,-1
0.394824,505,251937.939278,0,2,-12,109
1.370472,601,251958.290167,2,0,4,-1
1.07912,562,251977.387115,1,2,-17,93
1.387206,516,251995.19215,2,0,29,-1
1.62135,721,252020.486192,2,1,107,-1
0.975226,971,252053.925992,1,2,-1,29
1.263,726,252078.347096,1,2,-1,156
1.574372,701,252103.13344,2,1,3,-1
1.627505,373,252115.153257,2,0,116,-1
0.819116,621,252137.283055,2,0,97,-1
0.624,622,252158.293567,0,2,-1,4
1.196412,959,252191.460863,2,1,48,-1
1.37318,723,252215.769457,2,0,1,0
1.714528,909,252247.240997,2,1,53,-1
1.048033,1176,252287.263565,1,2,-1,11
1.666093,787,252314.683921,2,1,86,-1
1.549,830,252342.348801,1,2,-1,2
1.416472,822,252370.915747,2,1,4,-1
0.688,854,252400.565193,0,2,-1,0
1.477897,446,252414.932924,2,0,83,-1
1.424,838,252444.090267,1,2,-1,6
1.52604,474,252460.420508,2,0,101,-1
1.477516,434,252475.556348,2,0,68,-1
0.608887,599,252495.870638,0,2,-1,10
1.468516,467,252512.011651,2,0,68,-1
1.707805,353,252524.431484,2,0,146,-1
1.153,637,252545.911618,1,2,-1,113
0.691307,991,252579.897251,1,2,-1,115
1.23307,1034,252615.450444,1,2,-1,2
0.95,670,252638.043479,1,2,-1,144
1.381866,581,252657.951265,2,0,32,-1
1.817858,930,252690.01248,2,1,56,-1
1.457226,474,252706.434099,2,0,18,-1
0.884358,778,252732.541379,1,2,-1,10
2.141,680,252756.521805,2,1,176,-1
1.704309,728,252780.981871,2,1,50,-1
1.325048,785,252808.413553,2,1,23,-1
1.14,699,252831.983791,1,2,-1,141
1.620456,681,252854.993726,2,1,63,-1
1.111,584,252875.829628,1,2,-1,106
1.375372,616,252896.760371,2,0,3,-1
1.751,873,252927.047886,1,1,-1,-1
1.655694,887,252956.705195,1,2,-10,11
1.006255,847,252986.046462,2,1,5,-1
1.275,828,253014.822855,1,2,-1,171
1.458602,438,253028.856557,2,0,26,-1
1.408089,604,253050.476835,2,0,0,-1
0.681,603,253071.004585,0,2,-1,11
1.451385,779,253097.089763,2,1,88,-1
1.60965,881,253127.633447,2,1,14,-1
1.667,852,253157.259646,1,2,-1,10
1.428929,541,253175.760508,2,0,16,-1
1.36,715,253199.873711,1,2,-1,10
1.616,886,253230.484058,1,2,-1,24
1.324,861,253260.443252,1,2,-1,3
1.16535,1085,253297.572769,1,2,-1,12
1.365137,540,253315.989033,2,0,10,-1
1.495516,442,253331.296885,2,0,68,-1
1.486309,767,253357.135442,2,1,50,-1
0.613328,689,253380.475797,1,2,-1,14
1.612841,686,253404.681236,2,1,46,-1
1.526,790,253431.236341,1,2,-1,27
0.625,662,253454.690155,0,2,-1,27
1.542948,825,253482.231837,1,2,-1,14
1.345874,529,253500.347141,2,0,22,-1
1.39365,544,253518.948388,2,0,14,-1
1.642,916,253550.585426,1,2,-1,18
1.487,855,253580.278878,1,2,-1,80
1.418018,660,253602.606835,2,0,9,-1
0.391,662,253625.035154,0,2,-1,118
1.406587,584,253644.885732,2,0,35,-1
0.793226,868,253675.011383,1,2,-1,14
1.364868,464,253690.975788,2,0,67,-1
1.195408,679,253713.786687,1,2,-6,120
1.561,700,253738.458158,1,2,-1,4
0.890399,770,253764.390497,1,2,-1,91
1.754627,793,253792.105535,2,1,65,-1
1.25964,743,253817.09232,2,1,31,-1
1.444137,894,253848.117274,2,1,10,-1
1.062812,977,253881.699601,1,2,-1,14
0.674128,599,253902.076288,2,0,5,-1
0.95799,719,253926.275595,1,2,-1,140
1.466736,482,253942.862541,2,0,93,-1
1.382,745,253968.977857,1,2,-1,21
1.538,768,253994.688405,1,1,-1,74
1.542,798,254022.565465,1,2,-1,20
1.654516,710,254046.562525,2,1,68,-1
1.35165,408,254060.793631,2,0,14,-1
1.387,651,254082.762363,1,2,-1,47
2.416,806,254110.940948,2,0,176,-1
1.133017,767,254136.798355,1,2,-1,13
1.92181,798,254164.713627,2,1,134,-1
0.838691,611,254185.464094,2,0,59,-1
1.378681,550,254204.256614,2,0,6,-1
1.439,745,254230.414254,1,2,-1,92
1.387381,534,254248.591059,2,0,19,-1
1.4495,533,254266.882272,2,0,45,-1
0.502582,717,254291.007277,1,2,-1,35
0.774902,1014,254326.024924,1,2,-1,87
1.57035,415,254340.447985,2,0,107,-1
1.42442,550,254359.173124,2,0,30,-1
0.868721,725,254384.718206,2,0,96,-1
0.93499,834,254412.637849,1,2,-1,76
1.400472,729,254438.298064,2,0,4,1
1.682516,940,254469.637127,2,1,13,-1
1.71526,962,254502.60757,2,1,11,-1
0.641,541,254521.131939,0,2,-1,0
1.408,652,254544.24341,1,2,-1,105
1.6231,858,254573.015048,2,1,33,-1
1.455,806,254601.112229,1,2,-1,81
1.457535,446,254616.521456,2,0,42,-1
0.673,905,254646.797774,0,2,-1,3
1.213,918,254678.455325,1,2,-1,82
1.79865,820,254707.033292,2,1,14,-1
1.54335,431,254721.958462,2,0,107,-1
1.46,738,254746.893224,1,2,-1,72
1.096,717,254772.078989,1,2,-1,99
0.701,498,254789.266574,0,2,-1,7
1.361,681,254812.287495,1,2,-1,42
1.421169,479,254828.776124,2,0,44,-1
1.781881,750,254853.99442,2,1,73,-1
1.701,838,254883.088352,1,2,-1,1
1.478482,765,254908.749985,1,2,-1,72
1.314,808,254937.028723,1,2,-1,23
1.682385,766,254962.732856,2,1,88,-1
1.519275,744,254988.81443,2,1,2,-1
1.291,718,255012.974776,1,2,-1,17
1.50687,373,255025.998903,2,0,115,-1
1.811587,896,255057.035203,2,1,35,-1
0.98276,685,255080.157469,1,2,-11,119
1.461,786,255107.642074,1,2,-1,27
1.62564,744,255132.637634,2,1,31,-1
1.513,957,255165.679786,1,2,-1,2
1.637824,898,255196.715002,1,2,-12,22
1.79554,914,255228.276353,2,0,20,-1
1.759954,764,255253.834536,2,1,67,-1
1.59,727,255278.357346,1,2,-1,13
1.789812,750,255304.630117,2,1,58,-1
0.514,572,255324.108585,0,2,-1,45
0.958328,723,255348.486511,1,2,-1,9
1.601625,956,255381.380022,2,1,75,-1
1.623,792,255409.097769,1,1,-1,-1
1.505192,366,255421.910814,2,0,47,-1
1.748169,811,255449.107181,2,1,44,-1
1.57026,770,255476.134251,2,1,11,-1
1.788582,680,255499.143236,2,1,89,-1
1.360089,537,255517.461984,2,0,0,-1
1.461,1003,255552.017961,1,2,-1,3
1.654,900,255583.152907,1,2,-1,0
0.293,571,255602.738419,0,2,-1,120
0.671965,874,255632.963766,1,2,-14,176
1.39454,482,255649.602604,2,0,20,-1
0.761363,604,255670.02687,2,0,13,-1
1.603999,991,255704.020263,2,1,28,-1
1.442,696,255727.536154,1,2,-1,51
0.93617,592,255747.6802,2,0,1,-1
0.865384,621,255768.755284,2,0,67,-1
1.216,806,255796.821265,1,2,-1,156
0.891071,647,255818.716174,1,2,-15,171
0.964917,969,255852.007035,1,2,-1,43
0.991472,995,255886.230527,1,2,-1,7
1.08937,443,255901.630566,2,0,133,-1
1.632,926,255933.55177,1,2,-1,17
1.353,712,255957.550786,1,2,-1,126
1.735,943,255990.044667,1,1,-1,11
1.684,791,256016.634463,1,2,-1,5
0.873413,574,256037.197462,2,0,68,-1
0.97399,907,256067.533288,1,2,-1,59
1.503,839,256096.702753,1,2,-1,47
1.343,758,256123.213931,1,2,-1,73
0.80143,644,256145.073641,2,0,8,-1
1.537,757,256170.466036,1,2,-1,21
1.532122,433,256185.49636,2,0,94,-1
1.396206,482,256202.135947,2,0,29,-1
1.432797,614,256222.931581,2,0,27,-1
1.424868,432,256237.900.694,653,2562430.238,565,256257.20.569,690,256268.21.059086,971,256290.538135,1,2,-1,14
1.695,887,256321.271097,1,2,-1,11
0.724891,606,256341.858208,2,0,15,-1
1.48665,780,256369.141565,2,1,14,-1
0.75854,859,256397.812767,1,2,-1,104
1.668,718,256423.057224,1,2,-1,17
1.478627,451,256437.664804,2,0,65,-1
0.818033,1021,256472.570235,1,2,-1,77
1.646627,796,256500.343611,2,1,65,-1
1.41664,521,256518.137888,2,0,31,-1
1.649948,719,256542.348251,1,2,-14,15
1.521917,496,256559.438276,2,0,81,-1
0.37765,800,256587.303046,1,2,-1,150
1.323,748,256612.438148,1,2,-1,140
1.407,811,256640.693772,1,2,-1,108
0.388,518,256658.415843,0,2,-1,100
0.757902,985,256692.287919,1,2,-1,79
0.183,390,256705.88456,0,2,-1,150
1.042,729,256730.47514,1,2,-1,130
0.827,697,256755.104881,1,2,-1,161
0.747535,1010,256788.776816,1,2,-1,4
1.507089,783,256816.205606,2,1,0,-1
1.272,903,256847.344414,1,2,-1,156
1.529,723,256871.74915,1,2,-1,21
1.780812,778,256898.865756,2,1,58,-1
1.507034,439,256914.043711,2,0,122,-1
0.906,697,256937.509227,1,2,-1,171
1.458,890,256968.349737,1,2,-1,37
1.415,881,256997.593802,1,2,-1,102
1.536,838,257026.850725,1,2,-1,66
1.144,753,257052.099781,1,2,-1,36
0.69526,1042,257088.883551,1,2,-1,5
1.458858,420,257102.397128,2,0,56,-1
1.607021,371,257115.401855,2,0,125,-1
1.38818,446,2571.13,749,257133.847381.498,1103,257168.501449,1,2,-1,84
1.418386,702,257192.05638,2,0,12,-1
0.233948,388,21.488,996,257213.211217,1.579815,940.860086,932,257244.156138,1.495815,421.101999,1217,257286.622581,1,2,-1,2
1.262,666,257309.088145,1,2,-1,152
1.173288,1102,257346.645502,2,1,81,-1
1.356,730,257372.410982,1,2,-1,5
1.422,885,257401.979264,1,1,-1,-1
1.027089,977,257435.570662,1,1,-1,-1
0.56,774,257462.697433,0,2,-1,34
0.633575,860,257492.464917,1,2,-1,46
0.519086,650,257514.393474,1,2,-1,130
1.403311,449,257529.86402,2,0,59,-1
0.671169,839,257557.863727,1,2,-1,105
1.281275,520,257575.676252,2,0,2,-1
1.453018,828,257604.418753,2,1,9,-1
1.736868,861,257634.324643,2,1,67,-1
1.347,812,257661.506199,1,1,-1,-1
1.273,957,257694.491972,1,2,-1,41
1.397075,920,257726.198343,2,1,17,-1
1.368,884,257756.789388,1,2,-1,103
1.377516,480,257773.284957,2,0,13,-1
1.95099,794,257799.847923,2,1,176,-1
1.231711,1005,257834.292222,2,1,75,-1
1.69,974,257867.895491,1,2,-1,10
1.394587,418,257882.370049,2,0,35,-1
1.477,889,257913.213027,1,2,-1,10
1.739,1077,257950.085192,1,2,-1,3
1.31499,817,257977.422398,1,2,-1,14
1.772815,716,258002.608586,2,1,90,-1
0.863,944,258034.081003,0,2,-1,0
1.012887,801,258062.065855,1,2,-13,115
0.94499,747,258087.069232,1,2,-1,21
0.737863,1126,258126.51842,1,2,-1,98
1.589,890,258156.273924,1,2,-1,4
1.496,899,258187.345298,1,2,-1,20
1.423797,472,258203.608498,2,0,27,-1
1.395,851,258233.178591,1,2,-1,120
1.427999,497,258250.18728,2,0,28,-1
0.9581,1079,258286.961547,1,2,-11,50
1.19,570,258306.361272,1,2,-1,142
1.724,757,258331.73417,1,2,-1,13
0.670007,646,258354.68865,0,2,-1,18
1.284,748,258379.819423,1,2,-1,48
1.436,764,258406.576258,1,2,-1,80
1.692874,770,258432.325355,2,1,22,-1
0.821516,971,258465.739796,1,2,-1,0
1.188954,786,258493.226235,2,1,67,-1
1.538,710,258517.128538,1,2,-1,55
1.518969,871,258547.319276,2,1,80,-1
1.652,842,258575.411527,1,2,-1,30
1.512,955,258608.37756,1,2,-1,74
0.905654,815,258636.842308,2,1,58,-1
1.512,1001,258671.189608,1,2,-1,59
1.857447,955,258703.999132,2,1,104,-1
0.575,561,258723.117758,0,2,-1,41
1.410049,420,258737.668349,2,0,79,-1
0.696,699,258761.16341,0,2,-1,2
1.62,836,258790.292309,1,2,-1,28
0.262,470,258805.408326,0,2,-1,146
1.695,980,258839.200945,1,2,-1,17
1.483516,489,258856.044178,2,0,68,-1
1.787245,678,258879.963078,2,1,105,-1
1.24,690,258903.272718,1,2,-1,44
1.56376,773,258929.253544,1,2,-11,59
0.723252,590,258950.485482,0,2,-1,8
1.086869,883,258979.930385,2,1,20,-1
1.561925,636,259002.52306,2,1,49,-1
1.359048,450,259017.072886,2,0,23,-1
1.773009,679,259040.988826,2,1,94,-1
0.817283,694,259064.343713,2,0,73,-1
1.542086,499,259081.582922,2,0,98,-1
1.747,933,259113.871912,1,2,-1,0
1.439075,467,259130.061514,2,0,17,-1
1.543,854,259159.733583,1,2,-1,76
1.301,813,259187.089173,1,2,-1,64
0.388235,687,259210.245473,1,2,-1,125
1.53,759,259236.809881,1,2,-1,10
0.554311,797,259264.540558,1,2,-1,153
0.887075,924,259295.288589,1,2,-1,65
1.461,624,259317.515416,1,2,-1,105
1.512948,903,259347.696736,1,2,-1,7
1.058453,721,259373.062652,2,1,57,-1
1.241,730,259397.670477,1,2,-1,47
1.442104,603,259418.143376,2,0,37,-1
1.123937,832,259447.091244,2,1,65,-1
1.544528,800,259473.850867,2,1,53,-1
1.545086,508,259491.356718,2,0,98,-1
1.374137,531,259510.580359,2,0,10,-1
1.426866,614,259531.33372,2,0,32,-1
1.394311,457,259547.222606,2,0,59,-1
0.717891,608,259567.853851,2,0,9,-1
1.751,855,259596.388113,1,1,-1,-1
1.53,850,259625.901295,1,2,-1,62
1.568064,829,259654.785719,1,2,-16,71
1.219683,1056,259690.854841,1,2,-1,3
0.897151,721,259715.139073,1,2,-16,69
1.036363,629,259736.392286,2,0,38,-1
1.149875,916,259767.978453,2,1,40,-1
1.722,966,259801.306882,1,2,-1,2
1.542,908,259832.737002,1,2,-1,43
1.128,865,259862.795679,1,2,-1,69
1.4,909,259893.127218,1,2,-1,5
1.298,762,259919.793392,1,2,-1,22
1.016,669,259942.432781,1,2,-1,85
1.39926,506,259959.65911,2,0,11,-1
1.054902,853,259989.390862,1,2,-1,18
0.977922,930,260021.517306,1,2,-1,90
0.618381,870,260050.563835,1,2,-1,63
0.950005,958,260083.521116,1,2,-14,75
0.976979,1272,260128.038057,2,1,21,-1
1.779587,887,260158.047354,2,1,35,-1
0.832548,798,260185.827039,1,2,-1,99
0.853902,1021,260220.779354,1,2,-1,41
0.608,678,260243.632982,0,2,-1,38
0.862192,1051,260279.520452,1,2,-1,48
1.314,842,260308.715535,1,2,-1,78
1.661,900,260339.936592,1,2,-1,22
0.660575,897,260369.733174,1,2,-1,116
1.694,1047,260406.656949,1,2,-1,16
1.434373,517,260424.424639,2,0,38,-1
0.625824,541,260442.913003,0,2,-12,30
1.407516,643,260464.702427,2,0,13,-1
1.730385,957,260497.669567,2,1,88,-1
1.761805,391,260510.151365,2,0,146,-1
1.735,899,260541.11974,1,2,-1,3
1.19399,656,260564.404398,1,2,-1,15
1.11799,770,260590.287047,1,2,-1,70
0.76699,803,260618.236504,1,2,-1,71
0.443,516,260635.94077,0,2,-1,87
1.610795,854,260664.444048,2,1,146,-1
0.526,718,260689.726153,0,2,-1,124
1.731238,745,260714.660382,2,1,66,-1
0.977505,979,260748.311207,1,2,-1,93
0.671,736,260773.073291,0,2,-1,9
0.667,648,260796.1177,0,2,-1,2
1.048026,1038,260831.653037,2,1,0,-1
0.764922,747,260856.743456,1,2,-1,62
2.029805,723,260882.062882,2,1,146,-1
1.561,745,260907.051527,1,2,-1,11
0.647694,642,260928.705332,0,2,-1,23
0.939461,608,260950.366314,2,0,4,-1
1.391,864,260979.251266,1,2,-1,116
0.730311,831,261008.085699,1,2,-1,124
0.809075,900,261039.145869,1,2,-1,4
0.743826,743,261064.070058,2,1,113,-1
1.573,725,261088.415637,1,2,-1,57
1.498,726,261113.918561,1,2,-1,6
1.080363,857,261143.796589,2,1,38,-1
0.876141,801,261170.655818,1,2,-11,36
0.90899,849,261200.105131,1,2,-1,12
1.429866,472,261216.422912,2,0,32,-1
1.365275,555,261235.372675,2,0,2,-1
0.773093,787,261261.682705,1,2,-1,131
0.94199,893,261292.694449,1,2,-1,125
1.481627,581,261312.404747,2,0,65,-1
1.334,795,261340.159225,1,2,-1,130
1.10999,929,261372.197886,1,2,-1,54
0.79843,749,261397.444252,2,1,50,-1
1.76,948,261430.13697,1,1,-1,-1
1.545529,440,261445.344287,2,0,97,-1
1.628,752,261470.639039,1,2,-1,7
1.232,715,261495.837128,1,2,-1,0
1.69,780,261522.129608,1,1,-1,34
0.820275,919,261553.921021,1,2,-1,73
0.91064,1098,261591.474819,1,2,-1,23
1.422929,419,261605.930956,2,0,16,-1
1.605,950,261638.601328,1,1,-1,49
1.026,1109,261676.358917,0,2,-1,12
1.570505,526,261694.391533,2,0,116,-1
1.627,808,261722.528874,1,2,-1,49
1.712,986,261755.309219,1,2,-1,7
1.275,706,261780.151812,1,2,-1,5
1.39454,498,261797.243256,2,0,20,-1
1.467,887,261827.904476,1,2,-1,12
1.492,735,261852.549988,1,2,-1,82
1.694681,1013,261887.413465,2,1,6,-1
1.445619,653,261909.481474,1,2,-16,52
1.340535,739,261935.358295,2,1,42,-1
1.55535,391,261947.904625,2,0,107,-1
0.694821,680,261971.920787,1,2,-1,27
0.840412,888,262002.68681,1,2,-1,69
1.423206,443,262016.977599,2,0,29,-1
1.42634,460,262032.8335,2,0,34,-1
1.072785,819,262061.348756,2,1,54,-1
0.977,725,262085.800996,1,2,-1,121
1.059,739,262111.700666,1,2,-1,91
0.581,724,262136.113077,0,2,-1,38
0.749929,1139,262174.857919,1,2,-1,58
0.727,860,262204.772878,0,2,-1,3
1.12654,924,262236.597817,2,1,63,-1
1.593,736,262261.308591,1,2,-1,32
0.916264,451,262276.85724,2,0,2,-1
0.723228,491,262293.754344,2,0,65,-1
0.769328,758,262320.325781,2,0,9,-1
0.518,653,262342.39744,0,2,-1,2
1.911086,782,262368.622681,2,0,98,-1
1.009021,971,262402.073895,1,2,-1,49
0.781391,839,262431.275399,1,2,-1,47
0.929196,493,262448.201225,2,0,29,-1
1.564064,754,262473.501044,1,2,-16,47
1.208,762,262500.153108,1,2,-1,17
1.423109,455,262515.821284,2,0,52,-1
1.544897,635,262537.337157,2,1,83,-1
0.950206,1046,262573.038805,1,2,-1,58
1.089,749,262599.327582,1,2,-1,125
0.882232,788,262625.741861,1,2,-1,31
1.157347,521,262643.614475,2,0,105,-1
0.811529,763,262670.218342,1,2,-1,57
1.51654,864,262699.045313,2,1,20,-1
1.348309,528,262717.147056,2,0,50,-1
0.723328,826,262745.857683,1,1,-1,-1
1.16553,757,262771.17051,2,1,20,-1
0.84177,554,262790.0497,2,0,8,-1
1.721841,849,262819.582289,2,1,36,-1
1.243599,886,262850.347206,2,1,96,-1
0.418877,658,262872.605176,1,2,-13,176
1.137572,507,262889.973662,2,0,89,-1
1.328,731,262915.555735,1,2,-1,37
1.458812,496,262932.628885,2,0,58,-1
1.70899,799,262959.406642,2,1,137,-1
1.424104,533,262977.637272,2,0,37,-1
0.713369,682,263000.600723,2,0,11,-1
1.406,722,263025.990166,1,2,-1,24
1.039038,553,263044.799645,2,0,79,-1
1.283,635,263066.26298,1,2,-1,136
0.973903,811,263094.539577,2,1,124,-1
1.012973,874,263123.614098,1,2,-13,51
1.399089,593,263144.810915,2,0,0,-1
0.942575,972,263178.140997,1,2,-1,7
0.827461,784,263204.481425,2,1,4,-1
1.655,794,263232.1167,1,2,-1,27
0.771452,584,263251.970003,2,0,42,-1
1.534472,700,263275.514931,2,1,4,-1
1.353,783,263302.862027,1,2,-1,148
0.892432,786,263329.224608,2,1,13,-1
1.028661,927,263361.242727,2,1,5,-1
1.454402,419,263375.742526,2,0,55,-1
1.595,855,263404.296899,1,2,-1,46
1.345681,569,263424.761049,2,0,6,-1
1.537,887,263454.834215,1,2,-1,62
1.481553,374,263467.956183,2,0,48,-1
0.862618,646,263489.762551,2,0,24,-1
1.599,974,263523.293209,1,2,-1,12
0.692,641,263545.019019,0,2,-1,5
1.468866,543,263564.706509,2,0,32,-1
1.774232,905,263594.774088,2,1,41,-1
0.942635,551,263613.500234,2,0,106,-1
1.553,642,263636.355221,1,2,-1,26
1.098829,899,263666.379116,1,1,74,-1
1.466627,488,263683.229702,2,0,65,-1
1.416929,457,263698.974167,2,0,16,-1
1.044472,1104,263736.530684,1,2,-1,4
1.290827,977,263770.164057,1,2,-1,1
1.295,593,263790.379171,1,2,-1,47
1.225,663,263813.8318,1,2,-1,33
0.80899,702,263837.448964,1,2,-1,56
1.134,667,263859.944722,1,2,-1,166
1.821703,874,263890.210682,2,1,51,-1
0.836461,670,263912.876324,2,0,17,-1
1.572154,779,263940.02437,2,1,29,-1
1.479,721,263964.251662,1,2,-1,24
1.13599,880,263994.795463,1,2,-1,30
1.734897,747,264021.013172,2,1,83,-1
0.923578,1024,264056.08507,1,1,-1,87
1.606064,734,264080.70333,1,2,-16,44
1.683805,376,264093.86268,2,0,146,-1
1.23399,846,264122.202219,1,2,-1,28
1.63899,386,264135.667819,2,0,137,-1
1.619,862,264165.497937,1,2,-1,30
1.298,666,264188.018119,1,2,-1,139
1.501897,502,264205.201732,2,0,83,-1
0.462575,921,264236.948455,1,2,-1,113
1.402681,581,264256.697932,2,0,6,-1
1.17299,951,264289.524314,1,2,-1,10
1.845815,949,264322.173251,2,1,90,-1
1.557,759,264347.679306,1,2,-1,62
1.437841,503,264364.923136,2,0,36,-1
0.991602,1250,264408.437165,1,2,-1,11
1.266,824,264435.971116,1,2,-1,140
1.487,767,264462.8154,1,2,-1,104
1.953034,818,264490.278685,2,1,122,-1
1.513953,831,264519.231198,2,1,11,-1
1.426516,533,264537.331888,2,0,13,-1
1.86335,807,264565.480092,2,1,107,-1
1.437847,564,264584.734332,2,0,43,-1
1.475,951,264617.388779,1,2,-1,82
0.969602,914,264648.003026,1,2,-1,4
0.853925,677,264671.981329,2,0,107,-1
0.84881,981,264705.649911,1,2,-1,7
0.867191,574,264725.244115,2,0,107,-1
1.35,726,264749.619822,1,2,-1,79
0.78099,888,264780.335103,1,2,-1,143
0.979634,531,264798.434303,2,0,95,-1
0.889179,867,264828.507797,2,1,110,-1
1.451307,482,264844.005497,2,0,72,-1
1.676325,885,264874.570094,2,1,106,-1
1.583,808,264903.097213,1,2,-1,30
0.919991,919,264936.989164,1,2,-1,58
0.86653,875,264966.022232,2,1,20,-1
1.445535,549,264984.685819,2,0,42,-1
1.151314,418,264999.129762,2,0,106,-1
0.966922,753,265025.469664,1,2,-1,12
1.496917,405,265038.390119,2,0,81,-1
1.351,687,265062.533483,1,2,-1,150
1.23899,985,265096.197752,1,2,-1,10
1.07318,1055,265132.141541,1,2,-1,3
1.477,824,265159.52449,1,2,-1,21
0.808627,854,265189.008065,1,2,-1,38
1.241,780,265216.322446,1,2,-1,109
0.838506,897,265246.157426,2,1,5,-1
1.365275,471,265262.332232,2,0,2,-1
0.995259,908,265293.49986,1,2,-1,1
1.703,904,265324.589685,1,2,-1,18
0.55628,835,265352.507635,1,2,-10,87
1.255,563,265372.72653,1,2,-1,124
1.107175,909,265402.944165,2,1,0,-1
1.432,773,265429.922865,1,2,-1,24
0.677,864,265459.639476,0,2,-1,10
0.854614,611,265480.349891,2,0,98,-1
1.563824,831,265508.140621,1,2,-12,23
0.85711,765,265534.950843,2,1,86,-1
1.723,891,265566.258667,1,2,-1,1
1.528,787,265594.120015,1,2,-1,63
1.837057,954,265627.907058,2,1,73,-1
1.138824,778,265655.885982,1,2,-12,134
1.19899,873,265688.796439,1,2,-1,33
1.169666,958,265723.654904,2,1,96,-1
1.357089,523,265742.35313,2,0,0,-1
1.510084,469,265759.188343,2,0,91,-1
1.457075,414,265774.405612,2,0,17,-1
1.751477,414,265789.580998,2,0,145,-1
1.443694,747,265815.745907,1,2,-1,121
1.565238,753,265843.225013,2,1,66,-1
1.999399,838,265872.390651,2,1,135,-1
1.21799,1045,265909.527294,1,2,-1,33
0.986779,939,265944.84731,2,1,7,-1
1.08534,755,265974.713626,1,2,-1,38
0.913369,930,266009.663424,2,1,41,-1
1.703,752,266039.45952,1,2,-1,5
1.705232,828,266071.05477,2,1,41,-1
1.465897,449,266088.683121,2,0,83,-1
0.746917,908,266124.387107,1,2,-1,139
1.407516,479,266143.276865,2,0,13,-1
1.536,989,266181.798672,1,2,-1,67
0.581017,750,266210.475319,1,2,-1,111
1.430999,498,266229.896189,2,0,28,-1
1.463824,803,266261.688388,1,2,-1,75
1.103064,600,266284.883636,2,0,145,-1
1.002491,628,266309.116106,2,0,6,-1
1.602,960,266346.818258,1,2,-1,22
1.388402,476,266365.833577,2,0,55,-1
1.90101,869,266401.025237,2,1,118,-1
1.67,784,266430.881784,1,2,-1,28
1.346,668,266457.773272,1,2,-1,124
1.761805,483,266476.741316,2,0,146,-1
0.80324,576,266499.13086,2,0,84,-1
1.44876,717,266526.617626,1,2,-1,25
1.865034,769,266557.237494,2,1,122,-1
1.603447,410,266572.335503,2,0,104,-1
1.007155,719,266601.060385,1,1,-1,70
1.209408,799,266631.695377,1,2,-1,114
1.704805,371,266646.461704,2,0,146,-1
1.209887,665,266672.116111,1,2,-13,53
0.656827,763,266702.550749,1,2,-1,115
1.640887,840,266735.704438,1,2,-13,27
1.343,788,266765.822508,1,2,-1,104
0.648,773,266796.598113,0,2,-1,2
1.06199,1065,266838.234175,1,2,-1,22
1.507325,442,266855.756973,2,0,106,-1
1.91481,843,266888.197354,2,1,134,-1
1.750372,926,266924.692778,2,1,3,-1
1.172182,1052,266965.61234,2,1,88,-1
0.60699,659,266990.973779,1,2,-1,108
0.698293,771,267021.685628,2,0,9,-1
0.761922,761,267050.872005,1,2,-1,101
1.509064,630,267076.317166,1,2,-16,38
0.552,753,267105.198773,0,2,-1,29
1.471516,455,267123.106928,2,0,68,-1
0.822535,936,267160.038626,1,2,-1,0
0.461328,861,267192.685334,1,2,-1,105
1.445703,531,267213.26563,2,0,51,-1
1.301137,809,267245.350678,2,1,10,-1
1.56,804,267277.294448,1,2,-1,58
0.724936,635,267301.763638,2,0,0,-1
1.320929,407,267317.822577,2,0,16,-1
1.398575,657,267342.999035,2,0,5,-1
1.550969,762,267372.164749,2,1,80,-1
1.753,995,267411.082072,1,1,-1,-1
1.06579,1134,267456.289676,1,2,-1,7
1.661,911,267491.136242,1,2,-1,12
1.093615,1194,267538.654256,2,1,2,0
1.134,759,267567.87505,1,2,-1,82
1.041132,501,267587.654079,2,0,59,-1
1.285,839,267621.018653,1,2,-1,75
1.39012,660,267646.409674,1,2,-17,118
0.514169,887,267681.341802,1,2,-1,135
1.061158,960,267719.764039,2,1,43,-1
1.163375,702,267744.004507,2,1,12,-1
1.405,715,267768.005699,1,2,-1,113
1.46176,732,267793.794572,1,2,-1,26
1.488868,425,267809.162497,2,0,67,-1
1.294007,786,267837.982794,2,0,9,-1
1.720018,982,267872.590178,2,1,9,-1
1.783,844,267902.548126,1,2,-1,1
0.83899,629,267924.244462,1,2,-1,15
1.382472,688,267947.72053,2,0,4,-1
0.646,683,267971.882895,0,2,-1,16
1.699827,744,267997.532728,2,1,113,-1
1.67281,434,268012.618082,2,0,134,-1
1.66826,856,268042.444367,2,1,11,-1
0.89679,1006,268077.290277,1,2,-1,75
1.369,765,268102.976045,1,2,-1,97
0.82899,785,268130.570602,1,2,-1,176
1.486373,542,268149.365552,2,0,38,-1
0.970812,1109,268187.647895,1,2,-1,3
0.9787,592,268207.822279,2,0,115,-1
1.030447,896,268239.02483,1,2,-1,0
0.994892,623,268260.780535,2,0,8,-1
0.883,671,268283.570144,1,2,-1,142
1.379787,473,268300.03592,2,0,15,-1
0.594,975,268333.961329,0,2,-1,20
1.646516,710,268359.011563,2,1,68,-1
1.317,954,268391.786791,1,2,-1,130
1.073401,549,268413.023752,2,0,25,-1
1.329602,500,268429.159439,2,0,26,-1
1.518385,541,268448.699672,2,0,88,-1
0.779917,1036,268484.851722,1,2,-1,59
1.553,689,268508.244656,1,2,-1,59
1.532,829,268537.284913,1,2,-1,0
1.88035,776,268563.467978,2,1,107,-1
1.190836,559,268582.658052,2,0,120,-1
1.068606,932,268615.124152,1,2,-9,0
1.552,772,268640.995733,1,2,-1,28
1.268,762,268667.893558,1,2,-1,78
1.412386,535,268686.170751,2,0,12,-1
1.41254,467,268702.225643,2,0,20,-1
1.56435,421,268716.867785,2,0,107,-1
1.601412,796,268743.719374,2,1,25,-1
1.05799,822,268772.548992,1,2,-1,87
1.531553,732,268797.522353,2,1,115,-1
0.755184,706,268822.594718,2,0,3,-1
1.697,786,268849.333814,1,2,-1,4
1.608358,386,268863.029187,2,0,105,-1
1.755805,396,268876.9357,2,0,146,-1
1.387903,446,268893.182325,2,0,152,-1
1.37,883,268922.74584,1,1,-1,-1
1.457381,426,268937.510122,2,0,19,-1
1.742018,844,268966.677184,2,1,9,-1
1.106047,559,268985.750884,2,0,73,-1
1.42442,518,269003.708632,2,0,30,-1
1.486,987,269037.645486,1,2,-1,80
1.182751,788,269064.141659,2,1,65,-1
1.611553,831,269092.982235,2,1,48,-1
1.481287,524,269110.875553,2,0,77,-1
1.515,947,269143.616753,1,1,-1,-1
1.217827,1129,269182.096353,1,2,-1,10
1.91335,919,269213.76493,2,1,107,-1
0.863328,836,269242.755409,1,2,-1,65
2.07899,856,269271.280241,2,0,137,-1
1.373819,1046,269306.999809,2,1,30,-1
1.796516,838,269335.960434,2,1,68,-1
1.116858,851,269365.391835,1,2,-1,0
1.13474,1128,269403.689615,2,1,31,-1
1.430033,814,269430.923981,2,1,64,-1
1.47,878,269461.301675,1,2,-1,80
1.543,907,269492.5728,1,2,-1,9
1.536086,399,269506.44113,2,0,98,-1
0.855656,462,269522.404933,2,0,57,-1
0.880169,896,269552.333485,1,2,-1,61
1.585505,416,269566.786073,2,0,116,-1
1.854328,761,269593.294765,2,1,57,-1
1.540017,457,269607.989474,2,0,96,-1
1.576937,738,269633.92652,2,1,40,-1
1.803287,838,269662.902292,2,1,77,-1
1.332824,883,269692.28681,1,2,-12,146
1.55235,377,269705.500976,2,0,107,-1
1.136824,734,269730.124578,1,2,-1,64
1.153979,418,269744.591098,2,0,137,-1
0.500824,645,269767.510426,0,2,-1,72
1.099831,712,269791.359,2,1,46,-1
1.21201,416,269805.795578,2,0,125,-1
1.107,711,269829.632717,1,2,-1,123
1.608,845,269858.924969,1,2,-1,48
1.793892,780,269885.075295,2,1,82,-1
1.144818,814,269913.460923,1,2,-10,75
1.28367,873,269943.708439,2,1,6,-1
1.357896,934,269974.797765,2,1,62,-1
1.512948,849,270004.326612,1,1,-14,85
1.728,898,270035.45978,1,2,-1,7
1.569,827,270063.033593,1,2,-1,57
1.491,719,270088.291149,1,2,-1,85
1.019863,511,270105.71583,2,0,22,-1
1.368519,755,270131.039007,2,1,97,-1
0.399,601,270151.40224,0,2,-1,83
1.231,704,270176.185758,1,2,-1,16
1.37918,527,270194.274867,2,0,1,-1
1.627034,457,270209.979279,2,0,122,-1
0.725086,643,270231.652176,1,2,-1,68
1.390089,568,270250.984613,2,0,0,-1
0.629705,898,270281.920208,1,2,-1,140
1.621587,836,270310.828907,2,1,35,-1
1.091506,961,270342.881865,2,1,68,-1
1.465238,432,270357.914418,2,0,66,-1
1.301978,978,270391.383938,2,1,45,-1
2.033125,758,270417.879495,2,0,136,-1
1.64,891,270447.610311,1,2,-1,31
1.651979,864,270477.474574,2,1,137,-1
0.86299,900,270508.579314,1,2,-1,94
0.92145,569,270528.005271,2,0,89,-1
1.388703,569,270547.413672,2,0,51,-1
1.268,712,270571.357431,1,2,-1,146
1.55779,908,270602.642601,2,1,7,-1
1.471516,522,270620.577472,2,0,68,-1
0.824325,817,270648.957083,1,2,-1,26
1.506049,514,270666.590648,2,0,79,-1
1.445535,455,270682.260368,2,0,42,-1
1.361,817,270709.56744,1,2,-1,45
1.416226,678,270733.455084,2,0,18,-1
1.558,750,270758.618827,1,2,-1,41
1.492057,472,270774.880106,2,0,73,-1
0.914919,556,270793.807489,2,0,27,-1
1.424937,472,270810.083452,2,0,40,-1
1.379,895,270840.961579,1,2,-1,121
1.339,705,270864.702127,1,2,-1,115
1.371,637,270886.198125,1,2,-1,79
0.543017,873,270916.436335,1,2,-1,84
1.41842,475,270932.801575,2,0,30,-1
1.407373,600,270953.1307,2,0,38,-1
1.385,768,270979.950853,1,2,-1,140
1.549602,848,271008.18036,2,1,26,-1
1.037,599,271029.558628,1,2,-1,120
1.545529,429,271043.324706,2,0,97,-1
1.238,686,271067.482228,1,2,-1,81
1.383897,844,271095.707796,2,1,83,-1
1.759797,838,271124.849036,2,1,27,-1
1.517093,507,271142.219924,2,0,86,-1
1.486,737,271166.962864,1,2,-1,89
1.012216,506,271184.329314,2,0,18,-1
1.750227,799,271212.170301,2,1,24,-1
1.545,886,271242.751343,1,2,-1,49
0.631086,714,271266.717902,1,2,-1,72
0.649772,774,271293.654312,2,1,1,-1
1.358386,482,271310.196472,2,0,12,-1
1.447516,467,271325.149815,2,0,68,-1
1.35818,624,271347.295033,2,0,1,-1
1.59,837,271375.24256,1,2,-1,16
0.562544,582,271395.038932,1,2,-8,129
0.71499,832,271423.923831,1,2,-1,78
0.58607,820,271452.442927,1,2,-1,121
1.642,835,271480.308986,1,2,-1,32
0.85543,568,271499.631294,2,0,43,-1
1.513897,472,271515.912895,2,0,83,-1
1.743929,1033,271551.25453,2,1,16,-1
0.975,774,271578.329071,1,2,-1,141
1.718,823,271605.841156,1,1,-1,-1
1.255,743,271631.915891,1,2,-1,75
1.509238,508,271649.31604,2,0,66,-1
1.467578,404,271663.403868,2,0,71,-1
1.644575,768,271689.166775,2,1,5,-1
1.226,626,271710.354118,1,2,-1,115
1.42442,431,271725.230276,2,0,30,-1
1.704535,998,271759.464661,2,1,42,-1
0.587,665,271782.971879,0,2,-1,13
0.543,714,271807.023618,0,2,-1,54
1.805004,832,271835.950643,2,1,59,-1
1.648125,388,271848.412539,2,0,136,-1
1.791034,712,271873.368392,2,1,122,-1
1.426,832,271901.126246,1,2,-1,114
1.252,882,271931.603899,1,2,-1,156
1.405381,502,271948.760156,2,0,19,-1
1.382824,700,271972.329306,1,2,-12,121
0.681047,1013,272007.180064,1,1,-1,-1
1.713805,386,272020.655317,2,0,146,-1
1.114519,339,272032.613075,2,0,97,-1
1.308,785,272058.857526,1,2,-1,145
1.632,879,272089.286068,1,2,-1,11
1.557,848,272118.689624,1,2,-1,47
1.403,658,272140.917036,1,2,-1,74
0.921847,947,272173.53125,1,2,-1,59
1.204,758,272198.916103,1,2,-1,12
1.687,860,272228.60322,1,2,-1,18
1.796529,693,272251.934703,2,1,97,-1
1.50135,457,272267.654058,2,0,107,-1
1.38765,626,272288.812962,2,0,14,-1
1.667137,778,272315.971525,2,1,10,-1
1.534325,450,272331.434234,2,0,106,-1
1.431192,528,272349.468373,2,0,47,-1
0.763072,1037,272384.851485,2,1,2,-1
1.376386,472,272401.085922,2,0,12,-1
1.645,823,272428.680227,1,2,-1,1
1.436,731,272454.319755,1,2,-1,58
1.514007,772,272480.211123,1,2,-15,70
1.451,827,272508.92553,1,2,-1,85
1.406,831,272537.744128,1,2,-1,86
1.731,817,272565.12588,1,2,-1,15
0.86799,604,272585.637635,1,2,-1,92
0.656,565,272604.886441,0,2,-1,5
0.656,509,272622.328531,0,2,-1,16
1.34599,1179,272663.392807,1,2,-1,1
1.120548,912,272694.813767,1,2,-1,23
1.623206,824,272722.339669,2,1,29,-1
1.376887,616,272743.121055,1,2,-13,73
1.287,759,272769.625026,1,2,-1,145
1.69,998,272803.922218,1,2,-1,8
1.027,721,272828.257247,1,2,-1,144
1.385472,514,272845.786531,2,0,4,-1
1.49434,719,272871.158323,2,1,34,-1
0.536,587,272891.184898,0,2,-1,46
1.651,774,272917.096355,1,1,-1,-1
1.508,848,272946.490318,1,2,-1,68
1.077,829,272975.239857,1,2,-1,92
1.520627,463,272990.158062,2,0,65,-1
0.989,687,273014.381625,1,2,-1,95
1.621034,474,273030.697737,2,0,122,-1
1.482,769,273056.455299,1,2,-1,15
0.788142,753,273082.740485,2,0,61,-1
1.421064,738,273107.460169,1,2,-16,62
1.371,759,273133.943371,1,2,-1,78
1.282,875,273163.050982,1,2,-1,6
0.327,720,273188.312253,0,2,-1,128
1.707,985,273222.161435,1,2,-1,11
1.743805,479,273238.601439,2,0,146,-1
1.653311,832,273266.447187,2,1,59,-1
0.863299,493,273283.306725,2,0,4,-1
1.493287,478,273299.711816,2,0,77,-1
1.799104,860,273329.603639,2,0,37,-1
1.689089,1005,273363.913811,2,1,0,-1
1.615,910,273395.250414,1,2,-1,17
0.955064,659,273417.442922,1,2,-16,156
1.417874,456,273433.111933,2,0,22,-1
0.459712,828,273460.813065,1,2,-1,147
1.372703,708,273485.744331,2,1,51,-1
1.546505,392,273498.306084,2,0,116,-1
1.366372,416,273512.79049,2,0,3,-1
1.839627,1125,273552.137804,2,1,65,-1
1.431841,534,273570.316949,2,0,36,-1
0.928829,912,273600.729557,1,2,-1,79
1.419373,484,273617.423107,2,0,38,-1
1.57035,447,273632.809903,2,0,107,-1
1.394169,602,273653.231713,2,0,44,-1
1.57035,384,273666.616411,2,0,107,-1
0.497,673,273689.216253,0,2,-1,72
0.951627,906,273720.44615,1,2,-1,62
0.660252,707,273745.358301,0,2,-1,9
1.445815,674,273768.063524,2,1,90,-1
1.662805,356,273780.570972,2,0,146,-1
0.849,740,273805.394066,1,2,-1,145
1.39,888,273836.023453,1,2,-1,115
1.554745,728,273860.478282,2,1,56,-1
1.39779,648,273882.39735,2,0,7,-1
1.257,910,273913.808187,1,2,-1,162
1.518866,822,273942.399575,2,1,32,-1
1.625,929,273974.434198,1,2,-1,50
1.062,607,273994.992388,1,2,-1,78
0.87399,749,274020.103244,1,2,-1,140
1.32165,449,274035.646259,2,0,14,-1
1.273,701,274060.255802,1,2,-1,69
0.956086,958,274092.190613,1,2,-1,82
1.197,718,274117.487818,1,2,-1,114
1.7881,945,274150.051565,2,1,33,-1
1.446858,375,274162.086383,2,0,56,-1
1.459516,498,274179.125645,2,0,68,-1
1.524,717,274204.3356,1,2,-1,58
1.42864,703,274227.994846,2,0,31,-1
1.68399,449,274243.523397,2,0,137,-1
0.631625,667,274266.033731,0,2,-1,13
1.716,856,274295.626413,1,2,-1,13
1.187,649,274317.514889,1,2,-1,121
1.680829,741,274343.469232,2,1,74,-1
1.371929,509,274360.868428,2,0,16,-1
1.615034,406,274373.885151,2,0,122,-1
1.344,706,274398.711729,1,2,-1,73
1.42065,546,274417.330465,2,0,14,-1
1.613738,841,274446.591551,2,1,130,-1
1.42564,480,274461.953386,2,0,31,-1
1.372206,669,274485.607194,2,0,29,-1
1.553,920,274517.44075,1,2,-1,36
1.546892,852,274545.900782,2,1,82,-1
1.443694,762,274572.608861,1,2,-1,36
1.757412,941,274604.974133,2,1,25,-1
1.42618,880,274634.266512,2,1,1,-1
1.451,750,274660.528165,1,2,-1,1
1.756447,784,274686.805393,2,1,104,-1
1.000357,893,274717.685843,2,1,46,-1
1.929125,712,274741.55586,2,1,136,-1
1.533391,575,274762.14459,2,0,92,-1
0.746,555,274781.068623,0,2,-1,0
0.552937,841,274809.118737,1,2,-1,145
1.662,886,274839.762819,1,2,-1,23
1.461,850,274869.162022,1,2,-1,90
1.545086,483,274885.718416,2,0,176,-1
1.32,860,274914.253821,1,2,-1,25
1.437841,457,274930.071736,2,0,36,-1
1.562,901,274961.14793,1,2,-1,18
1.551018,874,274991.380159,2,1,9,-1
1.400075,418,275004.809725,2,0,17,-1
1.401902,555,275024.843982,2,0,8,-1
1.14,595,275044.988014,1,2,-1,77
1.385472,667,275067.38139,2,0,4,-1
1.47,713,275091.348774,1,2,-1,90
1.826516,778,275118.581131,2,0,68,-1
1.383902,426,275133.371734,2,0,8,-1
1.476896,589,275153.386607,2,0,62,-1
1.515,744,275178.331287,1,2,-1,75
1.394412,600,275199.796314,2,0,25,-1
1.169401,746,275224.766713,2,1,25,-1
1.638821,459,275240.598415,2,0,131,-1
1.444049,796,275267.15027,2,1,79,-1
1.386482,791,275294.736765,1,2,-1,62
1.50476,687,275317.930534,1,2,-11,67
1.842238,776,275345.025047,2,1,66,-1
1.110325,1205,275385.910135,1,2,-1,47
1.427868,485,275402.540933,2,0,67,-1
1.788516,931,275434.654933,2,1,68,-1
1.448868,473,275450.868311,2,0,67,-1
1.314275,598,275471.197163,2,0,2,-1
0.907602,1130,275509.593797,1,2,-1,67
0.728626,822,275538.242358,2,1,28,-1
1.548925,834,275566.041696,2,1,49,-1
1.430896,748,275592.263199,2,1,62,-1
1.814925,932,275624.307697,2,1,49,-1
1.725,970,275657.438355,1,2,-1,5
0.833549,689,275680.575492,2,0,64,-1
1.429206,449,275696.117342,2,0,29,-1
1.119694,715,275720.270607,1,2,-10,72
1.40226,472,275736.50842,2,0,11,-1
0.98299,810,275764.605315,1,2,-1,1
1.464812,491,275781.445139,2,0,58,-1
1.427311,502,275798.543192,2,0,59,-1
1.409386,487,275815.284536,2,0,12,-1
1.369,723,275839.526191,1,2,-1,12
1.446902,522,275857.440906,2,0,8,-1
1.725805,402,275871.42562,2,0,146,-1
1.422373,464,275887.461097,2,0,38,-1
1.427535,496,275904.541719,2,0,42,-1
1.756381,1107,275942.255398,2,1,19,-1
0.746686,594,275962.43899,2,0,33,-1
1.395,810,275990.600152,1,2,-1,121
1.528494,829,276018.338763,2,1,116,-1
1.438,974,276051.790342,1,2,-1,104
1.080326,433,276066.70012,2,0,68,-1
1.443443,414,276081.123329,2,0,76,-1
1.152,838,276109.16885,1,2,-1,141
1.293007,801,276136.996776,1,2,-15,77
0.974,669,276159.5617,1,2,-1,156
0.912,586,276180.518024,1,2,-1,176
1.651,947,276211.971375,1,2,-1,8
1.70918,864,276241.755243,2,1,1,-1
1.266,781,276268.932138,1,2,-1,145
1.547,791,276295.37319,1,2,-1,76
1.674309,853,276325.009423,2,1,50,-1
1.609,908,276356.358932,1,2,-1,21
1.454703,495,276373.349076,2,0,51,-1
1.715,845,276401.515458,1,1,-1,10
1.227,663,276423.841723,1,2,-1,114
1.70218,933,276455.906055,2,1,1,-1
0.6195,806,276483.898241,1,2,-1,106
1.358,835,276511.844106,1,2,-1,95
1.473917,573,276532.375406,2,0,81,-1
1.655529,713,276556.35407,2,1,97,-1
1.553,858,276586.01348,1,2,-1,51
1.258,773,276611.866498,1,2,-1,136
1.663,807,276640.046229,1,2,-1,38
1.513897,480,276656.57758,2,0,83,-1
1.597358,752,276681.757659,2,1,105,-1
1.468897,550,276700.476698,2,0,83,-1
1.586,700,276725.160993,1,2,-1,10
1.519,781,276751.339775,1,1,-1,-1
0.752386,975,276784.844692,1,2,-1,2
1.026827,707,276808.534339,1,2,-1,42
1.427824,615,276830.539114,1,2,-1,47
1.16,654,276852.580317,1,2,-1,137
1.57335,422,276867.137737,2,0,107,-1
0.879391,774,276892.987832,1,2,-1,73
1.359705,589,276913.045913,2,0,21,-1
1.433169,461,276929.014194,2,0,44,-1
1.231086,831,276957.857544,1,2,-2,118
1.55817,745,276982.911645,1,2,-1,14
1.402,725,277008.232971,1,2,-1,94
1.730681,871,277037.1794,2,1,6,-1
1.419,873,277067.327503,1,2,-1,93
1.42918,432,277082.26243,2,0,1,-1
1.36179,429,277097.081523,2,0,7,-1
1.680841,804,277124.057499,2,1,46,-1
1.422847,600,277145.430736,2,0,43,-1
1.419,806,277172.391161,1,2,-1,102
1.389275,630,277193.725801,2,0,2,-1
1.348227,439,277208.96226,2,0,24,-1
1.311,838,277238.262751,1,2,-1,137
1.896805,727,277262.673327,2,1,146,-1
1.737805,377,277275.868568,2,0,146,-1
1.095,737,277301.674428,1,2,-1,117
1.53435,455,277316.225862,2,0,107,-1
1.336,715,277341.302569,1,2,-1,26
1.383086,803,277368.167459,1,2,-2,77
1.38218,422,277382.779448,2,0,1,-1
1.689,838,277411.91276,1,2,-1,15
1.801412,806,277438.971432,2,1,25,-1
1.673104,705,277463.780863,2,1,37,-1
1.326,716,277487.76175,1,2,-1,92
1.402874,485,277504.373107,2,0,22,-1
1.232948,594,277524.560737,1,2,-1,73
1.273,750,277550.83244,1,2,-1,16
1.456516,427,277565.68304,2,0,68,-1
1.268,779,277591.743277,1,2,-1,139
1.418587,540,277610.120711,2,0,35,-1
1.693472,891,277640.897107,2,1,4,-1
1.557,848,277670.291994,1,2,-1,54
1.776913,446,277684.668457,2,0,152,-1
1.666,915,277716.313315,1,2,-1,26
1.436866,511,277733.853979,2,0,32,-1
1.48335,406,277747.88808,2,0,107,-1
1.584,740,277772.650626,1,2,-1,34
1.386575,503,277789.919418,2,0,5,-1
1.394386,508,277807.376869,2,0,12,-1
1.483516,525,277825.37831,2,0,68,-1
2.168,654,277848.511971,2,1,176,-1
1.336887,733,277873.134423,1,2,-1,138
1.800183,984,277906.836957,2,1,69,-1
1.496287,504,277924.111213,2,0,77,-1
1.664,823,277952.645733,1,1,-1,31
1.503,729,277977.16942,1,2,-1,71
1.415,820,278005.654685,1,2,-1,106
1.209,685,278028.752067,1,2,-1,95
1.56135,381,278042.09028,2,0,107,-1
1.64281,478,278058.448446,2,0,134,-1
0.991582,821,278085.79402,1,2,-1,7
0.679064,874,278116.062679,0,2,-16,10
1.56735,449,278131.588453,2,0,107,-1
1.455086,506,278148.887042,2,0,98,-1
1.541,848,278178.260497,1,2,-1,78
1.608,903,278208.313829,1,2,-1,44
1.599778,730,278233.907999,2,1,9,-1
1.463,936,278266.078854,1,2,-1,94
0.47499,735,278290.717488,1,2,-1,114
1.40565,504,278307.951364,2,0,14,-1
1.552592,456,278323.707486,2,0,103,-1
1.457528,415,278338.068498,2,0,53,-1
1.374137,523,278355.888212,2,0,10,-1
1.863548,908,278386.162802,2,1,95,-1
1.694,915,278417.762642,1,2,-1,23
1.758805,475,278434.148551,2,0,146,-1
1.429797,577,278453.786863,2,0,27,-1
1.716805,378,278466.973737,2,0,146,-1
1.00846,580,278486.658142,2,0,97,-1
1.563,736,278512.427049,1,2,-1,60
1.416226,597,278532.719691,2,0,18,-1
0.695,719,278556.806147,0,2,-1,2
1.673,883,278587.296196,1,2,-1,29
1.377929,617,278608.244662,2,0,16,-1
1.486516,448,278623.756154,2,0,68,-1
1.063927,846,278653.069177,2,1,46,-1
1.29,701,278676.725462,1,2,-1,60
1.407602,567,278696.088137,2,0,26,-1
1.422048,533,278714.239132,2,0,23,-1
1.462516,429,278729.055067,2,0,68,-1
1.715196,939,278761.404493,2,1,3,-1
1.483516,560,278780.525307,2,0,68,-1
2.046805,748,278805.60971,2,1,146,-1
1.423797,555,278824.497389,2,0,27,-1
1.713,1043,278861.223343,1,2,-1,7
1.301,752,278886.475693,1,2,-1,150
1.347,794,278914.139107,1,2,-1,38
1.77934,870,278943.147714,2,0,34,-1
0.175,478,278959.534127,0,2,-1,145
1.089,698,278984.113517,1,2,-1,124
1.643824,775,279010.039038,1,2,-1,4
1.093298,856,279039.761584,1,2,-14,54
1.418528,424,279054.444399,2,0,53,-1
1.747694,1000,279088.684185,1,2,-1,3
1.506049,582,279108.661931,2,0,79,-1
1.484109,473,279124.961142,2,0,52,-1
1.343,762,279150.468439,1,2,-1,134
1.382703,448,279165.972402,2,0,51,-1
1.439104,489,279182.771033,2,0,37,-1
1.416929,729,279207.262981,2,0,16,0
1.798169,961,279240.283161,2,1,44,-1
1.734805,381,279253.594988,2,0,146,-1
2.447,909,279284.918254,2,1,176,-1
1.434,709,279308.730479,1,2,-1,66
0.273,561,279328.020335,0,2,-1,144
1.51,800,279355.927242,1,2,-1,48
0.641,707,279379.70389,0,2,-1,32
1.39626,557,279398.674836,2,0,11,-1
1.688929,873,279428.839811,2,0,16,-1
1.488,903,279460.014899,1,2,-1,94
1.619,959,279493.012087,1,2,-1,33
1.63,928,279523.87118,1,2,-1,15
1.756,1000,279558.209821,1,2,-1,3
1.717104,976,279591.680817,2,1,37,-1
1.571137,870,279621.862726,2,1,10,-1
1.732,1006,279656.321389,1,2,-1,5
1.316,855,279685.944366,1,2,-1,111
1.618,934,279717.022657,1,2,-1,28
1.465897,411,279731.363636,2,0,83,-1
1.28076,840,279760.530021,1,2,-1,66
1.788896,743,279785.381616,2,1,62,-1
0.701,546,279803.965768,0,2,-1,5
1.422048,590,279823.924536,2,0,23,-1
1.470999,401,279837.976075,2,0,28,-1
1.88435,700,279862.602437,2,1,107,-1
1.699,881,279891.891062,1,2,-1,4
1.013787,833,279920.750955,1,2,-1,28
1.363238,456,279936.458599,2,0,66,-1
1.292,725,279960.796136,1,2,-1,141
1.512391,436,279975.91836,2,0,92,-1
1.4341,586,279995.80718,2,0,33,-1
1.54335,441,280011.00432,2,0,107,-1
1.607,943,280043.561751,1,2,-1,13
1.148948,594,280063.740698,1,2,-14,156
1.462,935,280095.87872,1,2,-1,11
1.526,833,280124.750199,1,2,-1,18
1.56135,392,280137.272069,2,0,107,-1
0.966279,850,280166.677286,2,1,107,-1
1.721887,982,280200.428518,1,2,-13,12
1.414874,502,280217.592075,2,0,22,-1
1.532516,712,280241.437439,2,1,68,-1
0.846758,582,280261.191641,2,0,38,-1
0.299372,848,280290.546322,1,2,-1,81
1.683805,376,280303.732105,2,0,146,-1
1.492625,906,280335.033215,1,2,-9,41
1.680902,933,280366.136927,2,1,8,-1
1.662,930,280398.210429,1,2,-1,30
1.597,923,280430.048427,1,2,-1,53
1.214827,1002,280464.373905,1,2,-1,4
0.60334,997,280498.611377,1,2,-1,130
0.851841,853,280528.202028,1,2,-1,94
1.763,767,280553.919617,1,2,-1,2
1.526705,860,280583.694724,2,1,21,-1
1.749805,403,280597.654903,2,0,146,-1
0.591824,601,280618.043427,0,2,-12,7
1.57035,490,280634.81229,2,0,107,-1
1.603,1064,280671.057963,1,2,-1,43
1.477516,445,280686.50548,2,0,68,-1
0.906086,844,280714.690326,1,2,-1,1
1.322,639,280737.308659,1,2,-1,50
1.051,798,280764.018703,1,2,-1,102
1.332,855,280793.639521,1,2,-1,140
1.413565,929,280825.805126,1,2,-12,110
0.079,486,280842.494567,0,2,-1,114
1.409287,473,280857.756016,2,0,77,-1
1.743386,1055,280894.718329,2,1,12,-1
0.74572,763,280920.367294,2,1,53,-1
1.420874,398,280934.193669,2,0,22,-1
1.627034,556,280953.093115,2,0,122,-1
1.525516,441,280968.317822,2,0,68,-1
0.5361,894,280999.233312,1,2,-1,78
1.615443,703,281022.912704,2,1,76,-1
1.724,866,281052.838938,1,2,-1,1
1.134,853,281081.239896,1,2,-1,45
1.213,719,281106.473299,1,2,-1,176
1.417874,572,281125.91047,2,0,22,-1
1.754999,964,281158.915226,2,1,28,-1
1.73,925,281189.632963,1,2,-1,7
1.277,735,281215.382562,1,2,-1,140
0.805104,537,281233.620145,2,0,27,-1
1.303,686,281256.694444,1,2,-1,0
1.209948,693,281281.098556,1,2,-14,50
1.369206,495,281298.119803,2,0,29,-1
1.349,645,281319.84211,1,2,-1,105
0.823412,780,281345.902494,1,2,-1,75
1.082,726,281371.401666,1,2,-1,98
0.719275,841,281399.410557,1,2,-1,103
1.411206,510,281416.865138,2,0,29,-1
1.115198,1029,281452.127608,2,1,34,-1
1.851391,792,281479.704446,2,1,92,-1
1.40679,554,281498.63554,2,0,7,-1
1.374275,593,281518.75956,2,0,2,-1
1.07,718,281543.964868,1,2,-1,149
1.22,804,281570.812716,1,2,-1,65
1.346,842,281600.048615,1,2,-1,125
1.75565,1182,281640.278684,2,1,14,0
1.516,887,281670.873127,1,2,-1,85
1.420206,479,281687.318512,2,0,29,-1
1.656,884,281717.907013,1,2,-1,19
1.413192,454,281732.494448,2,0,47,-1
1.490866,796,281760.219974,2,1,32,-1
1.450887,711,281784.097462,1,2,-13,34
1.804872,834,281813.048262,2,1,23,-1
1.582,852,281842.523669,1,2,-1,1
1.665805,415,281855.927776,2,0,146,-1
1.142,695,281880.385017,1,2,-1,133
1.51635,417,281894.876766,2,0,107,-1
1.08,612,281915.562701,1,2,-1,151
1.460555,729,281940.059184,1,2,-1,9
1.317,840,281969.254656,1,2,-1,111
1.425192,419,281983.784913,2,0,47,-1
1.429929,773,282009.636662,2,1,16,-1
1.401,833,282038.548207,1,2,-1,120
1.399372,551,282057.363271,2,0,3,-1
1.292,721,282081.562955,1,2,-1,104
1.425858,606,282103.304833,2,0,56,-1
1.686,884,282132.816728,1,2,-1,17
1.724874,748,282158.935658,2,0,22,-1
1.936414,804,282185.833715,2,1,112,-1
1.130947,1068,282222.178774,2,1,33,-1
1.427528,427,282236.906093,2,0,53,-1
1.761805,439,282252.136588,2,0,146,-1
2.382694,726,282277.573375,2,1,176,-1
1.368275,557,282296.47872,2,0,2,-1
0.787,592,282316.608994,1,2,-1,176
1.403535,641,282338.257207,2,0,42,-1
1.403627,396,282352.012212,2,0,65,-1
1.421,754,282377.260834,1,2,-1,105
0.833571,672,282400.923345,2,0,92,-1
0.952,707,282424.708007,1,2,-1,106
1.52604,516,282442.386437,2,0,101,-1
0.775354,874,282472.690753,1,2,-1,116
1.360681,489,282489.500111,2,0,6,-1
1.708,859,282518.117786,1,2,-1,18
1.401,914,282549.61314,1,2,-1,31
1.469287,469,282565.734531,2,0,77,-1
1.448516,872,282595.955596,2,1,176,-1
0.798903,577,282615.500882,2,0,57,-1
1.16735,1143,282654.317819,1,2,-1,8
0.449,650,282676.265726,0,2,-1,95
1.429,892,282707.094593,1,2,-1,28
1.011,595,282727.196438,1,2,-1,124
1.71679,916,282758.785189,2,0,7,-1
1.474238,557,282777.674786,2,0,66,-1
1.446443,401,282791.620575,2,0,76,-1
1.454287,580,282811.298729,2,0,77,-1
1.249,807,282839.387205,1,2,-1,166
1.331,750,282864.491388,1,2,-1,135
1.464,706,282888.160109,1,2,-1,67
1.800627,812,282916.388147,2,1,65,-1
1.735587,909,282947.782844,2,1,35,-1
1.444,781,282973.888048,1,2,-1,101
1.373528,771,283000.732465,2,1,53,-1
1.684602,920,283032.469326,2,0,26,-1
1.583929,857,283061.027264,2,1,16,-1
1.624007,854,283090.625476,1,2,-1,13
0.573086,549,283109.297206,0,2,-1,8
0.876,606,283129.78162,1,2,-1,147
1.374,833,283158.691652,1,2,-1,27
1.684385,864,283188.586603,2,1,88,-1
1.411,685,283211.573817,1,2,-1,89
1.308,937,283243.825788,1,2,-1,2
1.743472,727,283268.289988,2,1,4,-1
1.703,950,283300.948386,1,2,-1,9
1.404929,514,283318.521454,2,0,16,-1
1.410391,368,283331.392544,2,0,92,-1
1.378625,392,283343.937248,2,0,75,-1
1.763925,849,283373.308906,2,1,49,-1
1.685797,959,283406.247364,2,1,27,-1
1.766,697,283429.768503,1,1,-1,-1
1.377137,545,283448.321309,2,0,10,-1
1.297,747,283474.423627,1,2,-1,38
1.454311,530,283492.4586,2,0,59,-1
1.656,936,283524.599386,1,2,-1,2
1.400472,495,283541.566542,2,0,4,-1
0.58764,857,283570.368908,1,2,-1,28
1.407137,486,283587.480399,2,0,10,-1
1.460048,424,283602.145389,2,0,23,-1
1.34,697,283626.6871,1,2,-1,130
1.587,761,283652.085816,1,2,-1,32
1.308,861,283681.843136,1,2,-1,52
1.01553,1074,283718.437815,2,1,20,2
1.408874,500,283735.528274,2,0,22,-1
1.692,879,283764.872661,1,2,-1,5
1.317,766,283791.581921,1,2,-1,49
0.183402,829,283820.826661,1,2,-1,148
1.33179,482,283837.428461,2,0,7,-1
1.001447,1033,283872.7596,1,2,-1,51
1.675,848,283900.976398,1,1,-1,20
1.11999,702,283925.711549,1,2,-1,46
1.387866,505,283942.926306,2,0,32,-1
1.738391,703,283966.490288,2,1,92,-1
0.967397,789,283992.893498,2,0,67,3
0.693331,577,284013.562369,0,2,-5,18
1.422192,575,284033.210125,2,0,47,-1
1.352169,428,284048.089359,2,0,44,-1
1.334986,908,284078.187582,2,1,139,-1
1.530529,482,284094.722425,2,0,97,-1
1.476651,506,284112.006398,2,0,39,-1
1.013,540,284130.387979,1,2,-1,176
1.338275,540,284148.772307,2,0,2,-1
1.083234,386,284162.224626,2,0,52,-1
1.408381,582,284181.981878,2,0,19,-1
1.40534,496,284199.001072,2,0,34,-1
1.395,796,284226.658989,1,2,-1,88
1.749402,858,284255.220288,2,1,55,-1
1.368575,475,284271.501253,2,0,5,-1
1.544,956,284304.325425,1,2,-1,70
0.694,554,284323.249528,1,2,-1,176
1.383553,806,284351.360532,2,1,48,-1
0.363064,448,284366.778851,0,2,-16,122
1.719064,751,284391.999796,2,1,73,-1
1.292,757,284418.62191,1,2,-1,78
1.459866,420,284433.164579,2,0,32,-1
1.388,942,284464.439532,1,2,-1,105
1.795529,737,284490.218183,2,1,97,-1
1.347902,850,284519.790296,1,2,-1,0
0.807402,614,284540.533976,2,0,5,-1
0.997,714,284564.510201,1,2,-1,122
0.456,529,284582.543333,0,2,-1,78
1.051472,1111,284620.407059,1,2,-1,8
0.909122,845,284649.726763,1,2,-1,2
0.855122,748,284674.759272,1,1,-1,111
1.432681,907,284706.003987,2,1,6,-1
1.663,867,284736.035436,1,2,-1,18
1.652,834,284764.973563,1,2,-1,9
1.38176,790,284791.440654,1,1,-11,116
0.49,541,284809.875512,0,2,-1,73
1.370328,594,284830.021914,2,1,57,-1
1.475911,743,284856.0121,2,1,128,-1
1.730477,491,284872.896386,2,0,145,-1
0.679472,1049,284908.742873,1,2,-1,36
0.843,593,284928.874916,1,2,-1,135
1.159937,755,284954.179843,2,1,58,-1
0.613,678,284978.044562,0,2,-1,27
0.732,808,285005.14972,0,2,-1,5
0.289,515,285022.868722,0,2,-1,87
0.895681,937,285055.151637,1,2,-1,74
0.707522,992,285089.095663,2,1,6,-1
1.466,788,285116.518713,1,2,-1,38
0.652071,875,285145.725991,1,2,-11,73
0.817397,733,285171.471474,2,1,97,-1
1.213863,1034,285206.875804,2,1,32,-1
1.221,603,285227.355071,1,2,-1,42
1.40642,399,285241.207123,2,0,30,-1
1.510625,886,285270.741523,1,2,-9,75
0.837278,482,285287.206762,2,0,47,-1
1.663075,759,285313.705457,2,1,17,-1
1.390555,650,285335.649835,1,2,-1,50
1.473312,441,285350.953761,2,0,114,-1
1.439402,408,285365.220149,2,0,55,-1
1.508414,398,285379.166534,2,0,112,-1
0.976247,863,285407.969934,2,1,43,-1
1.551,918,285439.628196,1,2,-1,15
1.414,823,285468.146138,1,2,-1,95
1.497391,532,285486.336813,2,0,92,-1
1.436311,517,285503.968363,2,0,59,-1
1.217216,809,285531.041978,2,1,32,-1
1.045,674,285554.873028,1,2,-1,144
1.667,870,285583.937773,1,2,-1,0
1.397328,457,285599.659607,2,0,57,-1
1.348,913,285631.056325,1,2,-1,5
1.694,941,285663.472031,1,2,-1,14
1.227,708,285687.215004,1,2,-1,140
1.667,974,285720.667912,1,2,-1,7
1.091,682,285743.498957,1,2,-1,36
1.674,958,285776.478381,1,2,-1,17
0.398689,703,285801.203,1,2,-1,124
0.904143,613,285822.039764,2,0,73,-1
1.451328,485,285838.678491,2,0,57,-1
1.115,660,285860.964683,1,2,-1,118
1.455391,520,285878.720784,2,0,92,-1
1.462793,551,285897.480082,2,0,110,-1
1.327381,494,285914.42753,2,0,19,-1
1.659,823,285942.988827,1,2,-1,2
1.418,747,285968.0664,1,2,-1,34
1.633,967,286001.192309,1,2,-1,11
1.118,776,286028.19398,1,2,-1,107
1.636,800,286054.943534,1,2,-1,38
1.302275,381,286068.299366,2,0,2,-1
1.680104,701,286091.843138,2,1,37,-1
1.59481,493,286108.76362,2,0,134,-1
1.482391,467,286124.88126,2,0,92,-1
0.801116,425,286139.583427,2,0,15,-1
0.836089,542,286157.959833,2,0,79,-1
0.544252,629,286179.198543,0,2,-4,19
1.336,607,286199.753017,1,2,-1,43
0.567358,754,286226.117307,1,2,-1,155
1.721,824,286254.656567,1,2,-1,1
1.136,592,286274.753859,1,2,-1,119
1.674,846,286302.942508,1,2,-1,7
1.61,778,286330.080048,1,2,-1,54
0.563602,918,286361.735239,1,2,-1,33
0.379,554,286380.609988,0,2,-1,64
1.878913,732,286405.258802,2,1,152,-1
1.519331,786,286432.685082,1,2,-5,51
1.223137,773,286458.430567,2,1,10,-1
1.600812,986,286492.306266,1,2,2,13
1.16035,829,286521.103877,1,2,-1,13
1.600846,481,286537.642289,2,0,120,-1
1.332048,452,286553.247829,2,0,23,-1
1.157,659,286575.485855,1,2,-1,91
1.199,785,286601.680275,1,2,-1,61
1.101,649,286624.647604,1,2,-1,120
1.715,848,286652.995867,1,2,-1,2
1.698,1028,286688.027213,1,2,-1,21
1.302,836,286716.964569,1,2,-1,147
1.519,734,286741.579193,1,2,-1,49
1.283,776,286768.598317,1,2,-1,166
1.599841,980,286802.181007,2,1,46,-1
0.942516,745,286827.268903,1,2,-1,52
1.49,754,286853.626503,1,2,-1,94
1.391169,518,286871.385176,2,0,44,-1
1.323,888,286902.133004,1,2,-1,150
1.032136,926,286932.95458,2,1,72,-1
0.975716,789,286960.415564,2,1,64,-1
1.678,832,286988.161306,1,2,-1,32
1.475627,453,287003.820504,2,0,65,-1
1.40865,557,287022.851803,2,0,14,-1
0.714887,579,287043.585125,0,2,-13,0
1.638,810,287070.610932,1,2,-1,5
0.85399,675,287093.374272,1,2,-1,11
0.863846,861,287123.110524,1,2,-1,131
1.453553,543,287141.641709,2,0,48,-1
1.463,718,287166.942387,1,2,-1,78
1.172,622,287187.918269,1,2,-1,114
1.445937,494,287204.844124,2,0,40,-1
1.477897,491,287221.657753,2,0,83,-1
1.07999,806,287248.638518,1,2,-1,42
1.457528,459,287264.438601,2,0,53,-1
1.685,698,287288.922127,1,1,-1,-1
1.436,905,287319.014711,1,2,-1,95
1.326,851,287348.512625,1,2,-1,145
1.508892,462,287364.36797,2,0,82,-1
1.427999,638,287385.853027,2,0,28,-1
0.634868,764,287412.635662,1,2,-1,98
1.543089,835,287440.525206,2,1,0,-1
0.835464,806,287468.560197,1,2,-14,12
1.379868,440,287483.799237,2,0,67,-1
1.132,623,287504.844656,1,2,-1,115
1.567137,930,287536.783784,2,1,10,-1
1.733477,382,287550.081409,2,0,145,-1
0.919033,1055,287586.051379,1,2,-1,77
0.61999,814,287613.311153,1,2,-1,106
1.533948,852,287642.780366,1,2,-1,1
0.924401,518,287660.487355,2,0,25,-1
1.90199,806,287687.369154,2,1,137,-1
1.69604,739,287713.262551,2,1,101,-1
1.412,852,287742.7895,1,2,-1,95
1.759372,773,287768.687295,2,1,3,-1
1.442169,457,287784.446838,2,0,44,-1
1.53534,528,287802.463996,2,0,100,-1
1.552443,724,287826.857603,2,1,76,-1
1.781587,869,287856.825197,2,1,35,-1
1.354506,1018,287891.694417,2,1,68,-1
1.312,658,287913.852973,1,2,-1,52
1.649,938,287946.12517,1,2,-1,8
1.37918,923,287977.847768,2,1,1,-1
1.506917,480,287994.335101,2,0,81,-1
1.736,1011,288029.039749,1,2,-1,3
0.397824,484,288045.60063,0,2,-12,37
1.654847,788,288071.935264,2,1,43,-1
0.99399,903,288103.084587,1,2,-1,10
1.434958,621,288124.007137,2,0,54,-1
0.844017,938,288156.173316,1,2,-1,31
1.676812,836,288185.122077,2,1,58,-1
1.859017,852,288213.539559,2,1,96,-1
1.244575,807,288241.630997,2,1,5,-1
0.850529,832,288270.459938,1,2,-1,89
0.93299,773,288296.37954,1,2,-1,44
0.750601,686,288320.510883,2,0,26,-1
1.433868,566,288339.765671,2,0,67,-1
1.495,920,288370.469473,1,2,-1,48
0.789169,904,288401.557509,1,2,-1,25
1.435,802,288429.41631,1,2,-1,104
1.393,922,288461.179281,1,2,-1,107
1.613,955,288492.902964,1,2,-1,24
1.612399,367,288505.746865,2,0,135,-1
1.471516,432,288520.745297,2,0,68,-1
1.406,955,288553.495209,1,2,-1,31
1.083402,682,288576.45523,1,2,-1,18
0.596,653,288598.534423,0,2,-1,43
1.112,909,288629.809565,1,2,-1,115
1.370169,427,288644.705869,2,0,44,-1
1.312,775,288671.778169,1,2,-1,80
1.587,966,288703.710818,1,2,-1,31
0.766917,852,288733.198217,1,2,-1,98
1.153814,845,288762.506929,1,2,-12,4
1.445,865,288791.41206,1,2,-1,113
1.09899,801,288819.234097,1,2,-1,15
1.505,661,288841.613272,1,2,-1,54
1.492897,448,288857.02236,2,0,83,-1
1.164827,968,288890.205174,1,2,-1,18
1.445,832,288919.097579,1,2,-1,70
0.857328,836,288946.862412,1,2,-1,77
0.667,692,288971.306332,0,2,-1,8
1.612034,477,288987.72065,2,0,122,-1
1.426797,454,289003.302735,2,0,27,-1
1.588,699,289026.764076,1,2,-1,52
1.393372,445,289042.110657,2,0,3,-1
1.682,886,289072.697884,1,2,-1,3
1.76604,944,289104.018777,2,1,101,-1
1.449812,544,289122.657174,2,0,58,-1
1.39479,559,289142.870476,2,0,7,-1
1.314,730,289167.389729,1,2,-1,115
1.493287,465,289183.426362,2,0,77,-1
1.668,705,289207.190794,1,2,-1,9
1.4,854,289236.749258,1,2,-1,120
1.30574,470,289252.964159,2,0,152,-1
1.800885,727,289277.370094,2,1,131,-1
1.433,749,289303.602647,1,2,-1,14
1.192007,697,289327.100515,1,2,-1,110
1.712,881,289357.384114,1,2,-1,2
1.672887,805,289384.268444,1,2,-13,32
1.640075,698,289408.839209,2,1,17,-1
1.479516,698,289432.494351,2,1,68,-1
1.463328,488,289449.267696,2,0,57,-1
0.6,509,289466.652571,0,2,-1,32
1.309252,779,289493.828899,1,2,-4,14
1.148,724,289518.182624,1,2,-1,105
1.659821,461,289534.086494,2,0,131,-1
1.615386,877,289564.435368,2,1,12,-1
1.805287,864,289593.274663,2,1,77,-1
1.478287,617,289614.132689,2,0,77,-1
1.741033,724,289639.42867,2,1,64,-1
1.506472,727,289663.752796,2,1,4,-1
1.742,1004,289698.068829,1,2,-1,0
1.735,794,289725.725229,1,2,-1,3
1.407902,454,289741.339532,2,0,8,-1
1.436587,556,289760.193851,2,0,35,-1
0.862946,494,289777.094751,2,0,16,-1
1.323,877,289806.3717,1,2,-1,65
0.978391,418,289820.872091,2,0,137,-1
1.69899,378,289834.059932,2,0,137,-1
1.522866,765,289859.715015,2,1,32,-1
1.594034,530,289878.912068,2,0,122,-1
1.486358,471,289894.055689,2,0,105,-1
1.072,778,289921.132656,1,2,-1,135
1.467824,507,289938.497655,2,0,60,-1
1.539,771,289964.344146,1,2,-1,75
1.439528,523,289982.286762,2,0,53,-1
1.800829,748,290008.397829,2,1,74,-1
1.28,838,290037.440576,1,2,-1,145
1.484892,465,290052.38885,2,0,82,-1
1.154,669,290076.03081,1,2,-1,113
1.123081,942,290108.401805,2,1,23,-1
0.800824,1037,290143.776114,1,2,-1,116
1.537,872,290172.713914,1,2,-1,68
1.25,707,290197.600918,1,2,-1,139
1.398602,534,290215.788736,2,0,26,-1
2.23,717,290240.388897,2,1,176,-1
1.508122,466,290256.44621,2,0,94,-1
1.012196,438,290271.564714,2,0,12,-1
1.113375,826,290300.279144,2,1,88,-1
1.369206,460,290315.06305,2,0,29,-1
1.73,904,290346.284635,1,2,-1,15
1.213937,790,290373.742603,1,1,-1,-1
1.763917,801,290400.552984,2,1,81,-1
1.387,703,290425.260479,1,2,-1,53
1.432084,384,290437.544657,2,0,91,-1
0.657,642,290460.205971,0,2,-1,4
1.879689,909,290490.52234,2,1,99,-1
0.837131,701,290515.144155,2,1,82,-1
1.731805,431,290530.053851,2,0,146,-1
1.471,773,290555.922236,1,2,-1,1
1.258,769,290582.694642,1,2,-1,140
0.797483,811,290609.771074,2,1,16,-1
2.283,949,290642.414309,2,1,176,-1
1.442328,451,290657.913218,2,0,57,-1
1.718929,758,290684.418326,2,1,16,-1
1.437812,490,290700.078252,2,0,58,-1
1.742,987,290733.950495,1,1,-1,-1
1.106,658,290757.329839,1,2,-1,145
1.468,837,290785.203686,1,2,-1,84
0.803799,582,290804.935694,2,0,83,-1
1.412311,429,290819.830701,2,0,59,-1
1.741,887,290850.583018,1,2,-1,0
1.504017,558,290869.618393,2,0,96,-1
1.003,723,290895.079789,1,2,-1,110
1.355049,915,290925.651207,2,1,79,-1
1.432,718,290950.755524,1,2,-1,31
1.752,838,290978.669578,1,2,-1,3
1.193,771,291005.562732,1,2,-1,100
1.239532,911,291036.979418,2,1,21,-1
1.633,987,291070.900854,1,2,-1,25
1.361018,531,291089.024969,2,0,9,-1
1.259144,784,291115.272252,2,1,78,-1
1.43,732,291140.929208,1,2,-1,100
1.372089,499,291158.034781,2,0,0,-1
1.395602,537,291176.349452,2,0,26,-1
1.62999,416,291189.702927,2,0,137,-1
1.62,801,291217.571664,1,2,-1,58
1.451,750,291242.789539,1,2,-1,92
1.653,786,291270.22825,1,2,-1,37
0.658,699,291293.801467,0,2,-1,20
1.180948,756,291320.228327,1,2,-1,116
1.743929,825,291347.830587,2,1,16,-1
1.451582,465,291363.820525,2,0,89,-1
1.434958,474,291380.124328,2,0,54,-1
1.361169,596,291400.335622,2,0,44,-1
1.534887,947,291432.862045,1,2,-13,54
1.342,752,291459.190615,1,2,-1,130
1.90287,961,291492.256629,2,1,115,-1
1.034627,871,291521.350915,1,2,-1,14
1.642,801,291549.420048,1,2,-1,30
1.34234,429,291564.292427,2,0,34,-1
1.553122,413,291578.640625,2,0,94,-1
1.418169,542,291597.07492,2,0,44,-1
1.696467,456,291611.737657,2,0,140,-1
1.469,898,291642.773606,1,2,-1,3
1.708187,749,291668.919542,2,1,21,-1
1.146159,704,291692.617348,2,1,137,-1
1.691,939,291724.899376,1,2,-1,0
0.938846,583,291744.658444,2,0,74,-1
1.358587,428,291759.428882,2,0,35,-1
0.92326,520,291777.158143,2,0,58,-1
1.562,788,291803.527338,1,2,-1,15
1.45,772,291830.481136,1,2,-1,0
1.574824,965,291863.625983,1,2,-1,31
0.908017,734,291888.248455,1,2,-1,115
1.206771,857,291917.906061,2,1,22,-1
1.463,754,291943.19658,1,2,-1,6
1.193,956,291975.99456,1,2,-1,0
1.375,757,292002.462141,1,2,-1,120
1.612887,792,292029.045483,1,2,-13,2
1.423797,613,292049.82455,2,0,27,-1
0.36,527,292068.925424,0,2,-1,112
1.293,829,292096.628556,1,2,-1,56
1.706238,780,292123.845439,2,1,66,-1
1.356086,668,292146.406837,2,1,98,-1
1.554,882,292176.860583,1,2,-1,23
1.421,698,292200.399126,1,2,-1,89
1.488,809,292228.513157,1,2,-1,0
1.286,672,292251.250293,1,2,-1,74
0.913602,977,292284.742621,1,2,-1,25
1.562,917,292316.468756,1,2,-1,9
1.462238,501,292333.640791,2,0,66,-1
1.259,828,292361.340456,1,2,-1,120
1.626325,676,292385.220222,2,1,106,-1
1.775917,854,292413.837754,2,1,81,-1
1.376528,491,292430.676705,2,0,53,-1
1.445703,421,292445.253742,2,0,51,-1
1.603372,906,292476.435272,2,1,3,-1
1.333,723,292500.678466,1,2,-1,66
1.417,886,292531.333467,1,2,-1,4
1.133,794,292557.922532,1,2,-1,103
1.288361,1006,292592.276515,2,1,3,-1
1.41165,638,292614.884514,2,0,14,-1
1.289,667,292637.367375,1,2,-1,18
1.669395,784,292664.745955,2,1,104,-1
1.442,819,292692.134668,1,2,-1,106
1.433948,768,292718.929801,1,2,-1,116
1.178,726,292743.24098,1,2,-1,171
1.547,891,292774.016405,1,2,-1,44
0.962,666,292796.492841,1,2,-1,171
1.539529,411,292810.819018,2,0,97,-1
1.794913,457,292826.570629,2,0,152,-1
1.381681,557,292845.553805,2,0,6,-1
0.963,813,292872.677707,1,2,-1,145
0.79299,701,292897.304773,1,2,-1,44
1.639,883,292927.846268,1,2,-1,19
1.433627,521,292945.681601,2,0,65,-1
1.717086,625,292966.857463,2,1,98,-1
0.921573,519,292984.567779,2,0,68,-1
1.278,823,293012.069541,1,2,-1,63
1.727,809,293040.125061,1,2,-1,2
1.351,748,293065.150576,1,2,-1,0
0.226,500,293082.231797,0,2,-1,144
1.012827,1001,293116.642065,1,2,-1,47
1.347,747,293142.696725,1,2,-1,128
1.96999,716,293166.743058,2,1,137,-1
1.570529,396,293180.501837,2,0,97,-1
0.962602,978,293214.056439,1,2,-1,42
1.533,755,293239.36176,1,2,-1,77
1.481868,439,293254.511622,2,0,67,-1
1.411866,617,293275.436814,2,0,32,-1
1.782528,790,293302.960797,2,1,53,-1
1.68699,372,293316.004978,2,0,137,-1
1.404104,416,293330.419828,2,0,37,-1
1.398902,527,293348.370654,2,0,8,-1
1.449,864,293377.174577,1,2,-1,1
0.49176,534,293395.421023,0,2,-11,73
1.380373,508,293412.805651,2,0,38,-1
1.208,806,293440.862083,1,2,-1,150
1.481,721,293465.16603,1,2,-1,21
1.291,605,293485.643162,1,2,-1,6
1.43176,751,293511.954319,1,2,-1,60
1.151,821,293540.551424,1,2,-1,157
1.988922,833,293568.331079,2,1,128,-1
1.535602,938,293600.609256,2,1,26,-1
1.29,737,293625.445204,1,2,-1,150
1.414206,501,293642.629173,2,0,29,-1
1.76965,770,293669.534391,2,1,14,-1
1.201024,1040,293705.107,2,1,8,-1
1.414797,493,293722.063781,2,0,27,-1
1.474937,436,293737.12266,2,0,40,-1
0.25,538,293755.490277,0,2,-1,145
1.555529,846,293783.72832,2,1,97,-1
1.875922,724,293809.092423,2,1,128,-1
1.7171,791,293835.491378,2,1,33,-1
1.428089,454,293851.201638,2,0,0,-1
1.596922,380,293864.415353,2,0,128,-1
1.18876,758,293890.844725,1,2,-1,150
1.029592,486,293906.434306,2,0,133,-1
1.483057,526,293924.413658,2,0,73,-1
0.898668,568,293944.885932,2,0,100,-1
1.69899,419,293958.306607,2,0,137,-1
1.553824,942,293990.704358,1,2,-1,39
1.42634,433,294005.68149,2,0,34,-1
1.649,829,294034.512765,1,2,-1,33
1.34379,475,294050.821693,2,0,7,-1
1.396,727,294075.171611,1,2,-1,22
1.32,687,294098.342891,1,2,-1,124
1.472086,673,294122.146903,1,2,-1,34
1.351,869,294151.069896,1,2,-1,90
1.477033,588,294172.121101,2,0,64,-1
1.55235,435,294186.193493,2,0,107,-1
1.686109,749,294212.497087,2,1,52,-1
1.808587,956,294245.404669,2,1,35,-1
1.711,820,294272.766617,1,2,-1,7
1.454997,458,294288.616498,2,0,85,-1
1.375,814,294316.90087,1,2,-1,117
1.516084,608,294337.453397,2,0,91,-1
1.539086,402,294351.431659,2,0,98,-1
1.493703,491,294368.18396,2,0,51,-1
0.015,547,294386.795901,0,2,-1,156
1.032,761,294412.295145,1,2,-1,159
1.742827,755,294438.648488,2,1,113,-1
1.415,813,294465.755589,1,2,-1,86
1.469,806,294493.804378,1,2,-1,93
1.69899,408,294507.984482,2,0,137,-1
1.374902,592,294528.150709,2,0,8,-1
1.424,843,294557.391144,1,2,-1,110
1.307,899,294587.322139,1,2,-1,3
1.377399,791,294614.957741,1,2,-1,5
0.853342,585,294634.868725,2,0,37,-1
1.051,501,294651.966907,1,2,-1,45
1.879086,809,294680.051183,2,1,98,-1
1.399,712,294703.988527,1,2,-1,95
0.959,741,294728.876162,1,2,-1,130
0.919,617,294750.869517,1,2,-1,146
1.764287,853,294779.297803,2,1,77,-1
1.638821,521,294797.151611,2,0,131,-1
1.333948,679,294821.062045,1,2,-1,144
1.212,734,294845.784179,1,2,-1,132
1.451895,730,294870.278612,2,1,121,-1
1.415075,495,294887.279325,2,0,17,-1
1.69899,379,294900.537831,2,0,137,-1
1.017455,1051,294936.411887,2,1,1,-1
1.414874,653,294959.521845,2,0,22,-1
1.106,623,294980.544215,1,2,-1,150
1.658,827,295008.21972,1,2,-1,30
1.602,919,295039.891709,1,1,-1,56
1.405,831,295068.636253,1,2,-1,33
1.439868,444,295084.034625,2,0,67,-1
1.35518,521,295101.88246,2,0,1,-1
0.895,706,295125.613826,1,2,-1,127
1.612,865,295155.589575,1,2,-1,18
1.622827,479,295172.028519,2,0,113,-1
1.22771,794,295198.479409,2,1,1,-1
1.650948,699,295223.231861,1,2,-1,0
1.336,771,295249.076867,1,2,-1,113
1.573385,657,295271.292782,2,1,88,-1
1.668275,809,295299.443139,2,1,2,-1
1.469,653,295321.508258,1,1,-1,97
0.808036,601,295341.850681,2,0,74,-1
1.471815,445,295357.191237,2,0,90,-1
1.641,818,295385.669568,1,2,-1,15
1.322472,508,295403.130788,2,0,4,-1
1.302887,658,295425.278846,1,2,-1,104
1.683,782,295452.561655,1,2,-1,12
1.625183,762,295477.993876,2,1,69,-1
1.488,798,295505.786118,1,2,-1,38
1.303887,727,295530.256021,1,2,-1,116
1.235,741,295556.213258,1,2,-1,8
1.758805,361,295567.801511,2,0,146,-1
0.617824,648,295590.709915,0,2,-1,18
1.322555,688,295613.912019,1,2,-1,129
1.586,844,295643.170577,1,2,-1,66
1.612846,421,295656.708429,2,0,120,-1
1.623948,906,295688.024371,1,2,-1,0
1.738948,908,295719.392706,1,2,-1,9
1.327,682,295742.36925,1,2,-1,143
1.371,782,295769.597903,1,2,-1,10
0.855,726,295793.980187,1,2,-1,112
1.433,883,295824.570679,1,2,-1,83
1.725017,768,295850.272877,2,1,96,-1
2.028,361,295862.9143,2,0,176,-1
1.236,838,295891.990744,1,2,-1,59
1.427,754,295917.305449,1,2,-1,111
1.432,762,295944.006536,1,2,-1,29
1.655578,686,295967.078044,2,1,71,-1
1.594,822,295995.741922,1,2,-1,14
1.652275,747,296020.777408,2,1,2,-1
1.444937,450,296036.273812,2,0,40,-1
1.738,979,296069.821968,1,2,-1,6
1.189,642,296091.583305,1,2,-1,119
1.633887,871,296121.773593,1,2,-13,3
1.497086,382,296135.128949,2,0,98,-1
1.253973,831,296162.830267,2,1,76,-1
1.685031,705,296187.565312,2,1,29,-1
0.806647,633,296209.025712,2,0,24,-1
1.478007,738,296233.760385,1,2,-15,32
1.474969,482,296250.256736,2,0,80,-1
1.524,842,296279.379037,1,2,-1,73
1.292,771,296305.272209,1,2,-1,151
1.611897,789,296332.738698,2,1,83,-1
1.413226,468,296348.826694,2,0,18,-1
1.708892,737,296373.524089,2,1,82,-1
1.34,781,296400.763742,1,2,-1,137
1.412386,509,296418.241178,2,0,12,-1
1.441,779,296444.180551,1,2,-1,82
1.814578,900,296475.286597,2,1,71,-1
1.82399,662,296497.606122,2,1,137,-1
1.454,768,296524.426702,1,2,-1,1
1.489,845,296553.676015,1,2,-1,75
1.345,924,296584.422574,1,2,-1,12
1.400902,798,296612.322164,2,1,8,-1
1.147,682,296635.259459,1,2,-1,59
1.297007,1009,296669.697746,1,2,-1,13
1.147974,908,296701.028257,2,1,81,-1
1.555,918,296732.805828,1,2,-1,0
0.951,770,296758.560049,1,2,-1,93
1.895358,798,296786.329743,2,1,105,-1
1.309432,836,296814.238945,2,1,65,-1
0.375,449,296829.693842,0,2,-1,109
1.501858,523,296847.559062,2,0,56,-1
0.776887,638,296870.180443,1,2,-1,151
1.475,847,296898.525412,1,2,-1,84
1.297,649,296921.541481,1,2,-1,135
1.140361,786,296947.779522,2,1,98,-1
1.48,736,296972.513111,1,2,-1,88
1.179,602,296994.016208,1,2,-1,164
1.399,776,297020.023489,1,2,-1,70
1.521,762,297046.626561,1,2,-1,12
1.568084,444,297061.938361,2,0,91,-1
1.913805,759,297087.433348,2,1,146,-1
1.446858,446,297102.876318,2,0,56,-1
1.415007,788,297129.247414,1,2,-15,35
1.467206,764,297155.85226,2,1,29,-1
1.734,814,297183.01149,1,2,-1,10
1.23,666,297206.593271,1,2,-1,43
1.398602,585,297226.422674,2,0,26,-1
1.498,766,297252.118084,1,2,-1,33
1.403018,571,297272.558876,2,0,9,-1
1.391,743,297297.474924,1,2,-1,94
1.430937,622,297318.548352,2,0,40,-1
1.51135,678,297342.499471,2,1,107,-1
1.267,860,297371.157516,1,2,-1,58
1.495897,505,297388.454449,2,0,83,-1
1.383275,528,297406.42751,2,0,2,-1
0.883,661,297429.856117,1,2,-1,122
1.206007,606,297450.333495,1,2,-15,156
1.07426,916,297481.943363,1,2,-1,9
1.687,1031,297517.315364,1,2,-1,12
1.40379,531,297535.428728,2,0,7,-1
0.671,678,297558.290413,0,2,-1,9
1.358,799,297585.025595,1,2,-1,32
1.456516,460,297600.818582,2,0,68,-1
1.492592,441,297616.139503,2,0,103,-1
1.249,748,297642.293809,1,2,-1,0
1.518,756,297667.736443,1,2,-1,33
1.103421,752,297694.042188,2,1,5,-1
1.667,845,297722.260085,1,2,-1,20
1.449,731,297747.872079,1,2,-1,18
1.316958,665,297770.254993,2,1,54,-1
1.424412,588,297790.289026,2,0,25,-1
1.468084,428,297805.126967,2,0,91,-1
1.672,930,297837.268491,1,2,-1,5
2.000821,847,297865.464211,2,1,131,-1
1.445169,467,297881.50892,2,0,44,-1
1.407,834,297910.423859,1,2,-1,0
1.679824,791,297938.086538,1,2,-12,22
1.389929,541,297956.545305,2,0,16,-1
1.632,872,297985.700816,1,2,-1,39
1.719,957,298018.515319,1,2,-1,7
1.82287,742,298044.492772,2,1,115,-1
1.378372,508,298061.86438,2,0,3,-1
1.39365,477,298078.247844,2,0,14,-1
1.740386,902,298108.247876,2,1,12,-1
1.522,834,298137.202972,1,2,-1,13
1.332,669,298159.723128,1,2,-1,9
1.491,705,298184.546566,1,2,-1,38
1.564447,476,298200.937068,2,0,104,-1
1.56735,457,298215.680693,2,0,107,-1
1.156,716,298240.848447,1,2,-1,124
1.574414,443,298256.148013,2,0,112,-1
1.526,689,298279.364806,1,2,-1,69
1.70835,721,298303.566992,2,1,107,-1
1.509,576,298324.246709,1,2,-1,8
0.913373,1045,298359.97639,2,1,49,-1
1.02276,656,298382.125481,1,2,-11,69
1.406169,448,298397.598738,2,0,44,-1
1.175621,861,298426.366199,2,1,98,-1
1.423948,649,298449.437337,1,2,-14,66
0.733575,862,298478.201349,1,2,-1,0
1.731,863,298508.087576,1,2,-1,4
1.394925,448,298523.522999,2,0,49,-1
1.197,669,298546.042297,1,2,-1,43
0.581528,948,298578.637675,1,2,-1,58
1.035,681,298601.579012,1,2,-1,161
1.721,796,298629.311226,1,2,-1,12
0.891827,837,298658.375228,1,2,-1,65
1.396089,531,298676.418937,2,0,0,-1
1.546,790,298702.831191,1,2,-1,2
1.405,915,298734.444206,1,2,-1,99
1.133226,971,298767.733462,2,1,75,-1
1.835017,705,298791.471376,2,1,96,-1
2.097,361,298804.120834,2,0,176,-1
1.50535,690,298827.484522,2,1,107,-1
1.446578,406,298841.599973,2,0,71,-1
1.095824,610,298862.24602,1,2,-12,73
1.391887,666,298885.784676,1,2,-13,35
1.521575,754,298910.993441,2,1,5,-1
1.41,668,298933.551065,1,2,-1,44
1.374,823,298962.104415,1,2,-1,94
1.882017,640,298983.762174,2,1,96,-1
1.664,930,299015.832315,1,2,-1,15
1.477325,431,299030.819951,2,0,106,-1
1.769651,858,299060.511029,2,1,39,-1
1.255,865,299089.341157,1,2,-1,13
1.216278,837,299118.306456,2,1,98,-1
1.624034,521,299136.113428,2,0,122,-1
1.016897,631,299157.446889,2,1,98,-1
1.424412,505,299174.717754,2,0,25,-1
1.143,656,299196.898577,1,2,-1,165
0.682956,568,299217.298411,2,0,5,-1
1.162,595,299237.450172,1,2,-1,44
1.325516,724,299261.755234,2,1,68,-1
1.201,651,299283.788043,1,2,-1,12
0.958397,845,299313.120965,2,1,59,-1
1.56279,740,299337.983482,2,1,7,-1
1.756812,833,299366.805521,2,1,58,-1
1.439937,467,299382.898548,2,0,40,-1
0.60676,561,299402.000724,0,2,-1,48
1.53735,434,299417.02689,2,0,107,-1
1.744528,972,299450.372349,2,1,53,-1
0.929,719,299474.471725,1,2,-1,176
1.424,932,299506.574152,1,2,-1,110
1.782232,870,299536.678116,2,1,41,-1
1.295,726,299561.052014,1,2,-1,46
1.840086,683,299585.159547,2,1,98,-1
1.561681,733,299609.793761,2,1,6,-1
1.27,771,299635.586781,1,2,-1,115
0.848683,794,299663.187064,1,2,-10,52
0.670827,759,299689.670151,1,2,-1,96
0.727791,546,299708.311646,2,0,2,-1
1.480391,739,299733.181653,2,1,92,-1
1.32,696,299756.674098,1,2,-1,100
0.759,1008,299791.140972,0,2,-1,28
1.015858,490,299807.961154,2,0,23,-1
-0.12,486,299824.605139,0,2,-1,111
1.469703,463,299840.542194,2,0,51,-1
1.476443,387,299854.06213,2,0,76,-1
1.20935,923,299885.87791,1,1,107,-1
1.258,654,299907.894738,1,2,-1,89
1.137863,771,299933.756134,2,1,22,-1
1.810969,855,299963.360207,2,1,80,-1
1.004812,773,299990.405211,1,2,-1,10
1.082,751,300015.522466,1,2,-1,135
1.51,643,300037.183679,1,2,-1,48
0.504,567,300057.584577,0,2,-1,80
0.39,636,300079.088253,0,2,-1,105
1.692625,1049,300114.834625,1,2,-9,0
1.594034,477,300131.266034,2,0,122,-1
1.648,919,300162.862086,1,2,-1,26
1.525548,377,300174.891286,2,0,95,-1
1.328,848,300204.238289,1,2,-1,11
1.550021,394,300217.963886,2,0,125,-1
1.627,1017,300252.796906,1,2,-1,30
1.840516,796,300279.467788,2,1,68,-1
0.694,759,300306.053479,0,2,-1,9
1.435,691,300329.473287,1,2,-1,20
0.466311,702,300353.128278,1,2,-1,106
0.665206,863,300382.963954,1,2,-1,121
1.711,886,300413.442417,1,2,-1,0
1.483516,480,300429.955417,2,0,68,-1
1.364311,386,300443.392442,2,0,59,-1
1.546,808,300470.43874,1,2,-1,4
1.100927,742,300496.445561,2,1,33,-1
1.42742,476,300511.765199,2,0,30,-1
1.55535,395,300525.529254,2,0,107,-1
1.6821,705,300550.321877,2,1,33,-1
1.374,690,300573.508035,1,2,-1,48
1.14,662,300595.871036,1,2,-1,129
0.926036,552,300614.67659,2,0,134,-1
1.266824,607,300636.387255,1,2,-1,99
1.52634,589,300656.411658,2,0,100,-1
0.862582,837,300684.316256,1,2,-1,96
1.346,759,300710.816924,1,2,-1,83
1.434007,860,300739.511268,1,2,-1,14
1.617,719,300764.760291,1,2,-1,17
0.97281,787,300791.153257,1,2,-1,57
1.257,733,300816.968168,1,2,-1,42
1.29899,897,300847.868159,1,2,-1,34
1.365516,438,300861.856107,2,0,13,-1
1.414,654,300884.986759,1,2,-1,19
1.734,848,300913.287686,1,2,-1,6
1.750373,1074,300951.000276,2,1,38,14
2.019,476,300966.268331,2,0,176,-1
0.876714,859,300996.047478,2,1,57,-1
1.392787,407,301010.230272,2,0,15,-1
2.076805,959,301043.193695,2,1,146,-1
1.157,633,301064.59991,1,2,-1,78
1.407,747,301089.62789,1,2,-1,6
1.358,1010,301124.241578,1,2,-1,3
1.886086,796,301151.964965,2,1,98,-1
1.072948,681,301174.853679,1,2,-1,126
0.607,765,301201.592493,0,2,-1,27
1.64199,378,301214.837691,2,0,137,-1
1.410929,541,301233.360169,2,0,16,-1
1.506049,556,301252.321904,2,0,79,-1
1.537447,527,301270.239746,2,0,104,-1
1.07,609,301290.829464,1,2,-1,66
1.364169,466,301306.852629,2,0,44,-1
0.810705,974,301340.225428,1,2,-1,82
1.67799,388,301352.713157,2,0,137,-1
1.632999,442,301367.972146,2,0,138,-1
1.455,834,301396.888443,1,2,-1,28
1.25499,820,301425.519902,1,2,-1,0
1.16999,817,301452.837849,1,2,-1,9
1.896592,739,301478.716093,2,1,103,-1
1.522443,398,301491.480772,2,0,76,-1
1.363372,517,301509.149733,2,0,3,-1
1.123,847,301538.536603,1,2,-1,99
1.228,803,301566.441995,1,2,-1,57
1.345,771,301592.265327,1,2,-1,77
1.777937,964,301625.36252,2,1,40,-1
1.511625,397,301639.174602,2,0,75,-1
1.397169,460,301655.043662,2,0,44,-1
1.547,792,301681.5897,1,2,-1,38
1.366,855,301711.296828,1,2,-1,10
0.996455,1017,301746.04998,2,1,1,-1
0.292,594,301766.171666,0,2,-1,105
1.048149,865,301796.073953,2,1,125,-1
1.884997,975,301829.606978,2,1,85,-1
1.521086,402,301842.575373,2,0,98,-1
0.647,541,301860.97871,0,2,-1,18
1.10499,712,301886.001338,1,2,-1,79
1.534795,697,301909.523122,2,1,146,-1
1.086,690,301933.878068,1,2,-1,145
1.718125,429,301947.624774,2,0,136,-1
0.841172,554,301967.587376,2,0,2,-1
1.299017,899,301997.56867,2,1,82,-1
1.444625,437,302012.740954,2,0,75,-1
1.753,980,302046.355191,1,2,-1,3
0.618086,802,302074.247964,1,2,-1,109
2.04,348,302085.397837,2,0,176,-1
0.607245,804,302113.27824,1,2,-1,171
1.722555,947,302145.852309,1,2,-1,7
1.67799,484,302162.506146,2,0,176,-1
1.07181,839,302190.515323,1,2,-1,17
1.41,738,302216.376612,1,2,-1,89
1.035915,571,302235.784994,2,0,49,-1
1.243,796,302262.403688,1,2,-1,89
2.082,384,302275.826786,2,0,176,-1
1.446,821,302304.428089,1,2,-1,91
1.484829,401,302318.364087,2,0,74,-1
1.441,843,302346.523393,1,2,-1,6
1.283,625,302367.697362,1,2,-1,100
1.652354,405,302381.803261,2,0,133,-1
1.420897,424,302396.520593,2,0,83,-1
0.092,531,302414.770439,0,2,-1,15
2.012399,815,302442.994896,2,1,135,-1
1.09,754,302468.254667,1,2,-1,97
1.411871,408,302482.456583,2,0,70,-1
1.661,750,302507.651784,1,2,-1,30
1.512086,383,302521.039073,2,0,98,-1
1.398575,571,302540.458235,2,0,5,-1
1.477897,445,302555.819763,2,0,83,-1
1.454402,480,302572.294846,2,0,55,-1
1.68399,454,302587.902025,2,0,137,-1
0.977,662,302610.217839,1,2,-1,129
2.072125,785,302637.614993,2,1,136,-1
1.506,665,302660.011994,1,2,-1,41
1.872057,861,302689.849695,2,1,73,-1
0.312,511,302707.356799,0,2,-1,131
0.411,737,302732.108262,0,2,-1,92
0.661206,690,302756.37671,1,2,-1,49
1.730477,480,302771.778991,2,0,145,-1
1.501,868,302801.809325,1,2,-1,24
1.193,621,302822.813388,1,2,-1,137
1.099506,430,302837.647515,2,0,68,-1
0.595,619,302858.731435,0,2,-1,13
1.671805,392,302872.405752,2,0,146,-1
1.389275,477,302888.76072,2,0,2,-1
1.285079,795,302916.455024,2,1,0,-1
1.509,772,302942.247249,1,2,-1,14
1.98299,731,302967.804166,2,1,137,-1
1.625021,460,302983.67199,2,0,125,-1
1.744,892,303013.305558,1,2,-1,4
1.634309,759,303039.839973,2,1,50,-1
1.388472,575,303059.337382,2,0,4,-1
1.709,827,303087.049732,1,2,-1,1
0.982,744,303113.086062,1,2,-1,140
0.774491,677,303135.8359,2,0,14,-1
1.384372,503,303153.080933,2,0,3,-1
1.067228,528,303171.134772,2,0,66,-1
1.393309,394,303184.911622,2,0,50,-1
1.178,815,303213.227256,1,2,-1,101
1.417232,484,303229.78198,2,0,41,-1
1.70199,454,303244.385573,2,0,137,-1
1.463328,488,303261.122586,2,0,57,-1
0.986237,760,303287.738554,1,2,-1,22
1.399206,549,303306.325926,2,0,29,-1
1.493,771,303332.195034,1,2,-1,48
1.442582,428,303346.996378,2,0,89,-1
1.149,647,303369.924194,1,2,-1,140
1.628,773,303395.80926,1,2,-1,0
2.36,752,303422.30016,2,1,176,-1
1.641,888,303451.770141,1,2,-1,9
0.972,689,303475.953279,1,2,-1,98
1.187,759,303501.335436,1,2,-1,149
1.671805,350,303513.634349,2,0,146,-1
1.393516,445,303528.933874,2,0,68,-1
1.308,721,303553.04931,1,2,-1,113
1.557,683,303576.052735,1,2,-1,23
1.626,977,303609.558618,1,2,-1,23
0.967787,897,303640.456184,2,1,27,-1
1.00999,886,303671.095115,1,1,-1,106
1.701711,739,303695.7966,2,1,9,-1
1.421929,831,303724.552016,2,1,16,-1
1.389,752,303749.752274,1,2,-1,111
1.404048,489,303766.486228,2,0,23,-1
1.465516,415,303780.903659,2,0,68,-1
1.476086,350,303793.178241,2,0,98,-1
1.342,780,303819.557672,1,2,-1,29
1.844779,868,303849.44565,2,1,82,-1
1.466582,436,303864.457853,2,0,89,-1
1.028352,933,303896.493776,1,2,-1,37
1.452086,406,303909.480211,2,0,98,-1
1.561311,751,303935.643438,2,1,59,-1
1.40954,553,303954.385239,2,0,20,-1
1.545358,385,303967.808289,2,0,105,-1
0.608514,669,303990.326066,1,2,-1,117
1.621866,720,304014.408328,2,1,32,-1
1.56135,761,304040.982504,2,1,107,-1
0.693,769,304066.754959,0,2,-1,1
1.382,731,304092.317426,1,2,-1,84
1.36454,517,304109.954014,2,0,20,-1
1.762797,1107,304147.60685,2,1,27,-1
1.334,777,304174.732578,1,2,-1,130
1.163407,1019,304209.473689,2,1,122,-1
1.576,802,304236.157459,1,2,-1,18
1.470443,519,304253.971142,2,0,76,-1
0.523472,934,304285.996407,1,2,-1,65
1.459,689,304309.209753,1,2,-1,4
1.409535,487,304325.871907,2,0,42,-1
1.798651,709,304350.723918,2,1,113,-1
0.900091,956,304383.598401,2,1,99,-1
1.472,865,304412.4677,1,2,-1,4
0.862285,935,304444.678729,2,1,51,-1
1.033615,491,304461.493356,2,0,98,-1
1.373,751,304486.692728,1,2,-1,103
0.793955,457,304502.516316,2,0,57,-1
1.779913,465,304518.522405,2,0,152,-1
1.40654,570,304537.906613,2,0,20,-1
1.369,686,304562.129489,1,2,-1,56
0.30479,954,304594.77972,1,2,-1,109
1.109887,564,304614.010991,2,0,83,-1
1.396874,617,304634.890783,2,0,22,-1
1.103,750,304660.048389,1,2,-1,107
1.328,788,304687.525047,1,2,-1,135
0.896614,653,304709.462164,2,0,98,-1
1.644805,340,304721.429993,2,0,146,-1
1.376,756,304746.735628,1,2,-1,26
1.438084,414,304761.112144,2,0,91,-1
1.085859,501,304778.256878,2,0,129,-1
1.474252,676,304801.006588,1,2,-4,13
1.559331,721,304826.347402,1,2,-1,9
1.464086,425,304841.026284,2,0,98,-1
1.404575,498,304858.001327,2,0,5,-1
1.558896,928,304888.807198,2,1,62,-1
1.153439,888,304919.392446,2,1,107,-1
1.169086,973,304952.762234,1,2,-1,1
1.587694,781,304980.030194,1,2,-10,21
1.598,807,305006.975888,1,2,-1,0
0.753234,771,305033.806212,2,0,6,-1
1.403352,530,305051.907057,2,0,61,-1
1.441232,519,305069.606261,2,0,41,-1
0.682,520,305087.299875,0,2,-1,0
0.924635,483,305103.874931,2,0,106,-1
0.452,442,305119.160217,0,2,-1,83
1.17901,538,305137.506204,2,0,137,-1
1.413841,521,305155.311513,2,0,36,-1
0.647226,789,305181.643682,1,2,-1,13
1.510222,425,305196.305769,2,0,87,-1
1.708,813,305224.512743,1,2,-1,5
1.547122,591,305244.548383,2,0,94,-1
1.41,691,305267.741028,1,2,-1,84
1.579583,474,305283.988657,2,0,109,-1
1.595,820,305312.457706,1,2,-1,5
1.587,890,305342.138699,1,2,-1,2
0.18012,446,305357.438543,0,2,-17,176
1.554007,765,305384.080627,1,2,-15,15
1.734805,402,305398.033353,2,0,146,-1
1.623414,497,305413.96255,2,0,112,-1
1.435227,465,305429.921413,2,0,24,-1
1.476408,731,305455.521523,1,2,-6,88
1.446896,393,305469.186369,2,0,62,-1
1.126,700,305492.68099,1,2,-1,73
0.99499,810,305520.840107,1,2,-1,26
1.696929,1005,305554.153393,2,1,16,-1
1.687226,743,305580.073089,2,1,18,-1
2.03699,824,305608.654648,2,1,137,-1
1.332125,795,305635.257641,1,2,-1,8
1.200007,689,305658.464238,1,2,-15,49
1.087802,424,305673.13554,2,0,58,-1
0.731,734,305698.78323,0,2,-1,4
0.291402,717,305722.902642,1,2,-1,110
1.75081,743,305748.861486,2,1,134,-1
1.338812,756,305774.24939,2,1,58,-1
1.229964,1088,305811.239423,2,1,10,-1
1.274937,813,305839.381194,1,2,-14,27
1.067,723,305863.623505,1,2,-1,144
0.984341,558,305882.631577,2,0,58,-1
1.5431,897,305913.609936,2,1,33,-1
0.915086,798,305941.345728,1,2,-1,68
1.660582,711,305965.184906,2,1,89,-1
0.614887,645,305986.919999,0,2,-1,41
1.46079,902,306018.055213,2,1,7,-1
1.641,789,306045.519593,1,2,-1,27
1.462,885,306075.031004,1,2,-1,7
0.99737,830,306103.756087,2,1,36,-1
1.703787,882,306134.299595,2,1,15,-1
1.475,799,306160.96846,1,2,-1,91
0.772231,561,306180.029463,2,0,28,-1
1.496871,480,306196.510254,2,0,70,-1
0.942557,638,306218.133366,2,0,104,-1
1.342,801,306245.936827,1,2,-1,113
1.392048,574,306265.381465,2,0,23,-1
1.49,839,306294.435721,1,2,-1,70
0.859595,461,306310.253107,2,0,71,-1
1.96999,784,306336.548392,2,1,137,-1
1.558548,410,306350.780543,2,0,95,-1
0.998079,541,306369.187429,2,0,0,-1
1.70199,475,306385.481174,2,0,137,-1
1.309,670,306408.066715,1,2,-1,106
1.459516,578,306427.607521,2,0,68,-1
1.49879,400,306441.536178,2,0,102,-1
1.431847,560,306460.61581,2,0,43,-1
0.893694,446,306476.068394,2,0,66,-1
1.571,843,306505.19425,1,2,-1,45
1.310017,1154,306544.356275,2,1,138,-1
1.238,727,306568.636276,1,2,-1,103
0.34,527,306587.788892,0,2,-1,76
0.244937,752,306613.051647,1,2,-1,91
1.21581,945,306645.525811,1,2,-1,38
0.8525,995,306679.589007,1,2,-1,13
1.764,1094,306716.73742,1,2,-1,7
1.239394,1004,306751.128821,2,1,58,-1
1.70799,415,306765.512961,2,0,137,-1
1.386896,405,306778.515614,2,0,62,-1
1.365,781,306805.73683,1,2,-1,46
1.292,856,306835.304582,1,2,-1,138
1.363089,493,306852.107535,2,0,0,-1
1.653275,1006,306886.531677,2,1,2,-1
1.734829,747,306911.565043,2,1,74,-1
1.350007,686,306934.710978,1,2,-15,36
2.451,724,306960.045743,2,1,176,-1
1.749805,507,306977.36408,2,0,146,-1
1.053993,877,307007.703531,2,1,27,-1
0.414,672,307030.270299,0,2,-1,104
1.468155,382,307043.581415,2,0,78,-1
1.18038,884,307073.076798,2,1,92,-1
1.39418,494,307089.945192,2,0,1,-1
1.53735,469,307106.045099,2,0,107,-1
1.672,938,307138.23099,1,2,-1,11
1.197,792,307165.858816,1,2,-1,176
1.589414,479,307181.137079,2,0,112,-1
1.545086,427,307195.94059,2,0,98,-1
1.713354,406,307210.063328,2,0,133,-1
1.05699,673,307232.660489,1,2,-1,65
1.519325,434,307247.649506,2,0,106,-1
0.787456,865,307277.495611,1,2,-1,8
1.66299,369,307290.45901,2,0,137,-1
1.485528,403,307303.443447,2,0,53,-1
0.97894,531,307322.714812,2,0,105,-1
1.02599,878,307351.98141,1,2,-1,2
1.156,696,307376.463571,1,2,-1,165
1.615,887,307405.957077,1,2,-1,21
1.616,934,307438.011449,1,2,-1,33
1.466352,597,307458.28116,2,0,61,-1
1.319,817,307486.661775,1,2,-1,76
1.590169,752,307511.849849,2,1,44,-1
1.572017,455,307527.522558,2,0,96,-1
0.515,519,307545.229526,0,2,-1,48
1.704,898,307576.26382,1,2,-1,6
1.475627,521,307593.96119,2,0,65,-1
1.892592,1003,307628.411637,2,1,103,-1
1.353373,559,307647.418157,2,0,38,-1
1.7935,855,307677.029422,2,1,45,-1
1.287,668,307699.539117,1,2,-1,95
0.839529,846,307728.841175,1,2,-1,109
1.513897,567,307748.16171,2,0,83,-1
1.461,726,307772.530432,1,2,-1,78
1.577391,585,307792.36213,2,1,92,-1
1.592827,474,307808.607292,2,0,113,-1
1.611192,753,307834.824816,2,1,47,-1
1.684824,876,307863.943554,1,2,-12,33
1.588505,448,307879.366,2,0,116,-1
1.449847,462,307895.297872,2,0,43,-1
1.449887,736,307921.079402,1,2,-13,2
1.585287,876,307950.251069,2,1,77,-1
1.586,788,307977.803254,1,2,-1,7
1.173389,1114,308015.608404,2,1,95,-1
0.938507,405,308029.700748,2,0,94,-1
1.254,647,308051.554411,1,2,-1,129
1.564,914,308083.096289,1,2,-1,57
1.594847,850,308112.496714,2,1,43,-1
0.45776,479,308129.04663,0,2,-11,78
1.355,635,308150.496506,1,2,-1,129
1.07,628,308171.722422,1,2,-1,98
1.470824,445,308187.058945,2,0,60,-1
1.840858,797,308213.705319,2,1,56,-1
0.239,603,308235.136751,0,2,-1,156
1.599,817,308262.471023,1,2,-1,22
0.607035,569,308281.823911,2,0,14,-1
1.65699,363,308294.499668,2,0,137,-1
1.647,892,308325.274438,1,2,-1,25
1.014777,497,308342.309859,2,0,15,-1
0.8331,846,308370.48661,1,2,-1,7
1.39,1090,308408.666542,1,2,-1,113
1.539,826,308436.315103,1,2,-1,46
1.393238,427,308451.095729,2,0,66,-1
1.715,978,308484.670666,1,2,-1,19
1.382587,572,308504.063246,2,0,35,-1
0.686109,906,308535.279532,1,2,-1,120
1.65699,377,308548.456698,2,0,137,-1
1.695363,442,308562.582214,2,0,143,-1
1.582505,403,308576.652921,2,0,116,-1
1.859034,788,308604.060946,2,1,122,-1
0.846118,510,308621.548632,2,0,18,-1
0.750797,808,308648.499099,1,2,-1,53
1.800548,826,308677.181938,2,1,95,-1
0.639,672,308699.8202,0,2,-1,16
1.732,805,308727.744666,1,2,-1,6
1.790897,828,308755.337105,2,1,83,-1
1.481,727,308780.775417,1,2,-1,88
1.503391,408,308794.903727,2,0,92,-1
1.313,616,308815.79047,1,2,-1,29
1.603887,814,308842.999717,1,2,-1,24
1.678,1023,308878.012348,1,2,-1,17
1.369,766,308904.756331,1,2,-1,130
1.489,821,308933.238354,1,1,-1,90
0.98799,889,308962.703719,1,2,-1,9
1.516897,404,308976.747647,2,0,83,-1
1.681,839,309005.674834,1,1,-1,-1
1.701,816,309032.886854,1,1,-1,-1
1.46654,536,309051.152556,2,0,20,-1
1.08,733,309076.797346,1,2,-1,84
1.683797,778,309102.73102,2,1,27,-1
0.688,815,309131.021867,0,2,-1,4
1.311524,686,309154.065014,2,1,136,-1
0.524,555,309173.046134,0,2,-1,47
1.26,688,309197.219957,1,2,-1,96
1.72099,696,309220.597379,2,1,137,-1
1.683,989,309254.486324,1,2,-1,26
0.976,722,309278.687686,1,2,-1,92
1.736275,711,309303.694242,2,1,2,-1
1.631,736,309328.43165,1,2,-1,10
1.108,719,309353.63044,1,2,-1,107
0.26,576,309373.151866,0,2,-1,146
1.414841,439,309388.262326,2,0,46,-1
1.543548,391,309400.755684,2,0,95,-1
1.619895,443,309416.023574,2,0,121,-1
1.372,876,309446.304677,1,1,-1,125
1.392047,821,309473.802057,2,1,73,-1
1.396372,489,309490.557818,2,0,3,-1
1.412018,511,309508.066511,2,0,9,-1
1.182577,1044,309543.77484,2,0,28,-1
1.676,893,309574.627459,1,2,-1,32
1.586,753,309601.000041,1,2,-1,49
1.268,726,309625.585023,1,2,-1,167
0.737602,927,309657.54499,1,2,-1,7
1.477232,469,309673.690903,2,0,41,-1
0.542328,693,309696.960621,1,2,-1,25
1.85535,693,309721.33347,2,1,107,-1
1.40834,479,309736.70978,2,0,34,-1
1.740234,854,309766.264189,2,1,24,-1
0.528553,888,309796.812127,1,2,-1,72
1.455,694,309820.088004,1,2,-1,11
1.317,775,309847.151039,1,2,-1,130
0.981602,896,309878.175512,1,2,-1,2
1.826847,900,309908.127204,2,0,43,-1
1.100065,927,309940.07874,2,1,23,-1
1.348553,364,309952.825105,2,0,48,-1
1.358456,370,309965.825465,2,0,63,-1
1.397412,631,309987.095675,2,0,25,-1
1.144906,971,310020.356686,2,1,23,-1
1.632,727,310044.778856,1,2,-1,11
1.501402,519,310062.487367,2,0,55,-1
0.986,731,310088.115762,1,2,-1,162
1.440858,531,310106.218443,2,0,56,-1
1.521086,464,310121.121088,2,0,98,-1
1.412169,523,310139.046979,2,0,44,-1
1.508122,406,310153.159261,2,0,94,-1
1.473917,469,310169.323952,2,0,81,-1
0.773934,668,310191.797768,2,0,10,-1
1.683587,744,310217.844748,2,1,35,-1
0.358,491,310234.714249,0,2,-1,87
1.721797,773,310260.611058,2,1,27,-1
1.523,793,310288.158288,1,2,-1,44
1.682887,944,310320.59287,1,2,-13,14
2.390824,666,310343.10202,2,1,176,-1
0.949587,950,310375.845524,1,2,-1,43
1.76,935,310407.980013,1,2,-1,1
1.360381,525,310426.026216,2,0,19,-1
0.385948,506,310443.293431,0,2,-1,93
1.633,754,310468.57532,1,2,-1,42
1.494443,452,310484.156555,2,0,76,-1
1.351089,572,310503.521151,2,0,0,-1
1.767,967,310536.73384,1,2,-1,3
1.404275,659,310558.910443,2,0,2,-1
1.427829,448,310574.335947,2,0,74,-1
1.209,665,310597.801695,1,2,-1,131
1.233951,678,310620.574077,1,2,-16,145
1.484,706,310644.224364,1,1,-1,-1
1.219,639,310666.814375,1,2,-1,8
1.625,780,310692.907457,1,2,-1,15
1.455192,469,310709.02087,2,0,47,-1
1.185,849,310738.324778,1,2,-1,87
1.371,809,310765.268214,1,2,-1,94
1.442587,474,310781.491052,2,0,35,-1
0.859767,584,310801.293437,2,0,6,-1
1.453575,799,310829.078651,2,1,5,-1
1.617,980,310862.531553,1,2,-1,6
1.102875,368,310875.446491,2,0,119,-1
1.749,712,310899.421126,1,1,-1,3
1.844086,723,310923.619596,2,1,98,-1
0.971882,686,310947.785891,1,2,-1,64
1.442328,589,310967.756179,2,0,57,-1
0.745741,705,310991.539495,2,0,67,-1
1.520997,464,311007.468809,2,0,85,-1
1.352925,450,311022.982538,2,0,49,-1
1.398275,510,311040.399132,2,0,2,-1
1.877017,763,311065.890429,2,1,96,-1
1.192,820,311094.366174,1,2,-1,93
1.469,732,311118.949388,1,2,-1,93
1.638174,800,311146.765136,1,2,-18,46
1.685,916,311178.290343,1,2,-1,28
1.007,590,311198.282797,1,2,-1,176
1.457925,562,311217.405212,2,0,49,-1
0.819638,411,311231.740055,2,0,68,-1
1.436169,466,311247.840916,2,0,44,-1
1.52,861,311276.467025,1,2,-1,79
1.553827,419,311291.009644,2,0,113,-1
1.392137,460,311306.860498,2,0,10,-1
1.57035,491,311323.644615,2,0,107,-1
1.47,669,311346.171317,1,2,-1,61
1.457625,723,311371.470306,1,2,-1,25
1.712724,822,311398.944151,2,1,48,-1
1.511627,409,311413.192415,2,0,65,-1
1.488,829,311441.910624,1,2,-1,14
1.417206,499,311459.011835,2,0,29,-1
1.510969,388,311472.536246,2,0,80,-1
1.776,855,311501.04259,1,2,-1,6
1.701,868,311531.096559,1,2,-1,0
1.515086,532,311549.214181,2,0,98,-1
2.094,409,311563.423689,2,0,176,-1
1.768602,972,311596.724642,2,1,26,-1
1.498057,610,311617.343365,2,0,73,-1
1.4281,387,311630.911222,2,0,33,-1
1.503824,846,311659.158251,1,2,-12,16
1.526736,411,311673.394832,2,0,93,-1
1.76426,865,311703.315333,2,1,11,-1
1.408797,403,311717.312674,2,0,27,-1
1.177576,904,311747.390372,2,1,35,-1
1.932399,654,311770.524012,2,1,135,-1
1.679999,818,311797.77683,2,1,28,-1
1.762048,993,311831.859599,2,1,23,-1
1.384372,482,311848.415438,2,0,3,-1
1.508892,494,311865.335198,2,0,82,-1
1.211,695,311888.702983,1,2,-1,32
1.37676,672,311912.450483,1,2,-1,68
0.50112,512,311929.937049,0,2,-17,85
0.688,800,311956.567837,0,2,-1,59
1.586827,430,311971.444843,2,0,113,-1
1.703472,1077,312008.205781,2,1,4,-1
1.125948,616,312029.082043,1,2,-1,151
1.657,942,312061.445087,1,2,-1,25
1.352018,503,312078.709802,2,0,9,-1
1.423227,529,312096.774565,2,0,24,-1
1.577174,794,312124.345641,1,2,-1,36
1.40826,597,312144.644409,2,0,11,-1
1.599681,777,312171.843262,2,1,6,-1
2.094,397,312184.558351,2,0,176,-1
1.371575,578,312204.230798,2,0,5,-1
0.693,637,312226.764498,0,2,-1,4
2.248,717,312250.816744,2,1,176,-1
1.383841,539,312269.230704,2,0,36,-1
1.430703,476,312285.564802,2,0,51,-1
1.030216,619,312306.442605,2,0,18,-1
1.634,792,312334.01928,1,2,-1,35
1.655529,674,312356.704427,2,1,97,-1
1.433535,615,312377.495694,2,0,42,-1
0.523528,968,312410.716091,1,2,-1,114
0.476,632,312432.121379,0,2,-1,74
1.32518,551,312451.918803,2,0,1,-1
1.78,951,312483.442438,1,2,-1,6
1.161,745,312509.500192,1,2,-1,104
1.756372,825,312536.974534,2,1,3,-1
1.470887,825,312565.589535,1,2,-13,104
1.756086,669,312588.100373,2,1,98,-1
1.524385,436,312603.15903,2,0,88,-1
0.852,578,312622.840755,1,2,-1,176
1.372,805,312650.781427,1,2,-1,12
2.085,397,312664.577374,2,0,176,-1
1.426309,527,312682.561251,2,0,50,-1
1.879529,958,312715.49589,2,1,97,-1
1.446372,512,312733.000402,2,0,3,-1
1.945354,715,312756.925873,2,1,133,-1
1.045868,998,312791.094726,1,2,-1,4
1.30581,915,312822.742998,1,2,-1,10
1.468625,491,312839.600799,2,0,75,-1
1.493829,403,312853.610464,2,0,74,-1
1.568,679,312876.513848,1,2,-1,13
1.38218,466,312892.514488,2,0,1,-1
1.52579,403,312906.492056,2,0,102,-1
1.341086,631,312927.871367,1,2,-1,85
1.056097,741,312952.718823,2,1,77,-1
1.708948,915,312984.21663,1,2,-1,9
1.432206,466,313000.249261,2,0,29,-1
1.40826,479,313016.666914,2,0,11,-1
0.714057,849,313046.081383,1,2,-1,27
1.646354,366,313057.876318,2,0,133,-1
1.462871,499,313075.011148,2,0,70,-1
1.420381,440,313090.150403,2,0,19,-1
1.481681,809,313118.305915,2,1,6,-1
1.378,814,313145.507801,1,2,-1,97
1.483033,549,313164.113777,2,0,64,-1
1.740363,390,313177.704204,2,0,143,-1
1.62517,852,313207.204017,1,2,-3,55
1.496287,433,313222.326196,2,0,77,-1
1.469627,516,313240.058212,2,0,65,-1
1.772049,776,313265.985121,2,1,79,-1
1.442018,486,313282.686817,2,0,9,-1
1.343,844,313311.960021,1,2,-1,135
1.184,639,313333.542135,1,2,-1,131
1.876548,756,313358.864749,2,1,95,-1
1.231,871,313388.949631,1,2,-1,100
1.43164,540,313407.352329,2,0,31,-1
1.146082,477,313423.751267,2,0,44,-1
1.384651,460,313439.59854,2,0,39,-1
1.377619,749,313464.68917,2,1,3,-1
1.546247,846,313493.901428,1,2,-1,2
1.415587,448,313509.3879,2,0,35,-1
1.133,678,313532.203218,1,2,-1,105
1.13,608,313553.950727,1,2,-1,176
1.466328,582,313573.805081,2,0,57,-1
1.564,827,313601.473469,1,2,-1,60
1.735,944,313633.89576,1,2,-1,6
1.356,810,313661.972272,1,2,-1,39
1.169,905,313692.132589,1,2,-1,104
1.522222,417,313706.592557,2,0,87,-1
1.22299,831,313735.473436,1,2,-1,2
1.63899,378,313748.725805,2,0,137,-1
1.541414,397,313761.50468,2,0,112,-1
1.756824,788,313789.073438,1,2,-12,6
1.818412,762,313814.652488,2,1,25,-1
1.649,776,313841.710981,1,2,-1,37
0.488505,698,313865.176931,1,2,-1,110
1.627,887,313895.817872,1,2,-1,42
1.107,622,313916.852531,1,2,-1,176
0.378034,731,313942.356745,1,2,-1,141
1.413929,553,313961.275583,2,0,16,-1
1.635,699,313984.799498,1,2,-1,5
1.406,723,314010.205776,1,1,-1,108
1.808391,877,314039.397851,2,1,92,-1
1.850215,709,314064.317456,2,1,92,-1
1.608,749,314089.349292,1,2,-1,23
1.387372,577,314108.862628,2,0,3,-1
1.91135,794,314136.523839,2,1,107,-1
1.236,752,314161.731477,1,2,-1,105
1.413602,498,314178.783317,2,0,26,-1
0.904086,559,314197.886317,2,0,11,-1
1.501,756,314224.370446,1,2,-1,79
1.402841,439,314239.565108,2,0,46,-1
1.513,680,314262.474171,1,2,-1,22
1.065892,875,314292.739532,2,1,24,-1
1.585846,424,314307.407204,2,0,120,-1
1.883677,720,314331.628285,2,1,102,-1
1.738,855,314361.342257,1,2,-1,8
1.454169,654,314383.425743,2,0,44,-1
1.34926,794,314409.979597,2,1,11,-1
1.729232,935,314442.140199,2,1,41,-1
1.338,835,314471.024965,1,2,-1,131
1.162824,630,314492.388216,1,2,-12,150
1.642,840,314521.490466,1,2,-1,32
1.442352,667,314543.996426,2,1,61,-1
2.064,367,314556.843417,2,0,176,-1
1.665,820,314584.215754,1,2,-1,22
1.70499,419,314598.711637,2,0,137,-1
1.931325,948,314631.253514,2,0,106,-1
0.710999,953,314663.944246,1,2,-1,2
1.139,584,314683.858428,1,2,-1,112
0.365,500,314701.010224,0,2,-1,115
1.07199,926,314732.84127,1,2,-1,70
1.482,747,314757.88828,1,2,-1,101
1.145,881,314788.268051,1,2,-1,130
1.721075,1010,314822.796723,2,1,17,-1
1.512917,561,314841.854463,2,0,81,-1
1.452443,480,314858.335649,2,0,76,-1
0.865528,938,314890.688401,1,2,-1,89
1.747,925,314922.478544,1,2,-1,7
1.654,879,314951.782752,1,2,-1,29
1.427,601,314973.248557,1,2,-1,54
1.67799,378,314985.307298,2,0,137,-1
1.844922,760,315011.871061,2,1,128,-1
0.944586,444,315027.202567,2,0,73,-1
1.153538,457,315042.938189,2,0,112,-1
1.507328,422,315056.585089,2,0,57,-1
0.837891,578,315076.154333,2,0,50,-1
1.41765,442,315091.366112,2,0,14,-1
1.31326,913,315122.817018,2,1,11,-1
1.542312,406,315136.878203,2,0,114,-1
1.442328,418,315151.384187,2,0,57,-1
1.184,734,315176.035655,1,2,-1,44
0.9,680,315198.943537,1,2,-1,142
0.685252,640,315221.617681,0,2,-1,18
1.440472,457,315237.371541,2,0,4,-1
1.427535,605,315257.77782,2,0,42,-1
1.388587,524,315275.691206,2,0,35,-1
1.374223,605,315296.110395,2,0,170,-1
1.559582,403,315310.116198,2,0,89,-1
1.742,1045,315345.864552,1,2,-1,7
1.548086,460,315361.738997,2,0,98,-1
1.44579,438,315376.901264,2,0,7,-1
1.158007,694,315400.27905,1,2,-1,150
1.702,868,315430.291654,1,2,-1,15
1.509086,381,315442.55591,2,0,98,-1
1.495328,389,315456.157703,2,0,57,-1
1.409311,400,315470.19489,2,0,59,-1
0.300226,640,315491.882221,1,2,-1,135
1.423381,552,315510.608285,2,0,19,-1
1.790385,924,315542.496437,2,1,88,-1
1.588846,399,315556.362496,2,0,120,-1
1.60899,363,315569.121858,2,0,137,-1
1.727,1129,315607.554801,1,1,-1,-1
1.602594,377,315619.677199,2,0,124,-1
1.405681,505,315636.936189,2,0,6,-1
1.517122,434,315651.901083,2,0,94,-1
1.41126,512,315669.420508,2,0,11,-1
1.72776,785,315696.739164,1,2,-1,18
1.649275,830,315724.413126,2,1,2,-1
1.587017,404,315738.498192,2,0,96,-1
1.72976,911,315769.899933,1,2,-1,12
1.563651,688,315793.130235,2,1,39,-1
1.42864,443,315808.42766,2,0,31,-1
1.417866,520,315826.209257,2,0,32,-1
1.836812,860,315856.008318,2,1,58,-1
1.618846,412,315870.274264,2,0,120,-1
1.676192,685,315893.288831,2,1,47,-1
1.559007,808,315921.415971,1,2,-1,80
1.3831,460,315937.299899,2,0,33,-1
1.65099,368,315949.117396,2,0,137,-1
1.148,739,315974.944586,1,2,-1,126
0.932524,520,315992.811318,2,0,65,-1
0.900683,717,316016.866649,1,2,-1,96
1.474847,473,316033.080749,2,0,43,-1
1.576548,377,316046.271535,2,0,95,-1
1.582529,383,316059.64479,2,0,97,-1
1.49,862,316088.420083,1,2,-1,76
1.533086,460,316104.24893,2,0,98,-1
1.155217,920,316135.9034,2,1,24,-1
1.078694,658,316158.021193,1,2,-10,77
1.59864,794,316185.624569,2,1,31,-1
1.508,744,316210.599799,1,2,-1,87
1.385,858,316240.316509,1,2,-1,117
1.558325,460,316256.225299,2,0,106,-1
1.514122,423,316270.831349,2,0,94,-1
1.739,815,316298.102281,1,2,-1,3
1.462897,444,316313.510237,2,0,83,-1
1.10581,720,316337.744029,1,2,-1,51
0.914,936,316369.911113,0,2,-1,2
1.07599,863,316399.736397,1,2,-1,11
1.00553,543,316418.260469,2,0,20,-1
1.345372,494,316435.179816,2,0,3,-1
1.507084,405,316449.260859,2,0,91,-1
1.529,796,316475.902889,1,2,-1,76
1.442456,531,316494.046074,2,0,63,-1
0.789253,489,316510.755212,2,0,44,-1
1.35064,490,316527.596955,2,0,31,-1
1.455917,480,316544.056211,2,0,81,-1
1.466311,475,316560.403627,2,0,59,-1
1.41765,599,316580.640491,2,0,14,-1
1.582,909,316611.971101,1,2,-1,44
1.979354,906,316643.240453,2,1,133,-1
1.34018,534,316661.497599,2,0,1,-1
1.61076,860,316691.279968,1,2,-11,36
1.447,824,316719.33243,1,2,-1,18
1.405372,615,316741.137057,2,0,3,-1
0.568,513,316758.712375,0,2,-1,0
1.209,750,316784.850281,1,2,-1,13
0.858827,875,316815.223175,1,2,-1,108
1.380917,528,316833.247523,2,0,81,-1
1.671227,793,316859.697651,2,1,24,-1
1.261,704,316884.394156,1,2,-1,151
0.61199,651,316906.302444,1,2,-1,72
1.243,668,316928.677739,1,2,-1,117
1.697477,371,316941.646345,2,0,145,-1
0.365,439,316956.841302,0,2,-1,80
0.793582,921,316988.530742,1,2,-1,108
1.365373,393,317001.09438,2,0,38,-1
0.817925,980,317034.809423,1,1,-1,104
1.695007,790,317062.251642,1,1,-15,6
0.994564,545,317080.688776,2,0,5,-1
1.253651,751,317105.814302,2,1,97,-1
1.392373,441,317121.074956,2,0,38,-1
1.221,642,317142.734206,1,2,-1,78
1.618125,543,317161.252621,2,1,136,-1
1.663,925,317193.025002,1,2,-1,5
1.35199,957,317225.888529,1,2,-1,6
1.697,863,317255.775477,1,2,-1,1
0.761134,788,317282.117626,2,1,98,-1
0.598,553,317301.005873,0,2,-1,20
1.469694,887,317331.553246,1,2,-1,52
0.5941,1012,317366.211313,1,2,-1,66
1.442829,381,317379.495681,2,0,74,-1
1.322,719,317403.691565,1,2,-1,102
1.426,686,317427.883403,1,2,-1,61
1.097,584,317447.688031,1,2,-1,115
1.463582,405,317461.73736,2,0,89,-1
1.606,935,317492.745991,1,2,-1,40
1.068318,415,317507.102917,2,0,57,-1
1.417516,408,317521.229506,2,0,68,-1
1.602821,407,317535.364223,2,0,131,-1
0.944122,726,317559.746304,1,2,-1,42
1.59399,365,317572.504086,2,0,137,-1
1.552034,377,317585.687757,2,0,122,-1
1.427412,460,317601.475422,2,0,25,-1
0.675775,722,317625.788264,1,2,-14,151
1.449443,384,317639.207394,2,0,76,-1
1.398,635,317660.600908,1,2,-1,79
1.088959,740,317685.439354,2,1,80,-1
1.300819,824,317714.107767,2,1,74,-1
1.428575,541,317732.591249,2,0,5,-1
1.15499,832,317761.395238,1,2,-1,30
1.344858,524,317779.181291,2,0,56,-1
0.963529,987,317812.893069,1,2,-1,85
1.529,817,317840.140368,1,2,-1,61
1.408857,752,317866.458981,2,1,67,-1
1.478,656,317888.634108,1,2,-1,76
0.809086,932,317920.685354,1,2,-1,118
1.020827,810,317947.739889,1,2,-1,79
1.051944,1038,317983.231838,1,1,-1,-1
1.349886,940,318015.435155,2,1,62,-1
1.252,807,318043.41112,1,2,-1,128
1.14,700,318066.914566,1,2,-1,176
1.4,748,318093.050858,1,2,-1,98
0.808165,548,318111.743654,2,0,75,-1
1.284575,541,318130.237959,2,0,5,-1
1.567,819,318157.505244,1,2,-1,0
0.954169,989,318191.303722,1,2,-1,27
1.589,668,318214.887387,1,2,-1,15
1.239364,727,318239.273518,2,1,6,-1
1.121433,406,318253.402342,2,0,76,-1
1.428402,433,318268.349794,2,0,55,-1
1.382,628,318289.549472,1,2,-1,82
0.429,579,318309.196442,0,2,-1,68
1.06899,880,318339.542975,1,2,-1,0
1.637,729,318363.942918,1,2,-1,19
1.351089,572,318383.303419,2,0,0,-1
1.083857,459,318399.048856,2,0,67,-1
0.843,580,318418.737546,1,2,-1,144
1.153076,386,318432.195692,2,0,98,-1
1.170438,802,318459.938193,2,1,61,-1
0.935629,494,318476.841762,2,0,66,-1
0.794651,1053,318512.8598,1,2,-1,6
1.285773,910,318543.103927,1,2,-1,15
1.174348,885,318573.656761,2,1,18,-1
0.773582,690,318597.934358,1,2,-1,27
1.708929,768,318623.584065,2,1,16,-1
1.00999,746,318648.675738,1,2,-1,114
1.842529,715,318673.719504,2,1,97,-1
2.163913,639,318695.304607,2,0,152,-1
1.431104,446,318710.633112,2,0,37,-1
2.04,347,318722.873732,2,0,176,-1
1.21299,890,318752.450602,1,2,-1,40
1.33334,757,318778.796871,2,1,34,-1
1.52535,377,318791.973732,2,0,107,-1
1.373472,525,318809.892183,2,0,4,-1
1.426,715,318833.912007,1,1,-1,101
1.03999,885,318864.602118,1,2,-1,24
1.3295,583,318884.481999,2,0,45,-1
1.301,835,318913.412473,1,2,-1,64
1.774412,1048,318949.083091,2,1,25,-1
1.571868,795,318975.708724,2,1,67,-1
1.092702,739,319001.538799,2,1,20,-1
1.65399,359,319013.000175,2,0,137,-1
1.399841,485,319029.642704,2,0,46,-1
0.95399,783,319056.957379,1,2,-1,59
0.77299,667,319079.487554,1,2,-1,69
1.651,948,319112.094566,1,2,-1,20
1.311037,922,319143.849897,2,1,23,-1
1.617821,381,319156.094433,2,0,131,-1
1.21,620,319178.148575,1,2,-1,144
1.05234,845,319206.259995,1,2,-1,1
1.33376,704,319231.114119,1,2,-1,25
1.31226,505,319248.320904,2,0,11,-1
1.497086,404,319261.294184,2,0,98,-1
1.385311,426,319276.019537,2,0,59,-1
1.689064,905,319307.279954,1,2,-16,7
1.385226,491,319324.126261,2,0,18,-1
0.782912,517,319341.771354,2,0,26,-1
1.64499,376,319354.913975,2,0,137,-1
0.82399,648,319376.769651,1,2,-1,156
0.788564,729,319401.295647,2,0,65,-1
1.406381,396,319415.036714,2,0,19,-1
1.128,641,319437.772463,1,2,-1,73
1.538827,527,319455.738893,2,0,113,-1
1.355075,467,319470.674613,2,0,17,-1
1.298331,781,319497.854513,1,2,-1,133
1.428089,878,319528.168554,2,1,0,-1
1.593922,442,319543.4268,2,0,128,-1
1.253,701,319566.930743,1,2,-1,77
0.949948,577,319586.502875,1,2,-1,114
1.371373,436,319601.555491,2,0,38,-1
1.297,619,319622.488592,1,2,-1,78
1.370999,481,319639.025091,2,0,28,-1
1.101819,484,319655.628439,2,0,74,-1
1.433868,347,319667.850718,2,0,67,-1
1.472582,382,319680.134367,2,0,89,-1
1.464896,461,319695.981898,2,0,62,-1
2.189,710,319720.90289,2,1,176,-1
1.625389,657,319743.178228,2,1,135,-1
1.35218,507,319760.599765,2,0,1,-1
1.447897,501,319777.727628,2,0,83,-1
1.34918,514,319795.406148,2,0,1,-1
1.315089,580,319815.14301,2,0,0,-1
1.353902,516,319832.805449,2,0,8,-1
1.246172,453,319848.381958,2,0,135,-1
1.659,771,319874.285199,1,2,-1,6
1.09499,635,319896.875774,1,2,-1,6
1.111906,939,319929.183794,2,1,116,-1
1.21599,839,319957.236233,1,2,-1,21
1.523414,521,319975.04709,2,0,112,-1
1.319,746,320001.239856,1,2,-1,103
1.02699,765,320026.776824,1,2,-1,51
1.409402,486,320043.424444,2,0,55,-1
1.261252,742,320069.386811,1,2,-1,146
1.33154,450,320083.849657,2,0,20,-1
1.089,714,320108.906799,1,2,-1,120
1.640206,881,320139.372575,2,1,29,-1
1.547,757,320164.676361,1,2,-1,52
1.462812,416,320179.09916,2,0,58,-1
1.099,577,320198.684737,1,2,-1,150
1.69299,398,320212.54369,2,0,137,-1
1.856334,866,320241.421911,2,1,104,-1
0.690046,640,320264.095491,2,0,5,-1
2.02299,818,320291.451102,2,1,137,-1
1.512736,434,320306.457755,2,0,93,-1
2.03499,724,320331.816491,2,1,137,-1
1.673,814,320358.97863,1,2,-1,3
1.316,778,320386.148096,1,2,-1,128
1.127804,394,320398.7433,2,0,90,-1
0.88099,626,320421.172258,1,2,-1,47
1.339797,443,320436.494129,2,0,27,-1
1.357227,528,320454.559549,2,0,24,-1
1.448829,392,320467.144389,2,0,74,-1
1.639,724,320492.474474,1,2,-1,18
1.718841,780,320518.572505,2,1,36,-1
1.415787,559,320537.558956,2,0,15,-1
1.184,707,320562.322498,1,2,-1,96
1.127331,611,320582.950878,1,2,-5,97
1.139538,1192,320623.236879,2,1,55,-1
1.430868,457,320639.030388,2,0,67,-1
1.705018,1037,320674.390029,2,1,9,-1
1.407858,564,320693.53759,2,0,56,-1
0.861687,553,320712.396069,2,0,74,-1
1.095,764,320739.19541,1,2,-1,83
1.136104,612,320759.917835,2,0,65,-1
1.29,754,320786.304355,1,1,-1,150
1.63899,427,320800.055524,2,0,137,-1
1.399902,498,320817.089159,2,0,8,-1
0.498,604,320838.654541,0,2,-1,39
1.592773,394,320851.34823,2,0,129,-1
1.505122,454,320867.011034,2,0,94,-1
1.414128,976,320900.445116,2,1,72,-1
1.619,839,320929.503351,1,2,-1,16
1.450516,433,320944.463203,2,0,68,-1
1.175506,717,320968.571562,2,1,68,-1
1.420516,482,320985.139823,2,0,68,-1
1.68699,410,320999.377908,2,0,137,-1
1.353824,769,321025.200329,1,2,-12,40
1.364787,484,321041.829426,2,0,15,-1
1.394535,515,321059.408433,2,0,42,-1
1.671017,597,321079.666141,2,1,96,-1
1.691,836,321108.681803,1,2,-1,9
1.492846,383,321122.113664,2,0,120,-1
0.70499,607,321142.611848,1,2,-1,159
1.577929,830,321170.384767,2,1,16,-1
2.078805,735,321196.178029,2,0,146,-1
1.402553,475,321212.506257,2,0,48,-1
1.298,656,321234.567649,1,2,-1,101
1.34318,513,321252.173279,2,0,1,-1
1.156988,1047,321287.957815,2,1,98,-1
0.786205,681,321311.989477,2,1,45,-1
1.523007,904,321342.075321,1,2,-15,40
2.095913,989,321375.913401,2,1,152,-1
1.542086,444,321391.265959,2,0,98,-1
1.51935,368,321404.194677,2,0,107,-1
1.008276,441,321419.463146,2,0,77,-1
1.516034,340,321430.3456,2,0,122,-1
1.362958,379,321443.577138,2,0,54,-1
1.362226,411,321457.874496,2,0,18,-1
1.269074,732,321482.483233,2,1,91,-1
1.396,730,321508.0539,1,2,-1,90
1.17499,776,321534.040679,2,1,107,-1
2.052,351,321546.406697,2,0,176,-1
1.365226,540,321564.756906,2,0,18,-1
1.586021,460,321580.625662,2,0,125,-1
1.792064,728,321605.076494,2,1,58,-1
1.779307,793,321632.706352,2,1,72,-1
1.98099,779,321658.787732,2,1,137,-1
1.660075,812,321686.95918,2,1,17,-1
1.509529,643,321708.63699,2,1,97,-1
1.396841,771,321735.529391,2,1,36,-1
1.226802,648,321757.327367,2,1,58,-1
1.272054,901,321788.436404,2,1,24,-1
0.776677,656,321810.574912,2,0,10,-1
1.06253,495,321827.531193,2,0,20,-1
1.495,748,321852.621587,1,2,-1,64
1.55499,326,321864.141129,2,0,137,-1
0.9564,866,321894.224226,1,2,-1,20
1.747841,981,321927.941263,2,1,46,-1
1.575,814,321955.131821,1,2,-1,31
1.54,811,321983.331052,1,2,-1,60
0.89899,645,322005.057427,1,2,-1,38
1.288553,378,322018.312063,2,0,48,-1
1.391,869,322048.40719,1,2,-1,49
1.646477,421,322061.87887,2,0,145,-1
1.426812,351,322074.317539,2,0,58,-1
1.99399,761,322100.825577,2,1,137,-1
1.391169,412,322114.04305,2,0,44,-1
1.662007,951,322146.734272,1,2,-1,7
0.51499,608,322167.390208,1,2,-1,118
2.311,665,322190.917556,2,0,176,-1
0.846577,648,322212.811631,2,0,71,-1
2.031,348,322225.064454,2,0,176,-1
1.406925,483,322241.574039,2,0,49,-1
1.374386,367,322253.296166,2,0,12,-1
1.073109,1015,322287.96065,1,2,-1,20
1.369797,548,322306.634634,2,0,27,-1
0.645,711,322331.654327,0,2,-1,21
1.582,746,322356.759521,1,2,-1,47
1.47,818,322385.262642,1,2,-1,104
1.657,725,322409.578007,1,2,-1,18
1.42,741,322435.482781,1,2,-1,87
1.327359,735,322460.134715,2,1,96,-1
1.64165,815,322488.442248,2,1,14,-1
1.336,709,322512.40533,1,2,-1,27
1.440232,433,322527.426076,2,0,41,-1
1.544086,695,322550.752468,2,1,98,-1
1.484,862,322580.688289,1,2,-1,77
1.042182,608,322601.318061,2,0,47,-1
0.939694,515,322618.992635,2,0,111,-1
1.35426,501,322636.195141,2,0,11,-1
1.157,747,322662.363662,1,2,-1,148
1.475582,476,322678.730887,2,0,89,-1
1.312,890,322708.503042,1,2,-1,4
1.415528,493,322725.437672,2,0,53,-1
0.889577,417,322739.860336,2,0,23,-1
2.298,691,322763.09386,2,1,176,-1
1.419858,481,322779.661197,2,0,56,-1
1.659086,859,322809.375538,2,1,176,-1
1.544827,390,322822.988446,2,0,113,-1
1.17499,884,322853.658211,1,2,-1,57
1.694,795,322880.267818,1,2,-1,3
1.355999,462,322896.212331,2,0,28,-1
1.45426,721,322920.40365,2,1,11,-1
1.49004,427,322935.256838,2,0,101,-1
1.462,688,322959.622876,1,2,-1,59
1.462017,455,322974.206033,2,0,96,-1
1.462358,372,322987.267037,2,0,105,-1
1.408309,431,323002.243216,2,0,50,-1
0.74276,587,323022.153345,0,2,-1,3
1.412287,395,323035.904836,2,0,77,-1
0.714873,755,323061.287362,2,0,17,-1
1.617821,476,323077.683527,2,0,131,-1
1.746,733,323103.429477,1,2,-1,1
1.238,699,323127.043844,1,2,-1,146
1.452917,372,323140.063204,2,0,81,-1
1.497529,506,323157.409271,2,0,97,-1
1.665,1043,323193.063035,1,2,-1,11
1.409925,404,323207.087578,2,0,49,-1
1.599922,366,323218.786668,2,0,128,-1
1.648226,815,323247.113754,2,1,18,-1
1.507325,434,323262.05112,2,0,106,-1
1.352,706,323285.908441,1,2,-1,79
2.001,390,323299.541558,2,0,176,-1
1.400948,719,323323.623135,1,2,-14,112
1.804086,784,323350.867355,2,1,98,-1
1.353575,542,323369.393734,2,0,5,-1
1.41,787,323395.7095,1,2,-1,3
1.534529,391,323409.367781,2,0,97,-1
1.751,816,323437.829303,1,2,-1,4
1.359902,505,323455.104487,2,0,8,-1
1.574,885,323485.651328,1,2,-1,0
1.393309,393,323498.226622,2,0,50,-1
1.346075,409,323512.438497,2,0,17,-1
1.771339,366,323525.238916,2,0,159,-1
1.500086,364,323538.013855,2,0,98,-1
1.010913,491,323554.817966,2,0,113,-1
0.97599,774,323580.72831,1,2,-1,15
1.287,647,323602.548351,1,2,-1,141
1.487,732,323628.265834,1,1,-1,-1
1.185154,1066,323664.605592,1,2,-17,5
1.52235,537,323682.857092,2,0,107,-1
1.521086,389,323696.394894,2,0,98,-1
1.606332,339,323707.281087,2,0,144,-1
1.18,754,323733.736093,1,2,-1,121
1.403,809,323760.780749,1,2,-1,84
1.815892,729,323786.218916,2,1,82,-1
1.34618,489,323802.966254,2,0,1,-1
1.564846,424,323817.675458,2,0,120,-1
1.494086,428,323831.41029,2,0,98,-1
1.351,853,323860.882922,1,2,-1,135
0.924429,524,323878.868503,2,0,26,-1
1.700477,414,323893.251229,2,0,145,-1
1.390553,427,323907.996859,2,0,48,-1
1.184802,807,323934.944578,2,1,58,-1
1.382703,463,323950.869458,2,0,51,-1
0.73599,712,323975.896314,1,2,-1,75
1.456018,506,323993.211856,2,0,9,-1
0.856238,964,324025.409314,1,2,-1,73
1.256,724,324050.741654,1,2,-1,151
1.64499,373,324063.811386,2,0,137,-1
0.617021,773,324089.610145,1,2,-1,93
1.10399,747,324115.83071,1,2,-1,25
1.12767,742,324140.828559,2,1,6,-1
1.05749,442,324156.096102,2,0,45,-1
1.623,811,324183.256606,1,1,-1,-1
1.267294,476,324199.627409,2,0,1,-1
0.558,805,324227.630355,0,2,-1,171
1.027089,457,324243.361174,2,0,33,-1
1.497086,397,324257.205176,2,0,98,-1
1.372089,566,324276.504841,2,0,0,-1
0.684868,734,324301.1245,1,2,-1,12
1.725829,740,324327.05355,2,1,74,-1
1.450238,470,324343.197151,2,0,66,-1
1.44,788,324369.567009,1,2,-1,5
1.654948,880,324399.913623,1,2,-1,15
1.689363,413,324414.243508,2,0,143,-1
1.39264,570,324433.628422,2,0,31,-1
1.106563,437,324448.695577,2,0,122,-1
1.56,659,324470.880252,1,2,-1,10
1.409311,424,324485.600081,2,0,59,-1
1.441516,624,324506.794463,2,0,68,-1
1.207,687,324529.955091,1,2,-1,118
0.993576,562,324549.065623,2,0,137,-1
1.455086,815,324577.410522,1,2,-1,49
1.711,855,324606.952413,1,2,-1,8
1.524086,381,324619.170842,2,0,98,-1
0.938863,464,324635.131212,2,0,22,-1
0.526,664,324658.554129,0,2,-1,2
1.394829,419,324672.000545,2,0,74,-1
1.321,831,324700.807166,1,2,-1,65
1.11399,776,324726.791979,1,2,-1,4
1.514895,368,324739.720502,2,0,121,-1
1.044481,883,324770.209779,1,2,-7,27
0.804928,866,324800.085613,2,1,25,-1
1.436402,526,324818.074863,2,0,55,-1
1.680703,819,324845.435673,2,0,51,-1
1.00099,656,324868.646841,1,2,-1,64
1.31234,524,324886.586181,2,0,34,-1
1.233602,967,324918.651637,2,1,98,-1
0.739575,943,324950.935046,1,2,-1,80
1.57899,335,324962.797873,2,0,137,-1
1.238824,678,324985.61496,1,2,-1,151
1.62699,406,324999.635225,2,0,137,-1
0.826963,487,325016.24373,2,0,13,-1
1.701523,753,325041.452797,2,1,5,-1
1.208024,396,325055.197779,2,0,122,-1
1.268,709,325080.187498,1,2,-1,150
0.629391,804,325107.087825,1,2,-1,9
1.599922,405,325121.159284,2,0,128,-1
1.737,1088,325158.286283,1,2,-1,4
1.146641,1016,325193.029267,2,1,4,-1
1.564,797,325220.749845,1,1,-1,-1
1.651841,760,325246.294933,2,1,36,-1
1.457,835,325275.252042,1,2,-1,4
1.538414,447,325290.658352,2,0,112,-1
1.646,677,325313.492005,1,2,-1,22
1.33718,611,325334.194575,2,0,1,-1
1.136529,1059,325370.279586,1,2,-1,19
1.514803,867,325400.206016,2,1,164,-1
1.353,673,325422.785966,1,2,-1,94
1.229,818,325451.108272,1,2,-1,120
1.079665,472,325467.311405,2,0,82,-1
1.092086,939,325499.557513,1,2,-1,15
0.972614,781,325525.667384,2,1,75,-1
1.266,695,325549.047456,1,2,-1,95
1.154,658,325572.3695,1,2,-1,136
1.710627,735,325597.07278,2,1,65,-1
1.584997,675,325620.865543,2,1,85,-1
1.237639,824,325648.341043,2,1,113,-1
1.089361,889,325678.987874,2,1,3,-1
0.845695,626,325700.208935,2,0,86,-1
1.459516,455,325715.888879,2,0,68,-1
1.480897,393,325729.589031,2,0,83,-1
1.425086,355,325741.050019,2,0,98,-1
1.415352,479,325757.49786,2,0,61,-1
1.27099,740,325783.485905,1,2,-1,11
1.63,1028,325818.675254,1,2,-1,8
1.008525,483,325835.288581,2,0,42,-1
1.028731,1199,325875.939647,2,1,11,-1
1.642125,411,325890.231423,2,0,136,-1
0.650948,538,325908.601361,0,2,-1,18
1.389007,772,325934.441966,1,2,-15,41
1.420516,451,325949.938905,2,0,68,-1
0.98299,624,325972.183455,1,2,-1,56
0.87599,759,325997.702511,1,2,-1,32
1.408372,570,326017.031827,2,0,3,-1
1.32664,447,326032.498742,2,0,31,-1
1.324,657,326054.698729,1,2,-1,39
1.033571,979,326088.359156,2,1,80,-1
1.641902,865,326118.37975,2,1,8,-1
1.490582,474,326134.712353,2,0,89,-1
1.302006,692,326158.032525,2,1,96,-1
1.415328,414,326172.427897,2,0,57,-1
1.492815,459,326188.257575,2,0,90,-1
1.454841,527,326206.30489,2,0,46,-1
1.773402,747,326231.367913,2,1,55,-1
0.265,449,326246.856026,0,2,-1,124
1.718753,919,326278.525354,2,1,32,-1
1.582846,438,326293.678061,2,0,120,-1
1.221,700,326317.213312,1,2,-1,47
1.529084,407,326331.291711,2,0,91,-1
1.447238,507,326348.620632,2,0,66,-1
1.588034,464,326364.528081,2,0,122,-1
1.789793,775,326391.494881,2,1,110,-1
1.599,767,326417.193869,1,2,-1,2
1.54118,877,326447.540801,2,1,1,-1
1.29,744,326472.365407,1,2,-1,130
1.457553,416,326486.755728,2,0,48,-1
0.63099,715,326510.747907,1,2,-1,117
0.907119,476,326527.027417,2,0,64,-1
2.064,348,326539.244586,2,0,176,-1
1.639,889,326569.952478,1,2,-1,23
0.717,499,326587.065664,0,2,-1,5
1.67199,396,326599.79068,2,0,137,-1
1.458137,720,326625.065598,2,1,10,-1
1.294,921,326656.744509,1,2,-1,140
1.365226,480,326673.270108,2,0,18,-1
1.441871,466,326689.227726,2,0,70,-1
1.206817,455,326703.737818,2,0,113,-1
1.510897,432,326718.700177,2,0,83,-1
1.61679,898,326749.663228,2,1,7,-1
1.258831,987,326783.532757,2,1,137,-1
1.464086,392,326797.176013,2,0,98,-1
1.705227,924,326828.952329,2,1,24,-1
0.571827,634,326850.274737,1,2,-1,176
1.66899,363,326861.893322,2,0,137,-1
2.019125,844,326891.183134,2,1,136,-1
1.268,763,326917.880614,1,2,-1,11
1.621,919,326948.416011,1,2,-1,12
1.431841,505,326965.690744,2,0,36,-1
1.354997,1049,327001.536613,1,2,-1,0
1.438,857,327031.109965,1,2,-1,102
1.699325,797,327058.852071,2,1,106,-1
1.388169,427,327072.502429,2,0,44,-1
1.606386,815,327100.838735,2,1,12,-1
0.906664,552,327119.666594,2,0,98,-1
1.025641,530,327137.809619,2,0,39,-1
1.044361,601,327158.148506,2,0,3,-1
0.686602,898,327189.141546,1,2,-1,135
1.375,733,327214.773951,1,2,-1,101
1.18537,944,327246.152828,2,1,19,-1
1.160582,428,327260.986764,2,0,103,-1
0.568,651,327284.063524,0,2,-1,55
1.313249,830,327311.744233,2,1,11,-1
0.932255,931,327343.709143,2,1,44,-1
1.645086,850,327373.19893,2,1,98,-1
0.75499,709,327396.992764,1,2,-1,84
1.17999,819,327425.408325,1,2,-1,8
1.05463,481,327441.943111,2,0,31,-1
1.497,839,327469.993986,1,2,-1,64
1.440529,415,327484.355484,2,0,97,-1
1.367402,415,327498.771285,2,0,55,-1
1.631,848,327527.044179,1,2,-1,0
1.444,663,327550.542464,1,2,-1,108
1.154246,726,327574.870183,2,1,62,-1
1.408309,437,327589.980864,2,0,50,-1
1.421,884,327620.634876,1,2,-1,98
1.450456,658,327642.788299,2,1,63,-1
0.616311,860,327672.488731,1,2,-1,102
0.720086,754,327697.737219,1,2,-1,54
1.436,694,327722.216232,1,2,-1,101
1.69399,625,327743.337925,2,1,137,-1
1.677,947,327775.835093,1,2,-1,4
1.423232,496,327792.840967,2,0,41,-1
0.762924,635,327814.305765,2,0,15,-1
1.595,681,327837.216331,1,2,-1,19
1.36026,565,327856.53933,2,0,11,-1
1.188,686,327880.711889,1,2,-1,78
0.98499,985,327914.426929,1,2,-1,119
1.500815,577,327933.993014,2,1,90,-1
1.225,794,327960.581216,1,2,-1,103
1.673381,804,327988.468987,2,1,19,-1
0.472,477,328004.829244,0,2,-1,77
0.166,396,328017.583898,0,2,-1,151
1.706602,943,328049.988122,2,1,26,-1
1.771075,737,328075.828885,2,1,17,-1
1.648109,875,328104.996687,2,1,52,-1
1.65099,357,328117.576102,2,0,137,-1
1.36899,851,328147.008672,1,2,-1,0
0.73499,697,328170.450491,1,2,-1,92
1.411694,720,328195.776844,1,2,-10,56
0.969528,836,328223.691179,1,2,-1,46
0.985752,1028,328258.889672,2,1,49,-1
1.587922,379,328272.164405,2,0,128,-1
1.052298,493,328289.045693,2,0,137,-1
1.948034,776,328314.938464,2,1,122,-1
1.438516,459,328330.715007,2,0,68,-1
0.777386,932,328362.699152,1,2,-1,68
1.567034,420,328377.183677,2,0,122,-1
1.510057,457,328392.94647,2,0,73,-1
1.10599,861,328422.787225,1,2,-1,27
0.59799,670,328445.304269,1,2,-1,87
1.525447,364,328458.045977,2,0,104,-1
0.80899,712,328481.914154,1,2,-1,96
0.761373,969,328515.174833,1,1,-1,105
1.053318,489,328531.906128,2,0,57,-1
0.828548,809,328559.048314,1,2,-1,128
1.69235,637,328581.650375,2,1,107,-1
1.13599,851,328610.143561,1,2,-1,40
1.482328,391,328623.717572,2,0,57,-1
0.985919,523,328641.581339,2,0,16,-1
0.473,560,328660.677729,0,2,-1,84
1.399232,457,328676.406425,2,0,41,-1
1.271238,506,328693.782842,2,0,152,-1
1.495358,429,328708.662533,2,0,105,-1
1.653,947,328741.232272,1,2,-1,11
1.093079,793,328767.778805,2,1,0,-1
1.017311,962,328800.78983,1,2,-1,19
2.028,346,328812.969337,2,0,176,-1
0.524,620,328833.941499,0,2,-1,70
1.65399,368,328846.784506,2,0,137,-1
0.694,736,328871.48621,0,2,-1,0
1.613,778,328898.648456,1,1,-1,27
0.979615,393,328911.289754,2,0,98,-1
1.420084,424,328925.946318,2,0,91,-1
0.859318,522,328943.781636,2,0,98,-1
1.432812,390,328957.333967,2,0,58,-1
0.941079,484,328973.93907,2,0,0,-1
0.974913,687,328997.065617,1,2,-1,176
1.478038,853,329026.576103,2,1,79,-1
1.372321,702,329050.253422,2,1,144,-1
0.766754,554,329070.213817,2,0,13,-1
0.825592,825,329097.718712,1,2,-1,140
1.133238,958,329130.629421,1,1,-1,5
0.955232,1021,329167.093849,1,2,-1,4
0.530311,751,329192.290126,1,2,-1,92
0.714,633,329214.765173,0,2,-1,0
1.685477,385,329227.154564,2,0,145,-1
1.012126,551,329247.016675,2,0,10,-1
1.434519,822,329274.419027,2,1,97,-1
0.637917,808,329302.456315,1,2,-1,176
1.062159,625,329323.619564,2,0,44,-1
1.085959,428,329338.503189,2,0,80,-1
0.58699,663,329360.908452,1,2,-1,145
1.60076,725,329385.247841,1,2,-11,32
1.103603,480,329401.712773,2,0,27,-1
1.37379,664,329425.1819,2,0,7,-1
0.377252,507,329442.533371,0,2,-1,123
1.307,709,329466.345714,1,2,-1,40
1.25999,882,329496.922057,1,2,-1,39
1.738137,828,329524.599409,2,1,10,-1
1.654,865,329554.485912,1,2,-1,3
1.714,739,329580.431078,1,2,-1,10
1.354,699,329603.95756,1,2,-1,2
1.462,791,329630.423473,1,2,-1,87
1.34534,389,329643.983725,2,0,34,-1
1.142086,846,329673.272707,1,1,-1,23
0.948615,496,329690.348713,2,0,97,-1
0.876702,1053,329726.352209,1,2,-1,92
1.129,778,329752.408986,1,2,-1,79
1.246,697,329776.918303,1,2,-1,120
1.45079,395,329790.700099,2,0,102,-1
1.709321,388,329803.155451,2,0,147,-1
1.397937,401,329817.10021,2,0,40,-1
0.957401,401,329831.106539,2,0,25,-1
1.469582,424,329845.810665,2,0,89,-1
1.641874,801,329872.662931,2,1,22,-1
1.614,789,329900.174038,1,2,-1,37
1.60599,438,329915.342742,2,0,137,-1
1.309958,838,329943.342889,2,1,2,-1
1.288,788,329970.799092,1,2,-1,139
1.591034,452,329986.356331,2,0,122,-1
0.730157,808,330013.438948,2,1,11,-1
1.488,987,330047.326262,1,2,-1,90
1.62099,389,330060.900992,2,0,137,-1
1.602922,370,330073.849048,2,0,128,-1
1.331,890,330103.43943,1,2,-1,82
1.042,758,330129.981141,1,2,-1,91
1.791558,774,330155.887413,2,1,24,-1
1.399797,598,330177.387109,2,0,27,-1
1.35726,523,330195.194666,2,0,11,-1
1.492,638,330216.784848,1,2,-1,11
1.55799,340,330228.842714,2,0,137,-1
1.355,669,330251.427265,1,2,-1,79
1.438155,467,330267.523759,2,0,78,-1
1.020997,673,330290.134337,1,2,-15,3
1.456858,393,330303.7799,2,0,56,-1
1.576034,366,330316.723634,2,0,122,-1
1.860358,875,330345.79204,2,1,105,-1
1.761913,367,330358.641021,2,0,152,-1
1.243,794,330386.297678,1,2,-1,156
1.51935,437,330400.330444,2,0,107,-1
1.234,663,330423.789168,1,2,-1,92
1.478064,677,330446.594358,1,2,-1,58
0.465,540,330464.98484,0,2,-1,78
1.532827,436,330480.056718,2,0,113,-1
1.515017,421,330494.719748,2,0,96,-1
1.563,879,330524.131652,1,2,-1,44
1.413824,528,330542.134931,2,0,60,-1
1.4055,391,330555.774818,2,0,45,-1
1.62999,367,330568.671324,2,0,137,-1
1.363902,452,330584.341371,2,0,8,-1
1.707,711,330608.323268,1,2,-1,11
1.351,704,330633.185294,1,2,-1,89
1.64799,373,330645.084128,2,0,137,-1
2.04,370,330658.064536,2,0,176,-1
1.65099,398,330671.947399,2,0,137,-1
1.390309,442,330687.228316,2,0,50,-1
1.14934,945,330719.687462,2,1,83,-1
1.448057,363,330731.345569,2,0,73,-1
1.555,895,330762.269319,1,2,-1,26
0.92599,571,330781.630349,1,2,-1,85
1.959,335,330793.463251,2,0,176,-1
1.472122,366,330805.300529,2,0,94,-1
1.24499,785,330832.717607,1,2,-1,5
1.719874,790,330860.2733,2,0,22,-1
1.323,708,330884.013506,1,2,-1,141
1.566,683,330907.110888,1,1,-1,61
1.464529,388,330920.702387,2,0,97,-1
1.16793,973,330954.18834,2,1,37,-1
1.61499,345,330966.357717,2,0,137,-1
1.713913,390,330978.882653,2,0,152,-1
1.810017,737,331004.712807,2,1,96,-1
1.433937,394,331018.462321,2,0,40,-1
1.294831,777,331044.443372,2,1,46,-1
1.93499,614,331065.260523,2,1,137,-1
1.552846,374,331078.331734,2,0,120,-1
1.495325,420,331092.920227,2,0,106,-1
1.728328,748,331118.095106,2,1,57,-1
1.39354,415,331132.472201,2,0,20,-1
1.35134,428,331147.26427,2,0,34,-1
1.633,712,331171.270425,1,2,-1,25
0.86899,667,331194.832754,1,2,-1,146
1.195,642,331216.547857,1,2,-1,91
0.073,370,331229.559231,0,2,-1,120
1.412,777,331255.670475,1,2,-1,104
1.488086,401,331269.638045,2,0,98,-1
1.436307,414,331284.022663,2,0,72,-1
1.276,578,331303.613967,1,2,-1,41
1.337472,502,331320.830114,2,0,4,-1
1.37354,443,331336.111758,2,0,20,-1
1.558,868,331365.058749,1,2,-1,38
1.351372,466,331381.092219,2,0,3,-1
0.928083,518,331398.846988,2,0,42,-1
1.365887,764,331425.422159,1,2,-1,113
1.4091,369,331438.322342,2,0,33,-1
0.923467,950,331469.830327,1,2,-1,4
1.65699,532,331487.86531,2,0,137,-1
1.632,748,331514.084359,1,2,-1,16
1.462897,431,331529.018843,2,0,83,-1
1.570034,397,331542.799405,2,0,122,-1
1.369,747,331567.912954,1,2,-1,51
1.64799,379,331581.188721,2,0,137,-1
1.467931,404,331595.232469,2,0,84,-1
1.392841,465,331610.160628,2,0,36,-1
1.494086,401,331624.080529,2,0,98,-1
1.29818,410,331638.314489,2,0,1,-1
1.65099,355,331650.746487,2,0,137,-1
1.35465,403,331663.680912,2,0,14,-1
1.461385,382,331677.048692,2,0,88,-1
1.414602,508,331694.363708,2,0,26,-1
1.576399,376,331707.546796,2,0,135,-1
1.347,666,331729.988906,1,2,-1,30
1.630399,379,331743.217048,2,0,135,-1
1.42134,400,331757.165928,2,0,34,-1
1.585007,838,331785.165782,1,1,-1,-1
1.513846,450,331800.695695,2,0,120,-1
1.57599,348,331812.902135,2,0,137,-1
1.388587,637,331834.44168,2,0,35,-1
1.710381,951,331867.168919,2,1,19,-1
1.50534,406,331881.294308,2,0,100,-1
0.652999,707,331905.010902,1,1,28,-1
1.412703,568,331924.335097,2,0,51,-1
1.61,729,331949.858362,1,2,-1,18
0.536,574,331969.397663,0,2,-1,24
1.462,812,331996.491403,1,2,-1,41
1.308,705,332021.32098,1,2,-1,97
1.156539,939,332053.540208,2,1,6,-1
1.43,653,332075.611204,1,1,-1,86
1.610354,357,332088.133727,2,0,133,-1
1.33,695,332111.548444,1,2,-1,53
1.486,674,332134.381927,1,2,-1,30
1.383089,462,332150.265618,2,0,0,-1
1.350896,393,332164.034489,2,0,62,-1
1.480034,346,332176.194639,2,0,122,-1
1.424311,441,332191.420861,2,0,59,-1
1.324,709,332215.223946,1,2,-1,106
2.049,363,332227.922268,2,0,176,-1
1.412311,363,332239.581806,2,0,59,-1
1.403328,457,332255.318693,2,0,57,-1
1.64199,367,332268.214786,2,0,137,-1
1.63299,342,332280.292541,2,0,137,-1
1.352,825,332307.858759,1,2,-1,96
1.63899,378,332321.085387,2,0,137,-1
1.419,924,332352.89682,1,2,-1,76
1.61799,441,332368.137615,2,0,176,-1
1.34234,539,332386.50209,2,0,34,-1
1.411587,850,332414.923891,2,1,35,-1
1.377048,602,332436.389359,2,0,23,-1
1.513034,411,332449.643471,2,0,122,-1
1.412311,502,332466.811285,2,0,59,-1
1.47776,696,332491.328518,1,2,-11,79
1.461086,374,332503.399904,2,0,98,-1
1.365929,411,332517.685302,2,0,16,-1
1.444897,372,332530.660482,2,0,83,-1
1.377858,340,332542.635585,2,0,56,-1
1.35879,405,332555.589188,2,0,7,-1
1.421311,370,332568.524343,2,0,59,-1
1.333183,852,332597.975122,2,1,69,-1
1.156764,978,332631.515764,2,1,61,-1
1.388587,459,332647.323694,2,0,35,-1
1.261089,508,332664.67146,2,0,0,-1
1.495089,672,332687.245429,2,1,0,-1
1.412456,407,332701.436101,2,0,63,-1
0.766186,731,332726.080537,1,2,-1,64
1.438871,398,332739.92478,2,0,70,-1
1.619,846,332769.219761,1,2,-1,31
1.052,658,332791.429024,1,2,-1,145
1.372797,443,332806.734506,2,0,27,-1
1.418847,406,332819.717155,2,0,43,-1
1.618,781,332846.925869,1,2,-1,16
2.322,736,332871.548035,2,1,176,-1
1.356575,481,332888.077522,2,0,5,-1
1.303,667,332911.656381,1,2,-1,87
1.484736,504,332928.949551,2,0,93,-1
1.56699,328,332939.475472,2,0,137,-1
1.626,678,332963.434505,1,2,-1,14
1.57599,336,332974.158716,2,0,137,-1
1.289412,413,332988.465381,2,0,25,-1
1.601824,726,333013.9763,1,2,-1,43
1.705,837,333041.813285,1,2,-1,2
1.676,790,333069.315735,1,2,-1,6
1.36754,545,333087.931849,2,0,20,-1
1.417206,450,333103.445531,2,0,29,-1
1.542681,880,333132.716237,2,1,6,-1
1.579824,859,333162.52762,1,2,-1,12
1.37054,490,333179.373348,2,0,20,-1
1.4355,364,333192.154775,2,0,45,-1
1.34679,479,333208.600029,2,0,7,-1
1.396,810,333235.707906,1,2,-1,97
2.372,721,333261.008317,2,1,176,-1
1.369381,519,333278.747528,2,0,19,-1
1.497086,378,333290.821199,2,0,98,-1
1.412311,411,333305.036934,2,0,59,-1
1.504,795,333332.692742,1,2,-1,34
1.401824,499,333349.835151,2,0,60,-1
1.894018,767,333375.622059,2,1,111,-1
1.585064,737,333401.39045,1,2,-1,1
1.497,764,333426.986851,1,2,-1,44
1.681,680,333449.785979,1,2,-1,8
1.811222,723,333475.108337,2,1,87,-1
1.3921,509,333492.525407,2,0,33,-1
1.402006,733,333517.124032,2,1,137,-1
1.716,914,333548.504022,1,1,-1,12
-0.098,362,333561.172494,0,2,-1,176
1.347812,434,333576.158942,2,0,58,-1
0.61,565,333595.35211,0,2,-1,26
1.710602,810,333622.439165,2,1,26,-1
1.28,803,333650.357831,1,2,-1,3
1.419,788,333676.662632,1,2,-1,85
1.560887,704,333701.332341,1,2,-13,47
1.373075,415,333715.778505,2,0,17,-1
1.97799,650,333737.718371,2,1,137,-1
0.61734,888,333768.40792,1,2,-1,146
1.481122,490,333785.214399,2,0,94,-1
0.389,546,333803.777245,0,2,-1,14
1.63599,365,333815.550322,2,0,137,-1
1.418,727,333841.060285,1,2,-1,99
1.453017,374,333854.128482,2,0,96,-1
1.427,765,333879.808267,1,2,-1,45
1.323034,564,333898.973207,2,1,122,-1
1.347887,917,333930.641253,1,2,-1,122
1.565021,420,333945.179181,2,0,125,-1
1.503086,428,333960.116801,2,0,98,-1
1.481,822,333987.583499,1,2,-1,56
1.554,873,334017.730463,1,2,-1,61
1.159,666,334040.165129,1,2,-1,171
1.346,659,334062.385166,1,2,-1,109
1.33864,439,334077.504286,2,0,31,-1
1.701887,770,334104.388471,1,2,-1,5
1.363,791,334130.918177,1,2,-1,97
1.673,964,334164.016417,1,2,-1,14
2.234887,607,334184.599432,2,1,176,-1
1.116829,900,334215.595637,1,1,-1,-1
1.049099,502,334232.724135,2,0,52,-1
0.756,838,334261.775872,0,1,-1,-1
2.319,669,334284.352248,2,1,176,-1
0.781491,665,334306.727911,2,0,1,-1
1.355787,544,334325.258207,2,0,15,-1
0.876086,962,334358.340652,1,2,-1,84
0.684005,811,334386.48846,2,1,65,-1
0.60199,723,334411.28705,1,2,-1,146
1.398847,499,334428.37924,2,0,43,-1
1.483,848,334457.737742,1,2,-1,4
1.302275,475,334474.090735,2,0,2,-1
1.0443,385,334487.551069,2,0,59,-1
1.629897,682,334510.539597,2,1,83,-1
1.12299,796,334538.229004,1,2,-1,52
1.414309,477,334553.587248,2,0,50,-1
1.65099,426,334568.335428,2,0,137,-1
1.216,744,334594.381824,1,2,-1,115
0.87131,883,334623.725829,1,2,-6,33
1.606649,758,334650.202907,1,2,-12,34
1.263547,841,334679.289116,2,1,9,-1
1.422937,444,334693.479005,2,0,40,-1
2.034,370,334706.421954,2,0,176,-1
1.05099,770,334733.358216,1,2,-1,89
1.250887,730,334758.322413,1,2,-13,146
1.24,631,334779.698867,1,2,-1,165
0.85865,811,334807.855582,1,2,-1,15
1.696,890,334838.625207,1,2,-1,6
1.476086,387,334851.043623,2,0,98,-1
1.561793,360,334863.705197,2,0,110,-1
1.381797,575,334883.251931,2,0,27,-1
1.657,810,334911.365904,1,2,-1,6
1.571,913,334942.843918,1,1,-1,44
1.063,732,334967.392056,1,2,-1,117
1.0161,928,334999.356692,1,2,-1,17
0.406,558,335018.409642,0,2,-1,103
0.810021,512,335035.900017,2,0,47,-1
1.441625,549,335054.511056,2,0,75,-1
1.527017,384,335067.967245,2,0,96,-1
1.141293,746,335092.976609,2,1,29,-1
1.267625,642,335114.725396,1,2,-1,34
1.536017,377,335127.878889,2,0,96,-1
1.20299,718,335153.100118,1,2,-1,1
1.555,772,335178.909668,1,2,-1,1
1.73399,658,335201.061747,2,1,137,-1
1.753328,880,335231.491605,2,1,57,-1
0.376373,767,335258.194768,1,2,-1,102
1.62999,391,335270.663736,2,0,137,-1
2.04,418,335285.197829,2,0,176,-1
1.375309,512,335302.730863,2,0,50,-1
1.348913,717,335327.93384,2,1,98,-1
1.136,658,335350.105792,1,2,-1,89
1.636,754,335375.36711,1,2,-1,9
1.395,661,335398.744903,1,2,-1,98
1.55799,342,335409.733438,2,0,137,-1
1.660958,729,335435.218547,2,1,54,-1
1.707227,706,335459.027692,2,1,24,-1
0.998079,530,335477.12071,2,0,0,-1
1.59399,358,335489.668645,2,0,137,-1
0.764013,593,335509.820707,2,0,21,-1
1.665206,719,335533.944686,2,1,29,-1
1.701,808,335562.097297,1,2,-1,7
0.326,478,335578.551166,0,2,-1,140
1.059667,874,335608.770982,2,1,71,-1
2.312,676,335631.567739,2,1,176,-1
1.051777,391,335645.190385,2,0,15,-1
1.97999,656,335667.226393,2,1,137,-1
1.518122,380,335680.482812,2,0,94,-1
1.363897,393,335694.148931,2,0,83,-1
1.494086,351,335705.414031,2,0,98,-1
1.64499,420,335719.960422,2,0,137,-1
1.474548,785,335747.309843,2,1,95,-1
1.166874,961,335779.336932,2,1,77,-1
0.672629,806,335807.363321,2,0,0,-1
1.370075,574,335826.902406,2,0,17,-1
1.091529,846,335856.225512,1,2,-1,8
1.678287,752,335881.471177,2,1,77,-1
1.350275,544,335899.956434,2,0,2,-1
1.435,708,335924.927927,1,2,-1,95
1.33479,459,335940.760638,2,0,7,-1
1.027328,791,335967.211462,1,2,-1,31
0.99799,841,335996.361419,1,2,-1,0
0.731529,710,336020.205706,1,2,-1,31
1.12999,833,336049.154096,1,2,-1,26
1.439307,436,336064.298772,2,0,72,-1
0.922103,433,336079.256293,2,0,98,-1
1.41,697,336102.728429,1,2,-1,41
1.302526,677,336125.47383,2,1,97,-1
0.615086,697,336149.982822,1,2,-1,25
1.215,632,336171.337053,1,2,-1,166
1.340587,448,336186.863386,2,0,35,-1
1.793812,892,336216.752836,2,0,58,-1
1.410858,403,336230.851443,2,0,56,-1
1.602,805,336258.934354,1,2,-1,4
1.691,1163,336298.494601,1,2,-1,10
1.61199,364,336311.297198,2,0,137,-1
1.573846,375,336323.371191,2,0,120,-1
1.713,797,336351.260209,1,2,-1,0
1.010516,968,336384.498507,1,2,-1,16
1.319925,453,336400.12532,2,0,49,-1
1.183301,425,336414.858004,2,0,114,-1
0.525,555,336433.726759,0,2,-1,59
1.237911,422,336448.342232,2,0,137,-1
1.384391,983,336481.088734,2,0,55,-1
1.34679,426,336495.822777,2,0,7,-1
0.782826,585,336515.704606,2,0,13,-1
1.003591,490,336532.516231,2,0,26,-1
1.29499,1079,336570.361723,1,1,-1,-1
1.36365,565,336589.527193,2,0,176,-1
1.051298,828,336617.212968,2,1,50,-1
0.820796,553,336635.984151,2,0,44,-1
0.61076,541,336654.478815,0,2,-11,52
1.889846,740,336680.424759,2,1,120,-1
1.344114,390,336694.013739,2,0,136,-1
1.403169,458,336708.710683,2,0,44,-1
0.801871,894,336739.474021,1,2,-1,11
1.222608,685,336763.670376,2,1,42,-1
1.555,755,336788.993954,1,2,-1,51
1.114519,462,336804.87553,2,0,97,-1
1.290802,746,336829.960237,2,1,58,-1
1.406,779,336857.084059,1,2,-1,88
1.531122,408,336871.264137,2,0,94,-1
0.908582,897,336901.13571,1,2,-1,96
1.18999,735,336926.906383,1,2,-1,34
1.099208,449,336942.351136,2,0,128,-1
1.60176,858,336971.07352,1,2,-1,18
0.524,513,336988.617367,0,2,-1,61
0.898721,904,337019.730476,2,1,6,-1
0.791325,867,337049.650828,1,2,-1,116
1.532827,390,337063.247609,2,0,113,-1
0.669,739,337088.043204,0,2,-1,17
2.103913,729,337113.603113,2,1,152,-1
1.07175,688,337136.807096,1,2,-11,37
1.004644,765,337162.447591,2,1,27,-1
1.31699,984,337196.229554,1,2,-1,6
0.992318,454,337211.981676,2,0,57,-1
0.79918,587,337231.873162,2,0,22,-1
0.882429,628,337254.221714,2,0,26,-1
0.87199,730,337278.761535,1,2,-1,25
0.859169,954,337311.53839,1,2,-1,3
1.331169,528,337329.597646,2,0,44,-1
0.557,541,337348.033399,0,2,-1,66
0.704086,825,337376.742466,1,2,-1,28
1.035927,545,337395.382143,2,0,40,-1
0.98999,741,337420.285462,1,2,-1,33
1.14599,825,337448.921686,1,2,-1,56
1.282979,413,337462.142965,2,0,137,-1
1.139006,580,337482.97384,2,0,96,-1
0.555925,764,337508.58062,1,2,-1,171
0.622,743,337534.584724,0,2,-1,25
0.863748,770,337560.347857,1,2,-1,9
1.315,662,337582.667899,1,2,-1,144
1.00199,901,337613.814425,1,2,-1,30
1.67,922,337645.592633,1,2,-1,19
0.189,531,337663.753826,0,2,-1,171
0.808168,870,337693.870314,1,2,-4,60
1.383841,403,337706.790232,2,0,36,-1
1.549529,405,337720.930082,2,0,176,-1
1.015126,534,337739.188034,2,0,10,-1
1.518,782,337766.508958,1,2,-1,58
1.522325,414,337780.874175,2,0,106,-1
0.753051,550,337799.614674,2,0,13,-1
1.516516,773,337825.484554,2,1,13,-1
0.329887,549,337844.261484,0,2,-1,130
0.92299,731,337869.925434,1,2,-1,64
1.041693,444,337885.266387,2,0,51,-1
1.610354,370,337897.124675,2,0,133,-1
1.65099,348,337909.408024,2,0,137,-1
1.826897,726,337933.896837,2,0,83,-1
1.334523,902,337965.696136,2,1,128,-1
1.500086,414,337980.138339,2,0,98,-1
1.015591,650,338002.013637,2,0,26,-1
1.27129,882,338032.41723,2,1,120,-1
0.476,561,338051.527901,0,2,-1,58
1.10199,649,338073.423648,1,2,-1,16
0.968832,628,338095.73629,2,0,90,-1
0.42,684,338118.821225,0,2,-1,94
1.409402,388,338132.319324,2,0,55,-1
0.840359,1083,338169.262433,2,1,79,-1
1.31999,933,338201.335768,1,2,-1,0
1.470896,438,338215.364152,2,0,176,-1
1.113986,393,338229.025647,2,0,85,-1
1.06699,845,338258.298104,1,2,-1,0
1.998,328,338268.807195,2,0,176,-1
1.469122,388,338282.307457,2,0,94,-1
0.661,631,338303.643803,0,2,-1,10
1.314048,417,338318.09725,2,0,23,-1
1.321152,902,338349.139774,2,1,106,-1
0.915191,568,338368.460139,2,0,32,-1
0.846493,542,338386.973859,2,0,94,-1
1.721516,769,338413.827291,2,1,68,-1
0.606528,707,338437.700326,1,2,-1,140
0.723255,749,338463.979053,1,2,-14,58
1.265114,391,338476.55437,2,0,136,-1
0.7341,877,338506.846036,1,2,-1,11
0.509335,868,338536.890828,1,2,-11,176
0.664018,798,338563.495422,1,2,-1,106
0.981944,794,338591.179275,2,1,56,-1
0.779402,792,338617.692541,1,2,-1,85
1.276221,764,338644.348579,2,1,135,-1
0.636,526,338662.266274,0,2,-1,21
1.400352,606,338682.848796,2,0,61,-1
1.725275,719,338707.072291,2,1,2,-1
1.13099,760,338733.583595,1,2,-1,67
0.722122,885,338764.082432,1,1,-1,151
1.359,646,338785.804581,1,2,-1,120
1.046298,519,338803.489449,2,0,50,-1
1.018401,451,338819.02381,2,0,137,-1
0.837408,573,338838.456959,2,0,20,-1
0.810934,462,338854.324841,2,0,95,-1
0.836267,674,338877.070368,2,0,1,-1
1.72,797,338904.790154,1,2,-1,5
1.358018,414,338919.10018,2,0,9,-1
0.910866,891,338948.812264,1,1,-1,53
1.498,638,338971.363656,1,2,-1,57
1.3895,457,338986.01563,2,0,45,-1
1.351516,417,339000.468107,2,0,68,-1
1.41,778,339027.462938,1,2,-1,20
1.356575,482,339043.976959,2,0,5,-1
1.78979,667,339066.436262,2,1,102,-1
1.643075,785,339093.702217,2,1,17,-1
1.486,797,339120.202721,1,2,-1,76
1.598,712,339144.156374,1,2,-1,13
1.988354,744,339170.088187,2,0,133,-1
1.63599,357,339182.55252,2,0,137,-1
1.469002,697,339205.979231,2,1,40,-1
0.80099,634,339227.473206,1,2,-1,147
1.256,680,339251.382123,1,2,-1,126
1.413086,356,339262.833071,2,0,98,-1
1.334937,422,339277.433966,2,0,40,-1
1.64199,365,339290.256192,2,0,137,-1
1.613252,774,339316.048249,1,1,-4,49
1.415868,451,339331.523879,2,0,67,-1
1.700847,776,339358.533119,2,1,43,-1
1.402227,406,339372.578305,2,0,24,-1
1.622,860,339401.292968,1,2,-1,25
1.762824,895,339432.138048,2,1,60,-1
1.522358,364,339444.890392,2,0,105,-1
1.06064,948,339476.459946,1,2,-1,1
1.252979,425,339491.201497,2,0,137,-1
2.043,371,339504.218949,2,0,176,-1
1.215,770,339531.151131,1,2,-1,150
1.700812,685,339554.234708,2,1,58,-1
1.34,705,339577.868578,1,2,-1,121
1.49579,411,339592.110937,2,0,102,-1
1.399681,490,339608.874759,2,0,6,-1
1.308275,467,339625.070915,2,0,2,-1
1.266563,622,339646.113747,2,1,80,-1
1.679,863,339675.957887,1,2,-1,12
2.031,358,339688.469071,2,0,176,-1
1.579034,398,339701.24574,2,0,122,-1
1.694,898,339732.134913,1,2,-1,9
1.441516,499,339749.148363,2,0,68,-1
0.974528,798,339776.956603,1,2,-1,39
1.634354,371,339788.875247,2,0,133,-1
1.210397,690,339813.118532,2,1,109,-1
1.323505,824,339840.613923,2,0,13,-1
1.724528,873,339870.663895,2,1,53,-1
1.649,701,339894.293088,1,2,-1,1
1.205494,421,339908.900875,2,0,116,-1
0.938556,458,339924.688102,2,0,107,-1
1.859086,758,339951.159743,2,1,98,-1
1.369897,355,339962.559114,2,0,83,-1
1.473086,393,339976.240809,2,0,98,-1
1.137449,1064,340012.438752,2,1,17,-1
1.63431,996,340046.558358,2,1,8,0
1.337075,484,340063.152936,2,0,17,-1
1.734192,789,340090.632766,2,1,47,-1
1.65399,349,340101.804788,2,0,137,-1
1.65099,380,340115.114156,2,0,137,-1
1.519325,381,340128.425144,2,0,106,-1
1.094516,1120,340166.441259,1,2,-1,19
1.402381,570,340185.801112,2,0,19,-1
1.59999,657,340207.920874,2,1,137,-1
0.271,500,340225.060562,0,2,-1,150
1.388169,520,340242.836311,2,0,44,-1
0.560307,760,340269.241946,1,2,-1,140
1.59,889,340298.802011,1,2,-1,37
0.749966,953,340331.471618,1,2,-1,6
0.692,630,340353.811794,0,2,-1,4
1.533017,368,340365.882732,2,0,96,-1
0.65499,650,340390.024214,1,2,-1,63
1.385587,453,340404.560898,2,0,35,-1
1.679477,401,340418.45959,2,0,145,-1
0.906163,886,340448.984179,2,1,7,-1
1.273979,425,340463.655822,2,0,137,-1
1.247391,785,340489.930769,2,1,55,-1
1.394328,512,340507.430586,2,0,57,-1
1.543875,732,340532.943469,2,1,119,-1
1.761913,482,340549.47936,2,0,152,-1
0.861402,577,340568.956068,2,0,5,-1
1.808086,662,340591.171469,2,1,98,-1
1.018814,649,340613.099138,1,2,-12,24
1.349627,433,340628.080768,2,0,65,-1
0.448,610,340648.685773,0,2,-1,84
1.647937,753,340675.022023,2,1,40,-1
1.303979,434,340690.041383,2,0,137,-1
1.554086,414,340704.349213,2,0,98,-1
0.969053,796,340730.939233,2,1,131,-1
0.823352,945,340763.448375,1,2,-1,77
0.950293,507,340780.774622,2,0,3,-1
0.981821,820,340809.246933,1,2,-1,77
1.62,819,340836.669568,1,2,-1,26
1.367,718,340861.785442,1,2,-1,116
1.423238,396,340874.46227,2,0,66,-1
1.602,728,340899.974225,1,2,-1,26
0.459824,564,340919.181379,0,2,-12,80
0.495824,564,340938.364487,0,2,-12,72
1.338137,428,340953.105175,2,0,10,-1
1.384024,711,340977.022467,2,1,122,-1
0.996311,964,341010.104013,1,2,-1,49
0.61976,658,341032.344558,0,2,-11,33
0.85065,857,341062.063495,1,2,-1,32
0.731802,606,341082.599006,2,0,2,-1
0.797086,838,341111.749532,1,2,-1,135
0.88277,499,341128.86134,2,0,71,-1
0.89205,508,341146.236327,2,0,64,-1
0.61,832,341174.021394,0,2,-1,66
0.832175,590,341194.996033,2,0,98,-1
1.032435,452,341209.529189,2,0,59,-1
1.00499,1050,341246.899734,1,2,-1,9
0.97299,815,341274.51696,1,2,-1,112
0.184,448,341289.982974,0,2,-1,176
1.744,1045,341325.620091,1,2,-1,6
0.817079,672,341348.33642,2,1,0,-1
1.338506,700,341373.076633,2,1,137,-1
1.497086,488,341389.873301,2,0,98,-1
1.468969,366,341401.713005,2,0,80,-1
1.531793,409,341415.902136,2,0,110,-1
1.070318,430,341430.75069,2,0,57,-1
1.294777,863,341460.606107,2,1,15,-1
0.928324,468,341476.689243,2,0,66,-1
1.603979,764,341502.347207,2,1,137,-1
0.95781,819,341531.213019,1,1,-1,140
1.71099,540,341549.631055,2,0,176,-1
0.620528,899,341582.455493,1,2,-1,0
1.089407,863,341612.593922,2,1,32,-1
1.94099,692,341637.42763,2,1,176,-1
1.11299,959,341669.896804,1,2,-1,39
1.31999,811,341698.52908,1,1,-1,10
0.953456,747,341724.101586,1,2,-1,38
0.869475,685,341748.460155,2,0,82,-1
1.21899,730,341773.430013,1,2,-1,38
0.497,497,341790.842021,0,2,-1,82
1.108086,833,341820.468747,1,2,-1,8
1.377705,456,341836.538158,2,0,21,-1
1.368863,1165,341876.655938,2,1,22,-1
1.155812,1045,341912.927543,1,2,-1,0
1.074572,394,341926.800804,2,0,89,-1
0.941557,566,341946.354634,2,0,67,-1
0.752086,1016,341981.388851,1,2,-1,149
1.620922,363,341994.341012,2,0,128,-1
1.284831,813,342021.942028,2,1,36,-1
0.74526,827,342051.022493,1,2,-1,32
0.634,469,342067.367832,0,2,-1,27
0.715997,658,342089.865395,1,2,-15,129
1.03963,587,342110.068345,2,0,31,-1
2.209,685,342133.384324,2,1,176,-1
1.010713,640,342156.363837,2,0,8,-1
1.18999,981,342190.888461,1,1,-1,-1
1.406528,606,342211.599921,2,0,53,-1
0.351,472,342228.086285,0,2,-1,119
1.4285,489,342245.889636,2,0,45,-1
0.396,451,342261.75818,0,2,-1,98
0.733242,913,342292.743107,2,1,31,-1
0.852278,496,342309.91216,2,0,80,-1
2.01599,663,342333.67103,2,1,137,-1
1.297979,460,342350.19787,2,0,137,-1
1.322169,370,342362.170062,2,0,44,-1
1.030615,474,342378.589707,2,0,98,-1
1.24999,1034,342414.192741,1,2,-1,7
1.19299,897,342445.538913,1,2,-1,3
1.66,861,342475.669528,1,2,-1,26
1.00454,1015,342510.763896,1,2,-1,18
0.387,605,342531.521428,0,2,-1,12
1.22299,930,342564.037312,1,2,-1,24
0.85038,625,342585.53496,2,0,27,-1
1.103146,462,342601.590292,2,0,106,-1
1.0501,970,342635.328409,2,1,7,-1
1.105433,533,342653.677469,2,0,76,-1
1.4948,769,342679.821672,2,1,134,-1
1.167192,921,342711.841641,1,2,-1,2
0.740829,828,342740.706844,1,2,-1,129
1.066802,558,342759.948917,2,0,58,-1
0.904955,867,342789.722307,2,1,9,-1
1.06299,773,342817.539496,1,2,-1,2
1.300979,426,342832.492127,2,0,137,-1
0.635,552,342851.568931,0,2,-1,11
1.135568,463,342867.713268,2,0,137,-1
1.182,694,342891.263954,1,2,-1,33
0.829242,718,342915.707921,2,0,70,-1
1.17499,748,342942.175444,1,2,-1,19
0.934,594,342962.53075,1,2,-1,106
1.428229,1120,343000.900259,2,1,135,-1
1.436528,428,343015.853182,2,0,53,-1
1.045462,511,343033.59655,2,0,79,-1
1.652,750,343060.223279,1,2,-1,17
0.969916,725,343084.868496,2,1,46,-1
1.68026,845,343114.439197,2,1,11,-1
1.264,611,343135.299172,1,2,-1,120
1.202158,1018,343170.39628,2,1,57,-1
0.328,554,343189.95221,0,2,-1,107
1.600787,762,343216.509181,2,1,15,-1
0.553,521,343234.595317,0,2,-1,33
1.003548,647,343259.088792,2,0,53,-1
1.0743,474,343276.307757,2,0,59,-1
1.495358,397,343289.277568,2,0,105,-1
0.810546,680,343313.425111,2,0,11,-1
0.748752,589,343333.965396,2,0,21,-1
0.861006,400,343348.794612,2,0,52,-1
1.190855,1210,343390.64093,2,1,25,-1
1.120886,953,343424.286276,2,1,62,-1
1.160783,442,343439.896372,2,0,110,-1
1.217314,410,343454.472393,2,0,106,-1
0.521174,568,343474.256167,0,2,-18,70
1.394925,697,343497.947351,2,1,49,-1
1.072363,727,343522.55818,1,2,-1,91
1.297007,930,343554.959428,2,1,9,-1
1.333,747,343581.38574,1,2,-1,104
1.294358,917,343612.454562,2,1,97,-1
0.562,651,343635.712179,0,2,-1,51
1.052311,799,343663.002679,1,1,-1,2
0.868238,852,343692.816947,1,2,-1,12
0.836581,654,343715.29322,2,0,84,-1
0.54399,635,343736.921267,1,2,-1,176
1.181147,780,343764.312336,2,1,36,-1
0.483,805,343792.417654,0,2,-1,135
0.480787,961,343824.760478,1,2,-1,119
1.420309,439,343840.0586,2,0,50,-1
2.094,365,343852.944898,2,0,176,-1
0.442238,739,343878.087565,1,2,-1,121
1.612,818,343906.814883,1,2,-1,31
1.30299,725,343931.400916,1,2,-1,6
1.179403,446,343946.988758,2,0,112,-1
1.444897,412,343961.512865,2,0,83,-1
1.409381,450,343977.157509,2,0,19,-1
1.480447,383,343990.670479,2,0,104,-1
1.342252,660,344013.180017,1,2,-1,134
1.504,650,344035.218083,1,2,-1,85
1.656,856,344064.902121,1,2,-1,1
1.646,806,344093.059465,1,1,-1,-1
1.627399,405,344106.142126,2,0,135,-1
1.241,667,344129.87658,1,2,-1,57
0.846239,832,344157.885899,1,2,-13,0
1.267,808,344186.143413,1,1,-1,151
1.494086,374,344199.293045,2,0,98,-1
0.848537,699,344222.947235,2,0,83,-1
1.732,1083,344260.080392,1,2,-1,3
1.423192,395,344273.88811,2,0,47,-1
1.67826,747,344299.202036,2,1,11,-1
1.039831,534,344317.770574,2,0,36,-1
1.485858,476,344334.308818,2,0,56,-1
0.827108,560,344353.529531,2,0,59,-1
1.333372,437,344368.791042,2,0,3,-1
1.530886,453,344384.561096,2,0,119,-1
1.62999,369,344397.673691,2,0,137,-1
1.478582,379,344411.144069,2,0,89,-1
1.66599,367,344423.135813,2,0,137,-1
0.93053,559,344442.362728,2,0,98,-1
1.538227,720,344467.977756,2,1,24,-1
1.420937,423,344482.868163,2,0,40,-1
1.354,586,344503.010757,1,2,-1,22
0.965196,452,344518.725592,2,0,29,-1
1.513358,452,344534.427757,2,0,105,-1
1.482,710,344558.461262,1,2,-1,70
1.593911,819,344587.063537,2,1,137,-1
0.972232,507,344604.469556,2,0,59,-1
1.99699,818,344632.083472,2,1,137,-1
1.425802,737,344658.286209,2,1,137,-1
0.955726,602,344678.944475,2,0,26,-1
0.774282,865,344708.178334,2,1,6,-1
0.23,658,344731.768362,0,2,-1,166
0.614,682,344755.242342,0,2,-1,28
1.500948,769,344782.714396,1,2,-14,78
1.534325,395,344795.73685,2,0,106,-1
0.750922,848,344825.536578,1,2,-1,77
1.119582,837,344854.704268,1,1,-1,10
1.106538,433,344868.627556,2,0,95,-1
1.131736,732,344894.782684,2,1,14,-1
1.005461,568,344914.433727,2,0,4,-1
1.83135,768,344940.326855,2,1,107,-1
0.85699,761,344967.339681,1,2,-1,5
1.398959,725,344991.873751,2,1,80,-1
0.204,576,345012.521592,0,2,-1,176
0.491311,721,345037.117039,1,2,-1,36
0.587054,674,345060.405556,1,2,-16,114
1.535181,439,345075.783177,2,0,127,-1
0.792922,698,345099.540581,1,2,-1,60
1.111572,453,345115.33119,2,0,137,-1
1.034221,662,345139.429103,2,0,41,-1
0.887309,860,345168.974931,1,2,-1,75
0.793866,965,345202.633968,1,2,-1,26
0.895627,598,345223.127986,2,0,101,-1
0.481007,491,345240.335703,0,2,-1,56
1.163519,368,345253.363294,2,0,97,-1
1.323065,961,345286.878202,2,0,17,-1
0.690582,787,345313.36792,1,2,-1,96
1.35426,512,345331.170796,2,0,11,-1
1.151437,446,345346.69093,2,0,137,-1
0.89299,726,345372.28707,1,2,-1,131
0.64599,604,345392.894051,1,2,-1,114
1.288227,395,345406.71319,2,0,24,-1
1.171979,599,345427.435536,2,1,137,-1
1.122703,926,345459.642481,1,2,-1,18
1.018089,482,345476.231496,2,0,33,-1
1.306908,938,345507.443624,2,1,101,-1
0.448402,757,345534.001043,1,2,-1,110
1.228474,957,345567.494012,2,1,49,-1
2.02399,706,345591.220757,2,1,176,-1
0.858325,947,345624.029324,1,2,-1,77
0.78099,707,345648.208102,1,2,-1,108
1.197549,824,345677.170442,1,2,-1,18
1.282979,401,345691.245318,2,0,137,-1
0.964983,527,345709.366227,2,0,98,-1
1.103387,878,345739.60101,2,1,56,-1
1.501034,366,345751.572842,2,0,122,-1
0.52,939,345784.125189,0,2,-1,151
1.097722,486,345800.687048,2,0,121,-1
1.079461,1016,345835.596276,2,1,17,-1
1.310071,718,345859.615811,2,1,96,-1
1.638,863,345889.902825,1,2,-1,5
1.250264,885,345921.494658,2,1,2,-1
1.220015,904,345954.785749,2,1,75,-1
1.541827,467,345971.133165,2,0,113,-1
0.898814,935,346002.744874,1,2,-1,20
1.528,794,346030.81398,1,2,-1,9
1.506922,347,346043.055857,2,0,128,-1
1.627,838,346071.250245,1,2,-1,8
1.411309,356,346083.809722,2,0,50,-1
1.017777,731,346108.625553,2,1,15,-1
1.320602,426,346123.69259,2,0,26,-1
0.497,559,346142.555269,0,2,-1,61
1.05729,939,346174.690912,2,1,14,-1
1.620821,377,346187.874785,2,0,131,-1
1.503086,358,346200.422967,2,0,98,-1
0.528651,866,346229.224443,1,2,-1,56
1.036427,1043,346264.790106,1,2,-1,20
1.000837,718,346289.87335,2,1,43,-1
1.542211,895,346319.651126,2,1,136,-1
1.791917,822,346347.986151,2,1,81,-1
1.837086,653,346369.957695,2,0,98,-1
0.93837,421,346384.431985,2,0,19,-1
1.623805,359,346396.940879,2,0,146,-1
1.436,726,346421.230396,1,2,-1,64
0.814,662,346444.483898,0,2,-1,82
1.028217,491,346460.192118,2,0,24,-1
1.49134,706,346484.935153,2,1,34,-1
1.372381,569,346504.131814,2,0,19,-1
1.370412,402,346518.051801,2,0,25,-1
1.708086,641,346539.639507,2,1,98,-1
1.25499,910,346570.875043,1,2,-1,19
1.055298,491,346587.603863,2,0,50,-1
0.963576,409,346601.711626,2,0,35,-1
1.524086,432,346615.446364,2,0,98,-1
0.683847,886,346645.983132,1,2,-1,130
1.32903,800,346673.899645,2,1,89,-1
0.884226,570,346693.255419,2,0,46,-1
1.271412,906,346724.222725,2,0,74,-1
1.366006,700,346747.572915,2,1,96,-1
0.998446,464,346763.435018,2,0,75,-1
1.377591,729,346787.71532,2,0,26,-1
1.66299,394,346801.318146,2,0,137,-1
1.02449,532,346819.327737,2,0,45,-1
0.466,496,346836.182266,0,2,-1,19
0.972705,1000,346870.294714,1,2,-1,1
1.130437,370,346883.209548,2,0,104,-1
1.567846,390,346895.672353,2,0,120,-1
1.343386,500,346912.671414,2,0,12,-1
1.19099,744,346938.639808,1,2,-1,51
0.85599,754,346963.869551,1,2,-1,93
1.062616,452,346979.442993,2,0,65,-1
1.394829,432,346994.307156,2,0,74,-1
1.472868,441,347009.430515,2,0,67,-1
0.733922,660,347031.550809,1,2,-1,126
1.11999,934,347063.42105,1,2,-1,14
1.207911,429,347078.217893,2,0,137,-1
0.840997,669,347100.607419,1,2,-15,39
1.123843,410,347114.72224,2,0,128,-1
1.091887,403,347128.655731,2,0,83,-1
0.969525,735,347153.195568,2,1,42,-1
1.177162,740,347178.95715,2,1,145,-1
1.08199,945,347211.303573,1,2,-1,27
0.32576,515,347228.831028,0,2,-11,47
1.034831,669,347251.216612,2,0,46,-1
1.10799,984,347284.73849,1,2,-1,4
1.533017,342,347295.687957,2,0,96,-1
1.392275,646,347318.503883,2,0,176,-1
1.11438,431,347333.297359,2,0,92,-1
0.747577,570,347352.546132,2,0,28,-1
0.461309,788,347378.806589,1,2,-1,176
1.685125,362,347391.402711,2,0,136,-1
1.468155,416,347405.740402,2,0,78,-1
1.09799,771,347431.464245,1,2,-1,9
1.415169,632,347452.727506,2,0,44,-1
1.72418,701,347477.163097,2,0,1,-1
1.149,630,347498.339807,1,2,-1,135
1.373412,463,347514.145142,2,0,25,-1
1.430528,477,347530.559765,2,0,53,-1
1.402948,830,347559.187034,1,2,-1,64
1.334461,751,347584.141767,2,1,4,-1
1.486034,372,347597.095304,2,0,122,-1
0.953054,851,347625.36719,1,2,-1,132
1.410321,702,347649.887898,2,1,144,-1
1.368417,739,347674.501302,2,1,135,-1
0.65,782,347701.515576,0,2,-1,10
0.730561,760,347726.885218,2,0,0,-1
0.705401,710,347751.627128,2,0,4,-1
1.169732,356,347762.983205,2,0,134,-1
1.210911,400,347776.823624,2,0,137,-1
0.96399,840,347805.712245,1,2,-1,98
1.066938,393,347818.312658,2,0,96,-1
1.599821,443,347833.508785,2,0,131,-1
1.09151,458,347849.229214,2,0,88,-1
1.518529,490,347865.935863,2,0,97,-1
0.801555,594,347885.985816,2,0,24,-1
1.018007,923,347917.576258,0,2,-1,4
0.907103,923,347949.241317,2,1,68,-1
1.232728,464,347965.046866,2,0,130,-1
1.409868,400,347978.878255,2,0,67,-1
1.455086,392,347991.424652,2,0,98,-1
1.448311,470,348007.52416,2,0,59,-1
2.073,352,348019.843449,2,0,176,-1
1.14638,742,348044.562452,2,1,92,-1
0.78499,807,348072.591867,1,2,-1,87
1.029261,796,348100.031533,2,1,34,-1
0.758986,714,348123.970864,2,0,0,-1
0.94167,595,348144.032316,2,0,87,-1
1.165492,586,348163.753702,2,0,71,-1
1.40018,535,348181.92401,2,0,1,-1
0.592,579,348201.432055,0,2,-1,10
1.231911,384,348214.88545,2,0,137,-1
1.513447,393,348228.541412,2,0,104,-1
1.115829,998,348262.476408,1,2,-1,3
1.641,790,348288.835908,1,1,-1,-1
1.477,730,348314.329561,1,2,-1,94
0.776461,814,348342.516688,2,1,22,-1
0.966083,505,348358.643698,2,0,85,-1
0.4605,974,348391.937547,1,2,-1,99
1.463703,522,348409.652138,2,0,51,-1
0.903478,647,348432.456162,2,0,89,-1
1.082426,829,348460.019092,2,1,34,-1
0.741,569,348479.298814,0,2,-1,11
0.641,483,348495.865046,0,2,-1,23
1.415582,388,348509.29921,2,0,89,-1
0.81499,719,348534.335541,1,2,-1,48
0.89015,493,348550.049722,2,0,26,-1
0.998876,795,348577.596904,2,1,98,-1
1.425122,634,348599.040891,2,1,94,-1
1.056572,453,348614.523274,2,0,89,-1
2.01,339,348626.406815,2,0,176,-1
1.082852,438,348641.475688,2,0,132,-1
0.453602,897,348671.099179,1,2,-1,131
1.933922,826,348699.638045,2,1,128,-1
1.364,957,348732.2834,1,2,-1,92
0.837557,454,348747.820344,2,0,96,-1
1.452391,439,348762.892825,2,0,92,-1
0.716,513,348780.424625,0,2,-1,1
1.188477,982,348814.028543,1,2,-1,68
0.605169,755,348839.173363,1,1,-1,176
1.038399,891,348869.734113,1,2,-1,95
0.934411,552,348888.425846,2,0,106,-1
0.978083,579,348908.052982,2,0,85,-1
1.528,732,348932.452145,1,2,-1,3
0.317,496,348949.418057,0,2,-1,134
1.05491,560,348968.354512,2,0,71,-1
0.583,730,348993.959236,0,2,-1,35
1.218,716,349017.850292,1,2,-1,95
1.050927,450,349033.263984,2,0,40,-1
1.34234,596,349053.374775,2,0,34,-1
1.446812,523,349071.124318,2,0,58,-1
0.840582,882,349101.511045,1,2,-1,95
1.276979,422,349116.027964,2,0,137,-1
0.862615,638,349137.458529,1,2,-1,62
0.676,589,349157.37336,0,2,-1,3
1.433627,411,349171.605961,2,0,65,-1
1.277324,993,349205.537796,2,1,98,-1
0.760363,711,349229.37709,1,2,-1,155
1.378227,506,349246.563552,2,0,24,-1
0.615,598,349267.818438,0,2,-1,19
0.963661,573,349287.21347,2,0,65,-1
1.60299,378,349299.334013,2,0,137,-1
1.18799,773,349326.078668,1,2,-1,42
1.959,349,349338.294122,2,0,176,-1
1.394169,403,349351.163082,2,0,44,-1
1.555529,381,349364.426555,2,0,97,-1
1.29099,860,349394.078283,1,2,-1,9
1.162275,950,349426.558147,2,1,124,-1
0.663309,681,349449.376704,1,2,-1,24
0.274,462,349465.22067,0,2,-1,150
1.445328,479,349481.694326,2,0,57,-1
1.352,790,349507.974521,1,2,-1,0
1.10599,905,349539.049875,1,2,-1,79
0.933,625,349560.034386,1,2,-1,112
0.882086,831,349588.753403,1,2,-1,89
1.635,692,349611.910341,1,2,-1,40
1.45766,903,349642.880599,2,1,130,-1
1.02237,780,349669.945985,2,0,19,2
1.716805,488,349686.666132,2,0,146,-1
0.739408,722,349710.748803,2,0,33,-1
1.475456,434,349725.683437,2,0,63,-1
1.259103,722,349749.824343,2,1,96,-1
0.521,693,349774.199479,0,2,-1,119
0.946696,816,349801.281613,2,1,13,-1
0.300827,707,349825.920491,1,2,-1,166
1.171637,577,349845.519549,2,0,134,-1
0.834888,597,349865.690156,2,0,58,-1
1.29599,881,349895.89067,1,2,-1,8
0.973375,444,349911.167269,2,0,105,-1
1.505,807,349938.008386,1,1,-1,73
1.381,821,349966.448801,1,2,-1,97
1.708858,700,349989.826558,2,1,56,-1
1.083615,947,350022.23162,2,1,97,-1
0.680255,717,350046.250224,2,0,6,-1
1.009733,974,350079.489987,2,1,86,-1
0.464064,603,350099.883054,0,2,-1,83
0.839086,708,350124.582947,1,2,-1,2
1.520892,606,350145.016736,2,0,82,-1
0.363,551,350163.715925,0,2,-1,92
1.064298,620,350184.54165,2,0,50,-1
0.884912,869,350214.409709,2,1,59,-1
0.78335,1046,350250.010019,1,1,-1,159
1.313,647,350271.701029,1,2,-1,55
1.432519,691,350295.875704,2,1,97,-1
1.421311,415,350309.168274,2,0,59,-1
1.209815,841,350338.359053,1,1,-1,-1
0.844542,613,350358.971127,2,0,47,-1
1.496582,508,350376.204398,2,0,89,-1
1.160175,783,350403.276584,2,1,143,-1
1.391,689,350426.212397,1,2,-1,93
1.021919,559,350445.20846,2,0,16,-1
1.68,736,350470.850081,1,2,-1,13
1.61,768,350496.507441,1,2,-1,0
1.65399,359,350509.022218,2,0,137,-1
1.177,677,350531.669307,1,1,-1,-1
1.104615,850,350561.046561,1,1,-9,84
1.042591,531,350579.029099,2,0,137,-1
0.254007,516,350596.606961,0,2,-15,145
1.180582,1101,350633.929512,1,2,-1,6
1.367999,529,350651.876594,2,0,28,-1
1.459847,821,350680.166736,2,1,125,-1
0.998506,514,350697.730747,2,0,137,-1
0.830014,608,350718.205915,2,0,59,-1
1.67499,372,350731.117373,2,0,137,-1
1.351446,1007,350765.279563,2,1,63,-1
1.454829,426,350778.984311,2,0,74,-1
1.348615,750,350805.128059,2,1,98,-1
1.099076,363,350817.766824,2,0,98,-1
0.60618,1043,350853.268461,1,2,-1,151
1.94999,782,350879.347263,2,1,137,-1
0.985086,957,350911.978212,1,2,-1,8
1.67118,882,350942.312933,2,1,1,-1
1.497847,526,350960.1781,2,0,176,-1
0.687,618,350980.928682,0,2,-1,6
1.346857,745,351005.838223,2,1,67,-1
1.65399,367,351018.576074,2,0,137,-1
0.447,777,351045.515392,0,2,-1,20
0.913821,848,351073.687691,1,2,-1,113
1.576535,729,351098.999099,2,1,42,-1
1.67499,416,351113.401301,2,0,137,-1
1.63,930,351144.111573,1,2,-1,3
1.615,823,351172.525991,1,1,-1,13
0.881626,481,351188.985658,2,0,20,-1
1.137886,972,351222.204588,1,2,-1,40
1.262401,895,351252.863469,2,1,25,-1
1.266,730,351277.230692,1,2,-1,67
1.219911,352,351289.583781,2,0,128,-1
1.605089,794,351316.024733,2,1,0,-1
1.514363,822,351344.348469,2,1,66,-1
0.427922,592,351364.388163,1,2,-1,140
1.22299,847,351393.53214,1,2,-1,37
1.33934,473,351409.730213,2,0,34,-1
1.663332,353,351421.00209,2,0,144,-1
1.808553,768,351447.765687,2,1,48,-1
1.660125,467,351463.743145,2,0,136,-1
2.137477,728,351488.124846,2,1,145,-1
1.385,756,351514.35644,1,2,-1,22
1.501897,433,351528.131315,2,0,83,-1
0.707,583,351548.839477,0,2,-1,2
0.668412,957,351580.568949,1,2,-1,104
1.362858,533,351598.652486,2,0,56,-1
1.809578,937,351630.688144,2,1,71,-1
1.362275,616,351651.56559,2,0,2,-1
0.812925,1007,351685.892166,1,2,-1,90
1.34149,767,351712.522214,2,1,122,-1
1.65999,386,351725.951265,2,0,137,-1
1.361892,671,351748.511518,2,1,82,-1
1.374896,424,351763.127293,2,0,62,-1
1.364937,474,351779.268357,2,0,40,-1
1.348232,507,351796.524424,2,0,41,-1
1.65999,387,351808.881224,2,0,137,-1
1.377275,668,351832.407581,2,0,2,-1
1.417007,650,351854.233767,1,2,-15,2
1.913,636,351875.605621,2,1,176,-1
1.438,815,351903.676516,1,2,-1,15
1.64799,360,351916.216491,2,0,137,-1
1.566,732,351940.598283,1,2,-1,51
1.2,643,351962.190163,1,2,-1,176
1.105582,931,351994.045648,1,2,-1,3
1.639,881,352024.382464,1,2,-1,10
1.787805,787,352050.5353,2,1,146,-1
1.564034,388,352063.980118,2,0,122,-1
1.306979,404,352077.944045,2,0,137,-1
1.088355,500,352094.948153,2,0,129,-1
1.813627,823,352122.331769,2,1,65,-1
1.724477,409,352136.417026,2,0,145,-1
1.629227,932,352168.321294,2,1,24,-1
1.64879,755,352194.53559,2,1,7,-1
0.964196,692,352217.790438,2,0,2,-1
1.462,660,352239.925662,1,2,-1,82
1.081289,820,352268.218331,1,2,-11,52
1.262153,706,352291.804836,2,1,139,-1
1.289847,669,352315.353862,2,1,43,-1
2.07,395,352327.908571,2,0,176,-1
1.218472,782,352355.014041,2,1,4,-1
1.500086,442,352370.210412,2,0,98,-1
1.483829,416,352383.43961,2,0,74,-1
1.473086,395,352397.077104,2,0,98,-1
1.471358,381,352410.328547,2,0,105,-1
1.229064,1016,352444.93557,2,1,13,-1
1.531,674,352467.517965,1,2,-1,46
1.100683,880,352497.76734,1,2,-1,82
1.004361,556,352516.609655,2,0,3,-1
1.677,846,352545.779634,1,2,-1,0
1.58799,360,352557.195481,2,0,137,-1
1.352311,407,352571.227787,2,0,59,-1
1.267681,906,352602.317419,2,1,6,-1
1.740805,432,352617.19188,2,0,146,-1
1.420841,529,352635.198729,2,0,46,-1
1.115,591,352655.1164,1,2,-1,176
1.56699,347,352667.349524,2,0,137,-1
1.27,628,352688.544566,1,1,-1,162
0.747694,556,352707.350608,0,2,-10,8
1.495871,466,352723.378684,2,0,70,-1
0.24854,734,352747.853791,1,2,-1,100
1.65599,640,352770.51219,2,1,137,-1
1.157538,429,352784.232105,2,0,95,-1
1.150076,395,352797.86112,2,0,137,-1
1.83407,807,352825.926487,2,1,111,-1
1.485086,486,352842.481313,2,0,98,-1
1.853158,776,352868.435245,2,1,113,-1
1.62099,462,352884.241329,2,0,137,-1
1.144076,416,352898.571624,2,0,98,-1
1.946093,809,352926.565124,2,1,86,-1
1.477897,451,352941.053415,2,0,83,-1
1.760925,758,352967.49245,2,1,49,-1
1.822339,434,352982.384122,2,0,159,-1
1.157,626,353003.358529,1,2,-1,110
1.464,616,353024.158495,1,2,-1,109
1.456812,393,353037.722963,2,0,58,-1
1.607,918,353069.197464,1,2,-1,2
1.222,746,353094.035584,1,2,-1,12
1.417232,564,353113.115355,2,0,41,-1
0.98999,709,353137.911218,1,1,-1,112
1.37018,515,353155.44174,2,0,1,-1
2.238,542,353173.810712,2,1,176,-1
1.579,852,353202.079013,1,2,-1,13
1.405871,491,353218.837408,2,0,70,-1
0.965155,463,353234.659961,2,0,57,-1
1.296929,707,353259.329062,2,0,16,13
1.379568,891,353288.945972,2,0,71,-1
0.663,839,353317.863027,0,2,-1,3
1.536,728,353343.19734,1,2,-1,63
0.60665,832,353370.906518,1,2,-1,141
1.394075,530,353388.884811,2,0,17,-1
1.031042,1013,353423.339067,2,1,31,-1
1.394412,491,353440.050948,2,0,25,-1
1.007079,484,353456.636878,2,0,0,-1
0.752588,605,353477.022392,2,0,23,-1
1.656922,430,353492.757987,2,0,128,-1
1.415104,477,353509.303463,2,0,37,-1
0.835617,685,353532.320992,2,0,15,-1
1.732516,903,353563.437842,2,1,68,-1
1.432897,376,353576.505102,2,0,83,-1
1.171,724,353600.696892,1,2,-1,89
1.490399,701,353625.141351,2,1,135,-1
1.20099,836,353653.015736,1,2,-1,40
1.420275,795,353680.545865,2,1,2,-1
1.25,663,353702.791522,1,2,-1,55
1.13,727,353728.077768,1,2,-1,114
1.975354,678,353750.80281,2,0,133,-1
1.37379,452,353766.351831,2,0,7,-1
1.118027,959,353799.178385,2,1,8,-1
1.61199,453,353813.733727,2,0,137,-1
1.257929,710,353838.653928,2,1,16,-1
1.331018,410,353852.795985,2,0,9,-1
1.632821,455,353868.372197,2,0,131,-1
1.638412,871,353897.181242,2,1,25,-1
1.645399,383,353910.47492,2,0,135,-1
1.7,749,353935.558815,1,1,-1,-1
1.367169,358,353948.073522,2,0,44,-1
0.894912,544,353966.512764,2,0,106,-1
0.828671,530,353984.498425,2,0,89,-1
0.85999,746,354010.414433,1,2,-1,114
1.509086,570,354029.747097,2,0,98,-1
1.531017,421,354044.289659,2,0,96,-1
1.369372,451,354059.726822,2,0,3,-1
1.534447,430,354073.363973,2,0,104,-1
1.128375,826,354101.830984,2,1,12,-1
1.473086,399,354115.684329,2,0,98,-1
1.146937,1088,354152.644687,2,1,42,-1
2.04799,850,354181.893948,2,1,137,-1
1.548103,503,354199.010506,2,0,137,-1
0.731,657,354221.0794,0,2,-1,6
1.552,783,354247.186285,1,2,-1,47
1.111,781,354274.208292,1,2,-1,140
1.661086,680,354297.020989,2,1,98,-1
0.396,666,354320.530108,0,2,-1,106
1.602922,442,354334.697166,2,0,128,-1
1.163269,1032,354369.764561,2,0,62,-1
0.941169,519,354387.398653,2,0,100,-1
1.190232,940,354419.634215,2,1,12,-1
1.466582,433,354434.521818,2,0,89,-1
0.995528,949,354466.996545,1,2,-1,33
0.388,714,354490.865637,0,2,-1,86
1.534345,1018,354525.509933,2,1,155,-1
1.403824,830,354554.092461,1,2,-1,40
1.540447,421,354568.541651,2,0,104,-1
1.0547,1110,354606.223046,2,1,57,-1
1.21899,780,354632.252489,1,2,-1,10
1.376075,460,354648.021969,2,0,17,-1
1.363797,450,354663.426617,2,0,27,-1
1.068398,1110,354701.034492,2,1,0,-1
1.053927,809,354729.030902,2,1,7,-1
0.757973,669,354751.418438,2,1,89,-1
1.66599,367,354764.207009,2,0,137,-1
1.450358,665,354786.479145,2,1,176,-1
1.340937,505,354803.633842,2,0,40,-1
1.416373,494,354820.592202,2,0,38,-1
1.470086,432,354835.455508,2,0,98,-1
1.65099,396,354849.140244,2,0,137,-1
1.552922,689,354872.281892,2,1,128,-1
1.081125,667,354895.765585,1,2,-1,3
1.378206,418,354909.165152,2,0,29,-1
1.208156,849,354938.405507,1,2,-1,73
0.745094,802,354966.130236,2,0,48,-1
1.130024,757,354991.441773,2,1,137,-1
0.483829,854,355020.81735,1,2,-1,109
1.014278,905,355050.825212,2,1,80,-1
0.981461,518,355068.454883,2,0,4,-1
1.104,771,355095.246472,1,2,-1,42
1.22499,861,355124.899489,1,2,-1,28
1.039089,578,355144.351964,2,0,33,-1
1.31018,513,355161.823486,2,0,1,-1
1.263685,479,355178.160301,2,0,144,-1
1.423,823,355205.576954,1,2,-1,30
1.317226,496,355222.46169,2,0,18,-1
1.345,762,355248.963547,1,2,-1,9
0.859841,507,355266.320122,2,0,13,-1
0.945886,873,355295.264439,1,1,-1,-1
1.376528,461,355311.104663,2,0,53,-1
1.187494,434,355326.029655,2,0,116,-1
1.629,767,355352.708399,1,2,-1,10
0.391,602,355373.151815,0,2,-1,95
0.838738,895,355403.925951,1,2,-1,14
1.549575,650,355425.74585,2,1,5,-1
0.918688,507,355443.074604,2,0,98,-1
1.369797,472,355459.151526,2,0,27,-1
1.42,755,355484.249712,1,2,-1,11
1.706,769,355510.922313,1,2,-1,2
1.21276,697,355534.327174,1,2,-11,176
0.929086,827,355562.949466,1,2,-1,12
0.62999,781,355588.839628,1,2,-1,151
1.482931,599,355609.039286,2,0,84,-1
1.429553,522,355627.878613,2,0,48,-1
1.555125,389,355640.36074,2,0,136,-1
1.762897,866,355670.137091,2,1,83,-1
1.393309,657,355692.155626,2,0,50,-1
1.354874,454,355707.807416,2,0,22,-1
1.617,767,355734.447388,1,2,-1,27
0.910451,529,355752.3635,2,0,111,-1
1.12899,800,355779.104095,1,1,-1,-1
0.318,595,355799.194222,0,2,-1,125
0.75099,665,355822.576329,1,2,-1,83
1.025484,852,355850.784346,1,2,-1,96
1.132759,839,355879.746406,2,1,82,-1
0.623311,873,355909.760348,1,2,-1,88
1.076314,425,355924.383242,2,0,137,-1
0.775093,733,355948.802366,1,2,-15,64
1.07755,653,355970.884039,2,1,97,-1
1.602,859,356000.461134,1,2,-1,16
0.951869,584,356020.148637,2,0,34,-1
1.502034,638,356041.653919,2,1,122,-1
1.415328,408,356055.747558,2,0,57,-1
1.239496,509,356073.095913,2,0,152,-1
1.406,853,356102.469603,1,2,-1,10
1.526238,745,356127.290175,2,1,66,-1
0.678592,619,356148.213241,2,0,9,-1
1.411486,816,356176.413758,2,1,135,-1
1.429874,506,356193.673218,2,0,22,-1
1.589,854,356223.09522,1,2,-1,3
1.646824,841,356251.094887,1,2,-12,33
1.001361,571,356270.377109,2,0,137,-1
1.004079,495,356287.271283,2,0,0,-1
0.841827,916,356318.648809,1,2,-1,73
1.520582,506,356335.878703,2,0,89,-1
1.377226,394,356349.604732,2,0,18,-1
0.933754,868,356379.434091,2,1,55,-1
0.536575,757,356404.70206,1,2,-1,41
0.65526,836,356433.719268,1,2,-1,143
0.616887,567,356452.87172,0,2,-13,0
1.063296,793,356479.375602,2,1,72,-1
1.48,706,356504.078592,1,2,-1,34
1.026819,478,356520.464136,2,0,137,-1
0.792135,936,356552.643156,2,1,95,-1
1.572329,906,356582.658688,2,1,19,-1
1.494086,407,356596.7085,2,0,98,-1
1.162991,971,356629.896894,2,1,6,-1
0.720712,678,356652.595491,2,0,5,-1
0.954874,841,356681.559063,1,2,-1,48
1.391626,1085,356718.44545,2,1,116,-1
0.83113,675,356740.99961,2,0,70,-1
1.384381,507,356758.301874,2,0,19,-1
0.84499,714,356783.261347,1,2,-1,176
1.446906,849,356811.437706,2,1,81,-1
0.791047,695,356835.833431,2,0,54,-1
1.294171,410,356849.99121,2,0,127,-1
1.198086,930,356880.643403,1,2,-1,3
0.981,635,356903.1108,1,2,-1,89
1.150979,419,356916.663385,2,0,137,-1
1.67199,405,356930.638386,2,0,137,-1
0.562086,644,356953.291345,1,2,-1,176
1.048711,536,356971.533864,2,0,35,-1
0.92117,646,356993.300193,2,0,1,-1
1.264,667,357015.621369,1,2,-1,51
0.720716,728,357041.035514,2,0,1,-1
1.336874,442,357055.135853,2,0,22,-1
1.309927,896,357085.84404,2,1,40,-1
1.310275,759,357112.200719,2,1,2,-1
1.035693,526,357130.071914,2,0,51,-1
0.80599,913,357160.186595,1,2,-1,53
0.996401,578,357180.893663,2,0,25,-1
1.269472,747,357205.861886,2,1,4,-1
0.891543,555,357224.674707,2,0,81,-1
1.257,611,357245.27754,1,2,-1,92
1.257,654,357268.292346,1,2,-1,109
1.11464,392,357280.812285,2,0,74,-1
1.20676,665,357304.216979,1,2,-1,77
0.81499,460,357319.98582,2,0,31,-1
0.457528,785,357346.107461,1,2,-1,84
1.575911,737,357371.707521,2,1,128,-1
1.152827,821,357399.051553,2,1,59,-1
1.277,716,357424.018728,1,2,-1,117
1.132819,847,357452.171712,2,1,74,-1
0.900857,674,357475.808649,2,1,67,-1
1.585614,919,357506.254379,2,1,7,-1
1.660125,432,357521.155992,2,0,136,-1
0.517,632,357542.535977,0,2,-1,59
2.409,672,357566.072284,2,1,176,-1
1.367276,756,357591.233807,2,1,77,-1
0.79277,749,357617.342393,2,0,62,-1
1.338526,886,357646.630404,2,1,4,-1
0.762706,1019,357681.300802,2,1,7,4
0.735965,809,357709.307571,2,1,5,-1
1.042703,916,357740.648434,1,2,-1,29
1.291979,425,357755.25619,2,0,137,-1
1.147076,485,357771.792984,2,0,98,-1
1.272,800,357798.535713,1,2,-1,5
1.412824,762,357824.988887,1,2,-1,61
0.941587,873,357853.928086,1,2,-1,32
1.794529,837,357882.810472,2,1,97,-1
1.352582,407,357896.922096,2,0,89,-1
1.118413,501,357913.953905,2,0,103,-1
0.890412,526,357931.854311,2,0,89,-1
1.744226,816,357959.030641,2,0,18,-1
1.228,751,357985.194037,1,2,-1,82
1.035406,1053,358021.088717,2,1,18,-1
1.596,830,358048.703878,1,2,-1,15
0.889414,803,358076.988056,2,0,106,-1
1.723917,826,358105.874436,2,1,81,-1
0.746137,813,358133.271357,1,2,-1,83
0.954215,815,358161.699245,1,2,-1,23
0.969892,610,358182.413679,2,0,8,-1
2.019,374,358195.585304,2,0,176,-1
2.019,339,358206.611161,2,0,176,-1
1.073504,820,358235.248515,2,1,81,-1
0.840595,500,358252.52509,2,0,77,-1
0.701,584,358272.480588,0,2,-1,10
1.345372,468,358288.749976,2,0,3,-1
1.474548,399,358302.697963,2,0,95,-1
1.13799,746,358328.057452,1,2,-1,63
1.702332,384,358341.590729,2,0,144,-1
0.799897,879,358372.182184,1,2,-1,29
1.183459,837,358400.21295,2,1,52,-1
1.447625,462,358416.23155,2,0,75,-1
1.304,628,358437.592218,1,2,-1,52
1.371,708,358462.605643,1,2,-1,12
1.329575,530,358480.852283,2,0,5,-1
1.172484,606,358501.494298,2,0,143,-1
1.150548,760,358528.157688,1,2,-1,5
1.434,859,358556.940589,1,2,-1,49
0.722337,581,358576.773167,2,0,25,-1
1.748456,769,358603.71334,2,1,63,-1
1.367,725,358628.29645,1,1,-1,-1
1.369841,585,358648.229515,2,0,46,-1
1.352472,424,358662.993933,2,0,4,-1
1.340587,463,358679.027461,2,0,35,-1
0.404,559,358698.199494,0,2,-1,92
1.290358,1015,358733.211019,2,1,54,-1
1.071523,867,358763.647087,2,1,104,-1
0.73399,681,358786.793605,1,2,-1,142
1.346013,963,358820.076768,2,1,85,-1
1.067764,424,358834.835458,2,0,31,-1
1.70799,370,358847.904185,2,0,137,-1
0.868967,647,358869.812612,2,0,52,-1
1.729587,787,358897.444424,2,1,35,-1
1.535414,396,358910.216221,2,0,112,-1
1.542,800,358938.174834,1,2,-1,18
1.53807,539,358956.631377,2,0,111,-1
1.977332,687,358979.945556,2,1,144,-1
2.025,369,358992.917487,2,0,176,-1
1.192381,931,359025.23095,2,1,40,-1
1.773109,919,359057.084857,2,0,176,-1
1.425,701,359080.67392,1,2,-1,78
0.619887,591,359100.801216,0,2,-1,9
0.90119,489,359117.666961,2,0,44,-1
1.349587,396,359131.512252,2,0,35,-1
1.322169,377,359144.778293,2,0,44,-1
0.818594,787,359171.288599,1,2,-1,36
1.06299,785,359198.686526,1,2,-1,81
1.381681,582,359218.51868,2,0,6,-1
1.195548,1043,359254.335772,1,2,-1,0
1.60899,375,359267.537741,2,0,137,-1
1.072048,908,359297.974764,1,2,-1,1
1.431443,360,359310.686342,2,0,76,-1
1.417,852,359340.935795,1,2,-1,113
1.412925,514,359358.513744,2,0,176,-1
1.123963,1078,359395.034698,2,1,11,-1
1.255348,832,359422.766695,2,1,107,-1
1.356929,540,359441.089815,2,0,16,-1
0.421969,755,359467.325615,1,2,-1,103
0.541,487,359483.908861,0,2,-1,68
0.831382,587,359503.777077,2,0,68,-1
1.258911,577,359523.366266,2,0,137,-1
1.031736,706,359548.477136,1,2,-1,11
1.150107,1094,359585.639285,2,0,43,-1
1.406868,460,359601.489228,2,0,67,-1
1.289856,782,359627.555166,2,1,32,-1
1.383275,610,359648.121049,2,0,2,-1
1.202052,729,359673.577444,2,1,145,-1
1.128346,937,359705.631189,2,1,11,-1
0.76199,642,359727.116425,1,2,-1,5
1.136474,980,359760.378903,2,1,88,-1
0.992362,630,359781.617137,2,0,127,-1
1.205,821,359810.23959,1,2,-1,75
1.664,719,359834.968828,1,2,-1,12
1.430227,678,359857.686688,2,1,24,-1
1.393358,370,359870.595721,2,0,105,-1
0.91064,565,359889.712188,2,0,48,-1
1.227332,910,359920.897076,1,2,-1,2
0.830902,943,359953.16922,1,2,-1,44
1.276572,746,359978.201455,2,1,89,-1
0.5983,849,360007.857677,1,2,-1,22
0.476,575,360027.453445,0,2,-1,80
1.12399,865,360057.413043,1,2,-1,72
1.36634,468,360073.420779,2,0,34,-1
1.407049,391,360086.016605,2,0,79,-1
1.048335,967,360119.069961,2,1,17,-1
1.446086,536,360137.219486,2,1,98,-1
1.522575,766,360163.902684,2,1,5,-1
0.757813,555,360182.764179,2,0,35,-1
1.479086,367,360195.53689,2,0,98,-1
0.814515,626,360216.58902,2,0,28,-1
0.966,879,360246.788017,0,2,-1,22
0.304,487,360262.404738,0,2,-1,114
0.850358,1043,360299.009431,1,2,-1,126
1.369,830,360326.601157,1,2,-1,27
1.034854,403,360340.581556,2,0,97,-1
1.019887,770,360366.340603,2,1,83,-1
1.24599,815,360394.489125,1,2,-1,24
1.59099,353,360406.849519,2,0,137,-1
0.415,699,360430.264908,0,2,-1,6
1.070613,475,360446.533176,2,0,23,-1
1.369874,482,360463.070893,2,0,22,-1
1.471017,410,360477.240675,2,0,96,-1
1.63899,357,360488.624372,2,0,137,-1
0.992765,1179,360529.530268,1,2,-1,34
1.276345,1206,360570.179684,2,1,122,-1
1.330797,430,360585.013733,2,0,27,-1
1.65399,363,360597.707029,2,0,137,-1
1.653,1019,360632.417524,1,2,-1,2
1.422858,412,360645.564474,2,0,56,-1
1.453,816,360673.782879,1,2,-1,85
1.50804,469,360689.915531,2,0,101,-1
0.783978,495,360706.799996,2,0,79,-1
1.086819,504,360723.9547,2,0,137,-1
0.478,576,360743.411791,0,2,-1,68
1.214937,759,360769.784042,1,2,-14,34
1.628325,948,360801.167098,2,1,106,-1
1.163538,407,360815.205992,2,0,95,-1
2.028,367,360828.062331,2,0,176,-1
0.759311,930,360859.855834,1,2,-1,98
1.749896,768,360885.435018,2,1,62,-1
1.019433,918,360916.822839,2,1,29,-1
1.728913,484,360933.365715,2,0,152,-1
1.082995,657,360955.426215,2,0,70,-1
1.844922,772,360982.148489,2,1,128,-1
1.233258,866,361010.929831,2,1,92,-1
1.256469,902,361041.93203,2,1,132,-1
0.9292,889,361072.48401,2,1,2,-1
1.36099,918,361103.860558,1,1,-1,-1
1.708,991,361137.670097,1,2,-1,0
1.487122,405,361150.630833,2,0,94,-1
0.613057,741,361176.379642,1,2,-1,55
1.390232,513,361193.815181,2,0,41,-1
0.737191,591,361213.795313,2,0,7,-1
1.68399,417,361228.829212,2,0,176,-1
1.322972,899,361260.140618,2,1,98,-1
1.60899,407,361273.126137,2,0,137,-1
1.43,647,361295.92672,1,2,-1,104
0.823933,580,361315.616215,2,0,74,-1
1.537846,439,361330.691626,2,0,120,-1
0.954006,507,361347.917792,2,0,124,-1
1.159216,1080,361384.483994,2,1,32,-1
0.35,642,361406.072546,0,2,-1,115
1.385307,440,361421.200692,2,0,72,-1
1.497694,816,361448.351167,1,2,-1,1
0.533402,718,361473.394097,1,2,-1,92
0.615104,880,361503.683022,1,1,-1,167
0.961866,994,361537.620265,1,2,-1,34
1.414033,495,361553.430326,2,0,64,-1
1.147519,450,361568.882308,2,0,97,-1
1.364587,544,361587.32246,2,0,35,-1
1.453222,508,361604.609168,2,0,87,-1
1.391587,480,361621.024589,2,0,35,-1
0.874226,864,361650.811452,2,0,88,-1
1.857817,573,361670.275775,2,1,176,-1
1.178024,401,361684.15986,2,0,137,-1
1.067391,924,361715.843591,1,2,-1,23
1.274887,876,361744.88902,1,1,-13,156
1.434858,484,361761.473466,2,0,56,-1
1.922125,784,361788.638966,2,1,136,-1
2.043,348,361800.826583,2,0,176,-1
0.912,622,361821.711202,1,2,-1,116
0.475,696,361845.045364,0,2,-1,81
1.1,737,361870.76018,1,2,-1,107
0.887,581,361890.438878,1,2,-1,130
2.086913,799,361917.020528,2,1,152,-1
0.885485,637,361939.467689,2,0,68,-1
1.037506,529,361957.449163,2,0,68,-1
1.237584,459,361972.591347,2,0,124,-1
1.63199,716,361998.754535,2,1,137,-1
1.379104,498,362015.671212,2,0,37,-1
0.883897,838,362044.6364,1,2,-1,72
0.970035,1021,362078.267047,2,1,9,-1
1.35599,817,362106.559243,1,2,-1,10
1.003625,964,362140.521048,2,1,52,-1
0.755023,529,362158.577751,2,0,38,-1
1.21999,859,362188.131016,1,2,-1,47
1.352241,947,362220.44711,1,2,-4,3
1.22499,853,362248.736282,1,2,-1,50
0.671,755,362274.919194,0,2,-1,0
0.729516,758,362300.192802,1,2,-1,51
1.28399,915,362331.486321,1,2,-1,10
0.890397,573,362350.829924,2,0,98,-1
1.332602,495,362367.59991,2,0,26,-1
1.400528,505,362384.770714,2,0,53,-1
0.823179,640,362406.190104,2,0,17,-1
1.275787,626,362427.17452,2,1,15,-1
1.469467,685,362451.235595,2,1,137,-1
1.483651,851,362479.449784,2,1,39,-1
1.61199,360,362492.001628,2,0,137,-1
1.015892,633,362513.301671,2,0,8,-1
0.992,613,362534.988804,1,2,-1,100
1.413,740,362559.779284,1,1,-1,-1
1.311,806,362587.64809,1,2,-1,50
1.3343,704,362611.130844,2,1,59,-1
0.900333,992,362645.082382,2,1,55,-1
1.127687,932,362676.981628,2,1,7,-1
0.599,595,362697.03788,0,2,-1,6
1.530211,849,362726.338194,2,1,98,-1
1.206937,883,362755.682399,1,2,-14,39
0.989477,872,362785.671784,1,2,-1,6
1.376089,560,362804.591758,2,0,0,-1
1.01499,952,362837.09445,1,2,-1,67
1.199169,839,362866.109248,2,1,35,-1
1.04999,719,362890.178876,1,2,-1,41
1.577824,706,362913.741133,1,2,-12,40
0.721963,729,362939.218985,2,1,19,-1
0.77975,589,362959.06078,2,0,8,-1
1.698226,1057,362994.807836,2,1,18,-1
1.61199,396,363008.540185,2,0,137,-1
0.394,585,363028.287724,0,2,-1,108
1.185242,663,363050.652689,2,0,152,-1
1.464086,532,363068.695138,2,0,98,-1
0.471,503,363085.792467,0,2,-1,39
1.21093,956,363118.434569,2,1,113,-1
0.785086,789,363145.822345,1,1,-1,149
0.93917,480,363162.279897,2,0,1,-1
1.57696,780,363188.356001,2,1,98,-1
1.475311,368,363201.163254,2,0,59,-1
1.580024,820,363228.326606,2,1,137,-1
0.384,601,363249.74131,0,2,-1,112
0.952545,777,363275.611709,2,1,121,-1
1.071857,483,363292.125403,2,0,67,-1
1.462,892,363322.800291,1,2,-1,3
0.98699,758,363348.032496,1,2,-1,20
1.313007,1213,363390.016787,2,1,9,3
1.055245,793,363416.401286,2,1,81,-1
1.040802,472,363432.612312,2,0,58,-1
0.836812,756,363458.906457,1,2,-1,12
2.073,489,363475.562915,2,0,176,-1
1.574321,739,363500.249788,2,1,38,-1
0.990861,565,363519.49469,2,0,125,-1
0.916099,524,363537.300322,2,0,77,-1
0.986981,1049,363572.825294,1,2,-16,65
1.348903,423,363587.465571,2,0,137,-1
1.26599,836,363616.484019,1,2,-1,0
1.119882,518,363634.178755,2,0,82,-1
1.210034,923,363664.677899,1,2,-1,29
0.782184,568,363684.927509,2,0,18,-1
1.053576,614,363705.605681,2,0,35,-1
1.259437,731,363730.01167,2,1,104,-1
1.489034,374,363742.993706,2,0,122,-1
0.99481,757,363768.170417,2,1,63,-1
1.202646,752,363794.402148,2,1,14,-1
1.711,900,363825.279272,1,2,-1,15
1.15599,864,363853.899348,1,2,-1,79
1.324,674,363877.638535,1,2,-1,140
0.83499,865,363906.319187,1,2,-1,176
0.896898,574,363925.788234,2,0,56,-1
1.130021,837,363954.650099,1,2,-1,52
1.713847,881,363985.636394,2,1,43,-1
1.61799,362,363998.317632,2,0,137,-1
0.881214,701,364021.70577,2,1,74,-1
1.041829,849,364050.962259,1,2,-1,14
1.113173,427,364064.635809,2,0,46,-1
1.056262,477,364080.957686,2,0,128,-1
1.528325,491,364097.625832,2,0,106,-1
1.08699,860,364127.303475,1,2,-1,83
0.655981,753,364152.390464,1,2,-16,49
1.163519,386,364165.778399,2,0,97,-1
1.448827,391,364179.422634,2,0,113,-1
1.392226,576,364198.883469,2,0,18,-1
0.682897,730,364224.330896,1,2,-1,5
1.246911,518,364241.909063,2,0,137,-1
1.454,634,364263.280184,1,2,-1,27
0.916127,811,364290.361434,2,1,67,-1
1.343,731,364315.893123,1,2,-1,31
0.65176,467,364331.88062,0,2,-11,4
1.045269,509,364349.131871,2,0,144,-1
1.227,705,364372.800913,1,1,-1,162
1.346999,476,364389.033652,2,0,28,-1
1.583,934,364421.037033,1,2,-1,29
1.482391,392,364434.627877,2,0,92,-1
1.32279,586,364454.374812,2,0,7,-1
1.603948,713,364478.2785,1,2,-1,27
1.440006,658,364500.389913,2,1,137,-1
1.517414,453,364515.902125,2,0,112,-1
1.804391,833,364544.672901,2,1,92,-1
0.912084,893,364575.349387,1,2,-1,116
1.295064,618,364596.062849,1,2,-1,84
1.689,881,364626.306579,1,2,-1,7
1.733034,690,364649.372776,2,1,122,-1
0.808529,819,364677.669711,1,2,-1,9
0.858186,544,364696.082456,2,0,33,-1
1.195,741,364720.769597,1,2,-1,75
1.995,354,364733.110379,2,0,176,-1
1.390847,434,364748.055158,2,0,43,-1
0.93704,940,364779.231521,1,1,-1,93
1.871125,781,364806.26047,2,1,136,-1
1.130086,925,364837.968539,1,2,-1,5
1.21999,1151,364876.815675,1,2,-1,32
1.073274,1201,364917.295389,2,1,2,-1
1.326018,679,364941.149765,2,1,9,-1
1.552911,712,364964.932825,2,1,137,-1
1.484122,419,364979.405457,2,0,94,-1
1.36154,431,364994.28722,2,0,20,-1
0.826181,556,365013.062514,2,0,59,-1
1.383373,547,365031.673417,2,0,38,-1
0.964602,476,365047.928727,2,0,68,-1
1.527951,903,365078.8663,2,1,113,-1
1.424,813,365105.864563,1,2,-1,40
1.049896,914,365137.092557,2,1,50,-1
1.427,916,365168.462608,1,2,-1,68
2.028,378,365180.499986,2,0,176,-1
1.012505,589,365201.437487,2,0,13,-1
1.23599,775,365227.183427,1,2,-1,28
0.975967,530,365245.14115,2,0,124,-1
1.437858,397,365258.914774,2,0,56,-1
1.0773,534,365276.998855,2,0,59,-1
0.80399,766,365302.482008,1,2,-1,108
1.681089,767,365329.2009,2,1,0,-1
0.603206,927,365360.95365,1,2,-1,144
1.089582,725,365385.257458,2,1,103,-1
1.272,776,365412.182793,1,2,-1,115
1.514824,667,365434.620717,1,2,-1,4
0.382,676,365457.297823,0,2,-1,106
1.684,860,365486.911891,1,1,-1,14
1.376,764,365513.458212,1,2,-1,3
1.776084,1011,365546.879819,2,1,91,-1
1.347048,473,365563.046468,2,0,23,-1
1.526,807,365591.004874,1,2,-1,48
1.63899,374,365604.008914,2,0,137,-1
0.830791,661,365626.222512,2,0,2,-1
1.116,605,365646.677857,1,2,-1,176
1.320602,707,365671.408911,2,0,26,11
0.216,538,365689.662108,0,2,-1,135
0.616,549,365708.265244,0,2,-1,24
1.477155,468,365724.324267,2,0,78,-1
1.471897,478,365740.667162,2,0,83,-1
0.147,482,365756.083494,0,2,-1,176
1.238,797,365783.719323,1,2,-1,71
1.492,832,365812.421438,1,2,-1,57
1.236,695,365835.744904,1,2,-1,176
1.54681,397,365849.485086,2,0,134,-1
0.660629,506,365866.666689,2,0,20,-1
1.170582,995,365900.663806,1,2,-1,1
1.233065,787,365926.917828,1,2,-13,8
1.593,705,365951.604504,1,2,-1,19
1.0515,1167,365991.029374,1,2,-1,2
0.301,724,366015.326902,0,2,-1,112
0.689815,725,366040.604249,2,0,2,-1
0.851122,828,366068.168779,1,1,-1,121
1.311902,439,366083.321761,2,0,8,-1
1.726528,775,366110.191911,2,1,53,-1
1.460528,604,366130.616041,2,0,53,-1
1.374824,435,366145.598774,2,0,60,-1
0.938913,489,366162.26521,2,0,98,-1
0.782821,914,366193.464857,1,2,-1,150
0.686516,824,366220.813573,1,2,-1,135
1.529516,787,366248.069524,2,1,13,-1
1.30718,473,366264.281498,2,0,1,-1
0.878255,502,366281.407866,2,0,44,-1
1.621694,814,366308.410288,1,2,-1,3
1.393516,414,366322.60373,2,0,68,-1
1.667,641,366344.125485,1,2,-1,4
1.742,940,366376.299168,1,2,-1,4
1.654,830,366404.85268,1,2,-1,7
1.676,845,366432.925374,1,2,-1,1
0.950929,939,366465.08346,1,2,-1,13
1.76699,709,366489.846552,2,1,137,-1
1.158017,859,366518.299928,1,2,-1,20
1.148347,420,366532.752759,2,0,105,-1
0.708442,655,366554.859368,2,0,5,-1
1.400997,642,366577.538401,2,1,85,-1
1.320819,964,366609.443114,2,1,74,-1
0.971148,570,366629.708617,2,0,18,-1
1.439093,438,366643.730911,2,0,86,-1
0.811036,752,366669.839137,2,0,74,-1
1.050917,868,366699.657272,1,1,-1,-1
1.019913,795,366726.205473,1,2,-1,151
1.378868,730,366751.564434,2,1,67,-1
0.883456,553,366770.234811,2,0,74,-1
1.319018,406,366783.285721,2,0,9,-1
1.435897,386,366796.701277,2,0,83,-1
1.388529,587,366816.602198,2,1,97,-1
0.537827,786,366843.760906,1,2,-1,130
0.925307,905,366874.764802,1,2,-1,65
1.626363,435,366888.629705,2,0,143,-1
1.252979,355,366901.128207,2,0,137,-1
1.079183,896,366931.932462,1,2,-1,10
0.856477,787,366958.208123,1,2,-1,114
1.57087,845,366987.347848,2,1,115,-1
1.978922,865,367017.169839,2,1,128,-1
1.174064,743,367041.944258,1,2,-1,118
1.252911,463,367057.804636,2,0,128,-1
1.460868,452,367073.412874,2,0,67,-1
2.004,359,367085.990728,2,0,176,-1
1.261681,407,367100.001789,2,0,6,-1
0.643664,691,367123.173318,2,0,0,-1
1.443391,396,367136.865563,2,0,92,-1
1.018694,528,367154.855795,2,0,21,-1
1.023908,1009,367189.090054,2,1,24,-1
1.448516,453,367204.628255,2,0,13,-1
1.049837,518,367222.272204,2,0,137,-1
1.634,950,367253.753625,1,2,-1,0
1.811086,743,367279.603819,2,1,98,-1
1.605,740,367304.328086,1,2,-1,27
1.277,797,367331.936306,1,2,-1,158
1.181538,358,367344.422391,2,0,137,-1
1.544122,432,367358.260602,2,0,94,-1
1.420057,378,367371.366119,2,0,73,-1
1.499829,493,367388.15767,2,0,74,-1
1.78587,756,367414.349178,2,1,176,-1
1.161399,992,367448.132927,1,2,-1,50
0.94937,476,367463.307925,2,0,97,-1
1.906683,692,367487.441263,2,1,137,-1
1.12017,757,367512.731609,2,1,1,-1
1.044576,573,367532.067918,2,0,35,-1
0.67899,729,367557.47693,1,2,-1,87
1.688227,1019,367592.11118,2,1,24,-1
1.05899,828,367619.727502,1,2,-1,78
0.469999,917,367651.087074,1,2,-1,176
0.734328,642,367672.663198,2,0,15,-1
1.467086,410,367686.810107,2,0,98,-1
1.021837,421,367701.378838,2,0,43,-1
1.376,688,367724.405436,1,1,-1,-1
1.143,772,367751.137305,1,2,-1,66
1.454827,382,367764.354458,2,0,113,-1
1.25099,850,367792.669276,1,2,-1,2
0.964591,444,367807.943298,2,0,26,-1
1.466,675,367831.622523,1,2,-1,1
1.443086,359,367843.106653,2,0,176,-1
1.329902,416,367857.43267,2,0,8,-1
1.343412,558,367876.283517,2,0,25,-1
1.61799,350,367888.601606,2,0,137,-1
1.261979,421,367903.100991,2,0,137,-1
0.879007,509,367920.352777,2,0,14,-1
1.443529,366,367932.073422,2,0,97,-1
1.740587,679,367955.915905,2,0,35,-1
1.486372,827,367983.435045,2,1,3,-1
1.388311,396,367997.166629,2,0,59,-1
1.037227,896,368027.961342,1,1,-1,-1
1.153,754,368053.13388,1,2,-1,120
1.737805,391,368066.7513,2,0,146,-1
0.695309,732,368091.164519,1,2,-1,11
1.487122,376,368104.201618,2,0,94,-1
1.62099,351,368116.520107,2,0,137,-1
1.479,789,368142.82978,1,2,-1,67
1.364787,423,368157.377838,2,0,15,-1
0.518084,798,368185.048043,1,2,-1,94
1.372553,468,368201.086207,2,0,48,-1
0.952875,647,368222.828665,2,0,96,-1
1.4101,482,368239.327757,2,0,176,-1
1.714,958,368272.041576,1,2,-1,1
1.308896,471,368288.167956,2,0,62,-1
1.23599,755,368313.336199,1,2,-1,30
1.164196,688,368337.511585,2,1,29,-1
1.38742,544,368355.980523,2,0,30,-1
1.339206,389,368368.386604,2,0,29,-1
1.539922,359,368380.866339,2,0,128,-1
1.153076,426,368395.577811,2,0,98,-1
1.695,742,368420.327662,1,2,-1,20
1.403997,361,368432.947392,2,0,85,-1
1.467086,363,368445.600528,2,0,98,-1
1.375238,375,368458.653259,2,0,66,-1
1.486529,414,368471.868977,2,0,97,-1
1.135076,388,368485.323155,2,0,137,-1
1.271472,496,368502.179232,2,0,4,-1
1.468057,445,368517.501544,2,0,73,-1
1.021831,516,368535.044452,2,0,36,-1
1.3081,438,368550.077143,2,0,33,-1
1.69899,371,368562.999568,2,0,137,-1
1.641354,623,368583.928591,2,1,133,-1
0.949797,925,368615.69662,1,2,-1,33
1.223221,448,368630.084906,2,0,131,-1
0.767445,864,368659.727407,2,1,16,-1
1.429969,468,368675.723824,2,0,80,-1
1.809937,836,368704.569355,2,1,149,-1
1.60299,339,368715.420169,2,0,137,-1
0.676204,699,368739.898937,2,0,16,-1
1.694824,754,368764.958395,1,2,-1,13
1.051329,772,368791.742832,2,1,34,-1
1.024764,398,368804.533608,2,0,77,-1
1.397456,408,368818.641713,2,0,63,-1
1.390744,851,368847.937108,2,1,19,-1
1.16199,727,368872.237917,1,2,-1,57
1.276979,436,368887.253573,2,0,137,-1
0.647391,1002,368921.297225,1,2,-1,140
1.833183,874,368951.430903,2,1,69,-1
1.422057,772,368977.232516,2,1,73,-1
0.849,671,369000.850454,1,2,-1,165
1.039125,730,369025.278596,1,2,-1,97
1.217,708,369049.029164,1,2,-1,123
1.353948,677,369072.947133,1,2,-14,34
1.22199,735,369097.475748,1,1,-1,49
0.843557,519,369115.128333,2,0,20,-1
1.478311,381,369128.308025,2,0,59,-1
1.010639,500,369145.412506,2,0,14,-1
1.719553,815,369173.699978,2,1,48,-1
1.509887,669,369196.152474,1,2,-1,85
1.765,775,369221.988511,1,2,-1,6
1.353086,353,369234.296546,2,0,98,-1
1.728386,923,369265.960535,2,1,12,-1
1.718386,833,369293.704571,2,1,12,-1
1.938805,673,369317.295502,2,1,146,-1
1.627343,768,369342.973243,2,1,133,-1
1.513325,360,369355.604314,2,0,106,-1
1.855339,367,369368.446068,2,0,159,-1
1.399033,404,369381.356592,2,0,64,-1
1.33926,446,369396.645286,2,0,11,-1
2.299,814,369424.714552,2,1,176,-1
1.212561,929,369457.177171,2,1,20,-1
1.163241,765,369482.703492,1,2,-4,13
0.659575,1008,369517.173566,1,2,-1,20
1.362391,444,369532.572348,2,0,92,-1
1.390125,1023,369567.393304,1,2,-1,0
0.949937,910,369598.673225,1,2,-1,20
0.557,575,369618.093012,0,2,-1,39
1.180886,814,369646.159922,1,2,-1,5
0.625,611,369666.693508,0,2,-1,45
0.278,574,369686.108522,0,2,-1,128
0.600997,733,369710.61538,1,2,-1,176
0.72596,794,369738.081592,2,1,1,-1
1.29099,899,369768.955714,1,2,-1,10
0.890618,477,369785.220481,2,0,97,-1
0.646,563,369804.286509,0,2,-1,24
1.354089,498,369821.354284,2,0,0,-1
1.079369,544,369839.7539,2,0,104,-1
1.314837,1030,369874.790043,2,1,43,-1
1.097212,543,369893.22603,2,0,87,-1
1.771841,806,369920.020339,2,1,36,-1
1.455086,367,369932.822749,2,0,98,-1
0.96299,698,369956.200119,1,2,-1,86
0.603529,838,369985.124813,1,2,-1,91
1.691412,1032,370020.189562,2,1,25,-1
1.38554,481,370036.611557,2,0,20,-1
1.29499,888,370066.987373,1,1,-1,2
1.001931,425,370081.578922,2,0,122,-1
0.800529,653,370103.602009,1,2,-1,36
1.366516,402,370117.53495,2,0,13,-1
1.622275,721,370141.584444,2,1,2,-1
1.754311,869,370171.43789,2,1,59,-1
0.87071,628,370192.639323,2,0,97,-1
1.347275,583,370212.336613,2,0,2,-1
1.727307,930,370245.18881,2,1,72,-1
0.929018,1187,370285.395101,1,2,-1,52
1.381086,719,370310.385341,2,1,98,-1
1.540325,389,370322.832741,2,0,106,-1
1.367402,428,370337.572624,2,0,55,-1
0.995,917,370368.940375,0,2,-1,17
0.566703,612,370389.568034,1,2,-1,92
0.992844,428,370404.254282,2,0,113,-1
1.00199,821,370432.631256,1,2,-1,73
0.990587,936,370464.763199,1,2,-1,42
1.346472,467,370479.660289,2,0,4,-1
1.355999,392,370493.292843,2,0,28,-1
1.066886,503,370510.429281,2,0,62,-1
1.356,783,370537.490334,1,2,-1,140
1.464917,381,370549.60652,2,0,81,-1
1.403311,467,370565.720438,2,0,59,-1
0.269,409,370579.904793,0,2,-1,45
1.60599,339,370591.813591,2,0,137,-1
0.639064,578,370611.357563,0,2,-1,21
0.65299,959,370644.219569,1,2,-1,47
1.863793,824,370671.645106,2,1,110,-1
1.67199,355,370684.081213,2,0,137,-1
1.572922,357,370696.547611,2,0,128,-1
1.3261,449,370711.979415,2,0,33,-1
0.946407,593,370731.932075,2,0,38,-1
1.095572,416,370746.298657,2,0,89,-1
0.942714,879,370775.52174,1,2,-16,78
0.842909,955,370808.070176,1,2,-15,70
1.333381,443,370823.313709,2,0,19,-1
0.326948,393,370836.970032,0,2,-1,71
1.384841,490,370853.760176,2,0,36,-1
1.699,954,370886.38982,1,2,-1,10
1.443086,366,370898.050245,2,0,98,-1
1.31099,969,370931.106965,1,2,-1,4
1.303,772,370957.924259,1,2,-1,87
1.21099,995,370991.9709,1,2,-1,18
0.179,539,371010.261654,0,2,-1,171
0.715034,719,371034.326868,1,2,-14,77
1.362,811,371062.298621,1,2,-1,95
0.950311,845,371090.385178,1,2,-1,53
0.739222,890,371120.918645,1,2,-1,11
1.363841,398,371134.718433,2,0,46,-1
0.594,637,371156.25479,0,2,-1,25
1.444,592,371176.154713,1,2,-1,38
1.691226,943,371208.332659,2,1,18,-1
1.509887,723,371233.576044,1,2,-1,33
2.001,382,371245.715851,2,0,176,-1
0.797648,614,371267.419977,2,0,50,-1
1.462548,584,371287.114297,2,0,95,-1
0.758196,727,371311.441744,2,0,60,-1
1.34054,485,371328.026734,2,0,20,-1
1.144197,741,371353.715795,2,1,137,-1
1.330694,672,371376.228655,1,2,-10,48
1.705929,761,371401.576935,2,1,16,-1
0.88081,790,371429.028961,1,1,-1,140
0.829125,794,371455.311625,1,2,-1,128
0.63355,728,371480.587404,2,0,2,-1
1.390516,457,371496.188726,2,0,68,-1
1.19799,923,371527.773026,1,2,-1,53
0.77598,916,371558.107998,2,1,94,-1
1.300007,957,371590.784348,2,1,137,-1
1.407192,400,371604.622851,2,0,47,-1
1.533868,584,371624.406717,2,1,67,-1
1.364703,580,371643.977003,2,0,51,-1
0.739086,706,371668.704808,1,2,-1,73
1.61499,378,371680.74326,2,0,137,-1
1.68,857,371710.261794,1,2,-1,32
0.638,638,371731.628082,0,2,-1,4
1.479519,915,371762.876144,2,1,137,-1
1.594034,383,371776.132231,2,0,122,-1
1.402819,715,371800.07308,2,1,137,-1
1.304,902,371830.934272,1,2,-1,126
0.539,656,371852.861237,0,2,-1,53
1.387381,473,371868.990808,2,0,19,-1
0.715,569,371888.190963,0,2,-1,3
1.62099,355,371900.605333,2,0,137,-1
0.188086,631,371921.915012,1,2,-1,176
1.287602,449,371937.320421,2,0,26,-1
1.119374,939,371969.421169,2,1,131,-1
1.830447,842,371998.476689,2,1,104,-1
1.623,722,372022.54237,1,2,-1,3
1.507874,780,372049.569,2,1,22,-1
0.920229,610,372070.0422,2,0,113,-1
1.322,792,372096.389313,1,2,-1,118
0.532,636,372117.709855,0,2,-1,23
0.671086,702,372142.174067,1,2,-1,131
0.78754,857,372171.639303,1,2,-1,0
1.512311,785,372197.80173,2,1,59,-1
1.025856,456,372213.41737,2,0,32,-1
1.191519,978,372246.754553,2,1,40,-1
1.507034,348,372258.881021,2,0,122,-1
1.415456,413,372272.096898,2,0,63,-1
0.687742,886,372302.557334,1,2,-1,76
1.054477,674,372325.192618,1,2,-1,37
1.391311,433,372340.032575,2,0,59,-1
0.529,624,372360.985551,0,2,-1,63
1.441084,385,372374.353469,2,0,91,-1
0.292,457,372390.054544,0,2,-1,119
1.325018,423,372404.555058,2,0,9,-1
1.468086,619,372425.376827,2,1,98,-1
1.411,716,372450.321964,1,2,-1,29
1.592,840,372478.203759,1,2,-1,39
0.158,467,372494.225441,0,2,-1,122
1.34,800,372521.887218,1,2,-1,7
1.464086,451,372537.312739,2,0,98,-1
0.676311,946,372568.506561,1,2,-1,141
1.94099,709,372593.305278,2,1,137,-1
1.56999,366,372605.030532,2,0,137,-1
1.67376,878,372635.261135,1,1,-11,23
0.749039,636,372656.658423,2,0,58,-1
1.705,845,372685.906613,1,2,-1,12
0.74662,728,372711.272624,2,0,26,-1
1.338226,546,372729.821066,2,0,18,-1
1.286,747,372754.758127,1,2,-1,83
1.708362,831,372783.499285,2,1,112,-1
0.861094,587,372803.296645,2,0,72,-1
1.306,786,372829.426045,1,2,-1,104
1.680354,806,372857.136641,2,1,133,-1
1.146,667,372879.551759,1,2,-1,104
2.073,372,372892.41635,2,0,176,-1
1.717745,758,372917.750122,2,1,27,-1
1.462325,395,372931.437906,2,0,106,-1
1.42754,444,372946.69815,2,0,20,-1
1.33,710,372970.535462,1,2,-1,109
1.70799,443,372985.717968,2,0,137,-1
1.176,639,373008.226985,1,2,-1,176
1.675,859,373036.778132,1,2,-1,0
1.31812,772,373063.511626,1,2,-17,78
1.706815,704,373087.103447,2,1,94,-1
1.468447,422,373101.651154,2,0,104,-1
1.639738,429,373116.412136,2,0,176,-1
0.32,502,373133.488735,0,2,-1,113
0.901969,823,373160.790078,1,2,-1,58
1.408,781,373187.904709,1,2,-1,81
1.019882,564,373206.984859,2,0,58,-1
1.429206,453,373222.536208,2,0,29,-1
1.79999,589,373242.471994,2,1,137,-1
1.636,872,373272.542625,1,2,-1,0
1.624034,443,373287.775612,2,0,122,-1
2.04,357,373299.216924,2,0,176,-1
1.004,577,373318.741824,1,2,-1,115
1.56999,388,373332.190262,2,0,137,-1
1.775736,871,373362.185534,2,1,93,-1
1.414017,388,373375.671158,2,0,96,-1
1.736226,829,373403.195075,2,1,18,-1
0.322,727,373428.58118,0,2,-1,108
1.582064,872,373457.610255,1,2,-16,42
1.399033,606,373479.117091,2,0,64,-1
0.303017,654,373501.146706,1,2,-1,166
1.462,817,373528.338943,1,2,-1,62
0.127,511,373545.724281,0,2,-1,103
1.372227,479,373562.108348,2,0,24,-1
1.402906,733,373587.645269,2,1,81,-1
1.497917,500,373604.710769,2,0,81,-1
0.615,558,373623.646801,0,2,-1,19
1.774385,718,373647.671888,2,1,88,-1
1.134866,854,373677.104404,1,0,-1,-1
1.335137,506,373694.285362,2,0,10,-1
1.237714,404,373708.274474,2,0,58,-1
1.392412,445,373723.503798,2,0,25,-1
1.259,800,373750.215902,1,2,-1,113
1.606125,374,373763.165372,2,0,136,-1
0.931018,699,373786.618496,1,2,-1,40
0.7705,786,373813.83155,1,2,-1,130
1.98,329,373824.283002,2,0,176,-1
1.138211,439,373839.457038,2,0,98,-1
1.789339,406,373853.503636,2,0,159,-1
1.642125,434,373868.401294,2,0,136,-1
1.61199,361,373880.895298,2,0,137,-1
0.923311,939,373911.983124,1,2,-1,14
1.041882,546,373931.561786,2,0,82,-1
0.823377,460,373946.318418,2,0,19,-1
1.411,693,373970.52378,1,2,-1,51
1.335847,491,373987.234334,2,0,43,-1
1.204,728,374011.44345,1,2,-1,154
0.94817,582,374031.065408,2,0,137,-1
1.529,842,374059.997585,1,2,-1,17
1.666,903,374091.039796,1,0,-1,-1
1.34354,389,374103.443146,2,0,20,-1
1.61876,835,374132.185083,1,2,-1,5
1.463402,394,374145.793558,2,0,55,-1
1.645529,686,374168.767612,2,1,97,-1
1.410049,416,374183.10465,2,0,79,-1
1.373,891,374213.673512,1,1,-1,101
1.474,894,374244.392322,1,2,-1,57
1.08999,868,374273.241925,1,2,-1,84
1.428572,697,374297.652319,2,1,137,-1
1.60599,346,374308.715105,2,0,137,-1
0.618,580,374328.433388,0,2,-1,23
1.613,777,374355.472222,1,1,-1,-1
1.384227,431,374370.321272,2,0,24,-1
0.902474,469,374386.33686,2,0,49,-1
0.983247,413,374399.506875,2,0,43,-1
1.685311,874,374429.596783,2,1,59,-1
0.961255,500,374446.68801,2,0,66,-1
1.545086,421,374461.193537,2,0,98,-1
1.54599,379,374474.383498,2,0,137,-1
1.671386,812,374501.343866,2,0,12,-1
1.62099,347,374513.504926,2,0,137,-1
1.62099,332,374525.264674,2,0,137,-1
1.382381,436,374539.201466,2,0,19,-1
1.340999,409,374553.312779,2,0,28,-1
0.975,536,374571.496225,1,2,-1,176
1.307999,381,374584.706712,2,0,28,-1
1.360309,463,374600.583175,2,0,50,-1
1.649089,751,374625.680694,2,1,0,-1
1.61499,382,374638.960243,2,0,137,-1
1.260125,760,374665.328118,1,2,-1,2
1.373381,405,374678.271784,2,0,19,-1
1.577007,787,374705.529628,1,2,-15,14
0.83698,513,374723.013681,2,0,55,-1
1.583354,398,374736.839544,2,0,133,-1
1.516,823,374764.198799,1,2,-1,1
1.977,412,374778.364517,2,0,176,-1
1.034931,1144,374817.114179,1,1,-1,52
0.683,592,374838.078845,0,2,-1,14
1.239496,518,374855.668609,2,0,89,-1
1.882125,650,374877.538776,2,1,136,-1
1.480358,404,374891.641855,2,0,105,-1
1.483447,406,374904.617733,2,0,104,-1
1.542086,497,374921.529935,2,0,176,-1
1.469555,636,374943.969255,1,2,-1,64
1.005575,849,374972.037294,1,2,-1,17
1.513846,398,374985.844747,2,0,120,-1
0.812039,560,375004.795633,2,0,52,-1
1.881312,911,375035.995024,2,1,114,-1
1.59999,356,375048.475472,2,0,137,-1
1.38854,472,375064.643688,2,0,20,-1
1.159076,437,375078.605134,2,0,137,-1
1.342227,399,375092.466933,2,0,24,-1
0.646,752,375118.504279,0,2,-1,9
0.887573,1068,375154.62542,2,1,47,-1
1.392812,494,375171.466034,2,0,58,-1
1.852827,746,375196.36924,2,1,113,-1
0.962307,671,375218.835407,2,0,25,-1
1.464017,354,375231.166225,2,0,96,-1
1.500594,343,375243.182005,2,0,124,-1
1.60599,343,375255.243373,2,0,137,-1
0.298086,712,375279.070186,1,2,-1,176
1.32854,485,375295.605918,2,0,20,-1
0.935318,614,375316.31467,2,1,137,-1
1.30454,428,375331.076936,2,0,20,-1
0.632,607,375351.528288,0,2,-1,4
0.554797,778,375378.549595,1,2,-1,102
1.435,616,375399.306968,1,2,-1,52
1.759,838,375427.223697,1,2,-1,1
1.388868,416,375441.599652,2,0,67,-1
1.271,834,375470.414871,1,2,-1,0
0.431529,630,375491.612629,1,2,-1,139
0.263,424,375506.28859,0,2,-1,140
1.147595,803,375534.084354,2,1,71,-1
1.443,827,375561.499361,1,2,-1,24
1.388868,423,375576.0418,2,0,67,-1
0.81499,794,375603.513398,1,2,-1,27
1.552548,367,375615.235931,2,0,95,-1
1.64199,360,375627.775598,2,0,137,-1
1.284902,523,375645.563688,2,0,8,-1
1.615,808,375673.425519,1,2,-1,0
1.708157,433,375687.227739,2,0,139,-1
1.489057,435,375702.173451,2,0,73,-1
1.429897,362,375714.7989,2,0,83,-1
1.344705,480,375731.21544,2,0,21,-1
1.582,719,375755.277953,1,2,-1,29
1.393372,474,375771.485444,2,0,3,-1
0.873815,926,375803.17769,1,2,-1,103
1.547222,403,375817.150603,2,0,87,-1
1.62099,338,375827.969941,2,0,137,-1
0.659,652,375850.924112,0,2,-1,14
1.355,661,375873.066565,1,2,-1,104
1.57299,351,375885.378603,2,0,137,-1
1.559084,398,375898.13118,2,0,91,-1
0.987576,713,375922.990349,2,1,35,-1
1.462,757,375948.264355,1,2,-1,2
1.543358,420,375962.660354,2,0,105,-1
0.943086,795,375990.141787,1,2,-1,84
1.61199,356,376001.497304,2,0,137,-1
0.970284,574,376021.962225,2,0,112,-1
1.523354,344,376032.975904,2,0,133,-1
1.345795,415,376047.285287,2,0,146,-1
1.580979,770,376073.978686,2,0,137,-1
1.320075,785,376100.090773,2,1,17,-1
1.61799,354,376112.4489,2,0,137,-1
1.487625,725,376136.868014,2,1,75,-1
1.531034,352,376149.146257,2,0,122,-1
1.50699,318,376159.281549,2,0,137,-1
1.363309,349,376171.476542,2,0,50,-1
0.232412,685,376194.413328,1,2,-1,151
0.832237,692,376218.751698,2,0,1,-1
1.082,709,376242.514659,1,2,-1,85
1.30599,1082,376279.226996,1,2,-1,12
1.397,947,376311.529053,1,2,-1,117
0.874529,736,376337.133083,1,2,-1,124
1.46,802,376363.83473,1,2,-1,39
1.753969,888,376394.319906,2,1,80,-1
1.457827,407,376408.452517,2,0,113,-1
1.740093,826,376435.928719,2,1,86,-1
1.497,751,376462.028615,1,2,-1,84
1.477358,368,376474.833527,2,0,105,-1
1.62099,353,376486.085891,2,0,137,-1
1.45,782,376513.221418,1,2,-1,1
1.51,652,376535.166667,1,2,-1,67
0.265,508,376552.408355,0,2,-1,85
1.492858,400,376566.251243,2,0,56,-1
1.471871,442,376581.394748,2,0,70,-1
1.481827,429,376595.244535,2,0,113,-1
1.543,748,376621.256151,1,2,-1,45
1.191827,1057,376657.095675,1,2,-1,2
1.440086,378,376670.198476,2,0,98,-1
1.078696,914,376701.584152,2,1,88,-1
1.448311,404,376714.418371,2,0,59,-1
1.151,610,376736.069129,1,2,-1,29
1.689089,745,376760.940055,2,1,0,-1
1.394311,403,376774.848729,2,0,59,-1
0.668086,868,376803.646424,1,2,-1,10
2.013,333,376815.315568,2,0,176,-1
2.343,632,376836.481578,2,1,176,-1
1.62854,654,376859.496481,2,1,20,-1
0.645535,1030,376894.495936,1,2,-1,104
0.504,706,376918.178977,0,2,-1,109
1.76,752,376943.203853,1,2,-1,6
1.685553,833,376971.967594,2,1,48,-1
1.267979,489,376988.670356,2,0,137,-1
1.543034,356,377001.150147,2,0,122,-1
1.379472,444,377016.485255,2,0,4,-1
1.572,656,377038.56595,1,2,-1,35
1.439827,378,377051.699653,2,0,113,-1
1.376868,407,377064.621754,2,0,67,-1
1.582886,420,377079.080395,2,0,119,-1
1.005172,393,377092.695516,2,0,98,-1
1.759183,1036,377127.961197,2,1,69,1
1.33965,564,377147.015171,2,0,14,-1
1.384033,426,377161.671057,2,0,64,-1
1.597812,691,377184.818495,2,1,58,-1
1.524,798,377212.418689,1,2,-1,69
1.498529,348,377224.557352,2,0,97,-1
1.319472,577,377244.088728,2,0,4,-1
0.658311,982,377277.635738,1,2,-1,24
1.477358,394,377290.201888,2,0,105,-1
1.397352,384,377303.536295,2,0,61,-1
1.196,755,377329.867717,1,2,-1,44
1.609,931,377360.685952,1,2,-1,0
1.477969,509,377377.922576,2,0,80,-1
0.788461,516,377395.450667,2,0,42,-1
0.515252,483,377411.932702,0,2,-1,78
1.32254,452,377428.163876,2,0,20,-1
0.837736,500,377445.650234,2,0,64,-1
1.552226,700,377470.089487,2,1,18,-1
1.327841,364,377481.725328,2,0,46,-1
1.303,771,377508.611077,1,2,-1,42
0.829912,462,377524.429426,2,0,33,-1
1.415307,397,377537.061991,2,0,72,-1
1.652,801,377564.843921,1,2,-1,6
1.583773,381,377578.073452,2,0,129,-1
0.701676,537,377596.334188,2,0,55,-1
1.269602,471,377613.008303,2,0,26,-1
1.656275,730,377637.337747,2,1,2,-1
1.309232,470,377653.467452,2,0,41,-1
2.007,356,377665.938948,2,0,176,-1
1.006,736,377690.649013,1,2,-1,127
1.419594,602,377710.882137,2,1,124,-1
1.622,871,377740.871227,1,1,-1,15
0.369,391,377754.470698,0,2,-1,129
1.481412,789,377780.723246,2,1,25,-1
1.47204,407,377794.810462,2,0,101,-1
1.396238,371,377807.822845,2,0,66,-1
1.402,788,377834.021617,1,2,-1,11
0.725,706,377858.767004,1,2,-1,156
0.413,469,377874.809554,0,2,-1,117
1.167,753,377900.126672,1,2,-1,56
1.412104,436,377915.208344,2,0,37,-1
1.976354,737,377940.951889,2,1,133,-1
1.452887,869,377969.678126,2,1,83,-1
1.59699,344,377981.732765,2,0,137,-1
1.056232,971,378014.923955,1,2,-1,9
1.562827,413,378029.183,2,0,113,-1
1.441,940,378060.438649,1,2,-1,20
1.308275,373,378073.376027,2,0,2,-1
0.894519,710,378098.249206,2,0,107,-1
1.429874,497,378115.249131,2,0,22,-1
1.015902,1084,378152.033444,1,2,-1,12
1.436528,671,378174.571856,2,0,53,-1
0.730948,665,378196.902238,0,2,-1,4
1.159524,737,378222.584216,2,1,135,-1
1.105373,1255,378264.770845,1,2,-1,1
1.32579,455,378280.386011,2,0,7,-1
0.964396,387,378293.803916,2,0,85,-1
1.62099,488,378310.504669,2,0,137,-1
0.926937,679,378333.267885,1,2,-14,68
0.99867,564,378352.350292,2,0,137,-1
0.29976,622,378373.246049,0,2,-11,130
1.33,803,378400.965445,1,2,-1,89
1.267403,813,378429.08233,2,1,112,-1
0.64199,658,378451.20891,1,2,-1,81
1.551,848,378479.283836,1,2,-1,67
0.962,750,378505.468257,1,2,-1,122
1.685232,1066,378541.660793,2,1,41,2
1.464086,406,378555.729118,2,0,98,-1
1.59099,336,378566.433321,2,0,137,-1
1.454412,384,378579.844344,2,0,25,-1
1.940171,709,378604.601337,2,1,145,-1
1.441372,442,378618.720327,2,0,3,-1
1.418018,585,378639.55675,2,0,9,-1
1.505,863,378668.160949,1,2,-1,46
1.37265,553,378686.894375,2,0,14,-1
1.342897,361,378699.468696,2,0,83,-1
1.368381,647,378721.220619,2,1,19,-1
1.326,856,378750.767841,1,2,-1,33
0.72799,693,378773.986213,1,2,-1,44
1.443627,368,378786.76164,2,0,65,-1
1.338902,417,378801.184878,2,0,8,-1
0.797846,835,378830.011393,1,2,-1,145
1.058006,591,378849.893766,2,0,91,-1
1.665805,513,378867.345591,2,0,146,-1
1.492307,931,378899.205976,2,1,72,-1
1.3715,388,378911.626121,2,0,45,-1
0.41475,688,378935.67541,1,2,-11,176
0.96229,511,378953.102513,2,0,76,-1
1.369372,498,378970.05404,2,0,3,-1
1.598846,702,378993.612307,2,1,120,-1
1.509,658,379015.652884,1,2,-1,42
1.102029,877,379045.697289,2,1,97,-1
0.920125,782,379071.64247,1,2,-1,15
1.506391,429,379086.418749,2,0,92,-1
1.238,674,379110.169784,1,2,-1,83
1.052,750,379135.220906,1,2,-1,113
1.511,834,379164.038756,1,2,-1,59
1.589773,436,379179.050927,2,0,129,-1
1.60899,395,379191.709383,2,0,137,-1
1.547827,419,379206.178711,2,0,113,-1
1.119927,868,379236.007547,2,1,40,-1
0.903053,473,379252.167748,2,0,113,-1
1.459705,438,379267.282552,2,0,21,-1
1.627034,399,379279.997771,2,0,122,-1
1.340603,597,379301.198631,2,1,79,-1
1.454999,723,379325.519884,2,1,28,-1
1.215812,782,379352.590131,1,2,-1,69
1.33754,574,379371.974476,2,0,20,-1
1.016,656,379394.087756,1,2,-1,145
1.327,852,379423.386794,1,2,-1,12
1.012919,492,379440.137521,2,0,16,-1
1.687,897,379469.963799,1,2,-1,14
1.826529,865,379499.693604,2,1,97,-1
1.381109,426,379514.372015,2,0,52,-1
1.519,713,379538.200892,1,2,-1,31
1.178413,908,379569.383204,2,1,13,-1
1.750192,737,379593.957632,2,1,47,-1
1.306089,436,379608.957248,2,0,0,-1
1.501897,409,379623.082872,2,0,83,-1
1.513049,440,379638.142506,2,0,79,-1
0.319868,795,379665.612468,1,2,-1,140
0.774424,567,379684.86164,2,0,70,-1
1.460381,507,379702.206692,2,0,19,-1
1.312868,781,379728.287692,2,1,67,-1
1.457086,699,379752.754418,2,1,98,-1
0.581,601,379773.092706,0,2,-1,2
1.073614,480,379789.514182,2,0,75,-1
1.425529,399,379802.208039,2,0,97,-1
1.448311,426,379816.859076,2,0,59,-1
0.48699,767,379843.492682,1,2,-1,130
1.716913,778,379869.408222,2,1,152,-1
1.41554,566,379888.57552,2,0,20,-1
1.254948,785,379915.818245,2,1,54,-1
1.07375,497,379932.786837,2,0,107,-1
1.38576,773,379958.689357,1,2,-1,55
1.326705,498,379975.645888,2,0,21,-1
1.593911,902,380006.616759,2,1,137,-1
1.671,873,380036.698009,1,2,-1,2
0.954086,880,380066.947216,1,2,-1,79
2.019,336,380077.726594,2,0,176,-1
1.38279,548,380096.258516,2,0,7,-1
1.933332,806,380124.102909,2,1,144,-1
0.791311,890,380154.767168,1,1,-1,112
1.47834,474,380169.926078,2,0,34,-1
0.198,511,380187.306415,0,2,-1,166
2.363,733,380212.965633,2,1,176,-1
1.61499,350,380225.216068,2,0,137,-1
1.61499,383,380237.418675,2,0,137,-1
1.443694,781,380264.590482,1,2,-10,70
1.055011,436,380279.579634,2,0,74,-1
1.713913,359,380291.087681,2,0,152,-1
1.62399,385,380304.416474,2,0,137,-1
1.112,691,380328.74412,1,2,-1,74
1.384222,396,380341.384933,2,0,87,-1
1.524886,414,380355.682615,2,0,119,-1
1.694,796,380383.372138,1,2,-1,4
1.375309,494,380400.258172,2,0,50,-1
2.052,351,380411.460463,2,0,176,-1
0.952,785,380438.719532,1,2,-1,69
2.016,354,380451.064045,2,0,176,-1
1.521,822,380478.347218,1,2,-1,22
0.885,624,380499.381628,1,2,-1,135
0.858402,526,380517.244618,2,0,113,-1
1.788086,825,380545.70678,2,1,98,-1
1.439104,398,380559.553204,2,0,37,-1
1.480325,410,380573.715417,2,0,106,-1
1.29165,427,380587.381635,2,0,14,-1
1.116,886,380617.83862,1,2,-1,102
1.548086,415,380632.1828,2,0,98,-1
1.546034,359,380644.698915,2,0,122,-1
1.004346,671,380667.147573,2,1,11,-1
1.402,693,380690.373024,1,2,-1,102
1.075017,930,380722.256702,1,2,-1,31
1.19,800,380749.99933,1,2,-1,176
1.998,396,380762.665564,2,0,176,-1
1.338841,468,380778.702564,2,0,36,-1
1.536,748,380804.678614,1,2,-1,2
1.773583,878,380834.958043,2,1,109,-1
1.446391,442,380849.109461,2,0,92,-1
1.686868,716,380874.177668,2,1,67,-1
1.531892,761,380899.527115,2,1,82,-1
1.000838,631,380921.878057,2,0,92,-1
1.416958,453,380936.444413,2,0,54,-1
1.749627,984,380969.984535,2,1,65,-1
1.328787,458,380985.768409,2,0,15,-1
1.56699,397,380999.502065,2,0,137,-1
1.181007,696,381022.818709,1,2,-15,146
0.749,657,381045.946502,1,2,-1,171
1.622932,658,381068.091411,2,1,6,-1
0.713377,631,381089.351286,2,0,35,-1
1.533922,346,381101.441494,2,0,128,-1
0.969683,609,381122.028289,2,0,119,-1
2.001,387,381135.460361,2,0,176,-1
1.700913,707,381159.172453,2,1,152,-1
1.640402,724,381184.367662,2,1,55,-1
1.62099,403,381197.261371,2,0,137,-1
1.385386,500,381214.347808,2,0,12,-1
1.736192,926,381246.083717,2,1,47,-1
1.35199,935,381278.193475,1,2,-1,4
0.171,413,381292.416644,0,2,-1,140
1.006955,635,381313.747102,2,0,64,-1
1.356,738,381338.467626,1,2,-1,115
0.831589,690,381362.670149,2,0,44,-1
0.460627,827,381390.067621,1,2,-1,145
1.381812,379,381403.274218,2,0,58,-1
1.323902,555,381421.983899,2,0,8,-1
1.766922,665,381445.323547,2,1,128,-1
1.682625,881,381474.609256,1,2,-9,1
1.359841,444,381489.862231,2,0,36,-1
1.374275,696,381514.301378,2,0,2,-1
1.374902,519,381531.910808,2,0,8,-1
1.36754,428,381545.552736,2,0,20,-1
1.396548,462,381561.393826,2,0,95,-1
0.888919,780,381588.549569,2,1,137,-1
1.161789,936,381620.648628,2,1,89,-1
1.508827,376,381632.713817,2,0,113,-1
1.146,697,381657.123065,1,2,-1,171
1.554922,414,381671.441246,2,0,128,-1
0.486,588,381691.324891,0,2,-1,54
1.68,829,381718.902034,1,2,-1,0
1.257602,418,381733.328641,2,0,26,-1
0.801779,623,381754.315561,2,0,18,-1
1.655017,632,381776.597799,2,1,96,-1
0.926978,439,381790.596088,2,0,98,-1
0.873,647,381813.490032,1,2,-1,176
1.168,626,381834.549933,1,2,-1,114
1.297,746,381859.514591,1,2,-1,55
1.06,749,381885.513022,1,2,-1,144
1.183,708,381909.24543,1,2,-1,23
1.731553,877,381939.417647,2,0,48,-1
1.397122,350,381951.627271,2,0,94,-1
1.384897,429,381965.302954,2,0,83,-1
1.433892,604,381986.681073,2,0,82,-1
1.65999,411,381999.81127,2,0,176,-1
1.054568,587,382020.629601,2,0,71,-1
1.471505,363,382032.261289,2,0,116,-1
1.335602,457,382048.083211,2,0,26,-1
1.575922,334,382059.795809,2,0,128,-1
1.52835,462,382075.586581,2,0,107,-1
1.629109,847,382103.737547,2,1,52,-1
1.402553,525,382121.596683,2,0,48,-1
1.329248,670,382145.126331,2,1,59,-1
1.274824,701,382168.567434,1,2,-12,60
1.058887,575,382187.977922,2,0,97,-1
1.644821,444,382203.196452,2,0,131,-1
1.590821,468,382219.230973,2,0,131,-1
1.60899,336,382231.025623,2,0,137,-1
1.642399,398,382243.75458,2,0,135,-1
1.393,715,382268.697282,1,2,-1,78
2.013,345,382279.747029,2,0,176,-1
1.383443,482,382296.198934,2,0,76,-1
1.47776,861,382325.851699,1,2,-1,25
0.94013,485,382342.465258,2,0,95,-1
1.689827,782,382369.497437,2,1,113,-1
1.300681,475,382385.732928,2,0,6,-1
1.332902,402,382398.62167,2,0,8,-1
1.385287,412,382412.849528,2,0,77,-1
1.300381,564,382431.944052,2,0,19,-1
1.61799,362,382444.538959,2,0,137,-1
1.410183,426,382459.27366,2,0,69,-1
1.362472,427,382473.912914,2,0,4,-1
1.325587,538,382492.158352,2,0,35,-1
1.471325,449,382507.55726,2,0,106,-1
1.397352,427,382521.189909,2,0,61,-1
1.67499,406,382535.281993,2,0,137,-1
1.422958,442,382550.413787,2,0,54,-1
1.311,863,382580.236373,1,2,-1,117
1.602339,601,382600.514828,2,1,159,-1
1.415287,457,382616.159392,2,0,77,-1
0.629,619,382636.949208,0,2,-1,9
0.732107,698,382660.393584,2,0,9,-1
1.579,877,382690.520394,1,2,-1,17
1.355582,408,382704.602212,2,0,89,-1
1.415787,492,382721.375702,2,0,15,-1
1.51,792,382747.742312,1,2,-1,30
1.538057,428,382762.455453,2,0,73,-1
1.872399,776,382789.443915,2,1,135,-1
1.23675,718,382813.37393,2,1,49,-1
1.350847,436,382828.311968,2,0,43,-1
1.662787,726,382852.615781,2,1,15,-1
1.496084,372,382865.546343,2,0,91,-1
1.62699,354,382877.892374,2,0,137,-1
1.034,613,382898.616838,1,2,-1,166
1.655386,860,382928.205118,2,1,12,-1
1.275,706,382951.856873,1,2,-1,4
1.406997,359,382964.458294,2,0,85,-1
1.483435,581,382984.138479,2,0,108,-1
0.71099,755,383009.29417,1,2,-1,89
0.577,473,383025.483108,0,2,-1,43
0.883735,547,383044.125049,2,0,29,-1
1.473339,946,383076.461174,1,2,-1,7
1.137075,1071,383112.856711,1,1,-1,3
0.867764,582,383132.432493,2,0,62,-1
1.61199,347,383144.675436,2,0,137,-1
1.435109,466,383160.584267,2,0,52,-1
1.342874,535,383178.814316,2,0,22,-1
1.428086,331,383190.384688,2,0,98,-1
1.014973,756,383215.543926,1,2,-13,72
1.79499,600,383235.798822,2,1,137,-1
1.64799,383,383249.122059,2,0,137,-1
0.691,586,383268.893515,0,2,-1,6
1.210455,859,383298.54047,1,2,-5,64
1.37681,808,383325.386742,1,2,-1,6
1.571354,350,383337.730457,2,0,133,-1
1.15,614,383358.346689,1,2,-1,130
1.211,651,383381.198147,1,2,-1,136
1.467206,692,383404.494066,2,1,29,-1
0.958327,631,383425.793246,2,0,125,-1
1.671,849,383455.008786,1,2,-1,5
1.477969,588,383474.930999,2,0,80,-1
1.451829,455,383490.516434,2,0,74,-1
1.043748,566,383509.605925,2,0,134,-1
0.964422,455,383525.190425,2,0,125,-1
1.370075,555,383544.016266,2,0,17,-1
1.151086,836,383572.753645,1,2,-1,4
1.350467,457,383588.412877,2,0,145,-1
0.421999,843,383616.521828,1,2,-1,96
1.235034,1044,383652.054388,1,1,-1,-1
0.78768,828,383680.512178,2,0,28,-1
1.365,865,383710.295502,1,2,-1,27
2.019,381,383722.579971,2,0,176,-1
1.007,681,383746.474989,1,2,-1,89
1.945414,701,383769.903664,2,1,112,-1
0.975015,521,383787.713365,2,0,91,-1
1.58199,328,383799.295314,2,0,137,-1
1.081,755,383824.469745,1,2,-1,150
1.679183,744,383850.338454,2,1,69,-1
1.130827,903,383880.198755,1,2,-1,17
1.535,900,383911.123026,1,2,-1,5
1.145122,832,383939.881581,1,2,-1,6
1.69,1046,383975.492153,1,2,-1,7
1.596,755,384000.660344,1,2,-1,10
1.381227,714,384025.580778,2,0,24,0
1.486447,419,384039.011266,2,0,104,-1
1.395226,479,384055.359059,2,0,18,-1
1.61199,351,384067.613954,2,0,137,-1
1.664,929,384099.391764,1,2,-1,0
1.426858,356,384111.891094,2,0,56,-1
1.367352,437,384125.860796,2,0,61,-1
1.374,856,384155.38923,1,2,-1,1
0.865457,618,384176.261092,2,0,33,-1
1.63299,384,384189.592873,2,0,137,-1
1.1136,931,384221.457136,2,1,7,-1
1.445572,797,384248.014836,2,1,137,-1
0.663443,825,384276.518413,1,2,-1,118
1.482,731,384300.900028,1,2,-1,69
1.604979,806,384328.695558,2,1,137,-1
1.252911,362,384341.399164,2,0,128,-1
0.915564,730,384365.811906,2,1,5,-1
1.496252,670,384388.279669,1,2,-4,77
0.877497,577,384408.849711,2,0,80,-1
1.371,703,384432.388202,1,1,-1,106
0.951884,628,384453.516049,2,0,113,-1
1.437,857,384483.064551,1,2,-1,103
1.36565,432,384497.936322,2,0,14,-1
1.854049,921,384529.568642,2,0,79,-1
0.793534,617,384550.334189,2,0,11,-1
1.302,753,384575.526915,1,2,-1,130
1.349104,422,384590.113961,2,0,37,-1
1.427,799,384617.795975,1,2,-1,16
1.382528,659,384639.988413,2,0,53,-1
1.477925,388,384653.515755,2,0,49,-1
1.717332,459,384669.238476,2,0,144,-1
1.618766,951,384700.678809,2,1,82,-1
1.636738,442,384715.853406,2,0,130,-1
1.562827,419,384730.252994,2,0,113,-1
0.864,657,384752.331097,1,2,-1,134
1.311948,616,384774.196279,1,2,-14,62
1.706,1109,384811.839064,1,1,5,5
1.430472,648,384833.646764,2,0,4,-1
1.189301,502,384850.786059,2,0,114,-1
1.468815,400,384864.716188,2,0,90,-1
0.890825,576,384884.231394,2,0,0,-1
1.595,754,384909.459049,1,2,-1,1
0.958734,476,384925.778922,2,0,104,-1
1.702,770,384952.560689,1,2,-1,13
1.53,801,384979.165362,1,2,-1,25
1.244,682,385003.154415,1,2,-1,69
1.102474,782,385029.169661,1,2,-1,14
1.488582,700,385053.728899,2,1,89,-1
1.338226,495,385070.579392,2,0,18,-1
1.66299,350,385081.724455,2,0,137,-1
1.37018,591,385101.728125,2,0,1,-1
1.801787,828,385130.313937,2,1,15,-1
1.374858,427,385144.951568,2,0,56,-1
1.436232,486,385161.568888,2,0,41,-1
1.10238,404,385175.51309,2,0,92,-1
1.427412,544,385193.969102,2,0,25,-1
1.612712,859,385222.497628,1,2,-12,14
1.128,632,385244.961594,1,2,-1,59
1.44435,382,385257.185855,2,0,107,-1
0.975827,734,385282.72596,1,1,-1,-1
1.858125,623,385303.707381,2,1,136,-1
0.494,460,385319.483036,0,2,-1,12
0.924527,565,385338.576531,2,0,105,-1
1.45134,515,385356.184128,2,0,100,-1
1.392,919,385387.633536,1,1,-1,-1
1.36686,919,385419.167545,2,1,70,-1
0.868017,885,385448.546303,1,2,-1,0
1.370122,357,385461.063547,2,0,94,-1
1.67499,359,385473.566134,2,0,137,-1
1.09786,523,385491.403264,2,0,70,-1
1.383602,416,385504.650743,2,0,26,-1
2.022,360,385517.261814,2,0,176,-1
1.734829,803,385545.006523,2,1,74,-1
1.376311,381,385557.150344,2,0,59,-1
1.578,753,385583.436925,1,2,-1,6
1.344048,543,385601.81526,2,0,23,-1
1.361,847,385631.020578,1,2,-1,0
1.545086,412,385644.302518,2,0,98,-1
1.944,322,385655.581606,2,0,176,-1
1.55579,430,385670.39798,2,0,176,-1
0.917876,507,385687.658925,2,0,113,-1
1.552948,818,385715.89845,1,2,-14,47
1.720017,699,385739.291499,2,1,96,-1
1.286,655,385761.377417,1,2,-1,113
2.016,340,385773.303812,2,0,176,-1
1.136,619,385794.186437,1,2,-1,103
0.613,584,385813.903258,0,2,-1,38
1.415587,484,385830.423798,2,0,35,-1
1.205054,784,385857.614428,2,1,0,-1
0.934,747,385882.547517,1,2,-1,176
1.410169,502,385899.620869,2,0,44,-1
0.718,503,385916.728397,0,2,-1,10
1.32,747,385942.783409,1,2,-1,120
0.581728,929,385973.455603,2,1,6,-1
1.320275,487,385990.012219,2,0,2,-1
0.644948,583,386009.757002,0,2,-14,9
1.476086,367,386022.54173,2,0,98,-1
1.388311,417,386036.95288,2,0,59,-1
0.420969,664,386059.186634,1,2,-1,98
1.511827,468,386075.241364,2,0,113,-1
0.997264,556,386094.124083,2,0,2,-1
1.492897,432,386108.925395,2,0,83,-1
0.726089,909,386140.170155,1,2,-1,48
1.294103,806,386166.92807,2,1,96,-1
1.186813,948,386199.305002,2,1,112,-1
1.782897,686,386223.304052,2,1,83,-1
0.791226,915,386253.590604,1,2,-1,44
1.451328,641,386276.233569,2,1,57,-11.1.11,672,386298.633319,1,2,-1,17611.151529,889,386329.262355,1,2,-1,1
1.666,755,386354.405345,1,2,-1,1
2.001,345,386366.513482,2,0,176,-1
1.255999,805,386393.275439,2,1,28,-1
1.330057,358,386405.76262,2,0,73,-1
1.393797,578,386425.222499,2,0,176,-1
1.475827,372,386438.256165,2,0,113,-1
1.105257,518,386455.82834,2,0,49,-1
1.506456,481,386472.284121,2,0,63,-1
1.454892,416,386486.582802,2,0,82,-1
1.40331.83911,697,386505.072071,2,1,101.16961.474516,475,386521.33497,2,0,680.8491.731913,405,386535.336813,2,0,150.963787,984,386565.345588,1,2,-1,20
1.64791.375703,771,386591.61279,2,1,511.4410.741883,840,386619.654948,2,1,4,-1
1.141,712,386644.444379,1,2,-1,95
1.027572,761,386669.792452,2,1,137,-1
0.917902,532,386687.959838,2,0,17,-1
1.439868,466,386703.867379,1.033316,1113,386721.558313,2,1,0,-1
1.426897,391.24799,815,386746.657952,11.104275,840,386764.070972,2,1,2,-1
0.477587,821,386791.342639,1,2,-1,176
1.268,607,386811.793815,1,2,-1,72
0.998027,532,386830.814658,2,0,8,-1
1.61199,364,31.647,991,386855.723805,10.814504,51.36765,508,386873.030274,2,1.353575,1.391668,656,386894.995687,21.636703,880,386915.867842,2,1,51,-1
1.477325,355,386928.259726,2,0,106,-1
1.706086,735,386953.860076,2,1,98,-1
1.355104,402,386966.785623,2,0,37,-1
1.285372,454,386982.433393,2,0,3,-1
1.338275,513,386999.900433,2,0,2,-1
1.303,737,387025.597591,1,2,-1,73
1.408516,395,387038.440582,2,0,68,-1
1.3421.748391,893,387064.669334,2,1,921.02399,762,387082.044846,1,1,-1,-1
0.947587,1011,387116.527437,1,2,-1,56
1.490412,757,387141.849654,2,1,25,-1
1.58799,323,387153.174508,2,0,137,-1
1.558411,885,387183.622989,2,1,35,-1
1.582125,351,387194.829891,2,0,136,-1
1.445169,439,387209.903229,2,0,44,-1
1.515529,478,387226.256106,2,0,97,-1
1.437,616,387246.981563,1,2,-1,90
1.334311,366,387259.734573,2,0,59,-1
1.557,709,387283.513316,1,2,-1,6
1.62399,1.748427,1021,387301.681896,2,1.405897,1.504529,362,387314.309546,21.197711,41.62099,358,387326.803325,2,01.62099,31.377,707,387350.347782,1,2,-0.87241.439582,369,387363.220929,2,0,81.603,0.376,678,387386.012786,0,2,0.878524,818,387408.34221,2,1,65,-1
1.522529,1.189431,1040,387435.54211,2,1.4190861.515594,359,387448.115833,2,01.369232,1.786477,578,387467.62065,2,11.360232,1.590821,412,387481.930065,2,1.537,764,387498.486843,1,2,-1,1
1.260516,487,31.177376,869,387523.04071.34654,530,381.610829,691,387546.1431.41026,857,3871.855181,704,387570.721.320902,482,38751.61799,375,387583.71.04299,649,3876001.055037,780,387601.461086,395,387613.1.031329,475,387621.454736,441,387628.0.356,481,387642.0.737307,836,387651.325328,500,387659.1.67199,427,3876721.432325,383,3876721.473086,342,387683.1.418,815,387699.80.940169,906,387714.138432,1,2,-1,24
0.945635,539,38771.317402,766,387737.71.563886,420,38771.403868,424,387752.361.538414,374,3871.025999,1006,387786.609801,1,1,-1,33
1.340587,409,387800.670537,2,0,35,-1
1.388528,420,387815.1.112328,912,387829.010119,1,2,-1,11
0.902415,875,387858.084151,1,2,-1,29
1.514827,412,38781.531824,660,387875.061.12099,897,387903.983901,1,2,-1,42
1.359,687,387926.977144,1,1,-1,109
1.631,816,387955.278203,1,2,-1,0
1.376311,361,387967.897351,2,0,59,-1
1.546034,373,387979.751861,2,0,122,-1
1.61799,346,387991.825165,2,0,137,-1
1.385528,403,388005.78941.619311,721,30.89593,564,388024.896831.398578,551,1.617,962,388057.863397,1,2,-1,25
1.531017,391,388071.469032,2,0,96,-1
1.235887,723,388095.6571121.662,923,3881.202174,685,388118.1.35,670,388120.07591.461,784,388145.760017,1,2,-1,58
1.192937,880,388175.966216,1,2,-14,49
1.439386,779,388201.986453,2,1,12,-1
1.321206,428,388216.759494,2,0,29,-1
2.103,393,388230.394904,2,0,176,-1
1.564529,352,388241.689292,2,0,97,-1
1.18832,787,388269.033273,2,1,81,-1
1.532,946,388301.335251,1,2,-1,5
2.052,338,388311.61,899,388316.883341.518922,3461.395847,501,388334.008931,1.606627,728,388349.704511,2,1,65,-1
1.439582,3681.369,848,388375.158653,1,2,-1,96
1.257985,790,388402.558098,2,1.931646,80.976,752,388427.525605,1,2,-1.583,71.367169,395,388441.28095,2,0.889654,1.78304,851,388469.532135,2,1.343,696,1.426812,392,388483.1036861.45818,753,1.67379,862,388512.915842.094,389,31.256922,817,388540.077851.312,767,3880.868796,575,388560.594397,2,0,63,-1
1.584,871,388589.418625,1,1,-1,-1
1.58799,339,388601.32223,2,0,137,-1
1.385311,369,388614.206814,2,0,59,-1
1.736477,581,388633.818558,2,1,145,-1
1.294694,767,388659.385441,1,2,-10,3
1.365812,408,38861.830325,733,388675.91.357,721,388698.604283,1,2,-1,106
1.408192,519,388716.298266,2,0,47,-1
0.707575,901,388746.096544,1,2,-1,119
1.90201,726,388771.278397,2,1,118,-1
1.581821,470,388787.441289,2,0,131,-1
1.358,761,388812.852027,1,2,-1,53
1.98,329,388824.43419,2,0,176,-1
0.711846,670,388846.92831.439,925,38882.013,403,388860.94671.320958,375,381.62,883,388891.252522,1,2,-1,14
1.682694,877,388920.332091,1,1,-10,4
1.157,682,388944.162789,1,2,-1,144
0.994,737,388968.727269,1,2,-1,130
1.325,657,388990.80634,1,2,-1,98
1.465017,443,389005.94274,2,0,96,-1.51.436868,522,389023.737197,2,0,67,-1
1.132506,523,389041.499115,2,0,137,-1
1.664477,373,389054.434122,2,0,145,-1
1.483358,411,389068.605356,2,0,105,-1
1.637871,839,389096.554966,2,1,70,-1
1.632017,807,389124.437993,2,1,96,-1
1.635821,440,389139.58511.514347,958,31.649,756,389164.791682,1,2,-1,25
1.46265,850,389194.063062,2,1,14,-1
0.848868,823,389222.556476,1,2,-1,28
1.192244,871,389251.419071,2,1,61,-1
1.471084,411,389265.69483,2,0,91,-1
1.126076,473,389281.833365,2,0,98,-1
1.424057,776,389308.722106,2,1,176,-1
1.338929,627,389329.898226,2,0,16,-1
1.52604,415,389344.215699,2,0,101,-1
1.029217,405,389357.167381,2,0,24,-1
0.916845,464,389372.969269,2,0,28,-1
1.62399,346,389385.118724,2,0,137,-1
1.488086,355,389397.1.733,785,389407.21.32465,455,38941.492529,347,389419.21.67199,393,38941.890505,719,389443.321.77665,866,389451.207,782,389470.391.456238,557,38941.578,789,389496.533805,1,2,-1,5
1.999821,714,389521.536389,2,1,131,-1
1.519505,397,389535.1831.331018,490,3891.291,590,389555.023825,1,2,-1,19
1.599887,813,389582.239419,1,2,-13,23
1.61199,342,389594.249511,2,0,137,-1
1.517,810,389622.282922,1,1,-1,-1
0.756529,774,389648.053185,1,2,-1,2
0.55,496,389664.956368,0,2,-1,54
1.313386,572,389684.20386,2,0,12,-1
1.486,795,389711.779924,1,2,-1,61
0.81364,884,389741.078855,1,2,-1,1
1.62399,368,389753.894113,2,0,137,-1
1.128111,433,389768.865716,2,0,94,-1
1.036139,889,389799.322568,2,1,9,-1
1.61499,362,389810.838928,2,0,137,-1
1.308,791,389838.35461,1,2,-1,25
1.265832,736,389862.965797,2,1,90,-1
1.433328,393,389876.570152,2,0,57,-1
1.61,959,389909.357231,1,2,-1,11
1.002318,515,389927.202526,2,0,57,-1
1.574,897,389957.911121,1,2,-1,8
1.212,603,389978.237162,1,2,-1,50
1.3941,439,389993.290437,2,0,33,-1
1.392812,516,390010.841077,2,0,58,-1
1.518,750,390035.860554,1,2,-1,4
1.67199,380,390049.095279,2,0,137,-1
1.178519,378,390062.20307,2,0,137,-1
1.3,697,390085.58816,1,2,-1,23
1.126415,375,390098.64643,2,0,124,-1
1.70199,409,390112.839192,2,0,176,-1
1.418892,446,390128.139011,2,0,82,-1
1.709827,710,390151.935562,2,1,113,-1
1.236948,685,390174.90882,1,2,-14,167
1.701363,399,390188.642392,2,0,143,-1
1.291874,513,390206.054389,2,0,22,-1
1.426711,652,390227.945662,2,1,98,-1
1.379456,396,390241.600184,2,0,63,-1
0.911081,557,390260.392653,2,0,11,-1
1.61499,348,390272.560511,2,0,137,-1
1.46512,794,390298.948777,1,2,-1,44
0.9511,1024,390333.823604,1,2,-1,15
1.902548,722,390358.99622,2,1,95,-1
1.31376,739,390383.646162,1,2,-11,12
1.352169,469,390399.661194,2,0,44,-1
1.461183,666,390423.02466,2,0,69,-1
0.912944,511,390440.384417,2,0,56,-1
1.564443,764,390465.736809,2,1,76,-1
1.463827,419,390480.169538,2,0,113,-1
1.504505,407,390494.169304,2,0,116,-1
1.60299,377,390506.259374,2,0,137,-1
1.445287,381,390519.486115,2,0,77,-1
1.884339,658,390541.478155,2,1,159,-1
1.441815,426,390556.181258,2,0,90,-1
1.611,947,390588.440513,1,2,-1,7
1.34764,533,390606.505349,2,0,31,-1
1.61799,365,390619.298699,2,0,137,-1
1.564846,402,390633.224613,2,0,120,-1
1.358,744,390658.103015,1,2,-1,124
1.453,718,390681.997591,1,2,-1,59
1.692902,834,390710.746393,2,1,8,-1
1.249,739,390736.456375,1,1,-1,-1
1.671,776,390762.276542,1,2,-1,2
0.987288,840,390791.305056,1,2,-1,36
1.460287,465,390807.304455,2,0,77,-1
1.353575,452,390821.693537,2,0,5,-1
1.62699,355,390834.105374,2,0,137,-1
1.374275,723,390859.364167,2,0,2,1
1.371449,759,390884.712034,2,1,106,-1
1.90099,664,390906.964114,2,1,137,-1
2.016,414,390921.360877,2,0,176,-1
1.470086,370,390934.247444,2,0,98,-1
1.459238,423,390948.750432,2,0,66,-1
1.501064,775,390974.594811,1,2,-1,32
1.114433,527,390992.497639,2,0,76,-1
1.01576,692,391016.849417,1,2,-11,140
1.568354,407,391029.788725,2,0,133,-1
1.389,644,391052.509748,1,2,-1,31
1.98581,712,391076.301031,2,1,134,-1
1.821582,744,391102.21576,2,1,89,-1
1.369232,585,391122.05535,2,0,41,-1
2.01,342,391133.014621,2,0,176,-1
1.674,839,391161.887745,1,2,-1,17
1.01864,833,391190.588861,1,2,-1,4
1.491925,496,391207.468363,2,0,49,-1
1.419841,416,391220.7115,2,0,46,-1
1.64199,404,391234.74656,2,0,137,-1
1.031831,477,391251.01634,2,0,46,-1
1.365275,559,391269.921703,2,0,2,-1
1.568573,808,391298.147076,1,2,-9,68
1.375866,447,391313.546063,2,0,32,-1
1.647694,910,391343.640098,1,2,-1,1
1.382,840,391372.582997,1,2,-1,24
1.454681,938,391404.716571,2,1,6,-1
1.666,902,391435.679521,1,2,-1,5
1.419868,348,391446.751713,2,0,67,-1
1.430925,519,391464.44897,2,0,49,-1
1.464578,428,391479.114052,2,0,71,-1
1.62399,353,391491.457874,2,0,137,-1
0.823886,604,391511.862786,2,0,11,-1
1.787391,856,391541.402211,2,1,92,-1
2.348,761,391566.743351,2,1,176,-1
1.705021,717,391591.771783,2,1,125,-1
1.551736,456,391606.344364,2,0,93,-1
1.405275,553,391626.1126,2,0,2,-1
2.193,609,391646.638373,2,1,176,-1
1.359,708,391670.420955,1,2,-1,125
1.45134,508,391687.675101,2,0,100,-1
1.883125,693,391710.958157,2,1,136,-1
1.048,668,391734.475051,1,2,-1,113
1.62999,409,391748.573365,2,0,137,-1
1.079023,430,391762.302346,2,0,64,-1
1.391627,369,391775.138883,2,0,65,-1
1.495,1057,391811.104756,1,2,-1,15
1.045591,485,391827.666146,2,0,26,-1
1.617821,413,391841.880769,2,0,131,-1
2.135913,1039,391877.187599,2,1,152,-1
1.421,688,391900.320896,1,2,-1,15
1.409535,410,391914.526215,2,0,42,-1
1.738,941,391946.571427,1,1,-1,-1
1.334104,516,391964.122179,2,0,37,-1
1.4075,436,391979.165607,2,0,45,-1
1.504812,385,391992.46089,2,0,58,-1
1.768528,784,392018.67401,2,1,53,-1
1.151,754,392044.870446,1,2,-1,22
1.400232,434,392058.799711,2,0,41,-1
1.348109,523,392076.603016,2,0,52,-1
1.714332,422,392091.141711,2,0,144,-1
1.367528,478,392107.51536,2,0,53,-1
1.432874,497,392124.538752,2,0,22,-1
1.504122,746,392150.470908,2,1,94,-1
1.669086,713,392174.331078,2,1,98,-1
0.66765,1050,392209.917024,1,2,-1,122
1.032,680,392232.731317,1,2,-1,152
1.382412,531,392250.737278,2,0,25,-1
1.38734,408,392264.86911,2,0,34,-1
1.258587,754,392291.015873,2,1,35,-1
0.67999,745,392315.850507,1,2,-1,176
1.90899,766,392342.513581,2,1,137,-1
1.442,726,392366.818961,1,2,-1,40
1.61199,340,392378.744528,2,0,137,-1
1.427892,388,392392.135884,2,0,82,-1
1.59399,370,392403.929893,2,0,137,-1
1.222681,604,392424.289749,2,1,6,-1
1.631299,1030,392459.305098,2,1,0,-1
1.411,797,392486.912681,1,2,-1,62
1.118,758,392512.191803,1,2,-1,13
1.273937,718,392537.21824,2,1,40,-1
1.145,627,392558.222378,1,2,-1,151
1.603125,439,392573.289692,2,0,136,-1
1.644,739,392597.984352,1,2,-1,4
1.452064,811,392626.102725,1,2,-1,30
1.761084,706,392649.719679,2,1,91,-1
1.126694,627,392671.823225,1,2,-1,135
1.405,784,392697.930592,1,2,-1,89
1.458,735,392723.602761,1,2,-1,32
1.543358,452,392738.072291,2,0,105,-1
1.52776,683,392761.99023,1,2,-1,43
1.364937,407,392776.019604,2,0,40,-1
1.416159,947,392807.372418,2,1,44,-1
1.460381,453,392822.84911,2,0,19,-1
1.41518,598,392842.997519,2,0,1,-1
1.6,820,392871.267161,1,1,-1,-1
1.13254,732,392896.830039,1,2,-1,9
1.405,787,392923.045567,1,2,-1,80
1.356902,469,392939.035365,2,0,8,-1
1.321309,401,392952.81933,2,0,50,-1
1.508,759,392978.04708,1,2,-1,55
1.391627,449,392993.427438,2,0,65,-1
1.26954,696,393016.821384,2,1,20,-1
2.01,339,393028.726292,2,0,176,-1
1.487917,756,393054.889835,2,1,81,-1
1.36918,540,393073.202578,2,0,1,-1
1.128007,772,393098.889466,1,2,-1,114
1.633651,708,393123.704387,2,1,39,-1
1.366064,641,393145.198829,1,2,-16,64
1.494017,340,393156.030651,2,0,96,-1
1.081,687,393180.130814,1,2,-1,171
2.025,335,393190.827585,2,0,176,-1
1.540325,429,393205.558629,2,0,106,-1
1.272902,579,393225.210315,2,0,8,-1
1.574181,355,393237.642305,2,0,127,-1
1.463997,396,393251.321757,2,0,85,-1
1.13156,514,393268.7788,2,0,75,-1
1.438815,451,393284.244547,2,0,90,-1
1.186,763,393309.654921,1,2,-1,156
1.53699,337,393321.410143,2,0,137,-1
1.385402,394,393335.102671,2,0,55,-1
1.88099,683,393357.952291,2,1,137,-1
1.289472,621,393378.922584,2,0,4,-1
1.649449,795,393406.414871,2,1,2,-1
2.016,328,393416.966969,2,0,176,-1
1.446529,363,393429.646117,2,0,97,-1
1.024831,477,393446.003711,2,0,36,-1
1.537358,382,393459.227782,2,0,105,-1
1.377651,764,393484.714525,2,1,39,-1
1.289937,369,393497.508137,2,0,40,-1
1.463075,645,393519.279824,2,1,17,-1
1.429,781,393546.233397,1,2,-1,76
1.956,325,393556.654549,2,0,176,-1
1.267,645,393579.331123,1,2,-1,124
1.258,692,393602.434356,1,2,-1,110
1.923922,784,393629.715688,2,1,128,-1
1.313,671,393652.191603,1,2,-1,66
1.368887,674,393674.797847,2,1,83,-1
1.577773,462,393690.590527,2,0,129,-1
1.322,772,393717.528792,1,2,-1,146
1.398018,765,393743.022205,2,1,9,-1
1.501034,375,393756.04381,2,0,122,-1
1.386206,430,393770.850289,2,0,29,-1
1.910034,836,393798.579241,2,1,122,-1
0.342,524,393816.315162,0,2,-1,115
1.568703,774,393843.177643,2,1,51,-1
2.007913,800,393869.705397,2,1,152,-1
1.289389,711,393894.559405,2,1,137,-1
1.444948,722,393918.628631,1,2,-14,46
0.736714,531,393936.66393,2,0,8,-1
1.021,669,393960.161805,1,2,-1,67
0.697,585,393979.883805,0,2,-1,5
1.543358,428,393994.559694,2,0,105,-1
1.139,782,394020.516603,1,2,-1,121
0.952557,482,394037.039873,2,0,41,-1
1.624034,413,394051.273757,2,0,122,-1
1.290275,440,394066.416387,2,0,2,-1
1.31776,568,394085.645189,1,2,-11,140
1.428538,691,394108.759695,2,1,137,-1
1.411925,380,394121.961443,2,0,49,-1
1.347,910,394153.271872,1,2,-1,104
2.049805,789,394179.667995,2,1,146,-1
0.703,533,394197.725506,0,2,-1,0
1.462592,471,394213.930963,2,0,103,-1
1.05366,576,394233.40772,2,0,42,-1
2.348,684,394257.302574,2,1,176,-1
0.392,568,394276.490621,0,2,-1,92
1.378,622,394297.414011,1,2,-1,72
1.595827,402,394311.290338,2,0,113,-1
1.581,777,394337.219916,1,2,-1,61
0.99999,812,394365.159036,1,2,-1,106
1.351386,596,394385.330297,2,0,12,-1
1.542681,698,394408.614961,2,1,6,-1
1.27499,713,394433.479955,1,1,-1,30
1.499736,356,394444.864024,2,0,93,-1
1.49,727,394470.249342,1,2,-1,6
1.336109,438,394485.289049,2,0,52,-1
0.663,767,394510.859015,0,2,-1,5
1.097047,558,394529.789913,2,0,73,-1
1.675787,810,394557.897318,2,1,15,-1
1.373311,383,394571.212827,2,0,59,-1
1.17879,910,394601.278399,1,2,-1,4
1.540141,898,394632.065503,2,1,19,-1
1.305914,855,394661.618893,2,1,7,-1
1.516,764,394687.102576,1,2,-1,36
0.823216,687,394711.158719,2,1,18,-1
1.386858,444,394726.391947,2,0,56,-1
1.703,867,394755.113866,1,1,-1,-1
0.835261,591,394774.99729,2,0,10,-1
1.733332,696,394799.34768,2,1,144,-1
1.647922,360,394810.850244,2,0,128,-1
1.376472,405,394824.871287,2,0,4,-1
0.746142,492,394841.647807,2,0,61,-1
0.681,634,394863.017551,0,2,-1,1
1.449529,437,394877.964195,2,0,97,-1
1.387866,420,394892.423824,2,0,32,-1
0.707311,685,394915.406726,1,2,-1,34
1.257616,723,394940.568,2,1,137,-1
0.715284,740,394965.302601,2,0,1,-1
1.379402,428,394980.056235,2,0,55,-1
0.821166,803,395007.787352,2,1,133,-1
1.600034,412,395022.008548,2,0,122,-1
1.277,631,395043.196489,1,2,-1,72
1.337999,707,395066.867257,2,0,28,5
1.464086,372,395079.824816,2,0,98,-1
1.558048,847,395108.967406,2,1,23,-1
1.233,719,395132.971824,1,2,-1,16
1.441815,543,395151.395806,2,0,90,-1
2.102913,820,395179.750434,2,1,152,-1
1.69599,368,395191.540423,2,0,137,-1
1.490868,410,395205.784811,2,0,67,-1
0.843684,585,395225.493313,2,0,64,-1
1.127519,408,395239.513562,2,0,97,-1
1.445238,374,395252.577055,2,0,66,-1
1.998,432,395267.413649,2,0,176,-1
1.484,874,395296.441517,1,2,-1,66
1.419049,438,395311.538758,2,0,79,-1
1.055578,1001,395345.662829,1,1,-1,-1
1.305641,771,395372.440701,2,1,114,-1
1.652472,893,395402.0457,2,0,4,-1
1.3775,503,395419.179775,2,0,45,-1
1.31954,438,395434.208678,2,0,20,-1
0.485,563,395453.282422,0,2,-1,6
0.807176,545,395471.79527,2,0,57,-1
1.634,858,395501.376096,1,1,-1,10
1.04,646,395523.062274,1,2,-1,83
0.896414,418,395537.403243,2,0,57,-1
1.119111,512,395554.830109,2,0,94,-1
1.280075,418,395569.285977,2,0,17,-1
1.677929,1028,395604.282126,2,0,16,-1
1.351866,458,395619.941432,2,0,32,-1
0.886475,966,395652.950662,2,1,12,-1
0.787212,815,395680.023083,2,0,40,-1
1.129629,967,395713.145118,2,1,17,-1
1.108,715,395738.052329,1,2,-1,73
1.210529,783,395764.132214,1,1,-1,-1
1.088052,855,395793.695619,2,1,78,-1
1.515529,483,395810.198095,2,0,97,-1
1.317275,561,395829.133908,2,0,2,-1
1.385125,1120,395867.055717,1,2,-1,0
1.525,748,395893.045131,1,2,-1,4
0.271,618,395913.857624,0,2,-1,140
1.044318,507,395931.065019,2,0,57,-1
1.21799,848,395959.133383,1,2,-1,11
1.382402,489,395975.798873,2,0,55,-1
1.508122,413,395990.082449,2,0,94,-1
1.534017,644,396011.687265,2,1,96,-1
1.080221,808,396039.653203,2,1,57,-1
0.67997,715,396063.605534,2,0,1,-1
1.435,675,396087.398592,1,2,-1,78
1.504897,433,396102.266649,2,0,176,-1
1.144212,517,396119.894752,2,0,87,-1
0.287,424,396133.42784,0,2,-1,17
1.355412,459,396149.164071,2,0,25,-1
1.297555,639,396171.6588,1,2,-1,110
1.397311,431,396185.500576,2,0,59,-1
1.560922,346,396197.577385,2,0,128,-1
1.423057,455,396213.133853,2,0,73,-1
1.71099,374,396226.13034,2,0,137,-1
1.050472,1272,396268.804295,1,2,-1,6
1.542681,975,396302.082844,2,1,6,-1
1.392929,466,396317.988242,2,0,16,-1
1.417897,391,396331.473487,2,0,83,-1
0.99237,627,396352.547075,2,0,19,-1
1.144034,774,396378.319036,1,2,-1,26
1.679477,402,396392.264057,2,0,145,-1
1.543931,764,396418.786889,2,1,84,-1
1.689797,812,396445.766595,2,1,27,-1
0.442,536,396463.898497,0,2,-1,83
0.541311,680,396487.78461,1,2,-1,156
1.445843,813,396514.849168,2,1,128,-1
1.37018,495,396531.674834,2,0,1,-1
0.946942,465,396547.572721,2,0,56,-1
1.920736,750,396573.645726,2,1,93,-1
1.467086,428,396587.370062,2,0,98,-1
1.341929,478,396603.687368,2,0,16,-1
1.02599,887,396634.190406,1,2,-1,98
1.543034,341,396646.095313,2,0,122,-1
1.444033,419,396660.539135,2,0,64,-1
1.60579,758,396685.864603,2,1,7,-1
1.494086,352,396698.177763,2,0,98,-1
1.394817,756,396723.41186,2,1,113,-1
1.498,1088,396760.266363,1,2,-1,52
1.261582,754,396786.597772,2,1,103,-1
1.262,760,396811.900713,1,2,-1,16
1.57299,336,396823.757758,2,0,137,-1
0.93899,848,396852.928735,1,2,-1,130
1.486447,511,396870.336439,2,0,104,-1
1.124274,760,396895.619549,2,0,3,-1
0.26,470,396911.711387,0,2,-1,135
1.629829,831,396940.342375,2,1,74,-1
1.457226,482,396956.796182,2,0,18,-1
1.318,796,396983.324139,1,2,-1,118
0.714824,892,397013.884436,1,2,-1,71
0.884841,1058,397049.760532,1,2,-1,96
1.080738,1169,397089.212563,2,1,6,-1
1.439829,397,397102.966852,2,0,74,-1
0.968332,789,397130.307881,1,2,-1,127
1.429897,405,397143.2231,2,0,83,-1
0.793213,611,397164.906355,2,0,1,-1
1.369,838,397192.787501,1,2,-1,9
1.013126,417,397207.199103,2,0,10,-1
1.66564,687,397230.190574,2,1,31,-1
1.614266,596,397251.330585,2,1,123,-1
1.436122,494,397267.202353,2,0,94,-1
1.408516,419,397281.613424,2,0,68,-1
1.546034,408,397295.772948,2,0,122,-1
1.394,596,397315.903873,1,2,-1,59
1.370465,895,397346.618993,2,1,39,-1
1.3681,502,397363.679322,2,0,33,-1
1.431535,629,397384.890197,2,1,42,-1
1.33199,778,397411.887807,1,1,-1,6
0.912331,486,397428.520314,2,0,86,-1
1.404,708,397452.265001,1,1,-1,92
1.393,826,397480.856421,1,2,-1,93
1.987125,696,397504.233447,2,1,136,-1
1.432897,375,397517.270746,2,0,83,-1
1.396808,840,397545.202642,2,1,66,-1
1.486548,428,397559.94074,2,0,95,-1
1.267979,382,397573.173498,2,0,137,-1
1.837827,781,397600.226974,2,1,113,-1
1.671123,825,397627.705329,2,1,138,-1
1.91499,688,397650.753491,2,1,137,-1
2.091332,795,397678.248497,2,1,176,-1
0.900867,554,397697.057353,2,0,30,-1
1.336874,424,397711.576922,2,0,22,-1
1.809086,671,397734.067738,2,1,98,-1
0.919997,683,397758.04611,1,2,-15,116
1.433325,777,397783.878531,2,1,145,-1
1.3591,462,397799.777776,2,0,33,-1
1.554582,857,397829.268878,2,1,89,-1
1.622018,924,397859.776307,2,1,9,-1
1.419858,409,397873.862493,2,0,56,-1
0.526,642,397896.448707,0,2,-1,67
1.736385,787,397922.599191,2,1,88,-1
1.600275,804,397950.377452,2,1,2,-1
1.483548,341,397961.274864,2,0,95,-1
1.832529,788,397988.575062,2,1,97,-1
1.196494,519,398006.232571,2,0,116,-1
1.392535,433,398021.077681,2,0,42,-1
1.065386,809,398048.039863,2,1,115,-1
0.808627,596,398068.197888,2,0,2,-1
0.95486,952,398100.776526,1,2,-11,29
1.62399,335,398112.562485,2,0,137,-1
1.697311,750,398137.580097,2,1,59,-1
1.480529,390,398151.111777,2,0,97,-1
0.362,561,398170.025867,0,2,-1,124
1.243997,771,398196.857421,1,2,-15,32
1.014375,692,398219.979627,2,0,12,-1
1.365528,638,398241.420707,2,1,53,-1
1.13636,948,398273.828678,2,1,54,-1
1.331075,530,398291.894809,2,0,17,-1
1.45434,411,398306.071864,2,0,100,-1
1.785858,746,398332.004927,2,1,56,-1
1.644,826,398359.398494,1,1,-1,4
1.568,774,398386.321278,1,2,-1,41
1.805155,714,398410.1309,2,1,78,-1
1.462017,421,398424.60028,2,0,96,-1
1.361873,1080,398461.193559,2,1,132,-1
1.388506,758,398486.478287,2,1,137,-1
0.786325,892,398517.158498,1,2,-1,29
1.446086,406,398531.17202,2,0,98,-1
1.358104,475,398547.43932,2,0,37,-1
1.24,671,398569.931706,1,2,-1,16
1.95299,758,398596.370327,2,1,137,-1
0.697,620,398617.246981,1,2,-1,157
0.771888,493,398634.099581,2,0,17,-1
1.385925,594,398654.105103,2,0,49,-1
2.007,426,398668.699193,2,0,176,-1
1.392824,491,398685.501294,2,0,60,-1
1.231,590,398705.388241,1,2,-1,53
1.530109,725,398729.638407,2,1,52,-1
1.306582,687,398753.714151,2,1,89,-1
1.562773,424,398768.340473,2,0,129,-1
1.544047,761,398793.794408,2,1,33,-1
1.28,944,398826.201291,1,2,-1,51
1.470006,811,398853.206141,2,1,96,-1
1.414897,487,398869.817582,2,0,83,-1
1.61799,383,398883.169173,2,0,137,-1
1.329137,426,398897.801123,2,0,10,-1
1.295824,684,398920.70919,1,2,-1,110
2.255,697,398945.062778,2,1,176,-1
1.528505,394,398957.571328,2,0,116,-1
1.478402,416,398971.949364,2,0,55,-1
1.633,847,399001.150134,1,2,-1,27
1.008701,896,399031.891748,2,1,22,-1
0.969777,511,399049.196423,2,0,15,-1
1.96699,693,399072.523513,2,1,137,-1
0.85065,576,399091.971472,2,0,92,-1
1.536,751,399118.011638,1,2,-1,8
0.867615,412,399131.201262,2,0,98,-1
0.829605,587,399152.067018,2,0,0,-1
1.92699,644,399173.71057,2,1,137,-1
1.629821,393,399187.295837,2,0,131,-1
1.022101,511,399204.640023,2,0,57,-1
0.59399,649,399226.410394,1,2,-1,147
1.275433,767,399251.874755,2,1,76,-1
0.564821,751,399278.026375,1,2,-1,88
1.215125,960,399310.760805,1,2,-1,35
1.094402,976,399343.980034,1,1,-1,-1
1.381309,470,399360.089893,2,0,50,-1
1.60299,351,399371.298681,2,0,137,-1
1.024829,624,399392.377728,2,0,21,-1
1.046976,921,399423.849854,2,1,104,-1
0.724307,721,399448.912153,1,2,-1,6
0.660516,912,399479.201336,1,2,-1,93
1.594,718,399504.266262,1,2,-1,7
0.880477,592,399524.253957,2,0,14,-1
1.567578,784,399551.394437,2,1,71,-1
1.443,752,399576.506138,1,2,-1,67
1.373328,436,399591.526861,2,0,57,-1
1.55799,335,399603.312218,2,0,137,-1
0.797696,821,399630.593988,2,1,12,-1
1.700477,411,399644.899402,2,0,145,-1
1.063858,759,399670.24095,1,2,-1,29
1.516328,453,399685.755974,2,0,57,-1
0.54335,849,399715.090086,1,2,-1,77
1.335705,434,399729.998335,2,0,21,-1
1.527,754,399755.116794,1,2,-1,12
1.389,734,399780.720711,1,2,-1,104
1.972738,811,399807.790573,2,1,130,-1
1.637414,760,399834.163049,2,1,112,-1
1.643,805,399860.976789,1,2,-1,11
2.019,355,399873.422,2,0,176,-1
1.132076,433,399888.325698,2,0,98,-1
1.026168,597,399908.36886,2,0,138,-1
0.558605,933,399940.282331,2,1,13,-1
0.913614,527,399958.157792,2,0,60,-1
0.857877,764,399983.656233,1,2,-13,68
1.392616,919,400015.064622,2,1,65,-1
0.769467,529,400033.036616,2,0,98,-1
0.970784,474,400049.276814,2,0,120,-1
2.39,792,400076.756436,2,1,176,-1
1.61799,361,400088.37258,2,0,137,-1
1.072802,465,400104.252792,2,0,137,-1
0.684902,599,400124.426997,1,2,-1,167
1.193523,1046,400160.913393,2,1,69,-1
1.551017,390,400173.430099,2,0,96,-1
0.611,447,400188.69956,0,2,-1,21
0.880309,506,400205.969215,2,0,83,-1
1.558325,440,400221.062007,2,0,106,-1
0.911227,1026,400255.980376,1,2,-1,32
0.683222,823,400284.478935,1,1,-1,176
1.215391,502,400301.522118,2,0,136,-1
1.304,715,400325.471113,1,2,-1,31
1.38,890,400356.023759,1,2,-1,5
1.438,648,400377.842663,1,2,-1,32
0.74699,659,400400.034753,1,2,-1,139
1.376,667,400423.450967,1,2,-1,109
0.44,622,400444.374622,0,2,-1,89
1.13499,943,400476.707515,1,2,-1,33
1.88199,631,400497.893045,2,1,137,-1
1.783358,711,400521.638594,2,1,105,-1
1.64799,342,400533.648925,2,0,137,-1
1.535086,767,400559.286662,2,1,98,-1
1.44676,774,400586.066836,1,2,-1,61
1.321866,466,400602.001185,2,0,32,-1
0.526,423,400616.516095,0,2,-1,58
1.388048,472,400632.606195,2,0,23,-1
1.383887,679,400655.346211,1,2,-13,76
0.916505,692,400678.543352,1,2,-1,49
0.88999,792,400705.955875,1,2,-1,94
0.743198,629,400727.066896,2,0,56,-1
0.82299,696,400750.36256,1,2,-1,23
1.043844,460,400766.127508,2,0,96,-1
1.306,674,400789.826912,1,2,-1,105
1.329,800,400816.459085,1,2,-1,3
1.189948,652,400838.368228,1,2,-14,114
0.78072,580,400858.985029,2,0,25,-1
1.497086,342,400869.856356,2,0,98,-1
0.936869,532,400887.995249,2,0,73,-1
1.648,701,400912.511366,1,2,-1,15
1.651979,769,400938.129854,2,1,137,-1
1.048363,445,400953.395406,2,0,38,-1
1.586477,344,400965.54876,2,0,145,-1
1.344443,479,400981.890186,2,0,76,-1
1.352587,447,400997.247192,2,0,35,-1
1.596594,374,401009.258068,2,0,124,-1
1.53599,587,401029.076464,2,1,137,-1
1.508827,478,401045.461261,2,0,113,-1
1.238,677,401069.225983,1,2,-1,140
0.747028,566,401088.320164,2,0,1,-1
1.501529,353,401099.612151,2,0,97,-1
1.486897,445,401114.80874,2,0,83,-1
1.59299,629,401137.006886,2,1,137,-1
1.378309,492,401152.769813,2,0,50,-1
0.712361,543,401172.19385,2,0,1,-1
1.676089,727,401196.475307,2,1,0,-1
2.004,343,401208.562745,2,0,176,-1
1.537846,389,401220.975919,2,0,120,-1
0.646,678,401244.690708,0,2,-1,8
1.58199,379,401256.767284,2,0,137,-1
1.415817,739,401282.485719,2,1,137,-1
1.400535,449,401297.943011,2,0,42,-1
0.215948,493,401314.67857,0,2,-1,96
1.581007,810,401341.607763,1,2,-15,26
1.345,657,401364.730067,1,2,-1,86
1.154783,558,401383.725571,2,0,110,-1
1.625477,360,401395.162848,2,0,145,-1
1.531034,376,401408.241827,2,0,122,-1
1.514827,372,401421.143102,2,0,113,-1
1.32554,524,401438.879946,2,0,20,-1
0.343,492,401455.599813,0,2,-1,110
1.396,733,401480.107544,1,2,-1,1
0.899475,576,401499.575976,2,0,83,-1
0.994,620,401521.466362,1,2,-1,94
1.484477,552,401540.141817,2,1,145,-1
0.897633,634,401561.42471,2,1,37,-1
1.70799,445,401576.730571,2,0,137,-1
1.304,596,401596.900167,1,2,-1,45
1.419086,402,401610.845097,2,0,98,-1
1.415232,820,401638.12081,2,1,41,-1
0.98972,859,401667.710767,2,1,12,-1
1.716311,776,401694.709617,2,1,59,-1
1.101043,539,401712.895812,2,0,94,-1
1.603829,881,401742.098809,2,1,74,-1
1.501529,380,401755.289215,2,0,97,-1
0.361,366,401768.148144,0,2,-1,140
1.992,325,401778.57128,2,0,176,-1
1.650089,838,401807.477654,2,0,0,-1
1.298085,1013,401841.960446,2,1,2,-1
1.272,760,401868.395709,1,2,-1,146
1.464086,364,401880.12129,2,0,98,-1
1.795941,678,401903.905211,2,1,127,-1
1.62099,383,401916.186796,2,0,137,-1
1.17621,864,401945.900777,2,1,97,-1
1.578821,374,401958.920983,2,0,131,-1
1.010121,685,401981.944561,2,0,103,-1
2.019,348,401994.13993,2,0,176,-1
1.434086,434,402009.081975,2,0,98,-1
0.466824,784,402035.270519,1,2,-1,20
1.123076,480,402051.591274,2,0,98,-1
1.016931,478,402067.893049,2,0,83,-1
1.679169,637,402089.308876,2,1,44,-1
0.566,578,402108.739234,0,2,-1,5
1.275,868,402138.539824,1,1,-1,139
1.293114,885,402168.861817,2,1,77,-1
1.383896,484,402185.479213,2,0,62,-1
0.819075,868,402214.292444,1,2,-1,9
0.453,599,402235.492473,0,2,-1,79
1.465447,396,402248.086191,2,0,104,-1
1.553021,379,402261.271356,2,0,125,-1
1.388328,421,402275.796968,2,0,57,-1
1.350467,439,402290.986439,2,0,145,-1
1.667,958,402323.642118,1,2,-1,1
1.96299,740,402348.382259,2,1,137,-1
1.478,718,402373.433533,1,2,-1,22
0.805,699,402396.934824,1,2,-1,176
1.467086,381,402410.169466,2,0,98,-1
1.09617,962,402441.992795,2,1,1,-1
1.581549,374,402455.008851,2,0,126,-1
1.486034,356,402467.463436,2,0,122,-1
1.627332,354,402479.811375,2,0,144,-1
1.386443,465,402495.755556,2,0,76,-1
1.548594,340,402506.648913,2,0,124,-1
1.443385,464,402522.601935,2,0,88,-1
1.396575,771,402549.405523,2,1,5,-1
1.702373,946,402580.625628,2,1,38,-1
1.531846,364,402593.298444,2,0,120,-1
1.782847,1018,402627.873873,2,1,43,-1
1.288797,432,402642.776402,2,0,27,-1
1.646477,389,402656.285266,2,0,145,-1
1.323048,493,402673.071757,2,0,23,-1
1.602681,659,402695.222205,2,1,6,-1
1.426325,382,402708.510421,2,0,106,-1
1.104,639,402729.977107,1,2,-1,20
1.68,943,402762.170264,1,2,-1,0
1.477447,499,402779.214504,2,0,104,-1
1.427122,366,402791.900187,2,0,94,-1
1.14993,836,402819.697897,2,1,83,-1
1.679,810,402847.683679,1,2,-1,8
0.26,469,402863.65898,0,2,-1,145
1.474447,349,402874.856163,2,0,104,-1
1.095602,926,402906.584728,1,1,-1,24
1.56399,340,402918.552583,2,0,137,-1
0.473948,532,402936.605805,0,2,-14,61
1.61199,335,402948.366934,2,0,137,-1
0.219,443,402962.496538,0,2,-1,112
1.538,691,402986.652696,1,2,-1,57
1.093125,765,403012.218223,1,2,-1,18
1.42864,552,403030.841194,2,0,31,-1
1.502021,407,403044.893317,2,0,125,-1
1.868821,777,403071.86515,2,1,131,-1
1.371,665,403094.145679,1,2,-1,40
1.349104,548,403112.776986,2,0,37,-1
1.103933,458,403128.449641,2,0,144,-1
1.365472,553,403147.141957,2,0,4,-1
1.412083,912,403178.36524,2,1,54,-1
1.634477,356,403189.717377,2,0,145,-1
0.85727,782,403216.873211,2,0,38,-1
1.99499,750,403241.971894,2,1,137,-1
1.126862,412,403256.17664,2,0,146,-1
0.979,782,403283.246564,1,2,-1,124
1.530821,383,403295.528144,2,0,131,-1
1.366841,434,403310.566628,2,0,46,-1
1.337,663,403333.849435,1,2,-1,114
1.439275,492,403350.6248,2,0,2,-1
1.551594,338,403361.475725,2,0,124,-1
0.973529,779,403388.503873,1,1,-1,53
1.276,720,403412.589984,1,2,-1,100
0.647,660,403434.701364,0,2,-1,28
1.544948,852,403464.018149,1,2,-14,54
1.191,802,403491.750605,1,2,-1,73
0.44712,536,403509.98773,0,2,-1,99
1.168824,659,403532.100502,1,2,-12,164
0.77153,873,403562.129846,1,2,-9,14
1.420897,474,403578.253036,2,0,83,-1
1.47,688,403601.273884,1,1,-1,85
1.539,790,403628.74839,1,2,-1,32
1.492529,350,403639.96997,2,0,97,-1
0.700198,610,403660.541178,2,0,9,-1
1.454381,420,403675.064492,2,0,19,-1
1.541895,400,403688.902289,2,0,121,-1
1.122,702,403712.486717,1,2,-1,176
1.449578,429,403727.303088,2,0,71,-1
1.483325,424,403741.900464,2,0,106,-1
1.64018,879,403771.986794,2,1,1,-1
1.409707,878,403802.143215,2,1,136,-1
1.352787,419,403815.543183,2,0,15,-1
0.825006,574,403834.908555,2,0,52,-1
1.209857,1009,403869.275007,2,1,76,-1
1.364627,466,403885.214153,2,0,65,-1
1.417084,355,403897.626774,2,0,91,-1
1.626937,682,403920.520116,2,1,40,-1
1.254516,546,403938.968454,2,0,13,-1
1.298,766,403965.611966,1,2,-1,117
1.551,630,403986.811813,1,2,-1,32
1.628007,722,404012.033588,1,2,-1,18
1.696829,692,404035.300826,2,1,74,-1
1.475,696,404058.63558,1,2,-1,4
1.366871,387,404072.070063,2,0,70,-1
1.392896,482,404088.539622,2,0,62,-1
0.991,706,404112.091542,1,2,-1,108
2.016,360,404124.656305,2,0,176,-1
0.91,578,404144.115561,1,2,-1,150
1.558325,381,404157.351202,2,0,106,-1
1.336,767,404182.956593,1,2,-1,89
1.4,891,404213.591415,1,2,-1,9
1.59099,328,404225.131467,2,0,137,-1
1.938477,682,404247.944086,2,1,145,-1
1.573,870,404277.767063,1,2,-1,31
1.977,359,404290.29097,2,0,176,-1
2.01,347,404301.419466,2,0,176,-1
1.374192,416,404315.840662,2,0,47,-1
1.435815,490,404332.545838,2,0,90,-1
1.95,319,404343.788347,2,0,176,-1
1.319018,438,404357.790345,2,0,9,-1
0.54699,661,404381.086537,1,2,-1,166
1.458086,366,404392.749738,2,0,98,-1
0.970217,581,404413.360159,2,0,82,-1
1.243979,357,404424.894776,2,0,137,-1
1.593922,451,404440.361699,2,0,128,-1
0.703,573,404459.699502,0,2,-1,6
1.056,727,404485.090665,1,2,-1,125
1.208089,800,404511.786637,2,1,0,-1
1.292587,382,404525.076093,2,0,35,-1
1.579,796,404552.57711,1,2,-1,10
0.51,571,404571.87072,0,2,-1,43
1.947,319,404582.131358,2,0,176,-1
1.363238,374,404595.130139,2,0,66,-1
0.612,572,404614.495476,0,2,-1,26
1.031329,502,404631.619378,2,0,34,-1
1.092857,466,404647.578051,2,0,137,-1
1.560007,816,404675.713744,1,2,-1,25
0.885,772,404701.462769,1,2,-1,93
0.98137,681,404724.353478,2,1,19,-1
1.681625,729,404750.574066,2,1,75,-1
1.329516,415,404765.462253,2,0,13,-1
1.429109,469,404781.503857,2,0,52,-1
0.826328,874,404810.511712,1,2,-1,4
1.402548,405,404824.607932,2,0,95,-1
1.455007,737,404850.316706,1,2,-15,58
1.355797,460,404865.021319,2,0,27,-1
1.403093,376,404878.071274,2,0,86,-1
1.61199,392,404891.689283,2,0,137,-1
1.515922,343,404903.720087,2,0,128,-1
1.556021,383,404916.049435,2,0,125,-1
1.253,767,404942.721452,1,2,-1,40
0.63,495,404959.588507,0,2,-1,23
1.455086,347,404971.711306,2,0,98,-1
1.511827,406,404984.649851,2,0,113,-1
1.584841,789,405012.001234,2,1,46,-1
1.511529,698,405035.438024,2,1,97,-1
1.833033,709,405060.229831,2,0,64,-1
1.711169,932,405091.009102,2,1,44,-1
1.424122,362,405103.609466,2,0,94,-1
0.85199,745,405129.531318,1,2,-1,42
1.339381,465,405145.462444,2,0,19,-1
1.354206,454,405160.009094,2,0,29,-1
1.565887,876,405190.027313,1,2,-13,43
2.001,448,405205.495474,2,0,176,-1
2.273,643,405227.121661,2,1,176,-1
1.456017,361,405239.586695,2,0,96,-1
1.575821,417,405253.945145,2,0,131,-1
0.881158,956,405286.739883,1,2,-15,51
1.213979,349,405297.875019,2,0,137,-1
1.554922,441,405313.012792,2,0,128,-1
1.336797,454,405328.583372,2,0,27,-1
1.86699,604,405348.930544,2,1,137,-1
1.48035,410,405363.04609,2,0,107,-1
1.59399,359,405375.533978,2,0,137,-1
1.434086,376,405387.516758,2,0,98,-1
1.91299,737,405413.306716,2,1,137,-1
1.361587,436,405428.263077,2,0,35,-1
1.4835,471,405444.366927,2,0,41.32001.54899,353,405455.634678,2,0,131.257,1.690206,1058,405491.578699,2,1,29,-1
0.692275,906,405522.683458,1,2,-1,119
1.173,677,405546.469306,1,2,-1,132
1.375309,425,405560.026907,2,0,50,-1
1.493109,740,405585.760446,2,1,52,-1
1.627,850,405614.06392,1,2,-1,19
1.355104,411,405628.264667,2,0,37,-1
1.657,813,405656.2829,1,2,-1,7
1.345227,481,405672.71876,2,0,24,-1
1.139,653,405694.641775,1,2,-1,98
1.341705,550,405713.305841,2,0,21,-1
1.60899,338,405725.124895,2,0,137,-1
1.19599,897,405755.875801,1,2,-1,47
1.227,741,405780.540073,1,2,-1,68
1.543824,819,405808.757775,1,2,-1,5
1.507529,383,405821.037069,2,0,97,-1
1.298018,467,405837.001826,2,0,9,-1
1.61199,340,405848.847372,2,0,137,-1
1.746553,683,405871.733104,2,1,48,-1
1.539,710,405896.504784,1,2,-1,34
1.23,849,405924.672037,1,2,-1,127
2.343,857,405954.185229,2,1,176,-1
1.256,677,405976.94523,1,2,-1,119
1.333874,501,405994.009176,2,0,22,-1
1.232295,648,406016.827747,1,2,-6,27
1.187654,870,406045.721933,2,1,62,-1
1.474447,461,406061.508306,2,0,104,-1
1.166,781,406088.585614,1,1,-1,176
1.60899,346,406099.70543,2,0,137,-1
1.61499,415,406114.019923,2,0,137,-1
0.319,393,406127.538991,0,2,-1,54
1.476815,349,406139.724045,2,0,90,-1
1.780587,786,406165.887856,2,1,35,-1
1.6795,875,406196.003732,2,1,45,-1
1.34576,687,406219.050676,1,2,-1,60
1.515,805,406246.908878,1,2,-1,5
1.61499,363,406258.481873,2,0,137,-1
1.642,1003,406292.732693,1,2,-1,1
1.427868,465,406308.707844,2,0,67,-1
0.461602,767,406335.281163,1,2,-1,141
1.353602,470,406351.366865,2,0,26,-1
1.447358,384,406364.715673,2,0,105,-1
1.37826,570,406384.084611,2,0,11,-1
1.60599,420,406397.521963,2,0,137,-1
1.643929,781,406424.483083,2,1,16,-1
0.997037,526,406442.322115,2,0,23,-1
1.248929,423,406456.960041,2,0,16,-1
1.337352,390,406470.450109,2,0,61,-1
1.655125,343,406481.456099,2,0,136,-1
1.136115,797,406509.020867,2,1,137,-1
1.32726,449,406524.445068,2,0,11,-1
1.60599,352,406535.66543,2,0,137,-1
1.558266,690,406559.798032,2,1,123,-1
1.426858,426,406574.519248,2,0,56,-1
1.227,776,406600.375149,1,2,-1,111
1.158392,797,406628.013787,2,1,122,-1
0.943024,727,406652.328203,1,2,-13,33
1.525064,874,406682.495108,1,2,-16,48
0.153,537,406700.649008,0,2,-1,80
0.924664,521,406718.36765,2,0,71,-1
1.423238,665,406740.606924,2,1,66,-1
1.68,922,406772.295496,1,2,-1,3
1.414,753,406797.438261,1,2,-1,73
1.46787,354,406809.817658,2,0,115,-1
1.659,972,406843.169148,1,2,-1,1
1.384033,388,406856.669618,2,0,64,-1
1.82477,378,406868.780057,2,0,162,-1
1.442582,465,406884.774328,2,0,89,-1
0.551,654,406907.763144,0,2,-1,27
1.400232,436,406922.793537,2,0,41,-1
1.395007,672,406945.345712,1,2,-1,56
1.421,719,406969.424854,1,2,-1,85
1.979821,765,406995.978773,2,1,131,-1
1.369819,830,407023.6033,2,1,137,-1
1.408866,492,407040.388208,2,0,32,-1
1.33634,470,407056.503425,2,0,34,-1
1.538443,795,407084.100341,2,1,76,-1
1.505,783,407110.122169,1,2,-1,57
1.312293,880,407140.420512,2,0,128,-1
1.710969,891,407170.94998,2,1,80,-1
1.513,846,407199.046594,1,2,-1,52
2.01,358,407211.487346,2,0,176,-1
1.946125,734,407237.068965,2,1,136,-1
0.171,565,407256.197466,0,2,-1,170
0.992898,463,407272.109703,2,0,95,-1
1.468017,375,407284.10862,2,0,96,-1
1.375553,428,407298.843787,2,0,48,-1
1.62699,342,407310.816719,2,0,137,-1
1.379386,484,407327.326742,2,0,12,-1
1.321372,485,407343.885742,2,0,3,-1
1.785391,779,407369.759022,2,1,92,-1
1.459,819,407398.046243,1,2,-1,84
1.325,772,407423.758265,1,2,-1,120
1.616217,384,407437.095064,2,0,117,-1
1.567948,1109,407474.746136,1,2,-1,27
1.504529,385,407488.124732,2,0,97,-1
1.375817,670,407510.600286,2,1,113,-1
1.339232,438,407525.623891,2,0,41,-1
2.01,361,407538.240164,2,0,176,-1
1.755805,406,407552.294598,2,0,146,-1
1.62099,390,407564.774075,2,0,137,-1
1.312372,418,407579.207339,2,0,3,-1
0.648,677,407602.882824,0,2,-1,23
1.623,812,407629.88797,1,2,-1,14
0.828,883,407660.206066,0,2,-1,7
1.323602,521,407677.932493,2,0,26,-1
1.390897,384,407691.23349,2,0,83,-1
1.462017,410,407704.310548,2,0,96,-1
1.350602,461,407720.146104,2,0,26,-1
0.935562,437,407735.152185,2,0,97,-1
1.55799,343,407747.1873,2,0,137,-1
0.776447,651,407768.932146,2,0,59,-1
1.554594,385,407782.438294,2,0,124,-1
0.996373,787,407808.544795,1,2,-1,37
1.60599,353,407820.793057,2,0,137,-1
1.615824,757,407847.183644,1,2,-12,37
1.222,758,407872.449459,1,2,-1,94
0.893307,612,407893.204061,2,0,85,-1
1.758075,796,407920.77382,2,1,17,-1
1.248,819,407947.995654,1,2,-1,119
1.677,939,407980.027658,1,2,-1,2
1.167,814,408008.219398,1,2,-1,154
0.655937,830,408035.862349,1,2,-1,146
1.342797,423,408050.446762,2,0,27,-1
0.981978,399,408064.187239,2,0,98,-1
1.61499,355,408076.544465,2,0,137,-1
1.406582,377,408088.711081,2,0,89,-1
1.684787,839,408117.627974,2,1,15,-1
0.880949,484,408134.158185,2,0,112,-1
1.83687,739,408159.881956,2,1,115,-1
1.431391,475,408175.029799,2,0,92,-1
1.370169,405,408189.109169,2,0,44,-1
1.361397,874,408219.206814,1,2,-1,5
1.351137,429,408234.057279,2,0,10,-1
1.392958,513,408251.514853,2,0,54,-1
1.398,633,408272.861733,1,2,-1,63
1.518922,392,408286.461099,2,0,128,-1
1.098007,706,408310.149651,1,2,-1,148
1.345227,451,408325.616522,2,0,24,-1
1.361937,460,408341.40253,2,0,40,-1
1.59999,346,408353.505176,2,0,137,-1
1.62699,349,408364.669822,2,0,137,-1
1.294309,335,408376.385591,2,0,50,-1
1.511827,388,408389.963401,2,0,113,-1
1.555,764,408415.448525,1,2,-1,37
1.385925,366,408428.218109,2,0,49,-1
1.12526,733,408452.727843,2,1,11,-1
1.382528,466,408468.689403,2,0,53,-1
1.556358,392,408482.296602,2,0,105,-1
1.56999,349,408494.529325,2,0,137,-1
1.589,668,408516.980133,1,2,-1,23
1.577447,811,408544.987049,2,1,104,-1
1.443007,619,408565.804274,1,2,-1,24
1.52799,351,408577.020301,2,0,137,-1
1.098,710,408601.857612,1,2,-1,176
1.587,728,408626.181155,1,2,-1,13
1.575,781,408653.269593,1,2,-1,17
1.152711,416,408667.635493,2,0,105,-1
1.661477,372,408679.513218,2,0,145,-1
1.386443,463,408695.413294,2,0,76,-1
1.517425,740,408721.07243,2,1,98,-1
1.409703,501,408738.161729,2,0,51,-1
1.634372,827,408765.606259,2,1,3,-1
1.603,1063,408801.875662,1,2,-1,18
1.661372,980,408835.40207,2,1,3,-1
1.627,715,408860.456383,1,2,-1,4
1.58799,323,408870.724949,2,0,137,-1
1.872086,655,408893.852633,2,1,98,-1
1.399,751,408918.987658,1,1,-1,97
1.363874,492,408935.756139,2,0,22,-1
1.273,759,408962.104295,1,2,-1,89
1.132007,583,408981.780947,1,2,-1,150
0.945978,745,409006.553121,2,1,82,-1
1.473086,379,409019.728027,2,0,98,-1
1.450866,696,409043.071056,2,1,32,-1
1.54599,384,409056.399922,2,0,137,-1
1.316999,415,409070.710037,2,0,28,-1
1.496447,354,409082.049645,2,0,104,-1
1.302,618,409104.024024,1,2,-1,34
1.344705,483,409120.520545,2,0,21,-1
1.347048,432,409134.347544,2,0,23,-1
1.312,588,409155.211025,1,2,-1,131
1.284007,758,409180.399656,1,2,-1,105
1.412997,442,409195.526585,2,0,85,-1
1.62399,351,409207.777855,2,0,137,-1
1.61799,350,409218.966251,2,0,137,-1
1.568181,505,409236.195583,2,0,127,-1
1.323275,517,409253.754503,2,0,2,-1
1.506594,374,409266.776568,2,0,124,-1
1.224,704,409290.40648,1,2,-1,64
0.856968,444,409305.633537,2,0,80,-1
1.452328,777,409332.519857,2,1,57,-1
1.62399,355,409343.885388,2,0,137,-1
0.743509,641,409366.526387,2,0,10,-1
1.410917,421,409380.997653,2,0,81,-1
0.731013,617,409401.829747,2,0,18,-1
1.385221,949,409434.296429,2,1,137,-1
1.406582,382,409446.506124,2,0,89,-1
1.493414,459,409462.207383,2,0,112,-1
1.412307,434,409477.092131,2,0,72,-1
1.402871,483,409493.634897,2,0,70,-1
1.233936,778,409520.581358,2,1,16,-1
1.657812,744,409545.339945,2,1,58,-1
1.352937,420,409559.821763,2,0,40,-1
1.997125,765,409585.309902,2,1,136,-1
1.379381,396,409599.113352,2,0,19,-1
1.720582,743,409624.983142,2,1,89,-1
1.129866,666,409647.347672,2,1,32,-1
1.27754,441,409662.500371,2,0,20,-1
2.356,714,409686.364372,2,1,176,-1
1.45404,500,409703.384236,2,0,101,-1
0.958914,798,409731.05503,2,1,88,-1
0.95766,533,409749.115008,2,0,42,-1
1.585846,380,409761.26952,2,0,120,-1
1.57899,335,409773.046847,2,0,137,-1
1.644464,791,409800.54559,2,1,13,-1
1.45801,525,409818.371929,2,1,118,-1
1.470086,359,409829.827989,2,0,98,-1
1.387187,862,409859.511297,2,1,1,-1
1.544,842,409888.634467,1,2,-1,16
1.378109,444,409903.912512,2,0,52,-1
2.096339,756,409929.216619,2,1,159,-1
1.944,319,409940.465759,2,0,176,-1
1.350196,894,409970.037089,2,0,29,-1
1.375309,433,409984.966849,2,0,50,-1
0.591227,834,410013.715647,1,2,-1,143
0.716088,901,410044.642288,2,1,47,-1
1.474325,376,410056.634996,2,0,106,-1
1.424287,459,410072.333359,2,0,77,-1
1.327681,482,410088.897974,2,0,6,-1
1.49512,608,410109.345487,1,2,-17,55
1.431086,397,410123.032207,2,0,98,-1
1.262587,719,410147.92736,2,1,35,-1
1.685722,767,410173.519301,2,1,92,-1
0.985104,796,410201.037356,2,1,5,-1
1.412307,418,410214.400093,2,0,72,-1
1.59099,381,410227.708207,2,0,137,-1
1.62699,355,410240.162242,2,0,137,-1
1.62399,368,410252.931003,2,0,137,-1
1.58954,725,410277.215212,2,1,20,-1
1.405033,415,410291.549803,2,0,64,-1
1.909922,745,410316.373349,2,1,128,-1
1.617,759,410342.654702,1,2,-1,18
1.121,635,410364.129006,1,2,-1,84
1.55281,367,410376.926321,2,0,134,-1
1.32218,641,410398.449421,2,0,1,-1
1.756034,662,410420.68245,2,1,122,-1
1.506582,633,410443.029469,2,1,89,-1
0.726104,1009,410476.511793,1,2,-1,2
1.556797,780,410503.55087,2,1,27,-1
1.341192,569,410522.821913,2,0,47,-1
1.638399,336,410534.625434,2,0,135,-1
1.712535,999,410568.787245,2,1,42,-1
1.442582,350,410579.929744,2,0,89,-1
1.237,759,410606.233537,1,2,-1,126
1.385311,516,410623.770352,2,0,59,-1
1.548594,356,410636.247603,2,0,124,-1
1.56099,338,410647.043214,2,0,137,-1
1.565575,909,410678.257342,2,1,5,-1
1.451925,632,410699.527184,2,0,176,-1
1.661911,1072,410735.896305,1,2,0,2
1.643125,339,410747.761127,2,0,136,-1
1.62265,877,410777.911694,2,1,14,-1
0.704089,1037,410813.304035,1,2,-1,124
1.424997,387,410826.78359,2,0,85,-1
1.276,807,410853.536247,1,2,-1,114
1.413902,660,410875.650297,2,0,8,-1
1.51887,434,410890.656643,2,0,115,-1
1.32765,570,410909.903297,2,0,14,-1
1.136,619,410931.86387,1,2,-1,176
1.534846,365,410943.547776,2,0,120,-1
1.356787,624,410964.580019,2,0,15,-1
1.316328,381,410977.894378,2,0,57,-1
1.320902,460,410993.621106,2,0,8,-1
0.903253,737,411019.297083,2,0,21,-1
1.499827,398,411031.974076,2,0,113,-1
2.013,347,411044.10352,2,0,176,-1
1.542594,374,411057.118088,2,0,124,-1
1.629868,772,411082.920663,2,1,67,-1
0.856075,769,411109.584267,1,2,-1,56
1.390797,442,411124.774523,2,0,27,-1
1.618,684,411147.631161,1,2,-1,32
1.397311,376,411160.69085,2,0,59,-1
2.001,367,411172.490677,2,0,176,-1
1.78635,645,411195.200485,2,1,107,-1
1.443086,390,411207.679935,2,0,98,-1
1.355587,436,411222.700369,2,0,35,-1
0.49065,956,411255.405681,1,2,-1,139
1.454007,786,411282.634408,1,2,-1,1
1.384109,460,411298.425611,2,0,52,-1
1.565402,687,411321.390626,2,1,55,-1
1.588125,374,411334.343819,2,0,136,-1
0.815033,711,411358.138251,1,2,-1,95
1.230887,770,411384.885411,1,2,-1,95
1.336797,555,411403.704612,2,0,27,-1
2.106,417,411416.993237,2,0,176,-1
0.477,567,411437.222689,0,2,-1,21
1.433402,474,411452.341504,2,0,55,-1
1.226959,801,411480.048145,2,1,137,-1
0.581887,624,411501.144084,0,2,-1,13
1.445868,399,411514.96216,2,0,67,-1
0.765086,811,411542.944281,1,2,-1,140
1.405372,470,411559.084032,2,0,3,-1
1.335048,488,411574.672717,2,0,23,-1
1.135,680,411598.468123,1,2,-1,39
0.456,525,411616.325246,0,2,-1,75
0.291,620,411637.222344,0,2,-1,140
1.465,700,411660.578339,1,2,-1,18
1.32554,498,411677.657365,2,0,20,-1
1.35434,499,411694.697846,2,0,34,-1
1.348206,447,411709.999791,2,0,29,-1
1.586399,646,411732.696316,2,1,135,-1
1.494,867,411761.459188,1,2,-1,25
1.71099,373,411774.527625,2,0,137,-1
1.742358,828,411802.9783,2,1,105,-1
1.525358,449,411817.35379,2,0,105,-1
1.64499,353,411829.704614,2,0,137,-1
1.350812,441,411844.816097,2,0,58,-1
1.726447,750,411869.892622,2,1,104,-1
1.369232,448,411885.299393,2,0,41,-1
1.561,726,411910.57914,1,2,-1,34
0.92005,483,411927.109729,2,0,64,-1
1.378,799,411953.769383,1,2,-1,6
1.93681,703,411978.391129,2,1,134,-1
1.417969,512,411995.757822,2,0,80,-1
2.016,332,412006.335983,2,0,176,-1
1.379104,465,412022.234363,2,0,37,-1
1.570714,686,412046.336635,2,1,0,-1
0.84699,714,412070.316397,1,2,-1,1
0.822373,1046,412105.81381,1,2,-1,2
1.47954,690,412128.967808,2,1,20,-1
1.520997,474,412145.235659,2,0,85,-1
1.819672,512,412162.669993,2,0,161,-1
1.100741,1009,412196.956805,2,1,34,-1
1.14,852,412226.290052,1,2,-1,92
1.49535,427,412241.024869,2,0,107,-1
1.517217,369,412252.858464,2,0,117,-1
0.772761,544,412271.310936,2,0,41,-1
1.86335,887,412301.769548,2,1,107,-1
1.61799,391,412315.300025,2,0,137,-1
1.635122,664,412337.523351,2,1,94,-1
1.542922,558,412356.428703,2,0,128,-1
1.659689,908,412387.447161,2,1,99,-1
1.38134,492,412404.174686,2,0,34,-1
1.402325,365,412416.97579,2,0,106,-1
1.490868,482,412433.472809,2,0,67,-1
1.388309,448,412448.884715,2,0,50,-1
1.323575,455,412464.416124,2,0,5,-1
1.432435,461,412479.175251,2,0,108,-1
1.613266,402,412493.066723,2,0,123,-1
1.679477,396,412506.772067,2,0,145,-1
0.29,504,412523.9810.708083,703,4121.442093,476,412540.21.184,708,412552.1.4231,911,412571.442424,2,1,33,-1
1.528,790,412597.68779,1,2,-1,50
0.994,630,412618.917239,1,2,-1,123
1.542553,717,412644.0883531.645874,1011.520007,766,412669.63357,11.568181,41.380391,385,412682.993948,2,1.203,6471.68999,680,412705.710205,21.257623,731.084572,864,412735.458256,2,1,100,-1
1.331018,614,412756.123271.662381,851.359,883,412786.418482,1,2,-1,102
1.615,855,412815.801164,1,2,-1,5
1.510887,898,412845.620798,1,2,-1,3
1.394582,414,412859.914305,2,0,89,-1
2.038,622,412880.816309,2,1,176,-1
1.365192,523,412898.575616,2,0,47,-1
1.346829,471,412914.691654,2,0,74,-1
1.243999,985,412948.211406,1,2,-1,25
1.62099,338,412960.098912,2,0,137,-1
0.502,494,412976.984571,0,2,-1,64
1.559,811,413005.028881,1,2,-1,51
1.613,1035,413040.233436,1,2,-1,9
0.63399,589,413060.12757,1,2,-1,78
1.31079,454,413075.704722,2,0,7,-1
1.324948,871,413104.612277,1,2,-14,3
1.585415,722,413129.864266,2,1,57,-1
1.563602,916,413160.175042,2,1,26,-1
1.30418,469,413176.194835,2,0,1,-1
1.62399,391,413189.743593,2,0,137,-1
1.360516,553,413208.461895,2,0,68,-1
0.484824,553,413227.245275,0,2,-12,29
1.433155,410,413241.372408,2,0,78,-1
1.464,726,413266.648167,1,2,-1,66
1.49307,441,413280.745393,2,0,111,-1
1.249304,797,413308.18937,2,1,55,-1
1.405871,451,413323.69906,2,0,70,-1
1.376528,424,413338.34513,2,0,53,-1
1.694,852,413366.614225,1,2,-1,6
1.382528,500,413383.671538,2,0,53,-1
1.443385,492,413400.399382,2,0,88,-1
1.582874,800,413428.048038,2,1,22,-1
1.498034,461,413443.830528,2,0,122,-1
1.355399,737,413468.394287,1,2,-1,0
0.682902,834,413497.148645,1,2,-1,78
1.291372,433,413512.128709,2,0,3,-1
1.330625,432,413527.062603,2,0,75,-1
1.373703,474,413542.200495,2,0,51,-1
1.419,802,413569.920245,1,1,-1,89
1.350048,491,413586.780808,2,0,23,-1
1.536886,578,413606.380983,2,0,119,-1
1.486592,477,413622.664917,2,0,103,-1
0.909408,688,413645.719729,1,2,-6,156
1.280999,463,413661.616071,2,0,28,-1
1.634,838,413690.510647,1,2,-1,15
1.408089,724,413714.804953,2,1,0,-1
1.74399,655,413737.864703,2,1,137,-1
1.55618,882,413767.107624,2,1,1,-1
1.551812,886,413797.642483,2,1,58,-1
1.489275,713,413821.472543,2,1,2,-1
1.35664,509,413838.839036,2,0,31,-1
1.37,839,413867.761944,1,1,-1,106
1.747896,758,413894.258883,2,1,62,-1
1.450155,408,413907.32849,2,0,78,-1
1.167,776,413934.306735,1,2,-1,53
1.329,704,413957.831117,1,2,-1,97
1.046,704,413982.497119,1,2,-1,55
1.521373,780,414008.424417,2,1,38,-1
1.406169,485,414024.931329,2,0,176,-1
1.249,654,414046.846619,1,2,-1,51
1.294018,966,414079.980019,2,1,9,-1
1.3261,591,414099.946295,2,0,33,-1
1.399,941,414132.199703,1,2,-1,14
0.613226,747,414158.262244,1,2,-1,151
1.437373,512,414175.759787,2,0,38,-1
1.467,642,414197.319452,1,2,-1,66
1.499969,705,414220.869929,2,1,80,-1
1.407086,342,414232.883874,2,0,98,-1
1.3655,464,414248.805856,2,0,45,-1
0.789906,628,414269.971059,2,0,56,-1
1.62399,338,414281.823029,2,0,137,-1
1.221854,641,414303.302229,2,1,7,-1
1.842922,710,414327.11505,2,1,128,-1
1.361535,507,414344.417019,2,0,42,-1
1.388311,426,414359.129598,2,0,59,-1
1.669,935,414391.153267,1,2,-1,3
1.514,757,414417.40243,1,2,-1,21
1.071857,438,414431.383159,2,0,67,-1
1.98,358,414443.966654,2,0,176,-1
1.63718,1047,414479.496489,2,1,1,-1
1.60599,364,414492.180799,2,0,137,-1
1.351,970,414525.309386,1,2,-1,44
1.152,593,414545.306637,1,2,-1,176
1.376227,434,414560.345805,2,0,24,-1
1.337587,458,414576.062069,2,0,35,-1
1.291381,439,414591.112741,2,0,19,-1
1.555,775,414616.919025,1,2,-1,42
1.253,754,414643.128981,1,2,-1,7
1.67,934,414674.137693,1,2,-1,5
0.301,653,414697.104474,0,2,-1,119
1.441578,712,414720.84821,2,1,71,-1
1.355402,451,414736.286911,2,0,55,-1
1.284,827,414763.851878,1,2,-1,22
1.383049,462,414779.7034,2,0,79,-1
1.435,828,414808.27376,1,2,-1,1
1.578528,851,414837.584642,2,1,53,-1
1.139,709,414861.334652,1,2,-1,88
1.363232,374,414874.316145,2,0,41,-1
1.332516,507,414891.585791,2,0,13,-1
1.329575,534,414909.729543,2,0,5,-1
1.572,875,414939.927371,1,2,-1,46
1.337311,399,414952.70261,2,0,59,-1
1.454827,413,414966.936152,2,0,113,-1
1.52187,398,414980.718503,2,0,115,-1
1.14,860,415010.294874,1,2,-1,114
1.971354,665,415032.548701,2,1,133,-1
1.336797,506,415049.809848,2,0,27,-1
1.444084,398,415063.583413,2,0,91,-1
0.616,533,415081.625668,0,2,-1,9
1.354238,424,415096.267138,2,0,66,-1
1.62699,373,415108.1947,2,0,137,-1
1.437086,432,415123.022444,2,0,98,-1
1.378226,441,415138.083064,2,0,18,-1
1.388402,568,415157.400236,2,0,55,-1
1.303824,696,415180.655618,1,2,-1,80
1.724397,685,415204.60331,2,1,137,-1
1.947332,674,415227.214487,2,1,144,-1
1.505476,745,415253.205209,2,1,25,-1
1.938,452,415267.616304,2,0,176,-1
1.496226,981,415301.030391,2,1,18,-1
1.39079,361,415313.596522,2,0,102,-1
0.960827,912,415344.895468,1,2,-1,86
1.516,809,415371.920423,1,2,-1,50
1.348232,481,415388.39214,2,0,41,-1
1.35664,505,415405.564163,2,0,31,-1
1.927021,801,415433.268842,2,1,125,-1
1.199,646,415455.092742,1,2,-1,96
1.319472,409,415469.190476,2,0,4,-1
1.332083,873,415499.282992,2,1,137,-1
1.338089,385,415511.506895,2,0,0,-1
1.373381,399,415525.326244,2,0,19,-1
1.804093,804,415553.191979,2,0,86,-1
1.692913,389,415566.655807,2,0,152,-1
0.422,626,415587.730107,0,2,-1,87
1.262887,658,415609.82454,1,2,-1,38
2.05999,760,415635.198229,2,1,137,-1
1.134,570,415655.519457,1,2,-1,127
1.312,976,415688.86691,1,2,-1,120
1.502,1008,415722.199555,1,2,-1,54
1.59099,353,415734.532224,2,0,137,-1
1.393625,479,415750.848536,2,0,75,-1
1.342169,690,415773.991673,2,1,44,-1
1.601,860,415803.602376,1,1,-1,32
1.324033,535,415821.869468,2,0,64,-1
1.50699,312,415832.843302,2,0,137,-1
1.487084,429,415847.62872,2,0,91,-1
1.563969,787,415873.964089,2,1,80,-1
1.452288,688,415898.125659,2,1,124,-1
1.557594,346,415909.133143,2,0,124,-1
2.073,379,415922.274525,2,0,176,-1
1.31979,568,415941.467869,2,0,7,-1
1.906922,713,415965.342385,2,0,128,-1
1.458529,484,415981.884463,2,0,97,-1
1.544969,654,416004.998909,2,1,80,-1
1.376,1026,416039.975836,1,2,-1,13
1.142,878,416069.671242,1,2,-1,0
0.753,637,416093.409068,1,2,-1,157
0.835111,623,416114.989843,2,0,9,-1
1.618847,1006,416151.808602,2,1,43,-1
1.593,773,416178.156229,1,2,-1,0
1.494,839,416207.5387,1,2,-1,60
2.208064,800,416235.572155,2,1,176,-1
1.346535,420,416249.14493,2,0,42,-1
1.322,799,416277.208547,1,2,-1,20
1.532965,822,416304.823472,2,1,96,-1
1.452312,429,416319.769389,2,0,114,-1
1.257,840,416349.089344,1,1,-1,143
1.17899,880,416379.583312,1,2,-1,59
1.480358,435,416394.761051,2,0,105,-1
1.346352,487,416410.341058,2,0,61,-1
1.269343,766,416437.274581,2,1,112,-1
1.83999,597,416457.617173,2,1,137,-1
1.405137,585,416477.520911,2,0,10,-1
1.370999,438,416492.773618,2,0,28,-1
1.452,746,416519.028748,1,2,-1,29
0.997653,1132,416557.788114,1,2,-1,11
1.666399,394,416571.557158,2,0,135,-1
1.449,846,416600.088702,1,2,-1,62
1.561863,785,416627.548455,2,1,37,-1
1.190887,642,416649.341571,1,2,-1,133
1.433582,497,416666.443735,2,0,89,-1
1.132,771,416693.625424,1,2,-1,176
1.412829,404,416706.672476,2,0,74,-1
1.642467,448,416722.207751,2,0,140,-1
1.423969,608,416742.916075,2,0,80,-1
1.382868,376,416756.2026,2,0,67,-1
1.161,639,416777.879155,1,2,-1,83
0.763,519,416795.763593,1,2,-1,140
2.016,344,416807.892482,2,0,176,-1
1.453017,366,416820.747013,2,0,96,-1
1.297,575,416840.497663,1,2,-1,33
1.50042,732,416865.124262,2,1,30,-1
1.353232,686,416889.496305,2,1,41,-1
1.511827,412,416902.804588,2,0,113,-1
1.618007,933,416935.041432,1,2,-15,4
1.354232,366,416947.928392,2,0,41,-1
1.62099,377,416961.178469,2,0,137,-1
1.673999,747,416986.406731,2,1,28,-1
0.96399,770,417013.481205,1,2,-1,121
1.615399,373,417025.486108,2,0,135,-1
1.423874,561,417044.548532,2,0,176,-1
1.294681,801,417072.588732,2,1,6,-1
1.611892,673,417095.310641,2,1,82,-1
1.388,692,417119.836028,1,2,-1,97
1.726325,667,417142.483452,2,1,106,-1
1.645694,871,417172.777686,1,2,-1,1
1.34642,435,417187.923055,2,0,30,-1
1.408,589,417208.007123,1,2,-1,79
1.726829,834,417235.992831,2,1,74,-1
1.451827,371,417248.958403,2,0,113,-1
1.248866,613,417269.834356,2,1,32,-1
1.215,715,417295.10966,1,2,-1,2
1.453897,425,417309.909568,2,0,83,-1
0.943246,485,417325.583444,2,0,102,-1
1.434892,725,417351.225646,2,1,82,-1
1.358587,521,417369.139793,2,0,35,-1
1.44204,490,417386.006692,2,0,101,-1
1.325456,535,417404.293309,2,0,63,-1
1.076,598,417424.642898,1,2,-1,94
1.355,699,417448.278296,1,2,-1,85
1.439,817,417476.643633,1,2,-1,80
1.573399,397,417490.55077,2,0,135,-1
1.50399,320,417500.936638,2,0,137,-1
1.349587,446,417516.44188,2,0,35,-1
1.362089,824,417545.192131,2,1,0,-1
1.57599,346,417557.451748,2,0,137,-1
1.367937,401,417570.361975,2,0,40,-1
1.577917,632,417592.871606,2,1,81,-1
1.397311,503,417610.273129,2,0,59,-1
1.372841,551,417629.175025,2,0,46,-1
1.525948,764,417655.011797,1,2,-1,39
1.453548,414,417669.498127,2,0,95,-1
1.581587,909,417701.031922,2,1,35,-1
1.31,857,417729.842954,1,2,-1,8
1.998,334,417741.722428,2,0,176,-1
1.661,1028,417777.150277,1,2,-1,2
1.91499,672,417799.856102,2,1,137,-1
0.931542,700,417824.592543,1,2,-1,41
1.331535,425,417839.42323,2,0,42,-1
1.32218,515,417857.103687,2,0,1,-1
1.661477,384,417869.541403,2,0,145,-1
1.68,741,417895.626207,1,2,-1,43
1.432969,496,417912.696287,2,0,80,-1
1.798339,362,417924.351777,2,0,159,-1
1.666516,768,417951.348289,2,1,13,-1
1.338,814,417979.779798,1,2,-1,99
1.3591,486,417995.511764,2,0,33,-1
1.312372,470,418011.751084,2,0,3,-1
1.576,807,418039.902431,1,2,-1,14
1.378057,486,418056.73729,2,0,73,-1
1.418925,387,418070.287905,2,0,49,-1
1.051,760,418095.891435,1,2,-1,121
1.589,868,418126.149215,1,1,-1,31
1.231,726,418150.731667,1,2,-1,149
1.043,539,418169.232896,1,2,-1,176
1.528505,433,418184.320877,2,0,116,-1
1.410917,737,418210.277342,2,1,81,-1
1.83799,654,418232.41634,2,1,137,-1
1.342874,483,418249.013607,2,0,22,-1
1.208,683,418272.306239,1,2,-1,94
1.751372,814,418300.720875,2,1,3,-1
1.048127,582,418320.607863,2,0,145,-1
1.246,742,418345.574242,1,1,-1,146
0.958529,830,418374.633749,1,1,-1,-1
1.326516,556,418393.602565,2,0,13,-1
1.374192,477,418410.076189,2,0,47,-1
1.38834,458,418425.932396,2,0,100,-1
1.461529,459,418441.789768,2,0,97,-1
1.30718,476,418458.187309,2,0,1,-1
1.297,885,418487.874139,1,2,-1,126
0.839584,686,418512.231763,2,0,10,-1
1.654,891,418543.164345,1,2,-1,0
1.360694,748,418568.478179,1,2,-1,52
1.58799,335,418580.37102,2,0,137,-1
1.457049,408,418593.50213,2,0,79,-1
1.93499,630,418616.097023,2,1,137,-1
0.346,528,418634.206815,0,2,-1,106
1.150007,718,418658.499274,1,2,-1,125
1.323516,562,418677.700393,2,0,13,-1
1.315,689,418702.091731,1,2,-1,75
1.402238,443,418716.349607,2,0,66,-1
0.943,604,418738.009355,1,2,-1,67
1.39,609,418758.719263,1,2,-1,16
1.171,622,418779.88771,1,2,-1,104
1.576,905,418811.310784,1,1,-1,42
0.986,770,418837.155605,1,2,-1,117
1.33279,918,418869.036621,2,1,7,-1
1.463528,425,418883.81124,2,0,53,-1
0.869,631,418905.239059,1,2,-1,144
1.32176,692,418928.714167,1,2,-11,117
0.927824,884,418959.376161,0,2,-1,7
1.394232,365,418972.30977,2,0,41,-1
1.411516,390,418985.952821,2,0,68,-1
1.364381,384,418998.294879,2,0,19,-1
1.303795,409,419012.547171,2,0,146,-1
1.158,696,419037.179091,1,2,-1,95
0.603,816,419064.542974,0,2,-1,17
1.320929,404,419078.696334,2,0,16,-1
1.703,780,419104.872492,1,2,-1,0
1.385703,491,419121.810391,2,0,51,-1
1.61199,336,419133.671088,2,0,137,-1
1.85499,651,419155.680676,2,1,137,-1
1.01,591,419176.765744,1,2,-1,119
1.58199,390,419189.368683,2,0,137,-1
1.253075,468,419205.566976,2,0,17,-1
1.377578,443,419220.870686,2,0,71,-1
1.703402,762,419247.684852,2,1,55,-1
1.932,354,419259.118059,2,0,176,-1
1.425086,377,419272.40744,2,0,98,-1
1.641805,405,419286.599808,2,0,146,-1
1.62099,405,419300.755039,2,0,137,-1
1.62399,339,419311.705262,2,0,137,-1
1.669372,817,419340.237542,2,1,3,-1
1.324381,438,419355.481722,2,0,19,-1
1.59999,357,419366.981215,2,0,137,-1
1.57599,339,419378.999914,2,0,137,-1
1.62399,347,419391.22517,2,0,137,-1
2.42,831,419419.182589,2,1,176,-1
1.368,962,419452.477125,1,2,-1,89
1.62099,350,419464.7392,2,0,137,-1
1.345206,445,419480.247703,2,0,29,-1
1.641,994,419514.485156,1,2,-1,13
1.612018,848,419542.912764,2,1,9,-1
1.288997,759,419569.458133,2,1,85,-1
1.62099,379,419582.784053,2,0,137,-1
1.358,680,419605.886796,1,2,-1,45
1.307,731,419630.562109,1,2,-1,1
1.29518,563,419649.878158,2,0,1,-1
1.426155,501,419667.101883,2,0,78,-1
1.349829,354,419679.59705,2,0,74,-1
1.016822,505,419697.000331,2,0,98,-1
1.505824,734,419722.844522,1,2,-1,17
1.57335,409,419735.982296,2,0,107,-1
1.405,685,419760.282209,1,2,-1,32
1.296,633,419781.797379,1,2,-1,63
1.635,740,419806.722451,1,2,-1,4
1.477447,530,419824.923933,2,0,104,-1
1.58199,353,419837.391525,2,0,137,-1
1.381516,452,419853.070986,2,0,68,-1
1.520086,651,419875.276309,2,1,98,-1
1.67299,614,419896.104003,2,1,137,-1
1.427,746,419922.30646,1,2,-1,39
1.203,630,419943.782876,1,2,-1,77
1.351847,716,419969.092096,2,1,43,-1
1.406307,446,419983.438595,2,0,72,-1
1.52799,344,419995.68603,2,0,137,-1
1.167,697,420019.189799,1,2,-1,171
1.369575,805,420047.266589,2,1,5,-1
1.389896,429,420062.283674,2,0,62,-1
1.424,794,420088.94536,1,2,-1,79
1.031331,496,420106.092108,2,0,29,-1
1.139538,373,420119.305223,2,0,137,-1
1.645332,355,420131.857212,2,0,144,-1
1.642,930,420163.962889,1,2,-1,12
0.511,576,420183.706432,0,2,-1,23
1.164,691,420207.17559,1,2,-1,23
1.118,709,420231.102934,1,2,-1,93
1.329575,464,420247.208329,2,0,5,-1
1.389183,535,420265.598081,2,0,69,-1
1.318797,463,420281.641643,2,0,27,-1
1.509594,336,420293.505883,2,0,124,-1
1.336866,430,420308.44855,2,0,32,-1
1.492,853,420337.055911,1,2,-1,84
0.704118,527,420355.129618,2,0,57,-1
1.237372,420,420369.686357,2,0,3,-1
1.164,723,420395.17525,1,2,-1,78
0.945536,505,420412.522203,2,0,54,-1
1.753858,742,420437.446808,2,1,56,-1
0.708602,556,420456.499872,2,0,58,-1
1.312587,675,420480.372643,2,1,35,-1
1.432,656,420502.645176,1,2,-1,81
1.433007,803,420529.459336,1,2,-15,63
1.438071,692,420553.89064,2,1,44,-1
1.322887,858,420582.683467,1,2,-13,21
0.757016,777,420609.927393,2,1,16,-1
1.62399,341,420622.108426,2,0,137,-1
1.198824,798,420648.910757,1,2,-1,98
1.62099,329,420660.613205,2,0,137,-1
1.262386,517,420678.336658,2,0,12,-1
0.309,445,420693.801022,0,2,-1,126
1.479529,386,420706.220236,2,0,97,-1
1.522399,445,420721.614086,2,0,135,-1
1.386812,380,420734.974653,2,0,58,-1
1.449,815,420763.510721,1,2,-1,24
1.354232,579,420783.227708,2,0,41,-1
1.349311,365,420796.101582,2,0,59,-1
1.669,777,420822.221597,1,2,-1,4
1.55426,715,420846.384868,2,1,11,-1
2.007,331,420858.19358,2,0,176,-1
1.629594,371,420871.23972,2,0,124,-1
1.684529,559,420890.443848,2,1,97,-1
1.467,793,420917.097865,1,2,-1,63
1.496827,422,420931.84002,2,0,113,-1
1.405,910,420963.318551,1,2,-1,89
1.86235,1032,420998.870077,2,1,176,-1
1.432815,434,421013.924594,2,0,90,-1
1.634354,401,421027.968082,2,0,133,-1
1.514827,373,41.245869,838,421051.228741.493,759,4211.256,695,421074.707711.525528,697,421090.217688,2,1,53,-1
1.257902,418,421104.735578,2,0,8,-1
1.97699,672,421127.667413,2,1,137,-1
1.490414,511,421145.434425,2,0,112,-1
1.05699,728,421171.652517,1,1,-1,72
1.56,800,421198.902251,1,2,-1,6
1.01618,896,421231.115266,1,2,-1,7
1.389812,461,421247.081793,2,0,58,-1
1.651,814,421275.996781,1,2,-1,16
1.547,829,421304.985411,1,2,-1,18
2.39,709,421330.205616,2,1,176,-1
1.650874,820,421357.667826,2,1,22,-1
1.683868,814,421386.370879,2,1,67,-1
1.504358,396,421400.188902,2,0,105,-1
1.424122,369,421412.075665,2,0,94,-1
1.012212,423,421426.769747,2,0,55,-1
1.60899,333,421438.621888,2,0,137,-1
1.33965,441,421453.945249,2,0,14,-1
1.441892,403,421466.922571,2,0,137,-1
1.409925,555,421487.044615,2,0,49,-1
1.366,640,421508.953215,1,2,-1,48
1.367535,496,421526.292281,2,0,42,-1
1.458086,374,421539.037238,2,0,98,-1
1.88999,777,421566.388281,2,1,137,-1
1.261472,748,421594.278213,2,1,4,-1
0.896735,479,421611.334263,2,0,29,-1
1.55799,355,421623.994833,2,0,137,-1
1.050391,899,421657.588364,1,2,-1,31
1.824017,809,421685.403233,2,1,96,-1
1.432328,410,421700.095385,2,0,57,-1
1.316,789,421727.971418,1,2,-1,80
1.818086,713,421753.260097,2,1,98,-1
1.382352,408,421769.187197,2,0,61,-1
1.33365,536,421789.332068,2,0,14,-1
2.022,368,421802.600443,2,0,176,-1
0.789174,783,421830.13026,1,2,-13,58
1.56154,822,421859.888988,2,1,20,-1
1.877414,816,421887.856006,2,1,112,-1
1.348,951,421921.361482,1,2,-1,92
1.457122,450,421937.241987,2,0,94,-1
1.380958,444,421953.287452,2,0,54,-1
1.443086,393,421967.048516,2,0,98,-1
1.316472,533,421986.093804,2,0,4,-1
1.971,339,421997.322609,2,0,176,-1
1.64499,361,422010.312838,2,0,137,-1
1.139459,918,422042.592282,2,1,98,-1
0.432,400,422056.820198,0,2,-1,60
1.195948,662,422082.991675,1,2,-1,161
0.747364,610,422108.045137,2,0,20,-1
1.150155,993,422143.615678,1,1,-1,-1
1.408871,484,422160.543751,2,0,70,-1
1.356,714,422186.997254,1,2,-1,59
1.61499,338,422199.000909,2,0,137,-1
1.31654,436,422214.573409,2,0,20,-1
1.477358,391,422228.880502,2,0,105,-1
1.495897,528,422247.581928,2,0,176,-1
1.456,893,422280.123696,1,2,-1,21
0.903149,767,422306.795367,2,1,57,-1
1.65699,405,422321.886226,2,0,137,-1
0.938694,780,422349.009854,2,1,43,-1
1.277,729,422376.337612,1,2,-1,130
1.51799,614,422398.199948,2,1,137,-1
1.315385,823,422428.864767,2,1,65,-1
1.4031,604,422450.159207,2,0,33,-1
0.940008,618,422472.30018,2,1,128,-1
1.455086,433,422488.886718,2,0,98,-1
0.97,702,422514.880107,1,2,-1,137
1.16999,708,422541.391947,1,2,-1,14
1.349999,454,422558.239928,2,0,28,-1
1.04,665,422581.449057,1,2,-1,104
1.433468,881,422613.387656,2,1,113,-1
1.28954,434,422627.508899,2,0,20,-1
1.3381,453,422643.326417,2,0,33,-1
1.353841,445,422659.526057,2,0,36,-1
1.800325,774,422688.124066,2,1,106,-1
1.928339,719,422713.64167,2,1,159,-1
0.933053,477,422730.913343,2,0,80,-1
1.421,605,422753.230518,1,2,-1,1
0.747252,479,422770.616565,0,2,-1,0
1.62481,446,422786.56164,2,0,134,-1
1.755958,932,422819.395753,2,1,54,-1
1.445287,448,422835.51507,2,0,77,-1
1.351651,483,422852.863163,2,0,39,-1
1.325169,499,422870.144455,2,0,44,-1
1.418847,779,422897.62549,2,1,43,-1
1.407,753,422925.335167,1,2,-1,10
1.525548,480,422942.247997,2,0,95,-1
1.74699,625,422963.647231,2,1,137,-1
0.701252,476,422980.574449,0,2,-1,13
1.504793,512,422998.721643,2,0,110,-1
1.323,637,423020.742634,1,2,-1,81
1.588472,917,423053.529814,2,1,4,-1
1.542,727,423078.648591,1,1,-1,-1
1.649,880,423109.440525,1,2,-1,4
1.873302,703,423133.30366,2,1,145,-1
1.167817,454,423149.118708,2,0,113,-1
1.33365,423,423164.062333,2,0,14,-1
1.275869,1049,423200.31772,2,1,28,-1
1.33454,429,423215.507443,2,0,20,-1
1.776548,700,423239.975166,2,1,95,-1
1.347373,436,423255.272882,2,0,38,-1
1.092296,452,423271.696249,2,0,72,-1
1.846516,883,423302.612152,2,1,176,-1
1.401824,639,423324.318334,1,2,-1,84
1.33112,797,423351.483753,1,2,-17,88
1.584594,389,423365.32715,2,0,124,-1
1.443086,464,423382.283849,2,0,98,-1
1.341602,458,423399.08814,2,0,26,-1
1.437,779,423427.778334,1,2,-1,11
1.818846,691,423451.806318,2,1,176,-1
1.685694,823,423480.729418,1,2,-10,7
0.22,449,423497.587777,0,2,-1,121
2.025,434,423513.631237,2,0,176,-1
1.145,829,423543.891063,1,2,-1,9
0.58664,834,423573.620304,1,2,-1,26
1.405897,483,423591.239257,2,0,176,-1
0.949411,437,423607.394532,2,0,106,-1
1.981,589,423629.216501,2,1,176,-1
1.525505,395,423643.658513,2,0,116,-1
1.641354,412,423659.246929,2,0,133,-1
0.843,640,423682.168904,1,2,-1,149
1.666747,692,423707.561503,2,1,65,-1
1.067386,873,423737.088373,1,1,-1,-1
1.085228,461,423753.354034,2,0,66,-1
1.731913,427,423768.594868,2,0,152,-11.1.29,768,423795.789914,1,2,-1,132
1.480238,529,423815.411495,2,0,66,0.631.977,347,423827.588539,2,0,170.288812,733,423850.30784,1,2,-1,145
1.33151.722805,834,423873.241182,2,1,11.575921.47204,394,423886.325202,2,0,101.25721.686,807,423916.875601,1,2,-1,10
1.592,913,423949.931093,1,2,-1,32
1.501,794,423980.260305,1,2,-1,9
0.938,708,424008.463283,1,2,-1,126
1.466,636,424032.324022,1,2,-1,23
1.574,687,424057.402829,1,2,-1,26
1.275,768,424085.095812,1,2,-1,40
0.888934,626,424107.40865,2,0,12,-1
1.848325,802,424138.857737,2,1,106,-1
1.367104,491,424156.642787,2,0,37,-1
0.766827,839,424186.108212,1,1,-1,-1
1.296887,684,424211.487243,1,2,-13,54
1.455897,853,424240.806241,2,1,83,-1
0.226887,589,424261.036933,0,2,-13,171
0.937346,623,424283.463081,2,0,134,-1
1.373075,442,424297.73251,2,0,17,-1
0.340892,859,424328.553561,1,2,-1,151
1.361311,465,424344.702612,2,0,59,-1
2.213356,722,424369.81672,2,1,169,-1
1.332516,578,424390.722587,2,0,13,-1
1.613,788,424417.814305,1,2,-1,5
0.711213,585,424438.694877,2,0,8,-1
1.362373,420,424454.251421,2,0,38,-1
1.913922,815,424483.063782,2,1,128,-1
1.474529,342,424494.937106,2,0,97,-1
1.338578,390,424508.730772,2,0,71,-1
1.315372,466,424525.784317,2,0,3,-1
1.303,861,424556.93573,1,2,-1,8
1.494017,364,424568.63331,2,0,96,-1
0.985,733,424596.867027,1,2,-1,156
1.385535,498,424615.438857,2,0,42,-1
1.50204,501,424633.999438,2,0,101,-1
1.21799,884,424667.13201,1,2,-1,22
1.253075,587,424689.051019,2,0,17,-1
1.531064,820,424718.255275,1,2,-16,45
1.429897,448,424734.192457,2,0,83,-1
1.227346,992,424772.005624,1,2,-15,80
1.476993,824,424803.649679,2,1,44,-1
1.61899,600,424825.732391,2,1,137,-1
1.558,741,424853.520515,1,2,-1,4
1.53399,334,424865.8485,2,0,137,-1
1.545594,379,424879.755489,2,0,124,-1
1.394535,471,424896.653539,2,0,42,-1
1.664787,685,424920.735516,2,1,15,-1
1.361169,416,424935.84885,2,0,44,-1
1.30718,548,424955.045341,2,0,1,-1
1.57,679,424977.865893,1,2,-1,0
1.391402,604,424998.546858,2,0,55,-1
1.348,621,425021.121777,1,2,-1,36
1.507,726,425046.012554,1,2,-1,43
2.001,340,425058.354975,2,0,176,-1
0.928,870,425087.8161,0,2,-1,0
1.194,606,425108.509174,1,2,-1,81
1.90399,732,425134.822538,2,1,137,-1
1.708,690,425158.633483,1,2,-1,5
1.50799,549,425177.548897,2,1,137,-1
1.341575,445,425193.552648,2,0,5,-1
1.414,782,425222.471841,1,2,-1,57
1.737582,925,425255.811476,2,1,89,-1
1.453505,468,425271.381854,2,0,116,-1
1.400352,397,425285.623482,2,0,61,-1
1.306183,651,425308.5853,2,1,69,-1
1.62399,356,425319.972324,2,0,137,-1
1.34654,550,425338.637711,2,0,20,-1
1.501385,449,425354.008524,2,0,88,-1
1.786034,769,425381.358067,2,1,122,-1
1.93999,678,425405.794976,2,1,137,-1
1.391868,396,425419.488408,2,0,67,-1
1.429969,579,425439.051798,2,0,80,-1
1.485,742,425463.764808,1,2,-1,2
1.220399,787,425490.984596,1,2,-1,20
1.346,862,425520.612256,1,2,-1,30
1.325018,403,425533.423404,2,0,9,-1
1.94599,697,425557.772523,2,0,137,-1
1.47834,366,425569.520117,2,0,100,-1
1.44,708,425594.181344,1,2,-1,27
1.62699,340,425604.995909,2,0,137,-1
1.42,698,425629.301666,1,2,-1,73
1.349412,466,425645.300421,2,0,25,-1
1.740627,898,425674.975519,2,1,65,-1
1.078,766,425701.729719,1,2,-1,129
0.904325,463,425718.078325,2,0,85,-1
1.497,744,425743.489431,1,2,-1,21
1.34534,404,425758.273271,2,0,34,-1
0.866,779,425786.107661,1,2,-1,153
1.143,715,425811.047488,1,2,-1,55
1.867937,782,425839.111495,2,1,137,-1
1.45,786,425866.836284,1,2,-1,12
1.489793,486,425884.014388,2,0,110,-1
2.178873,708,425908.383758,2,1,170,-1
1.298567,635,425931.380703,2,1,22,-1
1.167694,637,425953.319674,1,2,-10,63
1.309,812,425981.734937,1,2,-1,90
1.27899,781,426008.332206,1,2,-1,17
1.534529,342,426020.793287,2,0,97,-1
1.400892,407,426035.541883,2,0,82,-1
1.554,815,426063.461205,1,1,-1,-1
1.582787,687,426087.490672,2,1,15,-1
1.597399,343,426099.890045,2,0,135,-1
1.446086,402,426114.240566,2,0,98,-1
1.207,757,426139.970129,1,2,-1,17
1.622892,757,426167.527442,2,1,82,-1
1.73699,752,426193.647689,2,1,137,-1
1.347,913,426225.370474,1,2,-1,0
1.290275,518,426243.154006,2,0,2,-1
1.244064,763,426270.981638,1,2,-1,65
1.71399,722,426296.064081,2,1,137,-1
1.560886,807,426324.862318,2,1,119,-1
1.446064,732,426350.004119,1,2,-16,79
1.52399,596,426370.319751,2,1,137,-1
1.113,652,426392.65452,1,2,-1,137
1.91299,776,426420.076275,2,1,137,-1
1.45318,599,426440.781541,2,1,1,-1
1.336109,424,426455.634615,2,0,52,-1
1.279,699,426479.135199,1,2,-1,95
1.66964,757,426505.504335,2,1,31,-1
1.175625,695,426529.059876,1,2,-9,62
1.296,811,426557.789784,1,2,-1,2
1.496514,645,426580.128426,2,1,65,-1
1.469827,408,426595.690769,2,0,113,-1
1.765325,712,426621.089593,2,1,106,-1
1.91681,776,426649.35091,2,1,134,-1
1.56999,370,426661.636243,2,0,137,-1
1.606,874,426692.834038,1,2,-1,54
1.604,883,426724.575715,1,1,-1,-1
1.643,913,426758.836754,1,2,-1,8
1.451017,1092,426797.000369,2,1,96,-1
1.449,603,426817.790201,1,2,-1,8
1.499824,752,426843.260051,1,2,-12,66
1.674332,729,426869.576489,2,1,144,-1
1.340169,541,426888.170146,2,0,44,-1
1.96799,822,426917.296609,2,0,137,-1
1.341275,530,426935.911083,2,0,2,-1
2.286007,622,426957.490463,2,1,176,-1
1.41554,517,426975.394075,2,0,176,-1
1.312797,434,426990.63737,2,0,27,-1
1.801339,363,427002.810548,2,0,159,-1
1.544,850,427033.738559,1,2,-1,20
2.022,362,427047.014603,2,0,176,-1
1.642969,739,427072.541215,2,1,80,-1
1.452391,409,427086.844258,2,0,92,-1
1.256625,812,427114.947961,1,2,-9,61
1.659999,994,427147.789274,2,1,28,-1
1.446391,440,427162.824417,2,0,92,-1
1.636086,779,427191.208074,2,1,98,-1
1.664694,912,427223.571153,1,2,-1,0
1.776548,824,427251.817093,2,1,95,-1
1.46712,602,427272.468929,1,2,-17,62
1.575086,670,427296.561269,2,1,98,-1
1.478352,683,427319.924812,2,1,61,-1
1.209817,380,427333.296461,2,0,137,-1
2.019,351,427344.785445,2,0,176,-1
1.65399,380,427358.050353,2,0,137,-1
1.363232,560,427377.178389,2,0,41,-1
1.983,371,427390.128933,2,0,176,-1
1.394456,419,427404.751606,2,0,63,-1
1.728671,754,427430.507712,2,1,120,-1
1.401,718,427456.037453,1,2,-1,1
1.107,665,427479.68049,1,2,-1,55
1.329,654,427502.658149,1,2,-1,4
1.588,779,427531.334617,1,2,-1,19
0.976456,912,427563.915884,2,1,17,-1
1.426,792,427591.790362,1,1,-1,91
1.359443,412,427606.46879,2,0,76,-1
0.915,583,427626.52556,1,2,-1,115
1.222288,393,427640.333217,2,0,134,-1
1.370535,568,427659.957636,2,0,42,-1
1.135,798,427688.320622,1,2,-1,89
1.692,1079,427725.342365,1,2,-1,21
2.375,762,427751.664529,2,0,176,-1
1.447815,420,427766.289362,2,0,90,-1
1.783548,779,427792.655833,2,0,95,-1
1.56699,369,427805.689542,2,0,137,-1
1.296847,472,427822.087705,2,0,43,-1
1.526,802,427850.755179,1,2,-1,59
1.62699,340,427861.820685,2,0,137,-1
1.29334,724,427887.517564,2,1,34,-1
1.025206,1011,427922.551084,1,2,-1,1
1.654931,701,427946.398262,2,0,84,-1
1.257137,579,427966.843886,2,0,10,-1
1.58799,367,427980.241283,2,0,137,-1
1.470086,362,427993.124881,2,0,98,-1
1.370925,546,428011.979031,2,0,49,-1
1.566,723,428036.733908,1,2,-1,14
1.56999,336,428048.615389,2,0,137,-1
1.58799,323,428059.176312,2,0,137,-1
1.483358,452,428074.911916,2,0,105,-1
1.391787,916,428106.982147,2,1,15,-1
1.810017,755,428133.361905,2,1,96,-1
0.980668,542,428152.076701,2,0,98,-1
1.564,649,428174.346119,1,2,-1,41
1.490694,706,428198.495865,1,2,-10,40
1.244,585,428218.665285,1,2,-1,98
1.389812,519,428236.385322,2,0,58,-1
1.622575,747,428262.823453,2,1,5,-1
1.092,714,428287.093082,1,2,-1,119
1.576911,950,428319.789883,2,1,137,-1
1.65099,356,428332.360578,2,0,137,-1
1.95299,642,428354.296616,2,1,137,-1
1.676089,935,428387.64723,2,1,0,-1
1.456969,401,428401.680898,2,0,80,-1
1.363309,596,428422.136672,2,0,50,-1
1.704307,748,428447.416514,2,1,72,-1
1.743325,730,428473.130805,2,1,106,-1
1.348,585,428493.176053,1,2,-1,125
1.998,327,428504.789435,2,0,176,-1
1.54,702,428528.541594,1,2,-1,32
0.841865,765,428554.383564,1,2,-14,63
1.763238,828,428582.904314,2,1,66,-1
0.93216,962,428616.865315,2,1,77,-1
1.019,772,428642.935427,1,2,-1,89
0.766477,545,428661.72542,2,0,55,-1
1.644372,845,428691.151268,2,1,3,-1
1.113,761,428718.587415,1,2,-1,63
0.761,689,428743.087017,1,2,-1,150
1.62399,334,428755.482347,2,0,137,-1
1.49078,607,428776.521307,2,1,125,-1
1.403868,422,428791.475677,2,0,67,-1
1.215137,986,428825.540515,2,1,10,-1
0.919354,889,428856.404082,1,2,-1,11
1.3531,585,428876.240677,2,0,33,-1
1.679602,789,428903.508572,2,1,26,-1
1.577472,818,428931.721933,2,1,4,-1
1.283138,422,428945.229617,2,0,130,-1
1.252089,454,428960.837459,2,0,0,-1
0.785846,850,428990.145001,1,2,-1,2
1.489325,447,429005.748767,2,0,106,-1
1.352412,494,429022.736534,2,0,25,-1
0.713,669,429045.232701,1,2,-1,150
1.57299,339,429057.168316,2,0,137,-1
1.411,773,429083.994217,1,2,-1,15
2.207,743,429110.63763,2,1,176,-1
1.352,761,429136.471865,1,2,-1,5
1.588,744,429162.417316,1,2,-1,21
1.623169,770,429188.190003,2,1,44,-1
1.393694,695,429212.604474,1,2,-10,78
1.127,636,429233.953665,1,2,-1,43
1.550858,752,429259.079427,2,1,56,-1
0.705,570,429278.722263,0,2,-1,5
1.173007,775,429307.365156,1,2,-15,176
1.145948,693,429331.506807,2,1,137,-1
1.488,868,429363.176683,1,2,-1,33
1.98399,791,429390.261177,2,1,137,-1
1.259,743,429417.066819,1,2,-1,99
1.919821,658,429439.594262,2,1,131,-1
1.383,738,429465.999062,1,2,-1,7
1.641275,913,429496.637913,2,1,2,-1
1.603,833,429526.06981,1,2,-1,14
0.64526,980,429560.284695,1,2,-1,141
0.826238,488,429576.887277,2,0,42,-1
1.60899,343,429589.095323,2,0,137,-1
1.447064,818,429616.318341,1,2,-1,7
0.706402,750,429642.703741,1,2,-1,55
1.822307,837,429671.420153,2,1,72,-1
1.71099,614,429692.484326,2,1,137,-1
1.617821,388,429706.05179,2,0,131,-1
1.790086,734,429733.84082,2,1,98,-1
0.77867,768,429760.249083,2,1,74,-1
1.974,342,429772.293964,2,0,176,-1
1.355402,374,429785.33841,2,0,55,-1
1.527017,387,429797.656174,2,0,96,-1
1.027076,403,429811.553893,2,0,137,-1
1.453325,722,429837.026691,2,1,106,-1
1.68,745,429862.236691,1,2,-1,6
1.35664,399,429876.235794,2,0,31,-1
1.278,625,429897.596004,1,2,-1,33
1.639089,805,429926.173355,2,1,0,-1
1.678086,726,429951.077112,2,1,98,-1
1.78179,658,429973.479744,2,1,102,-1
1.51899,588,429993.541595,2,1,137,-1
1.460418,592,430014.697548,2,1,124,-1
1.465086,558,430033.656136,2,1,98,-1
1.669829,665,430056.711997,2,1,74,-1
1.664582,925,430088.578307,2,1,89,-1
1.506017,336,430099.641539,2,0,96,-1
0.980194,514,430117.37992,2,0,119,-1
1.61499,405,430131.628927,2,0,137,-1
1.617109,765,430158.796826,2,1,52,-1
1.138,650,430181.681842,1,2,-1,142
1.91499,716,430207.238338,2,1,137,-1
1.267979,403,430221.83582,2,0,137,-1
1.443868,369,430235.408554,2,0,67,-1
1.32726,509,430253.814899,2,0,11,-1
1.381553,401,430268.146808,2,0,48,-1
1.653,860,430297.85196,1,2,-1,3
1.664477,361,430310.893692,2,0,145,-1
1.548594,328,430322.945433,2,0,124,-1
0.927,789,430350.158034,1,2,-1,91
1.383381,421,430364.979333,2,0,19,-1
1.435,647,430387.002856,1,2,-1,49
1.625,863,430417.251547,1,2,-1,11
1.385307,462,430433.536736,2,0,72,-1
1.484824,806,430461.24762,1,2,-12,37
1.536922,409,430475.60076,2,0,128,-1
1.653,764,430502.711155,1,2,-1,0
1.378,752,430528.495837,1,1,-1,78
1.378871,539,430547.081073,2,0,70,-1
1.203902,785,430574.772079,2,1,67,-1
1.381516,422,430589.472386,2,0,68,-1
1.481391,857,430618.465497,2,1,92,-1
1.574,757,430645.167432,1,2,-1,18
1.471435,609,430666.601222,2,0,108,-1
1.405,941,430700.148593,1,2,-1,8
1.403868,405,430714.453876,2,0,67,-1
1.095,557,430734.118098,1,2,-1,38
1.525846,382,430746.354115,2,0,120,-1
1.988477,771,430773.532421,2,1,145,-1
1.47534,365,430786.487276,2,0,100,-1
1.167442,438,430801.805223,2,0,20,-1
1.697841,665,430824.832314,2,1,46,-1
1.364937,410,430839.543231,2,0,40,-1
1.284,683,430862.922868,1,2,-1,84
1.80304,699,430887.07548,2,1,101,-1
1.489,695,430911.71244,1,2,-1,63
1.464529,386,430924.163788,2,0,97,-1
1.859113,430,430939.096707,2,0,170,-1
1.384309,433,430954.231896,2,0,50,-1
1.425385,435,430969.436844,2,0,88,-1
1.336381,463,430985.448822,2,0,19,-1
0.691,585,431005.42338,0,2,-1,5
1.464824,839,431034.830193,1,2,-1,21
1.370999,539,431053.584013,2,0,28,-1
1.471447,431,431070.013428,2,0,104,-1
1.348,724,431094.908352,1,2,-1,104
1.59099,363,431107.91274,2,0,137,-1
1.557594,346,431119.022934,2,0,124,-1
1.62399,403,431133.276773,2,0,137,-1
1.388892,451,431148.998863,2,0,82,-1
1.458086,358,431161.746116,2,0,98,-1
1.62399,358,431173.362358,2,0,137,-1
1.403829,423,431188.201109,2,0,74,-1
1.545,684,431212.623796,1,2,-1,36
1.280075,414,431226.10819,2,0,17,-1
1.503017,363,431238.881832,2,0,96,-1
0.908887,540,431257.464705,1,2,-1,99
1.17234,411,431271.823507,2,0,107,-1
1.16687,932,431304.003904,1,2,-1,5
1.61799,364,431315.615678,2,0,137,-1
1.370999,451,431331.051143,2,0,28,-1
1.196174,619,431353.050319,1,2,-1,70
0.404,528,431371.106181,0,2,-1,24
1.836354,622,431392.35606,2,1,133,-1
1.64499,353,431403.812681,2,0,137,-1
1.311226,376,431417.113876,2,0,18,-1
1.307018,498,431434.277925,2,0,9,-1
1.312681,705,431459.421199,2,1,6,-1
1.78875,571,431479.086377,2,1,137,-1
0.731664,1050,431515.598535,2,1,0,-1
1.174543,833,431544.017877,2,1,65,-1
1.62399,361,431556.751689,2,0,137,-1
0.960363,628,431578.107551,2,0,95,-1
1.451,834,431607.814218,1,2,-1,86
1.3171,379,431621.183576,2,0,33,-1
1.40934,401,431634.160516,2,0,100,-1
0.903238,880,431666.421261,1,2,-1,62
1.390897,397,431681.428399,2,0,83,-1
1.62099,340,431693.906823,2,0,137,-1
1.80034,858,431723.8745,2,1,100,-1
1.330525,782,431751.339152,2,1,42,-1
1.644,779,431779.694214,1,1,-1,27
2.013,412,431794.078929,2,0,176,-1
1.439689,371,431807.350432,2,0,99,-1
1.53535,669,431830.025719,2,1,107,-1
1.424997,411,431844.338822,2,0,85,-1
1.146111,387,431857.849043,2,0,94,-1
1.624,855,431886.384807,1,2,-1,3
1.375874,456,431902.455859,2,0,22,-1
1.423627,434,431917.746218,2,0,65,-1
1.57599,354,431930.429971,2,0,137,-1
1.508827,343,431941.624388,2,0,113,-1
1.458529,456,431957.465342,2,0,97,-1
1.479736,457,431973.386445,2,0,93,-1
1.343412,680,431997.838655,2,0,25,-1
1.029,649,432019.885958,1,2,-1,134
1.006111,506,432037.812153,2,0,89,-1
1.731913,400,432051.873786,2,0,152,-1
1.549874,737,432076.603922,2,1,22,-1
1.001787,707,432100.285948,2,0,27,-1
1.523592,372,432113.370377,2,0,103,-1
1.462017,500,432130.742076,2,0,96,-1
2.331,632,432152.343248,2,1,176,-1
1.332516,423,432166.89726,2,0,13,-1
1.313627,394,432180.541022,2,0,65,-1
1.65342,887,432211.62649,2,1,30,-1
1.324,743,432236.519734,1,2,-1,100
1.078,739,432262.324639,1,2,-1,74
1.471529,338,432273.224014,2,0,97,-1
1.268584,811,432301.191114,2,1,2,-1
1.289,715,432325.202418,1,2,-1,68
1.91599,658,432348.394396,2,1,137,-1
1.365137,438,432362.351578,2,0,10,-1
1.986,329,432373.896865,2,0,176,-1
1.47687,353,432386.231479,2,0,115,-1
1.581821,467,432402.128801,2,0,131,-1
1.995,404,432415.012603,2,0,176,-1
1.497689,388,432428.432479,2,0,99,-1
1.408328,361,432440.982922,2,0,57,-1
1.47717,568,432460.201186,1,2,-3,87
1.34454,616,432481.441587,2,1,20,-1
0.938,653,432503.79357,1,2,-1,94
1.794312,842,432533.082638,2,1,114,-1
1.001,689,432556.332928,1,2,-1,94
1.41576,662,432580.001059,1,2,-11,42
1.163,732,432604.973086,1,2,-1,105
1.313328,385,432618.589327,2,0,57,-1
1.402325,648,432640.719689,2,1,106,-1
1.522252,740,432667.025904,1,2,-4,60
1.391456,367,432678.973035,2,0,63,-1
0.398093,744,432705.211913,1,2,-1,118
1.346104,441,432720.58366,2,0,37,-1
1.58199,380,432732.921262,2,0,137,-1
1.307,770,432760.061211,1,2,-1,113
1.456034,338,432772.176195,2,0,122,-1
1.317847,468,432788.553021,2,0,43,-1
1.59699,401,432801.66309,2,0,137,-1
1.61199,485,432818.592638,2,0,137,-1
1.454,765,432845.814555,1,2,-1,63
1.542594,367,432857.660852,2,0,124,-1
1.39279,426,432872.430032,2,0,7,-1
1.373703,491,432889.328641,2,0,51,-1
1.572821,372,432902.489113,2,0,131,-1
1.222,787,432929.81363,1,2,-1,89
1.312,943,432961.20457,1,2,-1,114
1.189,689,432985.52299,1,2,-1,132
1.65699,395,432998.126873,2,0,137,-1
1.282,688,433022.390882,1,2,-1,116
1.480325,440,433037.554593,2,0,106,-1
1.034694,589,433057.696424,1,2,-1,116
0.976108,797,433084.246226,2,1,68,-1
1.021,736,433110.047393,1,2,-1,45
1.409,749,433135.225341,1,2,-1,59
1.30334,459,433150.954657,2,0,34,-1
1.339,747,433177.045675,1,2,-1,106
1.382328,385,433189.369317,2,0,57,-1
1.582,665,433212.835209,1,2,-1,18
1.024085,427,433227.691641,2,0,66,-1
1.384841,421,433241.154922,2,0,36,-1
1.328,880,433271.493716,1,2,-1,109
1.387871,426,433286.2482,2,0,70,-1
1.229,885,433316.754029,1,2,-1,107
1.62099,369,433328.579297,2,0,137,-1
1.251,623,433350.661641,1,2,-1,0
1.61799,373,433362.587337,2,0,137,-1
1.308958,344,433374.715633,2,0,54,-1
1.435812,382,433388.141945,2,0,58,-1
1.62099,343,433399.154233,2,0,137,-1
1.415528,437,433414.260809,2,0,53,-1
1.64799,351,433426.534815,2,0,137,-1
1.495325,391,433440.12257,2,0,106,-1
1.677,869,433469.125559,1,2,-1,3
1.974,354,433481.488745,2,0,176,-1
1.61799,359,433494.081243,2,0,137,-1
1.348206,402,433508.050521,2,0,29,-1
1.464,706,433531.722671,1,1,-1,85
1.337412,412,433545.97834,2,0,25,-1
1.46,726,433570.376322,1,2,-1,49
1.419917,381,433583.1.447,852,433584.1.417897,538,433601.979156,2,0,83,-1
1.041576,634,433623.383878,2,0,35,-1
1.740311,793,433650.964463,2,1,59,-1
1.494,724,433675.335651,1,2,-1,39
1.517354,333,433687.083034,2,0,133,-1
1.235109,630,433708.33129,2,1,52,-1
1.329929,420,431.445311,743,433724.7331.98199,863,433752.742269,2,1,137,-1
1.489325,377,41.576089,836,433770.049541.458391,3981.467122,369,433781.8671421.452086,3661.306109,429,433796.7176131.360841,3961.289018,481,433813.1778141.273,730,41.07299,786,433840.459661.478238,829,433858.338857,2,1,66,-1
1.377,651,433880.305273,1,2,-1,0
1.51376,974,433913.699895,1,2,-11,29
1.341517,1058,433949.880989,2,1,53,-1
1.328,761,433975.337643,1,2,-1,100
1.311516,358,433987.867293,2,0,13,-1
1.300979,394,434001.534585,2,0,137,-1
1.522325,429,434016.399958,2,0,106,-1
1.10412,745,434041.416445,1,2,-1,129
1.311575,593,434061.464158,2,0,5,-1
1.171,830,434090.145603,1,2,-1,36
1.345797,512,434107.702361,2,0,27,-1
1.548922,321,434117.9859,2,0,128,-1
0.418,742,434143.884927,0,2,-1,13
1.344602,486,434160.479541,2,0,26,-1
0.663897,827,434188.07085,1,2,-1,151
1.714516,849,434217.400773,2,1,13,-1
1.294,745,434243.414346,1,2,-1,100
1.701,816,434270.675523,1,2,-1,1
1.3501,458,434286.401776,2,0,33,-1
1.660183,837,434315.400469,2,0,69,-1
2.296,616,434336.162687,2,1,176,-1
1.583841,690,434359.331194,2,1,36,-1
1.350048,661,434382.568377,2,0,23,-1
1.92499,644,434404.266413,2,1,137,-1
1.277,715,434428.224182,1,2,-1,98
1.320937,606,434448.80231,2,1,40,-1
1.850021,695,434473.176175,2,1,125,-1
1.6761,801,434499.964876,2,1,33,-1
1.554594,354,434512.420986,2,0,124,-1
1.495325,465,434528.41465,2,0,106,-1
0.915687,611,434549.023871,2,0,56,-1
1.495846,409,434563.18838,2,0,120,-1
1.428917,471,434579.411021,2,0,81,-1
1.266,863,434609.235322,1,2,-1,50
1.402897,356,434620.601861,2,0,83,-1
1.461402,777,434647.66548,2,1,55,-1
1.465325,341,434658.570266,2,0,106,-1
1.731582,766,434685.235466,2,1,89,-1
1.63899,369,434698.049308,2,0,137,-1
1.735311,801,434724.633071,2,1,59,-1
1.38149,948,434757.245242,2,1,137,-1
1.423583,396,434771.022124,2,0,109,-1
1.358627,403,434785.022106,2,0,65,-1
1.321,757,434810.380706,1,2,-1,4
1.61799,329,434822.018963,2,0,137,-1
1.472086,571,434841.506057,2,1,98,-1
1.542922,336,434852.23155,2,0,128,-1
1.32279,521,434871.09647,2,0,7,-1
1.436,752,434896.193926,1,2,-1,46
1.712447,635,434917.598343,2,1,104,-1
1.36,757,434943.930624,1,2,-1,4
1.27,708,434967.624246,1,2,-1,87
1.428627,655,434989.677788,2,1,65,-1
1.303979,375,435002.746982,2,0,137,-1
1.826147,822,435031.20255,2,1,170,-1
1.355169,390,435043.649713,2,0,44,-1
1.13,816,435071.951922,1,2,-1,120
1.641,904,435103.022071,1,2,-1,2
1.319,762,435128.434465,1,2,-1,89
1.467086,361,435141.018403,2,0,98,-1
1.413,740,435165.755886,1,1,-1,-1
1.312681,530,435183.819843,2,0,6,-1
0.775308,745,435209.839047,2,0,2,-1
0.900853,536,435228.163002,2,0,54,-1
1.605866,780,435255.255549,2,1,32,-1
1.3201,361,435266.777957,2,0,33,-1
1.292902,645,435288.507499,2,1,8,-1
1.442827,407,435302.657015,2,0,113,-1
0.988,667,435326.168798,1,2,-1,84
1.36326,338,435337.010707,2,0,11,-1
1.338,540,435355.323252,1,2,-1,54
1.965,408,435369.410397,2,0,176,-1
1.430582,452,435384.938686,2,0,89,-1
1.279,714,435408.861917,1,2,-1,10
1.135,677,435432.654835,1,2,-1,131
1.26299,709,435456.347411,1,2,-1,9
1.296048,476,435472.624315,2,0,23,-1
0.876,674,435495.260308,1,2,-1,117
0.863227,721,435520.473221,1,2,-13,74
2.224,533,435538.556201,2,1,176,-1
1.250114,396,435552.315884,2,0,137,-1
1.419917,391,435564.852863,2,0,81,-1
1.411516,365,435577.607922,2,0,68,-1
1.550858,965,435610.6422,2,1,56,-1
1.431931,437,435625.688789,2,0,84,-1
1.626,841,435653.729819,1,2,-1,14
1.234,611,435675.523314,1,2,-1,125
1.34526,455,435690.164477,2,0,11,-1
1.676472,886,435720.610683,2,1,4,-1
1.344602,422,435735.168877,2,0,26,-1
1.564587,841,435764.285543,2,1,35,-1
1.503122,356,435775.712421,2,0,94,-1
1.346412,446,435791.024204,2,0,25,-1
2.007,327,435802.552674,2,0,176,-1
1.568,839,435831.532707,1,2,-1,10
1.4956,1017,435866.337631,2,1,129,-1
1.217007,638,435887.90825,1,2,-15,51
1.478,766,435913.468513,1,2,-1,13
1.753897,668,435937.040021,2,1,83,-1
1.36034,481,435953.528333,2,0,34,-1
1.282372,417,435966.878766,2,0,3,-1
1.578922,411,435981.088459,2,0,128,-1
1.434412,732,436006.711022,2,1,25,-1
1.59699,430,436020.576503,2,0,137,-1
2.025,375,436033.652983,2,0,176,-1
1.246,576,436053.204586,1,2,-1,101
0.837447,1081,436089.89328,1,2,-1,88
1.055856,457,436105.612752,2,0,32,-1
1.593,738,436131.299896,1,2,-1,0
1.501789,732,436155.79704,2,1,8,-1
1.531846,430,436170.755747,2,0,120,-1
0.847086,879,436201.135993,1,2,-1,2
1.351206,500,436218.233099,2,0,29,-1
1.570122,661,436240.539793,2,1,94,-1
1.372018,427,436255.312773,2,0,9,-1
1.341929,479,436271.767498,2,0,16,-1
1.248,651,436293.726532,1,2,-1,39
1.347467,435,436308.733552,2,0,137,-1
1.789339,399,436322.696824,2,0,159,-1
1.177,647,436344.555859,1,2,-1,144
1.393238,480,436361.01844,2,0,66,-1
1.404,742,436385.80979,1,2,-1,4
1.012602,848,436415.120066,2,1,13,-1
1.136451,408,436429.354284,2,0,128,-1
1.46304,487,436445.981304,2,0,101,-1
1.110023,400,436458.836042,2,0,137,-1
1.18,665,436482.237185,1,2,-1,108
2.016,360,436493.853494,2,0,176,-1
1.57434,848,436523.21548,2,1,34,-1
1.75577,353,436535.611367,2,0,162,-1
1.368226,415,436549.958502,2,0,18,-1
2.390007,793,436576.431463,2,1,176,-1
0.49699,584,436596.146931,1,2,-1,149
1.59299,594,436616.215771,2,1,137,-1
1.721925,877,436646.549825,2,1,49,-1
1.53399,365,436659.292628,2,0,137,-1
1.384516,469,436675.38177,2,0,68,-1
1.259999,504,436692.609499,2,0,28,-1
1.286,663,436714.943151,1,2,-1,120
0.90253,628,436736.200899,2,1,20,-1
1.458529,468,436752.206069,2,0,97,-1
1.987399,805,436780.15914,2,0,135,-1
0.81699,656,436802.271673,1,2,-1,53
0.931736,766,436829.170169,1,2,-1,75
1.427,746,436854.17449,1,2,-1,52
1.503,788,436881.605093,1,2,-1,44
1.371,720,436905.83135,1,2,-1,84
1.294874,452,436921.421892,2,0,22,-1
1.45734,455,436937.118481,2,0,100,-1
1.74864,781,436963.320186,2,0,31,-1
1.379328,359,436975.953261,2,0,57,-1
1.664887,781,437002.08483,1,2,-1,0
1.176,676,437025.917982,1,2,-1,1
1.809922,717,437049.991829,2,1,128,-1
2.016,357,437062.508537,2,0,176,-1
1.443391,451,437078.05752,2,0,92,-1
2.019,438,437093.08828,2,0,176,-1
1.295528,348,437104.19809,2,0,53,-1
1.405,734,437130.944826,1,2,-1,12
0.860964,719,437155.361841,2,0,113,-1
0.749868,1056,437192.191079,1,2,-1,109
1.345227,426,437207.14221,2,0,24,-1
1.42654,737,437232.912999,2,1,20,-1
1.339381,514,437250.430451,2,0,19,-1
1.766529,860,437279.174835,2,1,97,-1
1.415287,455,437294.842927,2,0,77,-1
1.63534,1031,437330.026548,2,1,34,-1
1.39951,812,437358.253813,2,1,12,-1
1.336587,640,437379.744782,2,1,35,-1
1.703309,768,437405.40311,2,1,50,-1
1.504846,351,437417.777997,2,0,120,-1
1.410858,389,437431.261009,2,0,56,-1
1.423222,383,437444.594179,2,0,87,-1
1.175,672,437467.217632,1,2,-1,82
1.641104,794,437493.761732,2,1,37,-1
1.67,798,437521.408117,1,1,-1,3
1.409122,387,437534.860793,2,0,94,-1
1.63299,725,437559.211727,2,1,137,-1
1.61199,372,437572.203098,2,0,137,-1
1.57926,948,437604.681901,2,1,11,-1
1.470086,347,437615.757374,2,0,98,-1
1.249948,660,437639.044715,1,2,-1,5
1.52799,336,437649.824132,2,0,137,-1
1.364528,371,437662.785754,2,0,53,-1
1.76699,782,437689.97293,2,1,137,-1
1.49835,509,437707.490693,2,0,107,-1
1.35964,591,437727.522681,2,0,31,-1
0.83318,785,437753.839332,1,2,-1,1
1.397,852,437783.176098,1,2,-1,111
1.399033,806,437811.193291,2,1,64,-1
0.743909,788,437837.42041,2,1,34,-1
1.201477,950,437870.179482,1,2,-1,20
0.913172,978,437903.656029,1,1,25,-1
0.641,535,437921.940591,0,2,-1,9
1.709402,882,437952.487733,2,1,55,-1
2.001,330,437963.022237,2,0,176,-1
1.621358,640,437985.755384,2,1,105,-1
1.56099,350,437997.007986,2,0,137,-1
1.344602,506,438014.334404,2,0,26,-1
1.461086,365,438027.138802,2,0,98,-1
1.25,783,438053.394768,1,2,-1,140
1.779034,644,438076.255241,2,1,122,-1
1.402516,452,438091.812992,2,0,68,-1
1.418307,420,438105.257416,2,0,72,-1
1.501529,411,438119.488001,2,0,97,-1
1.463892,808,438147.469701,2,1,82,-1
1.271887,687,438170.572275,1,2,-1,0
1.418997,390,438184.138484,2,0,85,-1
1.562472,714,438208.048947,2,1,4,-1
1.517,799,438235.902671,1,2,-1,0
1.327372,506,438253.204168,2,0,3,-1
1.661999,844,438282.466783,2,1,28,-1
1.459017,365,438294.252267,2,0,96,-1
1.696902,635,438315.651529,2,1,8,-1
1.632,1098,438354.190415,1,2,-1,14
2.007,353,438365.500252,2,0,176,-1
0.917547,461,438381.378063,2,0,87,-1
1.349528,370,438394.297243,2,0,53,-1
1.382307,485,438410.895078,2,0,72,-1
0.536,476,438427.23204,0,2,-1,54
1.592354,351,438438.560316,2,0,133,-1
1.3621,461,438454.431192,2,0,33,-1
1.56999,347,438466.685644,2,0,137,-1
1.408,745,438492.802007,1,2,-1,59
1.366033,422,438506.361212,2,0,64,-1
1.323705,463,438522.299831,2,0,21,-1
1.65099,339,438534.308104,2,0,137,-1
1.265075,436,438549.379711,2,0,17,-1
2.007,346,438560.440251,2,0,176,-1
1.487827,388,438573.991546,2,0,113,-1
1.467086,357,438586.561996,2,0,98,-1
1.42764,443,438601.864197,2,0,31,-1
1.658902,835,438629.740191,2,1,121,-1
1.21212,689,438654.077232,1,2,-17,25
1.489325,476,438670.395096,2,0,106,-1
1.264,806,438697.402153,1,2,-1,22
1.257,867,438727.472833,1,2,-1,35
1.63,836,438757.084248,1,2,-1,19
1.375017,362,438768.723045,2,0,96,-1
1.223821,861,438798.60065,1,2,-1,0
1.65399,349,438810.898522,2,0,137,-1
1.53399,342,438821.828988,2,0,137,-1
1.62,724,438847.227358,1,2,-1,8
0.622,482,438863.767968,0,2,-1,8
1.367075,391,438876.302625,2,0,17,-1
1.381999,613,438898.126773,2,0,28,-1
1.597,683,438921.095569,1,1,-1,-1
1.622,926,438952.99549,1,2,-1,3
1.378109,391,438966.647407,2,0,52,-1
1.59099,336,438977.427256,2,0,137,-1
1.375386,446,438992.759958,2,0,12,-1
1.310472,447,439008.184576,2,0,4,-1
0.571516,969,439041.413043,1,2,-1,156
1.88199,621,439062.382083,2,1,137,-1
0.611,527,439080.375669,0,2,-1,18
1.959,359,439092.974967,2,0,176,-1
1.662363,432,439107.944283,2,0,143,-1
1.551594,329,439118.499778,2,0,124,-1
1.38,750,439144.753302,1,2,-1,97
1.379311,493,439161.665616,2,0,59,-1
1.542594,706,439185.411061,2,1,124,-1
1.452391,407,439199.567786,2,0,92,-1
1.466,587,439219.487355,1,2,-1,81
1.759627,694,439242.900534,2,1,65,-1
2.013,324,439254.368093,2,0,176,-1
1.259386,433,439269.475229,2,0,12,-1
1.422,1043,439305.107803,1,2,-1,94
1.91199,682,439328.105112,2,1,137,-1
1.140694,735,439353.877325,1,2,-1,71
2.022,341,439364.759104,2,0,176,-1
1.542922,324,439376.223928,2,0,128,-1
1.150472,958,439409.064653,2,1,83,-1
1.619,753,439434.324418,1,2,-1,21
1.465017,456,439450.090649,2,0,96,-1
1.315089,537,439468.353104,2,0,0,-1
1.492,782,439495.500279,1,2,-1,4
1.37365,454,439511.151314,2,0,14,-1
1.58499,378,439523.193459,2,0,137,-1
1.632381,928,439555.046279,2,1,19,-1
1.689,726,439580.438849,1,2,-1,4
1.535,848,439608.701497,1,2,-1,18
1.439122,373,439621.756953,2,0,94,-1
1.402516,729,439646.183762,2,1,13,-1
1.22,719,439671.375595,1,2,-1,38
1.60081,541,439689.811542,2,0,134,-1
1.308929,520,439707.575395,2,0,16,-1
1.345227,472,439723.802058,2,0,24,-1
1.391456,492,439740.613081,2,0,63,-1
1.368847,569,439759.962801,2,0,43,-1
1.402238,408,439774.22386,2,0,66,-1
0.995,642,439795.900287,1,2,-1,93
1.315,698,439819.525317,1,2,-1,69
1.546034,499,439836.545295,2,0,122,-1
1.502,835,439865.452476,1,2,-1,53
1.003639,485,439882.039861,2,0,113,-1
1.458529,433,439897.037366,2,0,97,-1
1.322,780,439923.110662,1,1,-1,118
1.495625,443,439938.323085,2,0,75,-1
1.58799,321,439949.703374,2,0,137,-1
1.59699,364,439961.391145,2,0,137,-1
0.847951,479,439977.898792,2,0,74,-1
1.396858,716,440002.899126,2,1,56,-1
1.392812,514,440020.479198,2,0,58,-1
1.44135,374,440032.449349,2,0,107,-1
1.63,949,440064.994321,1,2,-1,10
1.415829,558,440084.005592,2,0,74,-1
1.587209,880,440114.338665,2,1,13,-1
1.379311,595,440134.389389,2,0,59,-1
1.342,862,440164.234267,1,2,-1,39
0.355,464,440180.170298,0,2,-1,110
1.627,899,440211.120764,1,2,-1,24
1.316,818,440238.434839,1,2,-1,30
2.022,340,440250.354054,2,0,176,-1
1.373381,362,440263.082772,2,0,19,-1
1.766309,719,440287.203685,2,1,50,-1
1.343169,568,440306.580373,2,0,44,-1
1.346169,388,440320.048468,2,0,44,-1
1.108887,602,440340.393269,1,2,-1,128
1.508414,425,440355.050294,2,0,112,-1
1.61199,408,440369.170744,2,0,137,-1
1.261,606,440389.737703,1,2,-1,98
1.62399,355,440402.127357,2,0,137,-1
0.86782,557,440421.075345,2,0,89,-1
1.343391,644,440442.805392,2,1,92,-1
1.243,832,440471.701137,1,2,-1,55
1.352999,589,440491.698444,2,0,28,-1
1.319472,453,440507.296607,2,0,4,-1
1.722829,794,440533.762223,2,1,74,-1
2.357,630,440554.90902,2,1,176,-1
1.31354,616,440576.723473,2,0,20,-1
1.968,322,440587.037809,2,0,176,-1
1.386917,387,440600.520839,2,0,81,-1
1.602622,769,440626.285897,2,1,27,-1
1.32126,463,440642.185416,2,0,11,-1
1.440827,666,440665.656989,2,1,113,-1
2.025,364,440677.355316,2,0,176,-1
1.403456,425,440692.126707,2,0,63,-1
1.325,763,440718.713353,1,2,-1,103
1.305958,370,440730.57224,2,0,54,-1
1.71299,650,440753.600281,2,1,137,-1
1.62699,362,440765.191808,2,0,137,-1
1.614,716,440790.337457,1,2,-1,13
0.72999,690,440813.532421,1,2,-1,146
1.390553,457,440829.217826,2,0,48,-1
1.505,654,440851.143891,1,2,-1,40
1.427582,414,440865.460968,2,0,89,-1
1.68399,384,440878.807909,2,0,137,-1
1.182027,778,440904.795252,2,1,120,-1
1.274,910,440936.108443,1,2,-1,151
1.49,839,440965.181584,1,2,-1,10
1.47526,738,440989.864738,2,1,11,-1
1.341443,399,441003.715496,2,0,76,-1
1.511,828,441032.325729,1,2,-1,47
1.710311,656,441054.458847,2,1,59,-1
1.011413,868,441084.428675,2,1,10,-1
1.276,789,441110.877427,1,2,-1,50
1.335226,420,441125.393544,2,0,18,-1
1.287,775,441151.325427,1,2,-1,115
1.481084,414,441165.631005,2,0,91,-1
1.56999,337,441177.49668,2,0,137,-1
0.63399,638,441199.018651,1,2,-1,171
1.382841,698,441223.516695,2,1,46,-1
1.435897,417,441236.863847,2,0,83,-1
1.422086,531,441254.936451,2,0,98,-1
1.367169,421,441269.528026,2,0,44,-1
1.62399,409,441283.704411,2,0,137,-1
1.539948,826,441312.283305,1,1,-1,-1
1.403925,534,441330.403561,2,0,49,-1
1.31318,429,441345.192934,2,0,1,-1
1.376797,392,441357.707304,2,0,27,-1
1.0559,938,441389.789234,2,1,63,-1
1.501034,361,441402.384871,2,0,122,-1
1.063,671,441424.928003,1,2,-1,145
1.62399,350,441437.302717,2,0,137,-1
1.419086,482,441453.824514,2,0,98,-1
1.494086,417,441468.273691,2,0,98,-1
0.766384,780,441494.301338,2,0,52,-1
1.393,691,441517.416607,1,2,-1,17
1.61499,358,441529.984966,2,0,137,-1
1.131697,843,441559.111689,2,1,44,-1
1.514827,416,441573.496933,2,0,113,-1
1.359373,513,441591.081221,2,0,38,-1
1.419049,464,441607.043626,2,0,79,-1
1.62399,337,441617.825569,2,0,137,-1
0.862597,499,441634.904765,2,0,29,-1
1.005,652,441656.873675,1,2,-1,131
0.865523,465,441672.828232,2,0,55,-1
1.509312,453,441688.424824,2,0,114,-1
1.545529,356,441700.936037,2,0,1.356841.381866,632,441722.374611,2,0,0.781221.64799,364,441735.08792,2,0,131.62691.461529,419,441749.630831,2,0,91.37161.147686,1001,441783.908144,2,1,33,-1
1.407402,368,441795.695082,2,0,55,-1
1.424892,361,441808.342366,2,0,82,-1
1.623,893,441839.167777,1,2,-1,19
1.869913,658,441861.358833,2,1,152,-1
1.375309,450,441876.903871,2,0,50,-1
1.413824,568,441896.224065,2,0,60,-1
0.989446,398,441910.078224,2,0,81,-1
1.251,687,441933.154091,1,2,-1,46
1.405238,430,441948.08741,2,0,66,-1
1.653602,838,441977.082115,2,1,26,-1
1.435897,366,441988.852533,2,0,83,-1
1.735312,599,442010.270668,2,1,114,-1
1.366309,457,442025.031527,2,0,50,-1
1.683913,417,442039.531125,2,0,152,-1
1.360866,549,442058.238381,2,0,32,-1
0.792887,605,442079.810692,1,2,-13,164
1.442192,378,442091.926661,2,0,47,-1
0.614,622,440.621206,811,442117.511.415381,456,4421.426812,369,442129.321.402238,624,4421.362,710,442154.248761.184,684,441.596,837,442182.177991.069375,5191.501548,364,442194.9760291.484057,3910.39,748,442221.158844,0,21.360651,1.471325,410,442234.293873,2,1.624399,40.939591,641,442256.9734,2,0,27,-1
1.368602,468,442273.037546,2,01.37099,1.426897,429,442286.748376,21.323,847,442304.794416,1,2,-1,3
1.3961,399,4421.362841,747,442329.021.489,886,442341.615086,611,442349.1.430829,423,442361.68,803,442377.67771.152,696,4421.353841,598,442397.91.517325,383,44241.80334,712,442421.8161.606,806,4424271.405625,526,442431.423625,417,442442.1.405057,498,442451.233887,725,442467.1.177,680,442479.590681,1,2,-1,67
1.335929,426,442494.1.87399,634,4425001.929,317,442505.5871.25,611,442521.1.351,665,442527.1.491443,452,44251.635922,385,442541.1.353137,613,4425571.641929,691,4425641.60599,377,442570.1.448582,499,4425811.517582,777,442590.667897,839,442610.576048,1,2,-1,20
1.354,898,442641.491818,1,2,-1,92
1.295472,409,442654.671394,2,0,4,-1
1.707913,346,442666.816403,2,0,152,-1
1.173,654,442688.85362,1,2,-1,105
1.863922,780,442716.084334,2,1,128,-1
1.797017,660,442738.256114,2,1,96,-1
1.686,793,442765.799544,1,1,-1,1
1.50879,770,442791.586443,2,1,7,-1
1.589,898,442822.501761,1,2,-1,26
1.314824,726,442846.833586,1,2,-12,62
1.673018,917,442878.74397,2,1,9,-1
1.379381,473,442894.986452,2,0,19,-1
1.470086,552,442913.734336,2,0,98,-1
0.710631,616,442934.641389,2,0,11,-1
1.400456,389,442948.190934,2,0,63,-1
1.508827,404,442962.30185,2,0,113,-1
1.375109,577,442981.870575,2,0,52,-1
1.450275,781,443009.036763,2,1,2,-1
1.59099,365,443020.7478,2,0,137,-1
1.060587,811,443048.935805,1,2,-1,27
1.65099,339,443060.926986,2,0,137,-1
1.62099,338,443071.743989,2,0,137,-1
0.940699,443,443086.986753,2,0,5,-1
1.255,665,443109.286205,1,2,-1,45
1.130836,724,443134.708046,2,1,120,-1
1.376925,493,443151.59485,2,0,49,-1
1.295018,554,443170.445584,2,0,9,-1
1.385703,467,443186.459875,2,0,51,-1
1.6885,817,443213.6449,2,1,45,-1
1.313386,467,443229.672931,2,0,12,-1
1.65099,352,443242.055816,2,0,137,-1
1.501793,445,443257.378161,2,0,110,-1
1.632827,680,443280.29019,2,1,113,-1
1.37,705,443304.953465,1,2,-1,113
1.550275,1050,443340.740934,2,1,2,-1
1.415328,486,443357.387418,2,0,57,-1
1.58199,362,443368.977314,2,0,137,-1
1.369232,383,443382.283182,2,0,41,-1
1.065,757,443407.584034,1,2,-1,95
1.754307,725,443432.959562,2,1,72,-1
1.525034,387,443446.466926,2,0,122,-1
1.604,790,443472.8188,1,2,-1,22
0.386007,656,443494.910637,0,2,-1,114
1.605,879,443525.201195,1,2,-1,22
1.464,989,443559.023666,1,2,-1,6
1.33754,401,443572.92458,2,0,20,-1
1.739,832,443601.807986,1,2,-1,5
1.381109,469,443616.782332,2,0,52,-1
0.74799,828,443645.550755,1,2,-1,71
0.732402,996,443679.551336,1,1,-1,135
1.712391,869,443709.485824,2,1,92,-1
1.53735,379,443721.606414,2,0,107,-1
1.109,686,443745.679675,1,2,-1,120
1.18299,861,443774.400769,1,2,-1,8
1.344373,522,443792.122238,2,0,38,-1
1.549482,958,443825.025507,1,2,-7,33
1.369064,678,443848.894062,1,2,-1,38
1.470086,397,443861.673441,2,0,98,-1
1.099,596,443882.875633,1,2,-1,64
1.676477,376,443894.938977,2,0,145,-1
0.976718,800,443922.918244,1,2,-1,25
1.532181,391,443936.511838,2,0,127,-1
1.519815,563,443955.552346,2,0,90,-1
1.421,960,443988.460202,1,2,-1,18
1.04505,558,444007.68833,2,0,136,-1
1.58499,336,444018.531505,2,0,137,-1
1.629104,1007,444052.943728,2,1,37,-1
1.401553,424,444067.644134,2,0,48,-1
1.30179,458,444083.44443,2,0,7,-1
1.307472,527,444101.451015,2,0,4,-1
1.244114,354,444113.908785,2,0,137,-1
1.364412,478,444130.283302,2,0,25,-1
1.724086,659,444152.482512,2,1,98,-1
1.351007,747,444177.45541,1,2,-15,99
1.438,746,444203.516509,1,2,-1,74
1.62099,335,444215.34713,2,0,137,-1
1.08799,698,444238.87302,1,2,-1,31
1.627,845,444268.152788,1,2,-1,31
0.673,661,444290.421107,0,2,-1,3
1.60299,351,444302.774683,2,0,137,-1
1.576122,754,444328.015928,2,1,94,-1
1.379627,359,444340.590071,2,0,65,-1
0.521,630,444361.802073,0,2,-1,12
1.995,373,444374.790688,2,0,176,-1
0.774386,1042,444410.398043,1,2,-1,6
1.566922,440,444425.58159,2,0,128,-1
1.454829,404,444438.609746,2,0,74,-1
1.79134,747,444465.076637,2,1,34,-1
0.755187,627,444486.226765,2,0,43,-1
1.519627,408,444500.363824,2,0,65,-1
0.339,533,444518.507473,0,2,-1,115
0.629,566,444537.879269,0,2,-1,31
1.50807,432,444552.809386,2,0,111,-1
1.669332,374,444565.857713,2,0,144,-1
1.361587,550,444584.57975,2,0,35,-1
1.639,806,444611.531594,1,1,-1,21
1.552,727,444636.981136,1,2,-1,64
1.54107,411,444650.198567,2,0,111,-1
1.468307,485,444666.882176,2,0,72,-1
0.92623,428,444681.789164,2,0,128,-1
1.466829,413,444696.055144,2,0,74,-1
1.450705,828,444724.72238,2,1,21,-1
1.523736,395,444737.387656,2,0,93,-1
1.60899,336,444749.134221,2,0,137,-1
1.962,332,444760.838609,2,0,176,-1
1.36154,471,444777.040102,2,0,20,-1
1.360048,857,444805.587365,2,1,23,-1
1.662084,682,444829.613133,2,1,91,-1
1.371958,366,444841.350358,2,0,54,-1
1.428,673,444865.012516,1,2,-1,64
1.43826,702,444888.585144,2,1,11,-1
0.962079,475,444904.904542,2,0,137,-1
1.207381,647,444926.758064,2,1,19,-1
1.664477,389,444940.276822,2,0,145,-1
1.65699,401,444954.199346,2,0,137,-1
1.504034,390,444967.751138,2,0,122,-1
1.489358,368,444979.65265,2,0,105,-1
1.284,725,445004.913214,1,2,-1,128
1.371896,434,445019.90106,2,0,62,-1
1.60899,342,445030.884569,2,0,137,-1
1.06,671,445054.543085,1,2,-1,118
1.257,685,445077.572128,1,2,-1,141
1.427625,660,445099.751268,1,2,-9,53
1.610477,345,445111.884974,2,0,145,-1
1.578594,350,445124.214891,2,0,124,-1
1.050529,707,445147.975761,1,2,-1,44
1.316472,700,445171.475245,2,0,4,-1
1.192358,802,445199.383196,1,1,-1,21
1.10626,1152,445238.43729,1,1,-1,-1
1.12868,942,445270.937458,2,0,3,-1
0.447,572,445290.376103,0,2,-1,93
0.721582,749,445316.611878,1,2,-1,52
1.391311,411,445329.818069,2,0,59,-1
0.368,576,445349.388065,0,2,-1,115
1.56699,344,445361.477817,2,0,137,-1
0.601694,472,445377.668017,0,2,-1,40
1.409,810,445405.716254,1,2,-1,26
1.516,678,445428.540985,1,1,-1,52
0.933374,832,445457.325412,2,1,13,-1
1.844391,870,445486.134049,2,1,92,-1
1.598529,771,445512.957854,2,1,97,-1
1.37354,418,445527.408005,2,0,20,-1
1.154824,700,445550.821703,1,2,-1,129
1.995,330,445562.706528,2,0,176,-1
1.412925,491,445579.671521,2,0,49,-1
1.60899,363,445591.282317,2,0,137,-1
0.925638,477,445607.603723,2,0,52,-1
1.425906,891,445638.308434,2,0,137,-1
0.808353,535,445656.539248,2,0,58,-1
1.329602,466,445672.549404,2,0,26,-1
1.992805,809,445699.505328,2,1,146,-1
1.64499,362,445712.197459,2,0,137,-1
1.32218,646,445734.007481,2,0,1,-1
1.352587,446,445749.445841,2,0,35,-1
1.349999,415,445763.719093,2,0,28,-1
1.513,879,445794.111933,1,2,-1,2
1.518,925,445825.970478,1,2,-1,57
1.732122,670,445848.467109,2,1,94,-1
1.540594,750,445873.581817,2,1,124,-1
1.160316,793,445901.087588,2,1,47,-1
1.289694,827,445929.709736,1,2,-1,100
0.398,467,445945.806745,0,2,-1,101
1.578025,383,445958.087267,2,0,132,-1
1.98499,879,445988.353812,2,1,137,-1
0.897199,560,446007.423635,2,0,46,-1
1.461086,362,446020.100634,2,0,98,-1
1.100369,591,446040.080009,2,0,131,-1
1.61799,342,446052.265849,2,0,137,-1
1.356373,395,446064.89657,2,0,38,-1
1.542086,356,446077.417605,2,0,98,-1
1.17201,920,446108.992464,2,1,86,-1
1.402871,469,446125.100318,2,0,70,-1
1.743192,888,446155.651242,2,1,47,-1
1.658477,405,446168.597553,2,0,145,-1
0.978,609,446189.132998,1,2,-1,149
1.672,829,446217.999812,1,2,-1,1
1.60899,351,446230.3126,2,0,137,-1
1.104,729,446254.791345,1,2,-1,176
1.179555,584,446274.603136,1,2,-1,151
1.100141,487,446291.31275,2,0,96,-1
0.772245,995,446325.311094,1,2,-13,135
1.570399,392,446338.964571,2,0,135,-1
1.323125,810,446367.1414,1,2,-1,5
1.61499,340,446378.041087,2,0,137,-1
1.390238,480,446394.47579,2,0,66,-1
1.343587,436,446409.497699,2,0,35,-1
1.489325,383,446422.772678,2,0,106,-1
1.375929,340,446433.699991,2,0,16,-1
1.083,816,446462.111291,1,2,-1,176
1.519325,456,446477.821847,2,0,106,-1
1.488922,450,446493.321444,2,0,128,-1
1.023064,924,446525.108649,2,1,35,-1
1.462017,403,446538.009688,2,0,96,-1
1.65399,381,446551.341088,2,0,137,-1
1.276206,413,446565.602603,2,0,29,-1
1.598086,654,446587.585821,2,1,98,-1
0.542925,928,446619.507134,1,2,-1,33
1.380705,416,446633.95431,2,0,21,-1
1.33154,466,446649.960537,2,0,20,-1
1.341575,402,446663.958849,2,0,5,-1
2.022,322,446674.288784,2,0,176,-1
2.019,373,446687.439096,2,0,176,-1
1.486841,768,446713.104521,2,1,46,-1
1.057328,834,446742.040072,1,2,-1,36
1.451736,455,446757.630741,2,0,93,-1
0.872443,824,446786.21379,1,2,-1,43
1.63899,412,446799.444463,2,0,137,-1
1.679797,763,446826.019643,2,1,27,-1
1.095948,563,446845.21873,1,2,-14,166
1.02,798,446872.99962,1,2,-1,159
1.353089,415,446886.324819,2,0,0,-1
1.752868,790,446913.714402,2,1,67,-1
0.786381,959,446946.601696,1,2,-1,5
1.39034,415,446960.949451,2,0,34,-1
0.746721,635,446982.349726,2,0,22,-1
1.283477,793,447008.853078,2,1,129,-1
1.483447,445,447024.103431,2,0,104,-1
1.769627,819,447052.495152,2,1,65,-1
1.31954,472,447068.686178,2,0,20,-1
0.895317,552,447087.419812,2,0,15,-1
1.61499,360,447098.952777,2,0,137,-1
1.776169,715,447124.099928,2,1,44,-1
1.411328,414,447138.404566,2,0,57,-1
1.335841,482,447154.919064,2,0,36,-1
1.384,745,447179.887455,1,2,-1,96
0.946157,474,447196.114458,2,0,59,-1
1.356824,415,447210.410923,2,0,60,-1
1.579125,381,447223.672982,2,0,136,-1
1.879,565,447242.760238,2,1,176,-1
1.413,640,447264.297318,1,2,-1,20
1.405238,426,447279.024747,2,0,66,-1
1.467086,415,447293.384693,2,0,98,-1
1.521086,671,447316.066082,2,1,98,-1
1.310386,472,447332.339633,2,0,12,-1
1.400868,562,447351.383303,2,0,67,-1
1.44,692,447374.644224,1,2,-1,57
1.740352,800,447402.377925,2,1,61,-1
1.61499,350,447414.641381,2,0,137,-1
1.810325,724,447438.862266,2,1,106,-1
0.635626,976,447472.364852,2,1,28,-1
0.684977,734,447497.016944,2,0,23,-1
1.63076,838,447526.028714,1,2,-11,4
1.474358,372,447539.008863,2,0,105,-1
1.53207,384,447551.239856,2,0,111,-1
1.523,996,447585.274392,1,2,-1,41
1.327681,454,447600.866201,2,0,6,-1
1.572922,338,447612.762008,2,0,128,-1
1.606,696,447636.307276,1,2,-1,0
1.382,704,447661.090337,1,2,-1,79
1.662363,336,447671.858817,2,0,143,-1
1.644805,406,447685.965018,2,0,146,-1
1.364787,482,447702.507913,2,0,15,-1
0.667,745,447727.549455,0,2,-1,10
1.478582,477,447743.861005,2,0,89,-1
1.60899,331,447755.49673,2,0,137,-1
1.60299,421,447770.075409,2,0,137,-1
0.427,583,447789.928636,0,2,-1,92
2.025,349,447802.261415,2,0,176,-1
1.748553,803,447829.002044,2,1,48,-1
1.68499,648,447850.869237,2,1,137,-1
1.62399,352,447863.245204,2,0,137,-1
1.445,819,447891.680186,1,2,-1,55
2.022,353,447903.02747,2,0,176,-1
1.543846,367,447915.907791,2,0,120,-1
1.360227,498,447932.885036,2,0,24,-1
1.926,339,447944.868173,2,0,176,-1
1.105431,410,447959.110471,2,0,72,-1
1.363309,368,447970.94882,2,0,50,-1
1.934615,633,447993.332765,2,1,137,-1
1.601354,352,448004.616149,2,0,133,-1
1.491086,396,448018.336024,2,0,98,-1
1.48379,392,448031.98281.02399,828,4481.641086,759,448057.405236,2,1,98,-1
1.848895,736,448083.051931,2,1,121,-1
1.223829,604,448103.559227,2,1,74,-1
1.386252,731,448128.084644,1,2,-1,70
1.60299,378,448141.31.2,671,448146.4711.733578,776,4480.750017,812,448174.601.414,652,448190.1.129307,1020,44821.432086,733,448214.1.541895,428,448221.92,323,448226.277061.369868,727,448248.711405,2,1,67,-1
0.989,659,448270.852756,1,2,-1,136
0.908,665,448294.318713,1,2,-1,147
1.769137,901,448325.331719,2,1,10,-1
1.701,845,448353.422385,1,2,-1,10
2.022,416,448367.831072,2,0,176,-1
1.340412,502,448384.976871,2,0,25,-1
1.59781,467,448401.035534,2,0,134,-1
1.282882,770,448426.755866,2,1,137,-1
1.66499,615,448448.683494,2,1,137,-1
1.679477,362,448460.364284,2,0,145,-1
1.570846,405,4481.577578,815,448484.2161.553057,803,448502.258149,2,1,73,-1
1.58799,336,448513.039048,2,0,137,-1
1.541354,407,448527.220366,2,0,133,-1
1.447222,360,448539.813747,2,0,87,-1
1.508827,371.356,758,448559.915025,1,2,1.3509021.283,631,448581.178509,1,2,-1.123706,915,448598.72405,2,1,56,-1
1.506529,429,448613.533998,2,0,97,-1
1.707034,664,448635.873449,2,1,122,-1
1.163181.249,789,448652.627781,1,2,-1,1.5181.664535,694,448677.041853,2,10.92946,526,448692.991489,2,0,124,-1
1.400829,429,448706.77289,2,0,74,-1
1.83035,811,448734.871952,2,1,107,-1
1.41.32242,408,448748.690397,2,0,30,-11.186,628,448769.945784,1,2,-1,134
1.353602,490,448786.729599,2,0,26,-1
0.956956,448,448802.168504,2,0,120,-1
1.092411,569,448821.568391,2,0,77,-1
1.390018,447,448836.962002,2,0,9,-1
1.477592,412,448851.222187,2,0,103,-1
1.848736,817,448878.513095,2,1,93,-11.1.43304,376,448891.638797,2,0,101,-11.556,792,448912.863736,1,2,-1,7
1.395,884,448943.47793,1,2,-1,10
1.422086,1.390866,485,448958.113351,2,1.723089,1.517,767,448983.820117,1,2,1.24521.527007,843,449013.095734,1,2,-1.30718,562,449028.708438,2,0,1,-1
1.62099,1.367,659,449047.568717,1,2,-1.43001.62399,360,449060.163676,2,0,131.41581.634,858,449088.78665,1,1,-1,131.1.038454,768,449115.528339,2,1,67,-11.1.13838,527,449133.465388,2,0,137,-112.237,628,449154.971404,2,1,176,-1
2.260408,715,449179.098863,2,1,176,-1
1.336587,651,449202.117317,2,1,35,-1
1.537846,354,449213.467963,2,0,120,-1.21.545,691,449237.80071,1,2,-1,23
1.48935,378,449249.97624,2,0,107,-1
1.023381,881,449278.508137,1,2,-1,9
1.339309,405,449292.548148,2,0,50,-1
1.1.353115,850,449318.238944,2,1,106,-11.936354,821,449334.149815,2,1,133,-1
11.85399,678,449355.988315,2,1,137,-110.914789,602,449377.45272,2,0,51,-1
11.732,818,449402.602696,1,1,-1,0
2.09,645,449424.415619,2,1,176,-1
2.007,390,449437.995262,2,0,176,-1
0.895287,834,449466.877327,1,2,-1,45
1.592354,361,449478.460139,2,0,133,-1
1.635057,716,449503.503934,2,1,52,-1
1.972034,833,449532.30562,2,1,122,-1
1.02099,802,449557.372671,1,2,-1,102
1.317,805,449585.407011,1,2,-1,10
0.966255,515,449602.9851,2,0,105,-1
0.961341,827,449630.577837,2,1,97,-1
1.494086,368,449643.41185,2,0,98,-1
0.458917,783,449669.599109,1,2,-1,88
1.244353,1159,449709.926785,2,1,97,-1
1.357089,423,449723.454663,2,0,0,-1
1.385999,440,449738.66924,2,0,28,-1
0.827391,775,449765.623945,1,2,-1,71
1.732703,882,449791.375386,2,1,176,1.421.169314,525,449809.278081,2,0,1061.4611.475827,392,449822.937467,2,0,111.15771.597,819,449851.280353,1,2,-1,1.284,715,449867.990402,1,2,-1,2
1.569991.638,727,449891.732007,1,1,-1,1.041.464086,382,449905.125992,2,0,981.4431.384979,795,449931.679382,2,1,1371.4451.394582,438,449946.711181,2,0,890.8751.56399,351,449958.972792,2,0,1371.6141.632824,828,449987.616387,2,1,601.5311.62099,363,449999.241964,2,0,137,1.571.178555,662,450022.613328,1,2,-1,73
0.612887,492,450039.427763,0,2,1.624,81.71099,376,450051.452205,2,1.480505,51.347,753,450077.901165,1,2,-1.617990.784868,733,450102.530108,2,0,63,-1
1.382868,414,450116.859201,2,0,67,-1
1.748,1000,450150.997021,1,2,-1,0
1.631602,815,450179.162395,2,1,26,-1
1.119837,684,450202.196885,2,1,43,-1
1.710913,477,450218.54447,2,0,152,-1
1.211625,572,450237.945166,1,2,-1,17
1.591,833,450266.812655,1,2,-1,36
1.636089,852,450295.210463,2,1,0,-1
1.64499,341,450307.191427,2,0,137,-1
0.951694,610,450327.789413,1,2,-1,176
0.262847,866,450357.826398,1,2,-1,107
1.36242,374,450369.839567,2,0,30,-1
1.473931,442,450385.111171,2,0,84,-1
1.165836,681,450409.178015,1.413,858,451.644516,667,450431.608412,2,1,13,-1
0.79935,608,450452.104283,1,2,-1,104
1.780827,676,45041.459,865,450481.093021.444815,444,1.112841,1027,450516.20344,1,2,-1,12
1.651332,416,450530.566841.604,712,45051.426093,612,450551.234845,2,1,98,-1
1.458529,438,4505661.254216,818,4505691.313,821,450593.690958,1,2,-1,129
1.946113,401,450607.606228,2,0,170,-1
1.61499,372,450620.660903,2,0,137,-1
1.094548,1030,450655.77717,1,2,-1,1
1.592868,661,450678.045445,2,1,67,-1
1.621399,376,450691.095096,2,0,135,-1
1.427287,402,450705.00666,2,0,77,-1
1.697,784,450731.178282,1,2,-1,1
1.016318,1046,450766.817622,2,1,55,-1
1.680866,784,450794.188671,2,1,32,-1
0.233018,872,450823.165788,1,2,-1,119
1.394307,399,450837.063577,2,0,72,-1
1.502827,412,450851.295173,2,0,113,-1
1.61199,365,450864.041082,2,0,137,-1
1.473086,374,450876.024313,2,0,98,-1
1.28,796,450903.723171,1,2,-1,16
1.567846,433,450918.651613,2,0,120,-1
1.3951,387,450932.110755,2,0,33,-1
0.961314,642,450953.694995,2,1,106,-1
1.450017,349,450966.010049,2,0,96,-1
1.482582,379,450978.147294,2,0,89,-1
1.356812,439,450993.365782,2,0,58,-1
0.312,455,451009.03338,0,2,-1,136
1.73899,591,451029.172146,2,1,137,-1
1.716049,659,451051.386648,2,1,79,-1
0.708529,880,451081.76222,1,2,-1,151
1.360797,551,451100.50419,2,0,27,-1
1.65690.599925,870,451113.819893,1,2,-0.666,714,451137.177749,0,2,-1,9
1.367868,477,451153.502642,2,0,67,-1
1.620805,1.3,833,451176.797121,1,2,-1,11.661.29434,725,451201.014868,2,1,1.645591.51,780,451228.093739,1,1,-1,-11.1.747352,807,451255.049755,2,1,610.911154,770,451278.541517,2,1,96,-1
1.317828,734,451304.196954,2,1,51,-1
1.434086,487,451320.889152,2,0,98,-1
1.601.446,860,451341.966165,1,2,-1,1111.467086,368,451354.84805,2,0,98,-1
1.077694,782,451381.03285,2,1,43,-1
1.238,729,451406.543873,1,2,-1,130
1.651399,600,451426.860024,2,1,1351.6620.919701,496,451443.83743,2,0,22,-1
0.545,498,451460.909725,0,2,-1,67
1.534004,1068,451497.365371,2,1,130,-1
1.183726,977,451530.839138,2,1,31,-1
1.244275,650,451552.681857,2,1,2,-1
1.555673,805,451580.722329,2,1,137,-1
1.375,709,451604.593441,1,2,-1,47
1.257,767,451631.393207,1,1,-1,-1
1.619575,916,451661.803322,2,1,5,-1
1.57299,354,451674.321754,2,0,137,-1
1.297007,813,451702.539084,1,2,-1,21
1.977,379,451714.657244,2,0,176,-1
1.364169,465,451730.699512,2,0,44,-1
1.334373,887,451761.308223,2,1,170,-1
1.50779,431,451776.231453,2,0,102,-1
0.665,731,451800.690144,0,2,-1,3
1.171408,601,451821.000636,1,2,-1,12
1.363457,596,451842.24563,2,1,140,-1
1.440049,390,451854.695543,2,0,79,-1
1.53699,355,451867.174522,2,0,137,-1
1.381,700,451890.726073,1,2,-1,90
1.600994,654,451913.863055,2,1,16,-1
1.415829,436,451928.870011,2,0,74,-1
1.731,770,451954.640122,1,2,-1,5
1.56399,349,451966.928825,2,0,137,-1
0.765886,983,452000.566193,1,2,-1,56
1.367535,463,452016.610511,2,0,42,-1
1.62099,342,452027.556894,2,0,137,-1
1.509529,370,452040.513868,2,0,97,-1
1.98581,762,452066.017237,2,1,134,-1
1.455917,577,452086.733754,2,0,81,-1
1.028298,490,452103.537676,2,0,50,-1
1.62155,939,452134.736122,2,1,7,-1
1.068111,502,452151.933125,2,0,137,-1
1.370311,448,452167.345081,2,0,59,-1
1.373169,383,452180.765218,2,0,44,-1
1.920113,744,452205.774358,2,1,170,-1
1.630086,711,452230.759636,2,1,98,-1
1.094896,1091,452267.837793,1,1,-1,5
1.507866,880,452298.143701,2,1,32,-1
1.61499,357,452309.578957,2,0,137,-1
0.775332,596,452330.828123,2,0,2,-1
1.334287,478,452346.293219,2,0,77,-1
1.429516,413,452360.60195,2,0,68,-1
1.183,653,452383.643497,1,2,-1,111
1.56999,653,452405.649687,2,1,137,-1
1.986,367,452418.503106,2,0,176,-1
0.712,563,452437.611102,0,2,-1,0
0.945931,414,452450.802857,2,0,55,-1
0.879428,508,452468.083023,2,0,96,-1
1.027403,1019,452502.868644,1,2,-13,58
1.357866,517,452520.609452,2,0,32,-1
1.33864,510,452538.003077,2,0,31,-1
0.972582,508,452555.398752,2,0,82,-1
0.583,609,452577.167966,0,2,-1,41
1.383089,429,452590.924354,2,0,0,-1
1.441057,456,452606.667757,2,0,73,-1
1.575,697,452631.102052,1,2,-1,32
1.601,713,452654.922552,1,2,-1,11
1.30479,530,452673.035194,2,0,7,-1
2.117,665,452695.318695,2,1,176,-1
1.318866,377,452708.477189,2,0,32,-1
1.444516,784,452735.741215,2,1,13,-1
1.349137,457,452751.406336,2,0,146,-1
1.436997,404,452764.332594,2,0,85,-1
1.473086,361,452776.958605,2,0,98,-1
1.65399,362,452789.626357,2,0,137,-1
1.625354,349,452800.759884,2,0,133,-1
0.981625,630,452823.079041,1,2,-9,176
1.415829,447,452838.618774,2,0,74,-1
1.527,800,452865.214271,1,2,-1,2
1.382703,375,452878.303483,2,0,51,-1
1.410075,490,452895.071209,2,0,17,-1
1.510529,336,452905.78137,2,0,97,-1
1.137,656,452928.913539,1,2,-1,99
1.470086,483,452945.525817,2,0,98,-1
1.803775,749,452970.565312,2,1,113,-1
1.513824,712,452995.477664,1,2,-1,40
1.384048,470,453010.546224,2,0,23,-1
1.428917,410,453024.75007,2,0,81,-1
1.36,680,453048.639724,1,2,-1,53
1.501887,775,453074.520361,1,2,-13,24
1.402017,398,453088.271256,2,0,96,-1
1.215,883,453118.666565,1,2,-1,0
2.049,385,453130.97904,2,0,176,-1
1.59091.551,892,453153.74838,1,2,-1,501.61299,629,453174.993268,2,1,137,-10.766,793,453194.423318,0,2,-1,82
0.831.534979,853,453218.69645,2,1,137,1.870.623694,570,453238.010174,0,2,-100.711529,706,453261.597849,1,2,-1,11
1.225,819,453289.041452,1,2,-1,151
1.7301.549007,712,453303.886797,1,2,-1,0.662,536,453320.455576,1,2,-1,176
1.461.467,756,453341.73149,1,2,-1,58
1.151446,801,453359.4361,2,1,137,-1
0.920361,562,453375.126266,2,0,3,-1
1.1.623979,939,453407.050353,2,1,137,-1.11.4341,674,453429.704273,2,1,33,-1.40.985508,474,453445.929874,2,0,106,1.311.31499,852,453475.313576,1,2,-1,81.376,709,453495.235095,1,2,-1,120
1.24776,650,453517.267404,1,2,-11,47
1.621,983,453550.897707,1,1,-1,-1
1.275,718,453576.081811,1,2,-1,84
1.500587,722,453600.256016,2,1,35,-1
1.418343,695,453624.656475,2,1,133,-1
1.449,844,453652.784678,1,2,-1,20
1.394,882,453683.378918,1,2,-1,8
0.907028,491,453700.142689,2,0,51,-1
1.517548,388,453713.672626,2,0,95,-1
1.650052,893,453743.45519,2,1,24,-1
1.721385,747,453769.560076,2,1,88,-1
1.069827,786,453795.872045,1,2,-1,22
1.107538,394,453809.561992,2,0,95,-1
1.124375,488,453826.282479,2,0,88,-1
1.584594,355,453838.871941,2,0,124,-1
0.715095,547,453857.536329,2,0,24,-1
1.347373,594,453877.644435,2,0,38,-1
1.348372,431,453892.475494,2,0,3,-1
1.363897,369,453905.34189,2,0,83,-1
1.093829,891,453935.119492,1,2,-1,25
1.525505,359,453947.731667,2,0,116,-1
1.173345,724,453972.124919,2,1,57,-1
1.612399,386,453985.647473,2,0,135,-1
1.14014,1117,454023.558811,2,1,75,-1
1.086882,534,454041.754763,2,0,82,-1
1.202931,810,454069.923228,2,1,122,-1
1.26499,1006,454104.164024,1,2,-1,6
1.567,700,454127.705875,1,2,-1,23
1.559021,425,454142.525335,2,0,125,-1
1.464,722,454167.692945,1,2,-1,46
1.321,723,454191.950316,1,2,-1,47
1.34654,478,454208.325127,2,0,20,-1
1.323575,513,454225.829018,2,0,5,-1
1.525,705,454249.486065,1,2,-1,41
1.442057,440,454264.627773,2,0,73,-1
1.669332,391,454278.247068,2,0,144,-1
1.375841,524,454296.152096,2,0,36,-1
1.366227,437,454311.2513,2,0,24,-1
1.481122,406,454325.462151,2,0,94,-1
1.555256,680,454348.416039,2,1,123,-1
1.093433,509,454365.840706,2,0,137,-1
1.646477,402,454379.840096,2,0,145,-1
1.453,658,454401.970137,1,2,-1,69
1.054,680,454424.795498,1,2,-1,78
1.70599,586,454444.668892,2,1,137,-1
1.434,653,454467.668951,1,2,-1,71
1.58799,363,454479.354808,2,0,137,-1
0.776925,976,454512.719588,1,2,-1,15
0.954779,660,454536.038961,2,0,7,-1
1.659,729,454560.364464,1,1,-1,14
2.022,399,454574.194671,2,0,176,-1
0.692897,787,454600.427243,1,2,-1,3
1.58499,359,454612.964955,2,0,137,-1
1.34354,459,454628.760383,2,0,20,-1
0.80663,536,454647.107941,2,0,89,-1
1.471897,528,454665.176898,2,0,176,-1
0.733929,921,454696.864479,1,2,-1,5
1.640841,806,454723.813365,2,1,36,-1
1.97699,831,454752.577596,2,1,137,-1
1.215,728,454776.993509,1,2,-1,16
1.558,686,454801.093903,1,2,-1,24
1.354089,548,454819.704578,2,0,0,-1
0.943053,497,454836.690682,2,0,51,-1
1.534505,690,454859.869911,2,1,116,-1
1.965,341,454871.858706,2,0,176,-1
1.464086,389,454885.410995,2,0,98,-1
1.656363,358,454896.880162,2,0,143,-1
0.824996,774,454923.863655,2,1,113,-1
1.593,932,454955.928082,1,2,-1,19
0.842937,766,454981.584519,1,2,-1,12
0.507,662,455003.922364,0,2,-1,16
1.292075,502,455021.120328,2,0,17,-1
1.371948,744,455047.100679,1,2,-14,32
1.405625,398,455060.950503,2,0,75,-1
1.418829,384,455073.266936,2,0,74,-1
1.675381,881,455103.686513,2,1,19,-1
1.336089,578,455123.291941,2,0,0,-1
1.56999,372,455136.317919,2,0,137,-1
1.329,965,455169.428634,1,2,-1,114
2.025,350,455181.747784,2,0,176,-1
1.515695,788,455208.102316,2,1,5,-1
1.338824,857,455237.753843,1,2,-1,131
1.658477,372,455249.622271,2,0,145,-1
1.578,933,455281.719171,1,2,-1,13
1.877354,722,455307.139218,2,1,133,-1
1.543846,434,455322.216003,2,0,120,-1
1.145,776,455348.244834,1,2,-1,97
1.655477,377,455361.428437,2,0,145,-1
1.419929,597,455381.61795,2,0,16,-1
1.342206,749,455406.722834,2,1,29,-1
1.508827,373,455419.753573,2,0,113,-1
1.155582,1218,455462.130235,2,0,72,-1
1.112,721,455486.394983,1,2,-1,176
1.499592,357,455498.938612,2,0,103,-1
0.571773,656,455521.066818,1,2,-1,124
1.340412,463,455536.977634,2,0,25,-1
2.137,827,455564.582014,2,1,176,-1
0.788934,686,455588.714732,2,0,17,-1
1.688874,872,455617.864165,2,1,22,-1
1.765516,935,455650.030672,2,1,68,-1
1.489325,437,455665.161308,2,0,106,-1
1.622,837,455694.050138,1,2,-1,2
1.391797,478,455710.429113,2,0,27,-1
1.367169,447,455725.849853,2,0,44,-1
1.429084,392,455738.411078,2,0,91,-1
1.62099,371,455751.418677,2,0,137,-1
1.105006,699,455774.883081,2,1,124,-1
1.62699,355,455787.398507,2,0,137,-1
2.022,352,455799.759912,2,0,176,-1
1.62399,349,455811.988745,2,0,137,-1
1.426969,443,455826.220015,2,0,80,-1
0.696648,779,455853.289628,2,0,2,-1
1.98,356,455865.745732,2,0,176,-1
1.431917,400,455878.53743,2,0,81,-1
1.418402,440,455893.713704,2,0,55,-1
1.410391,381,455907.005959,2,0,92,-1
1.714797,758,455932.431188,2,1,27,-1
1.57318,749,455958.724157,2,1,1,-1
1.622,902,455989.847316,1,2,-1,9
1.378553,481,456006.374898,2,0,48,-1
1.79834,867,456035.223794,2,1,100,-1
1.653363,375,456048.386619,2,0,143,-1
1.671226,843,456077.529591,2,1,18,-1
1.62399,344,456088.525105,2,0,137,-1
1.778086,798,456116.321158,2,1,98,-1
1.515,903,456147.477939,1,2,-1,21
1.61499,324,456157.90372,2,0,137,-1
1.471325,404,456171.932199,2,0,106,-1
1.383874,446,456187.389781,2,0,22,-1
1.489122,382,456200.695886,2,0,94,-1
1.525034,400,456214.56678,2,0,122,-1
1.335602,460,456229.256609,2,0,26,-1
1.670477,392,456242.903143,2,0,145,-1
1.514827,363,456255.585108,2,0,113,-1
1.613892,700,456279.045141,2,1,82,-1
1.923,319,456290.327027,2,0,176,-1
1.364018,709,456314.089149,2,1,9,-1
1.480358,572,456333.489549,2,0,105,-1
1.676477,390,456347.019837,2,0,145,-1
1.566549,426,456361.721584,2,0,126,-1
1.489529,411,456375.949209,2,0,97,-1
1.537034,406,456389.959449,2,0,122,-1
1.542,881,456419.391111,1,1,-1,65
1.388,727,456444.83077,1,2,-1,95
0.845,718,456468.916307,1,2,-1,130
1.213,666,456491.275541,1,2,-1,86
1.32964,420,456505.870992,2,0,31,-1
0.874361,432,456520.81804,2,0,98,-1
0.988325,900,456551.84676,1,2,-1,79
1.62099,367,456564.74344,2,0,137,-1
1.598,835,456592.719225,1,2,-1,1
1.962,334,456604.495826,2,0,176,-1
1.381651,494,456621.39978,2,0,39,-1
1.361381,393,456635.04144,2,0,19,-1
1.965,325,456645.476078,2,0,176,-1
1.24,779,456672.652491,1,2,-1,144
1.381309,539,456690.997756,2,0,50,-1
1.291776,808,456718.047106,2,1,120,-1
1.340412,500,456735.121352,2,0,25,-1
1.995,351,456747.542221,2,0,176,-1
1.094467,901,456778.511978,2,1,19,-1
1.61799,339,456789.39492,2,0,137,-1
1.526,655,456812.497961,1,2,-1,4
0.043,486,456829.10551,0,2,-1,171
1.843125,640,456850.759887,2,1,136,-1
2.254,778,456876.866373,2,1,176,-1
1.892809,686,456900.958747,2,1,128,-1
1.646089,766,456926.764091,2,1,0,-1
1.61499,421,456941.299976,2,0,137,-1
1.403627,446,456956.690163,2,0,65,-1
1.389183,483,456973.207707,2,0,69,-1
1.537698,906,457004.398118,2,1,22,-1
1.063897,870,457033.227852,1,2,-1,30
1.346169,427,457047.960329,2,0,44,-1
1.379925,433,457062.902705,2,0,49,-1
1.35364,400,457076.818026,2,0,31,-1
1.498435,411,457091.044071,2,0,108,-1
1.531034,373,457102.935616,2,0,122,-1
1.414897,393,457116.626137,2,0,83,-1
1.415829,430,457131.466181,2,0,74,-1
1.968,359,457144.023289,2,0,176,-1
1.974,356,457155.448462,2,0,176,-1
1.51287,365,457168.197876,2,0,115,-1
1.667089,782,457195.425647,2,0,0,-1
1.162232,745,457220.385432,2,1,51,-1
1.617151,802,457248.390201,2,1,98,-1
1.335602,507,457265.777967,2,0,26,-1
1.860529,721,457289.902569,2,1,97,-1
1.51,736,457314.645352,1,2,-1,2
1.62517,719,457339.838745,1,2,-3,39
1.343528,422,457354.428937,2,0,53,-1
0.791,829,457382.183131,0,2,-1,28
1.057397,772,457409.09525,2,1,97,-1
1.714,780,457435.066959,1,2,-1,0
0.931529,869,457465.114778,1,2,-1,15
0.946,624,457486.118617,1,2,-1,171
1.421575,734,457511.844803,2,1,5,-1
1.35364,432,457526.757544,2,0,31,-1
1.465435,520,457544.549283,2,0,108,-1
1.099,614,457565.300371,1,2,-1,99
1.63335,703,457588.964911,2,1,107,-1
1.377812,438,457604.086417,2,0,58,-1
1.46,762,457629.646086,1,2,-1,62
1.418287,533,457648.938432,2,0,77,-1
1.57,745,457673.811925,1,2,-1,35
1.405017,503,457691.101994,2,0,96,-1
0.739381,904,457722.208634,1,1,19,-1
1.429017,447,457737.652396,2,0,96,-1
1.341443,416,457750.955457,2,0,76,-1
0.352064,614,457772.744335,0,2,-1,94
1.569922,364,457784.408625,2,0,128,-1
1.332048,461,457800.190592,2,0,23,-1
1.623948,855,457829.732915,1,2,-14,21
1.98,343,457841.815869,2,0,176,-1
1.552034,368,457853.63216,2,0,122,-1
1.198,671,457877.206589,1,2,-1,131
1.252,875,457906.265274,1,2,-1,8
1.699627,828,457935.037253,2,1,65,-1
0.864705,443,457950.334277,2,0,58,-1
1.277,652,457972.368185,1,2,-1,17
0.53799,716,457996.477409,1,2,-1,176
1.51307,400,458010.348251,2,0,111,-1
1.313075,462,458026.288415,2,0,17,-1
1.444815,409,458040.47794,2,0,90,-1
1.455086,402,458054.426943,2,0,98,-1
1.62099,388,458066.854696,2,0,137,-1
1.61199,339,458078.799248,2,0,137,-1
1.752902,422,458093.47062,2,0,155,-1
0.758,616,458114.334403,0,2,-1,1
1.676477,359,458126.977203,2,0,145,-1
1.62399,341,458139.032073,2,0,137,-1
1.609,813,458166.296273,1,2,-1,18
0.968,664,458188.634151,1,2,-1,156
1.52701,456,458204.363594,2,0,118,-1
1.352937,471,458220.523938,2,0,40,-1
0.949125,749,458246.707138,1,2,-1,13
1.498548,369,458258.53386,2,0,95,-1
1.214089,722,458283.788014,2,1,0,-1
1.441871,375,458296.930434,2,0,70,-1
1.596,737,458321.627005,1,2,-1,38
1.293858,410,458335.923548,2,0,56,-1
1.763812,900,458366.920386,2,1,58,-1
1.198,714,458390.747488,1,2,-1,89
1.53826,759,458416.11186,2,1,11,-1
1.328361,804,458444.011815,2,1,3,-1
1.485973,667,458466.755488,2,1,98,-1
1.064054,775,458493.829189,1,2,-16,10
1.557,803,458520.650287,1,2,-1,11
1.374529,367,458533.454483,2,0,97,-1
0.476,500,458550.53557,0,2,-1,3
1.340999,433,458565.476524,2,0,28,-1
1.624,792,458591.974112,1,2,-1,0
1.802086,754,458618.343095,2,1,98,-1
1.35364,460,458634.147524,2,0,31,-1
1.234321,883,458664.60989,2,1,61,-1
1.337787,408,458677.704179,2,0,15,-1
1.738391,690,458701.940351,2,1,92,-1
1.481084,390,458714.417441,2,0,91,-1
1.584363,327,458725.911845,2,0,143,-1
1.417871,497,458742.912982,2,0,70,-1
1.430689,519,458760.624115,2,0,99,-1
1.486529,368,458773.480271,2,0,97,-1
1.357651,450,458789.011619,2,0,39,-1
1.42118,679,458811.867938,2,1,1,-1
1.430892,430,458826.747958,2,0,82,-1
1.358587,451,458842.246703,2,0,35,-1
1.345897,350,458853.517892,2,0,83,-1
1.378,709,458878.317985,1,2,-1,8
1.467086,364,458891.071039,2,0,98,-1
1.453325,413,458904.25684,2,0,106,-1
1.601,824,458932.826031,1,2,-1,26
1.417,654,458954.84012,1,2,-1,85
1.520217,343,458966.895937,2,0,117,-1
1.795339,353,458979.283745,2,0,159,-1
1.62399,364,458990.994427,2,0,137,-1
1.172,636,459013.577718,1,2,-1,164
1.43518,771,459039.315146,2,1,1,-1
1.636157,366,459052.030396,2,0,139,-1
1.62699,369,459063.83795,2,0,137,-1
1.377602,528,459081.836076,2,0,26,-1
0.655,579,459102.480336,0,2,-1,6
1.02478,575,459121.925315,2,0,128,-1
1.61799,357,459133.37313,2,0,137,-1
1.040824,656,459156.608303,1,2,-1,157
1.34054,421,459171.154213,2,0,20,-1
1.364456,388,459183.564592,2,0,63,-1
1.382311,433,459198.450814,2,0,59,-1
1.509922,364,459211.224493,2,0,128,-1
1.681787,777,459237.325242,2,1,15,-1
1.596412,743,459263.216105,2,1,25,-1
1.49307,413,459277.52441,2,0,111,-1
1.55799,390,459290.065437,2,0,137,-1
2.1,572,459310.503918,2,1,176,-1
1.6821,854,459338.970084,2,1,33,-1
1.394456,490,459355.761304,2,0,63,-1
1.521,646,459377.484179,1,2,-1,31
1.61499,345,459389.612554,2,0,137,-1
1.89699,724,459413.915328,2,1,137,-1
0.992,786,459441.273247,1,2,-1,135
-0.061,517,459458.924337,0,2,-1,171
1.918125,857,459488.633868,2,1,136,-1
1.953,318,459498.839018,2,0,176,-1
1.608465,646,459521.704348,2,1,21,-1
1.56099,338,459532.549835,2,0,137,-1
1.758385,817,459560.928207,2,1,88,-1
1.651332,356,459573.394121,2,0,144,-1
1.392841,377,459585.471081,2,0,46,-1
1.384033,465,459601.432935,2,0,64,-1
1.79099,639,459622.938998,2,1,137,-1
1.901805,673,459646.780268,2,1,146,-1
1.647587,751,459671.973275,2,1,35,-1
1.385999,425,459686.690836,2,0,28,-1
1.648,908,459717.867651,1,2,-1,3
1.532,852,459746.174429,1,2,-1,14
1.321109,536,459765.441753,2,0,52,-1
1.376528,463,459780.224728,2,0,53,-1
1.494137,850,459809.685376,2,1,10,-1
1.54876,954,459842.319596,1,2,-11,44
1.692,800,459870.126103,1,2,-1,2
1.569,849,459898.337484,1,2,-1,6
1.61799,354,459910.72448,2,0,137,-1
1.352138,640,459932.318743,2,1,9,-1
0.677,580,459951.972898,0,2,-1,3
1.56099,353,459964.505183,2,0,137,-1
1.96299,836,459993.296046,2,1,137,-1
1.48935,484,460010.247427,2,0,107,-1
1.373311,457,460025.103233,2,0,59,-1
1.620787,849,460054.859463,2,1,15,-1
1.605,876,460085.123336,1,2,-1,17
1.62399,342,460096.098976,2,0,137,-1
1.385627,451,460111.57119,2,0,65,-1
2.025,375,460124.776856,2,0,176,-1
1.47435,358,460137.346686,2,0,107,-1
1.378,681,460160.284296,1,2,-1,24
1.382925,442,460175.505614,2,0,49,-1
1.437,764,460201.14606,1,2,-1,1
1.329,657,460224.402193,1,2,-1,99
1.760399,788,460250.87661,2,1,135,-1
1.370311,481,460267.343262,2,0,59,-1
1.61799,347,460279.600025,2,0,137,-1
1.505,771,460305.360541,1,2,-1,51
1.787416,619,460327.315821,2,1,97,-1
1.62099,338,460338.177888,2,0,137,-1
2.007,329,460349.86792,2,0,176,-1
1.629,630,460371.201097,1,2,-1,16
1.582738,460,460387.106623,2,0,130,-1
1.592354,362,460399.792231,2,0,133,-1
1.295,708,460423.611933,1,2,-1,127
1.382075,480,460440.073516,2,0,17,-1
1.32976,657,460462.296417,1,2,-1,101
1.577474,750,460488.423994,2,1,35,-1
1.385528,385,460501.811329,2,0,53,-1
1.579328,815,460529.013087,2,1,57,-1
1.337075,523,460546.80882,2,0,17,-1
0.720368,853,460576.193491,1,2,-1,109
1.424093,373,460589.167058,2,0,86,-1
1.408703,469,460604.144139,2,0,51,-1
1.338602,480,460620.697109,2,0,26,-1
1.112,639,460643.324217,1,2,-1,134
1.335,731,460667.87717,1,2,-1,80
1.390238,377,460681.058954,2,0,66,-1
1.345381,519,460698.73024,2,0,19,-1
1.968,330,460709.293551,2,0,176,-1
1.286,758,460735.708467,1,2,-1,8
1.992,384,460749.108738,2,0,176,-1
1.367528,450,460764.649424,2,0,53,-1
1.453017,494,460781.705378,2,0,96,-1
1.568017,595,460801.863445,2,1,96,-1
1.977,365,460813.603073,2,0,176,-1
1.486325,383,460826.926046,2,0,106,-1
2.019,342,460838.946572,2,0,176,-1
1.254137,377,460852.123176,2,0,10,-1
1.329902,605,460872.705323,2,0,8,-1
1.58799,334,460883.424176,2,0,137,-1
1.475,884,460913.947377,1,2,-1,21
1.593,800,460941.774968,1,1,-1,-1
1.383412,452,460957.367425,2,0,25,-1
1.51979,385,460969.754241,2,0,102,-1
1.285,701,460994.380392,1,2,-1,9
1.50207,474,461010.642063,2,0,111,-1
1.805084,769,461036.331753,2,1,91,-1
1.272137,390,461049.92917,2,0,10,-1
1.297309,399,461063.77088,2,0,50,-1
1.467529,372,461075.715887,2,0,97,-1
0.236812,765,461102.430432,1,2,-1,144
1.454736,424,461117.084496,2,0,93,-1
1.197954,946,461149.564297,2,0,40,-1
1.485007,786,461175.849178,1,2,-1,11
1.304017,873,461206.040756,2,1,121,-1
1.490309,836,461233.847953,2,1,50,-1
1.62399,342,461245.933207,2,0,137,-1
0.71787,738,461271.733696,1,2,-1,1
1.70499,716,461295.661556,2,1,137,-1
1.370086,722,461319.810196,1,2,-2,102
1.51887,417,461334.257012,2,0,115,-1
1.233,775,461361.238645,1,2,-1,120
1.374812,396,461373.937391,2,0,58,-1
1.384408,726,461399.343946,1,2,-6,79
1.334075,505,461416.568225,2,0,17,-1
2.035339,583,461436.382437,2,1,159,-1
1.329429,901,461467.473365,2,1,13,-1
1.325528,401,461481.398428,2,0,53,-1
1.524,744,461506.324425,1,2,-1,42
1.63399,682,461529.300513,2,1,137,-1
0.381948,465,461545.29846,0,2,-1,82
1.559,904,461576.495937,1,2,-1,29
1.27026,476,461592.83081,2,0,11,-1
1.341705,405,461606.870711,2,0,21,-1
1.345381,392,461620.516098,2,0,19,-1
1.328018,561,461639.576373,2,0,9,-1
1.534034,372,461651.479276,2,0,122,-1
1.656089,885,461681.868107,2,1,0,-1
1.356,799,461709.722353,1,2,-1,87
1.428625,628,461730.991818,1,2,-1,74
1.58581,385,461744.365661,2,0,134,-1
1.468846,360,461755.836515,2,0,120,-1
1.343997,349,461768.067775,2,0,85,-1
1.686913,350,461780.388804,2,0,152,-1
1.657,845,461808.636138,1,1,-1,2
1.191,660,461831.848056,1,2,-1,146
1.64626,821,461859.16548,2,1,11,-1
1.391328,438,461874.429502,2,0,57,-1
1.516447,372,461887.440921,2,0,104,-1
0.552846,582,461907.218382,1,2,-1,114
1.52034,361,461919.919938,2,0,100,-1
1.538084,718,461943.983815,2,1,91,-1
1.326114,437,461959.101607,2,0,137,-1
1.420155,502,461976.236165,2,0,78,-1
1.417,650,461998.172065,1,2,-1,59
1.591109,828,462026.978348,2,1,52,-1
1.58799,384,462040.315763,2,0,137,-1
1.197034,963,462072.266874,1,1,122,-1
1.320812,372,462085.237592,2,0,58,-1
1.424827,369,462098.144295,2,0,113,-1
1.291372,558,462117.148422,2,0,3,-1
1.60899,376,462130.28258,2,0,137,-1
1.47479,373,462142.246901,2,0,102,-1
1.837494,724,462167.59095,2,1,98,-1
1.433,894,462198.448685,1,2,-1,48
1.584821,421,462211.962758,2,0,131,-1
1.371192,439,462227.112631,2,0,47,-1
1.58499,391,462240.83235,2,0,137,-1
1.434086,403,462254.872814,2,0,98,-1
1.138,711,462278.720639,1,2,-1,167
1.25018,760,462305.256554,2,1,1,-1
1.607,753,462330.449665,1,2,-1,25
1.581887,807,462358.492651,1,2,-1,17
1.780895,864,462387.285516,2,1,121,-1
2.022,342,462399.30206,2,0,176,-1
1.62099,393,462412.906669,2,0,137,-1
2.019,385,462426.287716,2,0,176,-1
0.493,488,462442.992713,0,2,-1,21
1.531738,363,462454.584035,2,0,130,-1
1.406,766,462481.25005,1,2,-1,100
1.024,811,462508.279205,1,2,-1,136
1.42834,778,462535.488336,2,1,107,-1
1.467931,559,462554.466065,2,0,84,-1
1.60599,473,462570.707726,2,0,137,-1
1.58499,321,462581.000718,2,0,137,-1
1.859113,336,462592.806345,2,0,170,-1
1.507548,413,462607.085027,2,0,95,-1
1.457736,411,462621.36906,2,0,93,-1
1.445582,444,462636.649309,2,0,89,-1
1.434086,335,462647.370375,2,0,98,-1
1.442736,440,462662.608899,2,0,93,-1
1.62699,358,462675.128041,2,0,137,-1
1.79242,952,462707.811939,2,0,176,-1
1.561886,451,462723.313789,2,0,119,-1
1.361535,445,462737.556164,2,0,42,-1
1.274,762,462764.047757,1,2,-1,112
1.397311,433,462778.962393,2,0,59,-1
1.416275,700,462802.494642,2,1,2,-1
1.457238,413,462816.838587,2,0,66,-1
1.542488,809,462844.866617,2,1,20,-1
1.508895,392,462857.423947,2,0,121,-1
1.430627,488,462874.137929,2,0,65,-1
1.328587,551,462892.908871,2,0,35,-1
1.429897,479,462909.373434,2,0,83,-1
1.134,603,462929.741661,1,2,-1,41
1.578922,450,462945.240326,2,0,128,-1
1.267489,733,462970.898967,2,1,26,-1
1.471529,371,462982.773489,2,0,97,-1
1.137,733,463008.389232,1,2,-1,77
1.492,721,463032.596329,1,2,-1,12
1.485529,396,463046.325336,2,0,97,-1
1.36334,457,463062.007817,2,0,34,-1
1.349084,560,463081.098131,2,1,91,-1
0.862256,559,463100.093435,2,0,76,-1
1.684309,691,463124.401209,2,1,50,-1
1.14766,769,463150.189518,2,1,133,-1
1.675,832,463179.001242,1,2,-1,13
1.13299,731,463203.4592,1,2,-1,70
1.64118,840,463232.447437,2,1,1,-1
1.798339,360,463243.954754,2,0,159,-1
1.830821,726,463269.331956,2,1,131,-1
2.001,323,463279.663181,2,0,176,-1
1.503325,667,463303.189976,2,1,106,-1
1.66899,692,463326.514112,2,1,137,-1
1.357516,486,463343.17418,2,0,13,-1
1.492089,907,463374.513047,2,1,0,-1
1.62099,340,463385.438919,2,0,137,-1
1.465897,385,463398.920774,2,0,83,-1
1.380958,483,463415.569932,2,0,54,-1
0.714,680,463439.533417,0,2,-1,0
1.41,720,463463.790936,1,2,-1,100
1.334787,537,463482.068205,2,0,15,-1
2.004,422,463496.838255,2,0,176,-1
1.62399,358,463508.437281,2,0,137,-1
0.466,676,463532.428353,0,2,-1,1
1.317,666,463554.799169,1,2,-1,60
1.405238,489,463571.473694,2,0,66,-1
1.424122,429,463586.207067,2,0,94,-1
1.326858,363,463598.977323,2,0,56,-1
1.619169,809,463626.002004,2,1,44,-1
1.719086,832,463654.797396,2,1,98,-1
1.378109,473,463671.016939,2,0,52,-1
1.418829,421,463685.638197,2,0,74,-1
1.276,680,463708.546657,1,2,-1,53
1.615902,861,463738.301736,2,1,8,-1
1.33065,498,463755.369134,2,0,14,-1
1.68999,349,463766.548023,2,0,137,-1
1.65099,420,463781.127871,2,0,137,-1
1.572311,675,463803.859562,2,1,59,-1
1.687018,810,463831.987532,2,1,9,-1
1.33754,545,463850.518975,2,0,20,-1
1.735309,872,463880.655239,2,1,50,-1
1.676238,825,463908.132209,2,1,66,-1
1.373169,409,463922.294387,2,0,44,-1
1.467086,393,463936.041342,2,0,98,-1
1.361104,386,463949.465306,2,0,37,-1
0.921311,912,463979.792122,1,1,-1,54
1.337535,532,463997.956673,2,0,42,-1
1.62699,335,464009.792258,2,0,137,-1
2.344,653,464031.783082,2,1,176,-1
0.51226,829,464060.597641,1,2,-1,176
1.613,698,464084.086457,1,2,-1,12
1.425086,417,464098.576382,2,0,98,-1
0.941529,981,464132.190663,1,2,-1,81
1.489358,373,464145.163477,2,0,105,-1
1.813529,649,464167.015325,2,1,97,-1
1.664381,849,464196.33698,2,1,19,-1
1.341226,548,464214.951731,2,0,18,-1
1.433868,394,464228.741793,2,0,67,-1
1.758663,727,464253.126107,2,1,25,-1
1.360386,387,464266.615231,2,0,12,-1
1.66399,743,464291.547281,2,1,137,-1
1.666,983,464325.175839,1,1,-1,-1
1.392,845,464354.432799,1,2,-1,29
1.246887,817,464381.818704,1,2,-1,135
1.577,773,464408.758404,1,2,-1,24
1.433892,430,464423.572179,2,0,82,-1
0.820693,557,464442.521752,2,0,12,-1
1.637,762,464468.252751,1,2,-1,27
1.518575,899,464499.26599,2,1,5,-1
1.321089,662,464521.551339,2,0,0,-1
2.022,393,464535.211959,2,0,176,-1
1.59099,336,464547.092389,2,0,137,-1
1.631,830,464574.816201,1,2,-1,0
0.923407,562,464594.892989,2,0,107,-1
1.374847,432,464608.750714,2,0,43,-1
1.375841,439,464623.812411,2,0,46,-1
1.916925,612,464644.464082,2,1,124,-1
1.395402,457,464660.271471,2,0,55,-1
1.449086,400,464674.143467,2,0,98,-1
1.448925,437,464689.244641,2,0,49,-1
1.396516,367,464702.096479,2,0,68,-1
1.734309,964,464735.164223,2,1,50,-1
2.14,615,464755.992109,2,1,176,-1
1.61499,353,464767.315564,2,0,137,-1
0.67168,821,464795.808264,2,1,28,-1
1.3655,415,464810.164925,2,0,45,-1
1.492,697,464833.441447,1,1,-1,53
0.933,719,464858.622236,1,2,-1,84
1.606,738,464883.343867,1,2,-1,14
1.356787,389,464896.921869,2,0,15,-1
1.342109,378,464910.132367,2,0,52,-1
1.569805,429,464923.869988,2,0,146,-1
1.068296,616,464945.725764,2,0,72,-1
0.764881,533,464963.98898,2,0,19,-1
1.339797,476,464980.292046,2,0,27,-1
1.60899,339,464991.145624,2,0,137,-1
1.947,539,465009.455651,2,1,176,-1
1.350309,751,465035.60318,2,1,50,-1
1.467086,383,465047.89315,2,0,98,-1
1.566549,523,465066.875845,2,0,126,-1
1.060076,434,465080.764772,2,0,137,-1
2.013,365,465093.522197,2,0,176,-1
1.140694,700,465117.010021,1,2,-1,2
1.261,702,465141.76035,1,2,-1,74
2.012467,975,465175.332162,2,0,140,-1
1.424892,387,465187.763881,2,0,82,-1
0.947506,888,465218.453039,2,1,122,-1
1.527887,665,465241.950301,1,2,-13,43
1.451582,582,465261.684455,2,0,89,-1
1.396249,776,465287.635926,2,1,136,-1
1.597,805,465315.612349,1,2,-1,25
2.004,337,465326.421786,2,0,176,-1
1.470086,448,465341.839513,2,0,98,-1
1.59099,322,465353.271749,2,0,137,-1
0.98012,617,465374.132613,1,2,-17,176
1.368373,481,465390.703021,2,0,38,-1
1.719913,353,465403.087782,2,0,152,-1
1.447,754,465428.341153,1,2,-1,2
1.59099,323,465439.790149,2,0,137,-1
1.326516,488,465456.489091,2,0,13,-1
2.045477,757,465481.894668,2,1,145,-1
1.442582,455,465497.581117,2,0,89,-1
1.546034,372,465510.583924,2,0,122,-1
2.043,392,465524.221308,2,0,176,-1
1.550372,935,465555.260363,2,1,3,-1
2.022,365,465568.073164,2,0,176,-1
1.488192,683,465592.10963,2,1,47,-1
1.53399,320,465602.399146,2,0,137,-1
1.621892,657,465624.468792,2,1,82,-1
1.281252,712,465649.570451,1,2,-1,99
1.406627,405,465663.649398,2,0,65,-1
1.602922,377,465675.651245,2,0,128,-1
1.388528,465,465691.599054,2,0,53,-1
1.312681,406,465705.693985,2,0,6,-1
1.295,861,465735.437108,1,2,-1,115
1.331018,440,465750.605337,2,0,9,-1
1.61799,402,465763.512511,2,0,137,-1
0.815626,726,465788.887889,2,0,28,-1
1.33418,485,465805.611882,2,0,1,-1
1.375309,405,465819.65966,2,0,50,-1
1.073673,426,465833.258416,2,0,95,-1
1.949738,767,465859.95876,2,1,130,-1
1.394311,429,465874.729934,2,0,59,-1
1.348651,438,465889.875769,2,0,39,-1
1.802017,809,465916.799062,2,1,96,-1
1.348575,475,465933.035813,2,0,5,-1
1.537034,397,465946.802318,2,0,122,-1
1.387992,936,465979.043503,2,0,67,-1
1.905548,773,466004.906491,2,1,95,-1
1.632,860,466034.668786,1,2,-1,10
1.506017,336,466046.510799,2,0,96,-1
1.155349,834,466074.28445,2,1,40,-1
1.513,889,466104.920649,1,2,-1,31
1.400602,874,466135.104001,2,1,26,-1
1.470086,397,466147.831473,2,0,98,-1
1.517827,435,466162.808605,2,0,113,-1
1.418,829,466191.463724,1,2,-1,93
1.364456,380,466204.764569,2,0,63,-1
1.492325,373,466216.725721,2,0,106,-1
1.642332,394,466230.464162,2,0,144,-1
1.334169,409,466244.672989,2,0,44,-1
1.32818,622,466265.656865,2,0,1,-1
0.948,562,466284.877191,1,2,-1,114
1.557,661,466307.097793,1,2,-1,28
1.32165,542,466326.677258,2,0,14,-1
1.398824,366,466338.425365,2,0,60,-1
0.643787,807,466366.44033,1,2,-1,149
1.504529,364,466379.148355,2,0,97,-1
1.58799,366,466390.865298,2,0,137,-1
1.247114,440,466406.039669,2,0,136,-1
1.445325,656,466428.103131,2,1,106,-1
1.36665,479,466444.62056,2,0,14,-1
1.347705,707,466469.311564,2,0,21,0
0.735591,815,466496.499156,2,1,13,-1
1.460922,654,466519.5847,2,1,128,-1
1.28276,770,466545.369395,1,2,-11,94
1.6591,725,466569.680792,2,1,33,-1
1.644363,379,466582.910025,2,0,143,-1
1.141017,790,466610.483158,1,2,-1,14
1.69599,383,466623.818242,2,0,137,-1
1.388352,399,466636.628131,2,0,61,-1
1.496414,398,466650.444456,2,0,112,-1
1.3,769,466677.231399,1,2,-1,117
1.748,896,466706.993927,1,2,-1,0
0.984536,469,466723.11517,2,0,25,-1
1.43682,966,466756.275681,1,2,1,3
1.415311,385,466769.852154,2,0,59,-1
1.989,333,466781.563098,2,0,176,-1
0.237,407,466794.594753,0,2,-1,125
1.389415,764,466821.288341,1,2,-15,53
1.49535,410,466835.530403,2,0,107,-1
1.62399,343,466846.590976,2,0,137,-1
1.532,747,466872.652953,1,2,-1,55
0.791686,550,466891.340486,2,0,22,-1
1.277396,450,466906.902732,2,0,159,-1
1.703587,832,466934.804818,2,1,35,-1
1.006363,490,466951.648438,2,0,38,-1
2.001,385,466965.088764,2,0,176,-1
0.527075,863,466994.784789,1,1,17,-1
1.388528,531,467012.844145,2,0,53,-1
1.37054,480,467029.334913,2,0,20,-1
1.433827,471,467045.517653,2,0,113,-1
1.026863,520,467063.284288,2,0,22,-1
0.643,768,467089.068647,0,2,-1,36
0.969172,453,467104.636629,2,0,98,-1
0.85599,732,467129.172003,1,2,-1,40
1.403929,917,467160.727165,2,1,135,-1
1.511021,423,467175.387235,2,0,125,-1
1.340018,453,467191.03994,2,0,9,-1
1.453815,497,467208.097094,2,0,90,-1
1.331328,382,467221.422484,2,0,57,-1
1.615,647,467243.287384,1,2,-1,25
1.907846,855,467272.902293,2,1,120,-1
1.439,754,467298.144224,1,2,-1,41
1.456017,473,467314.393282,2,0,96,-1
0.969914,491,467331.22508,2,0,7,-1
1.38664,434,467346.182142,2,0,31,-1
1.446391,377,467359.362324,2,0,92,-1
1.388311,429,467373.174475,2,0,59,-1
1.48635,377,467386.305107,2,0,107,-1
1.519529,367,467399.199109,2,0,97,-1
1.563007,909,467430.427523,1,2,-1,38
1.336206,439,467444.504752,2,0,29,-1
1.592354,380,467457.703835,2,0,133,-1
1.372109,407,467471.798937,2,0,52,-1
1.750109,891,467502.505399,2,1,52,-1
1.673,705,467526.128631,1,2,-1,7
1.387109,472,467542.313203,2,0,52,-1
1.32315,466,467558.352209,2,0,132,-1
0.636,428,467573.215694,0,2,-1,13
1.413578,517,467590.870325,2,0,71,-1
1.288,692,467614.156074,1,2,-1,139
1.282402,805,467642.138107,2,1,88,-1
1.377,794,467668.636157,1,2,-1,30
1.01364,842,467697.767737,1,2,-1,1
1.641797,762,467723.296941,2,1,27,-1
1.64799,358,467735.828927,2,0,137,-1
0.760657,494,467752.807144,2,0,31,-1
1.447,750,467779.041465,1,2,-1,48
0.597125,734,467803.687873,1,2,-1,96
1.88399,630,467824.980247,2,1,137,-1
1.059493,492,467841.772076,2,0,86,-1
1.33742,459,467857.52752,2,0,30,-1
1.62399,338,467869.446907,2,0,137,-1
1.371,878,467898.60494,1,2,-1,38
1.487535,805,467926.690992,2,1,42,-1
0.473,497,467943.653232,0,2,-1,3
1.60599,353,467956.064635,2,0,137,-1
1.678354,672,467978.640787,2,1,133,-1
1.424829,425,467993.307298,2,0,74,-1
0.886837,775,468019.300394,2,0,80,-1
1.382528,425,468033.96983,2,0,53,-1
1.699332,396,468047.740027,2,0,144,-1
1.34054,479,468064.272335,2,0,20,-1
1.302,780,468090.35385,1,1,-1,136
1.29765,439,468105.513586,2,0,14,-1
0.580381,769,468132.231553,1,2,-1,21
1.55799,369,468144.007684,2,0,137,-1
1.464086,392,468157.639264,2,0,98,-1
1.385311,361,468170.282877,2,0,59,-1
1.322,710,468194.122921,1,2,-1,62
1.456155,402,468208.028491,2,0,78,-1
0.981461,669,468230.628937,2,0,137,-1
1.818086,732,468256.20298,2,1,98,-1
1.821578,806,468283.102068,2,0,71,-1
1.37642,543,468301.537731,2,0,30,-1
1.523414,463,468317.411684,2,0,112,-1
1.498529,347,468329.658029,2,0,97,-1
1.448057,426,468344.371238,2,0,73,-1
1.543793,439,468359.516316,2,0,110,-1
1.323137,478,468375.82955,2,0,10,-1
1.219,830,468403.540608,1,2,-1,130
1.31979,498,468420.622946,2,0,7,-1
1.380017,706,468445.390718,2,1,96,-1
0.937605,412,468458.579216,2,0,17,-1
1.72699,663,468481.976683,2,1,137,-1
1.329516,467,468497.973541,2,0,13,-1
1.404858,462,468513.825899,2,0,56,-1
1.441625,422,468527.321104,2,0,75,-1
0.910615,831,468556.266067,1,2,-2,64
1.058891,935,468588.536795,1,2,-16,62
1.079614,441,468603.803645,2,0,75,-1
1.579,641,468625.394262,1,2,-1,32
1.632,813,468653.569905,1,1,-1,27
1.616,874,468682.643299,1,2,-1,33
1.290275,516,468700.243297,2,0,2,-1
1.551594,458,468715.951421,2,0,124,-1
1.5,682,468738.97193,1,1,-1,-1
1.219811,500,468756.008282,2,0,137,-1
1.62399,348,468768.265586,2,0,137,-1
1.668868,730,468793.749677,2,1,67,-1
0.929529,785,468819.957217,1,2,-1,13
1.323,806,468847.838036,1,2,-1,113
1.627125,399,468860.564049,2,0,176,-1
0.235086,579,468881.288135,0,2,-2,171
1.33965,400,468894.142512,2,0,14,-1
1.420871,462,468909.95785,2,0,70,-1
1.525846,395,468923.691325,2,0,120,-1
1.441812,412,468937.924407,2,0,58,-1
1.378553,427,468952.688223,2,0,48,-1
1.38,647,468974.552886,1,2,-1,71
1.398896,556,468993.472291,2,0,62,-1
1.56176,764,469020.146623,1,2,-11,31
1.447868,745,469045.100133,2,1,67,-1
1.426328,405,469059.252028,2,0,57,-1
1.414812,466,469075.196028,2,0,58,-1
1.363033,769,469100.864695,2,1,64,-1
1.30779,415,469115.223049,2,0,7,-1
1.517827,456,469130.869336,2,0,113,-1
1.62765,738,469155.636459,2,1,14,-1
1.243,736,469181.344237,1,2,-1,150
1.308048,475,469197.64718,2,0,23,-1
1.332,716,469221.643574,1,2,-1,0
1.454824,687,469244.842247,1,2,-1,40
0.984609,488,469261.59476,2,0,131,-1
1.474,769,469288.361757,1,2,-1,4
1.445582,396,469302.202014,2,0,89,-1
1.311373,489,469318.926493,2,0,38,-1
1.460122,397,469331.638125,2,0,94,-1
1.455086,345,469343.751978,2,0,98,-1
1.583206,647,469365.615178,2,1,29,-1
1.377602,441,469380.837986,2,0,26,-1
1.396969,515,469398.547331,2,0,80,-1
1.760456,993,469432.650476,2,1,63,-1
1.352472,574,469452.096564,2,0,4,-1
1.348651,422,469466.709248,2,0,39,-1
1.764169,831,469495.490053,2,0,44,-1
1.379703,488,469512.178936,2,0,51,-1
1.309797,568,469531.403237,2,0,27,-1
1.217,744,469556.376727,1,2,-1,95
1.695226,836,469585.227085,2,1,18,-1
1.812084,687,469608.324557,2,1,91,-1
1.362929,416,469622.675886,2,0,16,-1
1.451414,409,469636.903452,2,0,112,-1
1.424311,444,469652.219392,2,0,59,-1
0.844593,615,469673.115354,2,0,94,-1
1.365373,424,469687.73282,2,0,38,-1
1.376694,682,469710.648818,1,2,-1,88
1.331412,510,469728.18826,2,0,25,-1
1.759328,773,469755.198195,2,1,57,-1
2.02499,709,469779.004243,2,1,137,-1
1.294381,670,469801.554122,2,0,19,-1
1.149,772,469828.425818,1,2,-1,176
1.743902,376,469840.417791,2,0,155,-1
0.202,533,469859.700952,0,2,-1,105
1.351089,460,469874.383645,2,0,0,-1
1.462222,404,469888.497705,2,0,87,-1
1.601948,738,469914.37129,1,2,-14,31
1.490902,687,469937.460508,2,1,8,-1
1.635363,358,469949.998971,2,0,143,-1
1.62699,338,469960.822505,2,0,137,-1
1.29327,1034,469996.112497,2,1,64,-1
1.62399,349,470008.380056,2,0,137,-1
1.459897,397,470022.211393,2,0,83,-1
2.037,335,470032.953609,2,0,176,-1
1.412868,386,470046.456715,2,0,67,-1
1.058,567,470065.672769,1,2,-1,136
1.413183,417,470080.087417,2,0,69,-1
1.534034,412,470094.357046,2,0,122,-1
1.767084,668,470116.884963,2,1,91,-1
1.501358,470,470133.057112,2,0,105,-1
0.903275,1045,470168.672302,1,2,-1,51
1.13135,851,470198.129192,1,2,-1,7
0.19,416,470212.581501,0,2,-1,176
1.732232,685,470235.723445,2,1,41,-1
1.661125,358,470248.279328,2,0,136,-1
1.674913,364,470259.975869,2,0,152,-1
1.349,739,470285.875687,1,2,-1,93
1.329137,487,470302.573562,2,0,10,-1
1.156,834,470330.388155,1,2,-1,136
1.449391,449,470345.789322,2,0,92,-1
1.62099,371,470358.774113,2,0,137,-1
1.263256,805,470386.572055,2,1,69,-1
1.451582,362,470398.176897,2,0,89,-1
1.47504,476,470414.539232,2,0,101,-1
1.440391,397,470428.345283,2,0,92,-1
1.53399,348,470440.625316,2,0,137,-1
1.516824,749,470465.802788,1,2,-1,47
1.643,778,470492.900015,1,2,-1,15
1.435897,414,470507.273255,2,0,83,-1
0.637703,911,470537.590393,1,2,-1,123
1.534529,368,470550.462936,2,0,97,-1
1.61499,340,470562.479965,2,0,137,-1
1.511602,774,470588.359453,2,1,26,-1
1.367937,411,470602.56846,2,0,40,-1
1.629352,846,470631.758057,2,1,61,-1
0.835619,438,470646.841542,2,0,59,-1
1.453084,397,470659.607165,2,0,91,-1
1.672,796,470687.280759,1,2,-1,3
1.420602,429,470702.072549,2,0,26,-1
1.702048,849,470730.393427,2,1,23,-1
1.374,750,470756.553388,1,1,-1,84
2.019,443,470771.789439,2,0,176,-1
1.442582,360,470783.301267,2,0,89,-1
1.57299,354,470795.762388,2,0,137,-1
1.379925,462,470811.603333,2,0,49,-1
1.592354,372,470824.59943,2,0,133,-1
1.61799,362,470836.250842,2,0,137,-1
1.6305,687,470860.463012,2,1,45,-1
1.394,728,470885.019186,1,2,-1,23
1.303089,523,470902.877711,2,0,0,-1
1.284887,838,470931.897476,1,2,-1,84
1.4081,491,470948.826785,2,0,33,-1
1.86899,668,470971.33132,2,1,137,-1
0.682414,755,470997.74112,1,2,-1,34
2.299,609,471018.344967,2,1,176,-1
0.513858,1020,471053.333282,1,2,-1,25
1.425,680,471076.266634,1,2,-1,56
1.46276,920,471107.975383,1,2,-11,60
1.473086,391,471121.612165,2,0,98,-1
1.929,323,471131.988449,2,0,176,-1
0.904977,714,471156.986824,2,0,101,-1
1.362075,453,471172.538565,2,0,17,-1
1.61499,336,471183.301311,2,0,137,-1
1.49,810,471211.475388,1,2,-1,67
1.62399,338,471222.321618,2,0,137,-1
1.701164,949,471254.953261,2,1,34,-1
1.383812,433,471269.940914,2,0,58,-1
1.721233,866,471299.881185,2,1,44,-1
1.581449,735,471324.574998,2,1,75,-1
1.311275,516,471342.196081,2,0,2,-1
1.62399,399,471356.004463,2,0,137,-1
1.448582,395,471369.79251,2,0,89,-1
1.110017,884,471400.318125,1,2,-1,3
1.57899,344,471411.390381,2,0,137,-1
1.406868,513,471428.847737,2,0,67,-1
1.91499,682,471452.797143,2,1,137,-1
0.908358,753,471478.055451,1,2,-1,71
1.503086,358,471490.594767,2,0,98,-1
1.293389,647,471512.388517,2,1,137,-1
1.54,759,471537.816853,1,2,-1,30
1.427997,402,471551.851978,2,0,85,-1
1.61199,332,471563.542336,2,0,137,-1
1.521024,855,471593.098938,2,1,122,-1
1.144,668,471615.567137,1,2,-1,171
1.61499,362,471628.281,2,0,137,-1
1.701017,678,471651.05757,2,1,96,-1
1.323328,580,471670.783819,2,1,57,-1
2.013,349,471683.058189,2,0,176,-1
1.432592,453,471698.604705,2,0,103,-1
1.383373,483,471715.242033,2,0,38,-1
1.328472,397,471727.921959,2,0,4,-1
1.445582,376,471740.988641,2,0,89,-1
1.492017,368,471753.815024,2,0,96,-1
1.62399,352,471765.075949,2,0,137,-1
1.456,868,471795.009446,1,2,-1,5
1.56399,340,471806.951331,2,0,137,-1
1.308575,428,471821.773724,2,0,5,-1
1.659805,420,471835.224408,2,0,146,-1
1.962,334,471847.023251,2,0,176,-1
1.618,962,471880.017561,1,2,-1,6
1.382402,454,471895.661978,2,0,55,-1
0.789344,660,471917.827419,2,0,54,-1
1.317868,802,471945.640616,2,1,67,-1
1.165748,684,471968.602673,1,2,-16,42
1.415627,463,471984.4971,2,0,65,-1
1.611363,329,471996.137281,2,0,143,-1
1.645232,731,472020.650296,2,1,41,-1
1.61799,456,472036.339964,2,0,137,-1
1.523895,403,472050.239907,2,0,121,-1
1.352,873,472079.309843,1,2,-1,16
1.755902,361,472091.970575,2,0,155,-1
1.327381,415,472106.373016,2,0,19,-1
1.59099,321,472117.741005,2,0,137,-1
1.057519,389,472130.209711,2,0,97,-1
1.406287,448,472145.654644,2,0,77,-1
1.425736,816,472173.912592,2,1,93,-1
1.30976,674,472196.69607,1,2,-11,125
1.455391,428,472211.507759,2,0,92,-1
1.06,684,472234.582453,1,2,-1,166
2.025,588,472254.480746,2,1,176,-1
1.678902,1021,472289.269639,2,1,8,0
1.466997,511,472306.739861,2,0,85,-1
1.465447,359,472319.301644,2,0,104,-1
1.61799,332,472330.987772,2,0,137,-1
1.123538,688,472354.16117,2,1,95,-1
1.179824,700,472378.764469,1,2,-12,122
1.349703,405,472391.828167,2,0,51,-1
1.60599,403,472405.815596,2,0,137,-1
1.349412,637,472427.317319,2,0,25,-1
1.509,745,472453.285229,1,2,-1,49
1.487414,452,472468.861238,2,0,112,-1
1.57899,348,472479.979439,2,0,137,-1
1.416896,452,472495.54713,2,0,62,-1
1.641913,373,472508.5949,2,0,152,-1
1.433,855,472538.175498,1,2,-1,83
1.531034,437,472552.238565,2,0,122,-1
1.027,786,472579.551446,1,2,-1,99
1.382703,851,472608.955462,2,1,51,-1
1.794827,699,472632.400463,2,1,113,-1
1.64799,359,472645.023149,2,0,137,-1
1.336196,829,472672.696997,2,1,29,-1
1.26126,459,472688.507867,2,0,11,-1
1.549034,416,472702.927253,2,0,122,-1
1.463,872,472733.090569,1,2,-1,79
1.598,827,472760.704131,1,2,-1,3
1.340018,537,472778.942597,2,0,9,-1
1.630902,848,472808.384043,2,1,8,-1
1.499122,477,472824.802475,2,0,94,-1
1.625354,453,472840.480844,2,0,133,-1
1.392275,480,472856.866518,2,0,2,-1
0.786722,536,472875.14444,2,0,25,-1
1.47,828,472903.794901,1,2,-1,39
0.56799,764,472929.41305,1,2,-1,116
1.419824,435,472944.37943,2,0,60,-1
1.455815,388,472957.963311,2,0,90,-1
1.502,688,472981.122779,1,2,-1,32
1.401114,795,473008.750049,2,1,137,-1
1.499827,392,473021.287954,2,0,113,-1
0.598,634,473043.784013,0,2,-1,32
1.388275,433,473057.701553,2,0,2,-1
2.059477,753,473083.996969,2,1,145,-1
1.357681,503,473101.184388,2,0,6,-1
1.471017,422,473115.761253,2,0,96,-1
1.294206,758,473141.197876,2,1,29,-1
2.019,385,473154.633006,2,0,176,-1
1.335137,462,473170.497343,2,0,10,-1
1.582125,405,473184.556468,2,0,136,-1
1.654332,378,473196.655029,2,0,144,-1
1.566275,807,473224.766184,2,1,2,-1
1.423897,393,473238.452139,2,0,83,-1
1.418328,425,473252.125302,2,0,57,-1
1.365,640,473274.841587,1,2,-1,30
1.148,897,473304.660933,1,2,-1,176
1.638018,847,473334.023458,2,1,9,-1
1.643232,825,473362.711275,2,1,41,-1
1.35918,465,473378.783737,2,0,1,-1
1.61499,370,473390.699837,2,0,137,-1
1.689999,792,473418.391949,2,0,28,-1
2.007,338,473430.301861,2,0,176,-1
1.61799,370,473442.158604,2,0,137,-1
1.406868,387,473455.694314,2,0,67,-1
1.333,866,473485.566684,1,2,-1,93
0.828994,699,473509.031329,2,0,73,-1
1.402841,489,473525.754092,2,0,46,-1
1.37354,422,473540.415188,2,0,20,-1
1.423858,384,473553.831592,2,0,56,-1
1.564824,735,473578.479799,1,2,-1,11
0.675155,812,473606.684655,1,2,-1,165
1.55499,325,473617.04671,2,0,137,-1
1.614922,380,473630.274406,2,0,128,-1
1.404529,381,473643.591334,2,0,97,-1
1.172945,562,473662.749369,1,2,-4,130
1.328472,394,473676.494338,2,0,4,-1
1.759829,807,473703.461682,2,1,74,-1
1.03834,961,473736.342518,1,1,-1,-1
1.25354,402,473750.290806,2,0,20,-1
1.388868,392,473763.882507,2,0,67,-1
1.340075,607,473784.378428,2,0,17,-1
2.238,684,473807.325859,2,1,176,-1
0.849033,998,473841.522008,1,2,-1,83
1.507358,386,473854.978337,2,0,105,-1
0.966104,980,473888.607319,1,2,-1,10
1.361,709,473912.417845,1,2,-1,12
1.679,911,473943.811981,1,2,-1,0
1.33418,522,473961.583631,2,0,1,-1
1.55599,598,473981.874097,2,1,137,-1
1.522,827,474010.507598,1,1,-1,-1
1.423897,422,474025.106394,2,0,83,-1
1.40912,908,474055.235393,1,2,-1,18
0.889057,817,474083.57175,2,1,53,-1
1.37054,489,474100.306264,2,0,20,-1
1.235925,637,474121.82779,2,1,49,-1
1.02537,400,474135.864029,2,0,19,-1
1.70599,640,474157.440963,2,1,137,-1
1.279979,460,474173.330899,2,0,137,-1
0.922934,566,474192.555934,1,2,-18,130
1.914895,716,474217.742871,2,1,121,-1
1.379169,413,474230.943584,2,0,44,-1
0.965104,933,474262.977611,2,1,5,-1
1.936773,794,474290.493006,2,1,129,-1
1.68834,760,474315.888247,2,1,34,-1
1.238472,495,474332.803943,2,0,4,-1
1.766929,772,474359.661067,2,1,16,-1
1.504931,369,474371.468843,2,0,84,-1
1.322328,500,474388.554118,2,0,57,-1
1.435897,425,474403.238619,2,0,83,-1
1.331386,432,474418.129676,2,0,12,-1
1.983,337,474430.001931,2,0,176,-1
1.63899,366,474441.730833,2,0,137,-1
1.394,716,474466.933745,1,2,-1,77
1.472,1008,474501.354376,1,1,-1,-1
1.412402,477,474517.774494,2,0,55,-1
1.184,787,474544.02745,1,2,-1,171
1.90399,675,474567.790078,2,1,137,-1
1.561841,754,474592.996937,2,1,36,-1
1.61799,349,474605.228416,2,0,137,-1
1.358386,526,474623.16096,2,0,12,-1
0.863055,485,474639.794736,2,0,107,-1
1.968,387,474653.302454,2,0,176,-1
1.475582,454,474667.827474,2,0,89,-1
1.343787,454,474683.539194,2,0,15,-1
0.703,754,474709.890356,1,2,-1,176
1.370169,382,474722.125381,2,0,44,-1
1.727897,940,474754.289136,2,1,83,-1
1.95,315,474765.48076,2,0,176,-1
1.505,906,474796.755272,1,2,-1,1
1.390226,420,474811.320928,2,0,18,-1
1.468325,385,474823.689156,2,0,106,-1
1.836399,636,474846.268308,2,1,135,-1
1.688477,358,474857.675876,2,0,145,-1
1.61799,328,474869.289811,2,0,137,-1
1.507111,804,474896.226607,2,1,137,-1
0.654,544,474915.763782,0,2,-1,11
1.483793,465,474930.765212,2,0,110,-1
1.574694,764,474957.401252,1,2,-10,39
1.385311,419,474971.955908,2,0,59,-1
1.329929,724,474996.302498,2,1,16,-1
1.838805,653,475018.272254,2,1,146,-1
0.727309,601,475039.653838,2,0,3,-1
1.498447,453,475054.184371,2,0,104,-1
1.371602,655,475077.311213,2,0,26,-1
1.375797,552,475096.070521,2,0,27,-1
1.606169,669,475118.574062,2,1,44,-1
1.401,804,475146.47283,1,2,-1,89
1.467529,428,475161.210626,2,0,97,-1
1.699109,759,475186.622102,2,0,52,-1
1.379402,553,475205.429179,2,0,55,-1
0.03,431,475220.333881,0,2,-1,176
1.61499,339,475232.279431,2,0,137,-1
1.531529,356,475243.806714,2,0,97,-1
1.639399,355,475256.296036,2,0,135,-1
1.673,986,475290.131494,1,1,-1,20
1.340456,418,475304.639697,2,0,63,-1
1.462017,369,475316.479619,2,0,96,-1
1.508021,401,475330.33505,2,0,125,-1
1.663897,710,475355.225237,2,1,83,-1
1.379535,483,475371.769904,2,0,42,-1
1.470847,780,475397.777558,2,1,43,-1
1.88787,897,475428.771869,2,1,115,-1
1.248829,762,475454.272292,2,1,74,-1
1.336206,604,475475.864449,2,0,29,-1
1.067664,505,475493.167059,2,0,133,-1
1.502827,385,475505.4991,2,0,113,-1
1.412602,429,475520.358477,2,0,26,-1
1.470912,990,475554.356926,2,1,152,-1
1.175,616,475575.138821,1,2,-1,16
1.09,769,475601.940803,1,2,-1,156
1.624,980,475635.433898,1,2,-1,28
1.61199,669,475657.955127,2,1,137,-1
0.788413,772,475683.814936,2,0,13,-1
1.458086,426,475698.563781,2,0,98,-1
1.224962,550,475717.257464,2,0,152,-1
1.531529,380,475730.592951,2,0,97,-1
1.015032,640,475752.229814,2,0,110,-1
1.458627,822,475780.748592,2,1,65,-1
1.676,1016,475815.438811,1,2,-1,1
1.738325,702,475838.986986,2,1,106,-1
1.224887,676,475862.848153,1,2,-1,113
1.400925,562,475881.95998,2,0,49,-1
1.237,810,475909.076487,1,2,-1,149
1.59099,347,475921.292695,2,0,137,-1
1.692,911,475952.553541,1,2,-1,10
1.472,710,475976.272933,1,2,-1,33
2.004,336,475988.104605,2,0,176,-1
1.322,712,476012.064831,1,2,-1,135
1.390651,440,476027.220353,2,0,39,-1
1.554,920,476058.852406,1,2,-1,25
1.182,743,476083.815694,1,2,-1,171
1.666594,760,476110.399175,2,1,124,-1
1.389812,408,476124.562882,2,0,58,-1
1.477447,378,476136.613013,2,0,104,-1
1.519742,809,476164.727971,2,1,25,-1
2.141,670,476187.255999,2,1,176,-1
2.016,365,476200.023656,2,0,176,-1
1.370381,403,476213.943376,2,0,19,-1
2.049,366,476225.690127,2,0,176,-1
1.61199,352,476238.06786,2,0,137,-1
1.090517,679,476260.849604,2,1,45,-1
1.691477,398,476274.724897,2,0,145,-1
1.104,754,476301.103928,1,2,-1,151
1.116743,921,476332.849007,2,1,101,-1
1.435897,492,476348.631307,2,0,83,-1
0.983592,481,476365.084654,2,0,89,-1
1.446086,371,476378.03417,2,0,98,-1
1.577,829,476406.789745,1,2,-1,15
1.475892,349,476418.050179,2,0,82,-1
1.379221,684,476442.144576,2,1,137,-1
1.46904,457,476457.906277,2,0,101,-1
1.283075,513,476475.440484,2,0,17,-1
1.391352,363,476487.092263,2,0,61,-1
1.602483,728,476512.677988,2,1,7,-1
0.213,409,476526.837555,0,2,-1,167
1.60299,357,476538.263718,2,0,137,-1
1.62099,350,476550.61061,2,0,137,-1
1.319386,575,476570.068269,2,0,12,-1
1.566997,743,476596.043793,2,1,85,-1
1.62399,332,476606.704224,2,0,137,-1
1.384797,470,476622.838208,2,0,27,-1
1.631578,639,476644.377055,2,1,71,-1
0.934529,824,476673.052472,1,2,-1,73
1.27026,420,476687.592586,2,0,11,-1
1.00279,950,476720.142112,1,2,-1,0
1.579238,926,476750.829416,2,1,66,-1
1.785582,904,476781.938315,2,1,89,-1
1.63299,426,476796.705642,2,0,137,-1
1.497922,337,476808.612757,2,0,128,-1
1.47435,367,476820.414567,2,0,107,-1
1.676,741,476846.400887,1,1,-1,5
1.838773,713,476870.262734,2,1,129,-1
1.715372,1030,476905.348274,2,1,3,-1
1.053587,1156,476945.58696,1,1,-1,4
1.725913,401,476958.452307,2,0,152,-1
1.632738,828,476987.085048,2,1,130,-1
1.33065,615,477007.892983,2,0,14,-1
1.64199,354,477020.339705,2,0,137,-1
1.275137,362,477033.00897,2,0,10,-1
1.713913,375,477044.985755,2,0,152,-1
1.229578,646,477067.850476,2,1,71,-1
1.692913,413,477081.076332,2,0,152,-1
2.01,346,477093.159504,2,0,176,-1
1.71534,781,477120.302905,2,1,34,-1
1.558529,387,477132.694387,2,0,176,-1
2.016,388,477146.14197,2,0,176,-1
1.264979,392,477159.769292,2,0,137,-1
1.297,622,477180.87668,1,2,-1,135
1.458086,367,477193.719922,2,0,98,-1
1.373535,378,477205.772229,2,0,42,-1
1.376311,374,477218.854626,2,0,59,-1
1.629516,713,477243.823231,2,1,68,-1
1.537917,828,477271.381021,2,1,80,-1
1.736797,987,477305.197657,2,0,27,-1
1.864821,739,477331.048736,2,1,131,-1
1.362373,466,477347.133899,2,0,38,-1
1.402,836,477374.95592,1,2,-1,72
1.045249,861,477404.673901,2,1,137,-1
1.33864,399,477418.562401,2,0,31,-1
1.87999,745,477443.496079,2,1,137,-1
1.093838,792,477471.031185,2,1,0,-1
1.97899,738,477495.741712,2,1,137,-1
1.405516,501,477512.871036,2,0,68,-1
1.582,902,477543.920495,1,2,-1,26
1.258,643,477565.702218,1,2,-1,7
1.325018,577,477585.250259,2,0,9,-1
1.489529,360,477597.880628,2,0,97,-1
1.800168,418,477612.35883,2,0,163,-1
1.58499,321,477622.613441,2,0,137,-1
0.787736,872,477652.74385,1,2,-1,114
0.65776,586,477672.653906,0,2,-1,21
1.63599,345,477684.753105,2,0,137,-1
1.394311,399,477698.539843,2,0,59,-1
1.405625,381,477710.725488,2,0,75,-1
1.98599,648,477733.668977,2,1,137,-1
1.310386,428,477747.416958,2,0,12,-1
1.515443,665,477770.859374,2,1,76,-1
1.433064,663,477793.228396,1,2,-1,43
1.492358,424,477807.925491,2,0,105,-1
1.444017,459,477823.660223,2,0,96,-1
0.927961,592,477843.72273,2,0,63,-1
1.171827,784,477869.858437,1,2,-1,1
1.622548,881,477900.183135,2,1,95,-1
1.788325,755,477926.500843,2,1,106,-1
1.318698,734,477951.045042,2,1,22,-1
1.088023,438,477966.12384,2,0,137,-1
1.423897,490,477982.940977,2,0,83,-1
1.302,802,478009.817277,1,2,-1,130
0.364,652,478032.779067,0,2,-1,107
1.519,638,478054.228075,1,2,-1,12
1.365373,562,478073.426178,2,0,38,-1
1.394311,399,478087.217721,2,0,59,-1
1.385311,425,478101.899387,2,0,59,-1
1.381911,1062,478138.017201,1,2,-1,102
1.664477,370,478149.918516,2,0,145,-1
1.35734,464,478165.931948,2,0,34,-1
1.45935,371,478179.013042,2,0,107,-1
0.997,658,478201.119021,1,2,-1,91
0.823556,537,478219.425051,2,0,35,-1
1.95,319,478230.716967,2,0,176,-1
0.823056,659,478252.887774,2,0,24,-1
1.24135,850,478282.309664,2,1,18,-1
1.540232,718,478306.442901,2,1,41,-1
1.252,910,478337.940948,1,2,-1,86
0.101,492,478354.796764,0,2,-1,176
1.430887,740,478380.654023,2,1,137,-1
1.347018,838,478408.554982,2,1,9,-1
0.7,525,478426.42978,0,2,-1,19
1.322,791,478453.934226,1,2,-1,15
1.64999,753,478479.19091,2,1,137,-1
1.319472,459,478494.947933,2,0,4,-1
1.644363,369,478507.814896,2,0,143,-1
1.500086,344,478519.876595,2,0,98,-1
0.183,441,478534.014115,0,2,-1,171
1.64799,360,478546.709484,2,0,137,-1
1.63899,357,478559.210556,2,0,137,-1
1.726339,355,478571.694602,2,0,159,-1
1.667592,746,478596.668236,2,1,103,-1
1.640085,660,478618.918106,2,1,28,-1
0.951,664,478642.47426,1,2,-1,110
1.61499,350,478653.654031,2,0,137,-1
0.714629,608,478674.215618,2,0,20,-1
1.619548,664,478697.612407,2,1,95,-1
0.866626,657,478719.797831,2,0,20,-1
1.567846,418,478734.29549,2,0,120,-1
1.572821,427,478749.05216,2,0,131,-1
1.51635,735,478773.669456,2,1,107,-1
1.702582,754,478800.126312,2,1,89,-1
1.437086,442,478814.328114,2,0,98,-1
0.861914,563,478834.522462,2,0,7,-1
1.398443,394,478847.161188,2,0,76,-1
1.396461,737,478873.040623,2,0,137,-1
1.115,672,478895.689627,1,2,-1,34
1.417232,465,478911.611376,2,0,41,-1
1.417309,388,478925.081388,2,0,50,-1
0.684627,841,478953.207191,1,2,-1,99
1.35842,542,478971.673221,2,0,30,-1
0.830748,616,478993.541687,2,0,68,-1
0.969634,457,479009.252029,2,0,98,-1
1.556708,872,479038.152083,1,2,-14,52
0.933065,419,479052.682149,2,0,17,-1
0.378,422,479067.314809,0,2,-1,66
1.388587,481,479083.852134,2,0,35,-1
1.307587,432,479098.826736,2,0,35,-1
1.006086,845,479127.073303,1,1,-1,65
1.348089,455,479142.751535,2,0,0,-1
1.61,698,479167.203995,1,2,-1,2
1.391328,371,479179.127333,2,0,57,-1
1.458529,369,479192.019953,2,0,97,-1
1.470086,351,479204.346152,2,0,98,-1
1.94799,696,479227.657678,2,1,137,-1
1.52499,321,479239.038179,2,0,137,-1
1.85477,425,479253.639321,2,0,162,-1
1.358386,466,479268.590251,2,0,12,-1
1.519325,369,479281.522148,2,0,106,-1
1.478,698,479306.086232,1,2,-1,66
1.76399,694,479329.479146,2,1,137,-1
1.57299,342,479341.513802,2,0,137,-1
1.466093,525,479359.356837,2,0,86,-1
0.903969,851,479387.719272,1,2,-1,52
2.186,584,479407.490503,2,1,176,-1
1.628477,346,479419.668778,2,0,145,-1
1.398896,358,479432.23691,2,0,62,-1
1.425,876,479461.345425,1,2,-1,11
1.329929,418,479475.814742,2,0,16,-1
1.596887,811,479503.922621,1,2,-1,19
1.466892,350,479516.229552,2,0,82,-1
1.525034,395,479528.882091,2,0,122,-1
1.151728,381,479542.162982,2,0,130,-1
0.696,866,479572.075677,0,2,-1,4
1.433122,354,479583.401622,2,0,94,-1
1.307681,714,479608.417093,2,1,6,-1
1.021444,569,479627.795021,2,0,105,-1
1.34079,550,479646.494872,2,0,7,-1
1.546034,473,479662.719274,2,0,122,-1
1.965,368,479675.574207,2,0,176,-1
1.761086,708,479699.345643,2,1,98,-1
1.47804,377,479712.53367,2,0,101,-1
1.419086,394,479726.18689,2,0,98,-1
1.573,760,479751.562108,1,2,-1,12
1.59099,323,479763.012034,2,0,137,-1
1.338602,483,479779.606169,2,0,26,-1
1.700477,420,479793.167211,2,0,145,-1
1.478627,448,479808.60825,2,0,65,-1
1.547582,831,479837.366019,2,1,89,-1
1.442,840,479866.415807,1,2,-1,68
0.951625,1009,479900.850687,1,2,-1,75
1.435897,497,479917.903219,2,0,83,-1
2.016,372,479929.821958,2,0,176,-1
1.492017,422,479944.500051,2,0,96,-1
1.676477,410,479958.819032,2,0,145,-1
1.82099,722,479983.032864,2,1,137,-1
1.391582,389,479996.556063,2,0,89,-1
0.57399,635,480017.952495,1,2,-1,89
1.265718,883,480048.406646,2,1,44,-1
0.876974,568,480067.668613,2,0,110,-1
1.314,631,480088.884645,1,2,-1,80
1.194,837,480117.805608,1,2,-1,63
1.58499,331,480129.578084,2,0,137,-1
1.367075,661,480151.843134,2,0,17,-1
1.329048,673,480174.511904,2,0,23,-1
1.792339,428,480189.302951,2,0,159,-1
1.451402,512,480206.752828,2,0,55,-1
1.152,828,480235.442442,1,2,-1,171
1.436582,450,480250.967585,2,0,89,-1
1.513325,401,480263.797086,2,0,106,-1
1.962,351,480276.077157,2,0,176,-1
1.51287,409,480290.220927,2,0,115,-1
1.512,908,480321.466841,1,2,-1,23
1.591,783,480347.662096,1,2,-1,27
0.749222,901,480378.732093,2,1,83,-1
1.11,672,480401.347945,1,2,-1,30
0.868553,823,480429.879369,1,2,-1,38
1.407673,659,480452.201025,2,1,124,-1
1.457287,659,480474.403271,2,1,77,-1
1.348206,449,480489.89026,2,0,29,-1
1.422443,450,480505.381999,2,0,76,-1
1.538,768,480532.142297,1,2,-1,44
1.309372,436,480546.114996,2,0,3,-1
1.58799,322,480557.589883,2,0,137,-1
1.386841,444,480572.911596,2,0,36,-1
1.697385,895,480603.815291,2,1,88,-1
1.688787,724,480628.13802,2,1,15,-1
1.440086,370,480641.10301,2,0,98,-1
2.00499,636,480662.579354,2,1,137,-1
1.051,729,480688.046842,1,2,-1,74
1.399516,364,480699.725897,2,0,68,-1
0.9437,569,480719.031674,2,0,77,-1
1.65099,375,480732.110832,2,0,137,-1
1.519358,412,480746.459671,2,0,105,-1
0.886125,655,480768.472496,2,0,59,-1
1.62699,363,480781.181261,2,0,137,-1
1.400829,451,480796.71801,2,0,74,-1
1.672,895,480827.504595,1,2,-1,2
0.438391,688,480850.59607,1,2,-1,176
1.376528,428,480865.358109,2,0,53,-1
1.58799,335,480876.105809,2,0,137,-1
1.475582,361,480888.717509,2,0,89,-1
0.829453,724,480913.037653,2,0,68,-1
1.341602,459,480928.81433,2,0,26,-1
1.500122,354,480941.301356,2,0,94,-1
1.49634,429,480956.161184,2,0,100,-1
1.383104,369,480969.131516,2,0,37,-1
0.852281,982,481002.776416,1,2,-1,103
1.388829,391,481015.323695,2,0,74,-1
1.56699,342,481027.365439,2,0,137,-1
1.449086,398,481041.213943,2,0,98,-1
1.545,741,481066.039681,1,2,-1,12
1.446391,447,481081.534618,2,0,92,-1
1.112047,898,481112.553971,2,1,54,-1
1.535414,428,481127.266988,2,0,112,-1
1.406,640,481148.93893,1,2,-1,52
1.514,691,481172.171071,1,2,-1,62
1.601447,683,481196.254456,2,1,104,-1
1.612399,344,481207.287655,2,0,135,-1
0.963519,402,481221.254642,2,0,124,-1
1.6,971,481254.562908,1,2,-1,13
1.081243,624,481275.699403,2,0,105,-1
1.37764,443,481291.04705,2,0,31,-1
1.373402,444,481306.359186,2,0,55,-1
1.843793,900,481337.397336,2,1,110,-1
1.234523,839,481365.350189,2,1,113,-1
0.710275,899,481396.291874,1,1,-1,131
1.403402,715,481420.314903,2,0,55,5
1.318372,513,481437.863903,2,0,3,-1
0.959997,763,481464.547417,1,2,-1,14
1.308,665,481486.958214,1,2,-1,121
1.687472,835,481515.804857,2,1,4,-1
1.379447,792,481542.258832,2,1,104,-1
1.554594,366,481555.085292,2,0,124,-1
0.437,589,481575.046214,0,2,-1,87
1.30179,566,481594.258224,2,0,7,-1
1.642,948,481626.78388,1,2,-1,21
1.676477,362,481639.39932,2,0,145,-1
1.337075,520,481657.176433,2,0,17,-1
0.275174,497,481674.19006,0,2,-1,85
1.59099,378,481687.381679,2,0,137,-1
1.448122,404,481700.316465,2,0,94,-1
0.896556,503,481717.536701,2,0,75,-1
0.815029,751,481743.724705,2,1,10,-1
0.97218,804,481770.483609,1,2,-1,42
1.392443,520,481788.260368,2,0,76,-1
1.347275,522,481806.044999,2,0,2,-1
1.720627,838,481835.08809,2,1,65,-1
1.358141,829,481863.903829,2,1,96,-1
1.432969,539,481882.325984,2,0,80,-1
1.376,802,481909.094113,1,2,-1,111
1.53699,332,481920.818337,2,0,137,-1
1.293,757,481946.231579,1,2,-1,122
1.64499,667,481969.743731,2,1,137,-1
1.516447,363,481982.481729,2,0,104,-1
1.500086,396,481995.186042,2,0,98,-1
1.645,867,482025.073288,1,1,-1,18
1.689048,767,482050.770676,2,1,23,-1
1.587084,641,482073.490872,2,1,91,-1
1.402238,515,482091.079365,2,0,66,-1
1.30179,430,482105.988468,2,0,7,-1
1.563,804,482132.770861,1,2,-1,15
1.33626,503,482149.907332,2,0,11,-1
1.413443,465,482165.882941,2,0,76,-1
2.022,398,482179.694126,2,0,176,-1
1.56099,335,482190.40107,2,0,137,-1
0.953385,1003,482224.649293,1,2,-1,5
1.58799,350,482236.898975,2,0,137,-1
1.22365,786,482264.189358,2,1,106,-1
1.491594,344,482275.287895,2,0,124,-1
0.155,537,482293.578893,0,2,-1,78
1.647767,982,482327.210721,1,2,-11,9
1.436736,370,482340.12507,2,0,93,-1
1.35734,542,482358.559961,2,0,34,-1
1.270707,721,482382.733739,2,1,136,-1
1.349352,395,482396.486357,2,0,61,-1
1.088412,1142,482435.412391,1,1,-1,8
1.586021,423,482450.000936,2,0,125,-1
1.271726,884,482480.455324,2,1,26,-1
1.57899,354,482492.900753,2,0,137,-1
1.289591,836,482520.865189,2,1,11,-1
1.045086,642,482543.574486,1,2,-1,145
1.195,688,482566.726902,1,2,-1,105
1.557922,347,482578.997802,2,0,128,-1
1.452086,364,482590.67367,2,0,98,-1
1.005868,820,482619.157061,1,2,-1,38
1.335705,483,482635.710454,2,0,21,-1
1.12582,746,482660.772145,2,1,66,-1
1.036,822,482689.195462,1,2,-1,146
0.636,461,482705.043081,0,2,-1,7
1.511414,442,482720.23697,2,0,112,-1
1.738086,741,482745.061094,2,1,98,-1
1.67199,361,482757.70372,2,0,137,-1
0.926892,740,482782.591501,1,2,-1,1
0.578,474,482798.779202,0,2,-1,31
0.819577,785,482826.062436,2,1,19,-1
1.61799,331,482836.635593,2,0,137,-1
0.979372,899,482867.511212,1,2,-1,1
1.501529,379,482880.820863,2,0,97,-1
1.455578,423,482895.500206,2,0,71,-1
1.483066,711,482919.276934,2,1,137,-1
1.323536,751,482945.540946,2,1,4,-1
1.432222,453,482960.078557,2,0,87,-1
0.996093,542,482979.61947,2,0,37,-1
1.664477,357,482991.066767,2,0,145,-1
1.518122,389,483004.574525,2,0,94,-1
0.967432,783,483031.823859,2,1,57,-1
1.61476,904,483061.849236,1,2,-11,16
0.186,464,483077.811105,0,2,-1,170
0.598,538,483096.102495,0,2,-1,4
1.538827,382,483109.477402,2,0,113,-1
1.017637,488,483126.15238,2,0,2,-1
1.59099,335,483137.995624,2,0,137,-1
1.34054,707,483161.707418,2,0,20,1
1.295,738,483186.379418,1,2,-1,147
0.694057,1217,483228.630195,1,2,-1,116
1.3685,443,483243.967427,2,0,45,-1
1.473391,463,483259.844088,2,0,92,-1
1.648399,775,483285.8564,2,1,145,-1
1.444084,386,483299.280371,2,0,91,-1
1.344,671,483321.819472,1,2,-1,84
1.047616,407,483335.892955,2,0,137,-1
1.583,891,483366.606017,1,1,-1,50
1.617821,393,483379.151761,2,0,131,-1
1.456,707,483403.8554,1,2,-1,94
0.906969,979,483437.494492,1,2,-1,88
1.374516,900,483467.458572,2,1,68,-1
1.371516,386,483480.909501,2,0,13,-1
2.019,354,483493.364125,2,0,176,-1
1.486325,464,483509.32672,2,0,106,-1
1.404076,966,483542.481693,2,1,98,-1
1.433391,875,483571.531977,2,0,55,-1
2.022,372,483584.569167,2,0,176,-1
1.058086,798,483612.425295,1,2,-1,15
1.522222,420,483626.94234,2,0,87,-1
1.570846,370,483638.780698,2,0,120,-1
2.095913,739,483664.623259,2,1,152,-1
1.634999,691,483687.899702,2,1,28,-1
1.092018,1038,483723.382948,1,2,-1,3
1.459897,391,483737.018774,2,0,83,-1
0.529529,634,483758.435985,1,2,-1,133
0.689375,779,483785.607957,1,2,-9,67
1.58799,321,483795.873507,2,0,137,-1
1.745627,747,483821.911068,2,1,65,-1
1.318381,591,483841.939616,2,0,19,-1
1.397328,435,483856.948589,2,0,57,-1
1.62699,357,483868.405772,2,0,137,-1
1.409137,867,483898.385216,2,1,10,-1
1.455,714,483922.319903,1,2,-1,85
0.710006,918,483954.001596,2,1,23,-1
1.382535,443,483969.231107,2,0,42,-1
1.435897,401,483983.093598,2,0,83,-1
1.480017,377,483996.274505,2,0,96,-1
1.514,822,484023.679241,1,2,-1,32
1.305275,509,484040.998799,2,0,2,-1
1.100802,410,484055.186408,2,0,137,-1
1.587,735,484080.878286,1,2,-1,14
1.069802,514,484098.438998,2,0,137,-1
1.009505,438,484112.512459,2,0,137,-1
2.01,341,484124.476322,2,0,176,-1
1.356575,438,484139.606817,2,0,5,-1
1.494086,390,484153.09828,2,0,98,-1
1.397122,462,484168.981771,2,0,94,-1
1.394226,420,484182.408271,2,0,18,-1
1.64499,353,484194.781489,2,0,137,-1
1.340472,477,484211.09389,2,0,4,-1
1.354275,423,484225.69436,2,0,2,-1
1.689,828,484253.303749,1,0,-1,-1
1.224,668,484276.989557,1,2,-1,104
1.164,761,484302.432497,1,2,-1,146
1.430287,391,484316.003071,2,0,77,-1
1.658125,405,484330.04133,2,0,136,-1
1.637,817,484357.364887,1,2,-1,27
1.396,861,484387.112171,1,2,-1,18
1.60599,372,484400.196843,2,0,137,-1
1.662,1003,484434.441451,1,2,-1,4
1.092044,844,484462.492727,2,1,58,-1
1.200408,676,484486.294673,1,2,-1,114
1.453084,491,484503.076157,2,0,91,-1
1.480064,635,484524.461769,1,2,-1,16
1.31,850,484553.894117,1,2,-1,118
1.479086,369,484565.789203,2,0,98,-1
1.356075,465,484581.802477,2,0,17,-1
2.052,429,484596.633708,2,0,176,-1
0.614602,843,484625.794547,2,1,21,-1
1.735,1047,484661.524127,1,1,-1,-1
1.983,326,484672.019268,2,0,176,-1
1.430829,436,484687.097117,2,0,74,-1
1.662381,894,484717.99643,2,0,19,-1
1.63599,347,484730.182335,2,0,137,-1
1.385104,480,484746.68833,2,0,37,-1
1.64499,373,484758.672683,2,0,137,-1
1.467391,408,484772.851228,2,0,92,-1
1.364535,434,484787.789386,2,0,42,-1
1.38804,460,484803.607991,2,0,101,-1
1.32879,424,484818.317234,2,0,7,-1
2.019,353,484829.617053,2,0,176,-1
1.762871,784,484856.920197,2,1,70,-1
1.232,821,484885.289259,1,2,-1,143
1.34642,667,484907.764868,2,0,30,-1
1.59699,415,484922.146223,2,0,137,-1
1.361535,390,484934.68833,2,0,42,-1
1.402841,374,484947.738456,2,0,46,-1
1.375866,453,484963.276694,2,0,32,-1
1.597125,389,484976.836858,2,0,136,-1
1.718017,670,484999.439216,2,1,96,-1
1.381309,404,485013.504035,2,0,50,-1
1.786829,797,485040.075148,2,1,74,-1
1.626,766,485066.899264,1,2,-1,24
1.287313,724,485091.118769,2,1,11,-1
1.668827,782,485118.357709,2,1,113,-1
1.65099,370,485131.313023,2,0,137,-1
1.532217,447,485145.596278,2,0,117,-1
1.478582,442,485160.827806,2,0,89,-1
1.524017,392,485174.547956,2,0,96,-1
1.656226,863,485204.324611,2,1,18,-1
1.453017,545,485222.950392,2,0,96,-1
1.426797,562,485242.074955,2,0,27,-1
0.574141,1140,485280.722332,1,2,-9,54
1.655275,917,485312.278718,2,1,2,-1
0.935943,494,485329.232627,2,0,97,-1
2.043,369,485342.172199,2,0,176,-1
1.64499,377,485354.237814,2,0,137,-1
1.362516,470,485370.358023,2,0,13,-1
1.462325,360,485382.960987,2,0,106,-1
1.98699,774,485408.945301,2,1,137,-1
1.594,850,485438.422939,1,2,-1,28
1.416,750,485464.628578,1,1,-1,92
1.049006,388,485477.097392,2,0,137,-1
1.56099,346,485489.258014,2,0,137,-1
1.37,740,485513.968174,1,2,-1,88
1.445829,474,485530.287165,2,0,74,-1
1.388587,481,485546.869606,2,0,35,-1
1.919113,375,485559.960474,2,0,170,-1
1.342109,440,485575.223512,2,0,52,-1
1.433997,353,485587.602989,2,0,85,-1
1.468017,363,485599.242182,2,0,176,-1
1.339,686,485623.400875,1,2,-1,94
2.022,343,485634.429266,2,0,176,-1
1.497086,401,485648.395593,2,0,98,-1
1.587594,366,485661.224597,2,0,124,-1
1.224,668,485683.697488,1,2,-1,139
1.492034,470,485699.805866,2,0,122,-1
0.911399,792,485727.310296,1,2,-1,73
1.337386,551,485746.195621,2,0,12,-1
1.71276,880,485775.582078,1,2,-11,3
1.320929,460,485791.460891,2,0,16,-1
1.376627,455,485807.15678,2,0,65,-1
1.524,727,485832.61347,1,2,-1,15
1.760038,1057,485868.728612,2,1,152,-1
1.365372,536,485887.043201,2,0,3,-1
2.01,343,485898.144255,2,0,176,-1
1.611,721,485923.440753,1,1,-1,18
1.319412,427,485938.237143,2,0,25,-1
1.676477,432,485952.046432,2,0,145,-1
1.411309,449,485967.478177,2,0,50,-1
1.362929,468,485983.550212,2,0,16,-1
1.519529,391,485997.134968,2,0,97,-1
1.720086,660,486019.434232,2,1,98,-1
1.684086,729,486045.053466,2,1,98,-1
0.919311,630,486066.538548,2,0,88,-1
1.004196,546,486085.225104,2,0,29,-1
2.025,351,486097.5495,2,0,176,-1
1.137,819,486124.84993,1,2,-1,55
1.522034,459,486140.594555,2,0,122,-1
1.65099,427,486155.321561,2,0,137,-1
1.400703,456,486170.997895,2,0,51,-1
1.45464,1004,486205.258761,2,1,68,-1
1.535181,566,486224.562403,2,0,127,-1
1.474447,392,486238.269782,2,0,104,-1
1.456897,404,486252.255634,2,0,83,-1
1.599793,814,486279.296137,2,1,110,-1
0.704,766,486305.963741,0,2,-1,2
1.372232,414,486319.17036,2,0,41,-1
0.922777,674,486342.86634,1,2,-11,71
1.079,800,486369.609146,1,2,-1,129
1.581414,646,486392.52765,2,1,112,-1
1.271,726,486416.896478,1,2,-1,55
1.787902,646,486438.669869,2,1,155,-1
1.281767,771,486465.476444,1,2,-11,57
1.629805,401,486479.498524,2,0,146,-1
1.59699,347,486490.62721,2,0,137,-1
1.498529,384,486504.006563,2,0,97,-1
1.054802,550,486522.620774,2,0,137,-1
1.305575,475,486539.055656,2,0,5,-1
0.899,716,486563.045998,1,2,-1,111
1.460122,383,486576.405364,2,0,94,-1
1.326902,442,486591.631498,2,0,8,-1
1.311787,770,486618.405799,2,1,15,-1
1.563,928,486649.224775,1,2,-1,3
1.773529,750,486675.378805,2,1,97,-1
1.57299,341,486686.296475,2,0,137,-1
1.665925,761,486712.880308,2,1,49,-1
0.578,506,486730.157121,0,2,-1,33
1.749911,653,486752.200698,2,1,98,-1
1.297979,398,486765.973734,2,0,137,-1
1.605694,875,486796.22906,1,2,-1,14
1.742858,839,486824.136626,2,1,56,-1
1.62099,351,486836.430364,2,0,137,-1
1.367,687,486859.450544,1,2,-1,3
1.693328,875,486889.676282,2,1,57,-1
1.442311,521,486907.468575,2,0,59,-1
1.535,823,486935.99708,1,2,-1,37
1.989,385,486948.40106,2,0,176,-1
1.679275,1023,486983.274772,2,1,2,-1
1.682287,689,487007.440755,2,1,77,-1
1.619,921,487039.204159,1,2,-1,9
1.443391,398,487051.986275,2,0,92,-1
1.657,876,487082.178569,1,2,-1,15
2.034,380,487095.408029,2,0,176,-1
2.046,716,487119.413503,2,1,176,-1
1.576034,347,487131.638845,2,0,122,-1
1.62099,372,487144.716043,2,0,137,-1
1.445582,378,487156.799195,2,0,89,-1
1.62699,382,487170.115408,2,0,137,-1
1.694086,629,487191.397148,2,1,98,-1
1.533,752,487217.628938,1,2,-1,60
1.98099,870,487247.630714,2,1,137,-1
1.433997,474,487262.842911,2,0,85,-1
1.65,719,487288.030023,1,2,-1,0
1.340587,454,487303.68484,2,0,35,-1
1.621125,448,487319.201846,2,0,136,-1
1.397627,474,487335.468155,2,0,65,-1
1.574181,460,487350.23096,2,0,127,-1
0.535694,633,487372.688112,0,2,-1,57
1.430033,339,487383.47679,2,0,64,-1
1.383812,392,487397.01.649528,798,48731.466997,370,487410.01.452847,592,48741.426812,433,487424.91.387,813,487445.1.515,706,487448.61.788736,815,487472.862769,2,1,93,-1
1.437373,454,487488.490418,2,0,38,-1
1.699275,1127,487527.958254,2,1,2,-1
1.480238,435,487542.000674,2,0,66,-1
1.567325,410,41.303,720,487557.286335,11.263,825,487584.903188,1,2,-1,10
1.545,781,487610.945993,1,2,-1,54
1.576,939,487643.127737,1,2,-1,1
1.491,719,487668.367232,1,2,-1,0
2.00899,876,487697.670684,2,1,137,-1
1.750332,431,487712.561168,2,0,144,-1
1.704307,851,487741.93725,2,1,72,-1
1.629594,531,487760.030053,2,0,124,-1
1.687578,920,487791.656595,2,1,71,-1
1.476391,414,487804.936068,2,0,92,-1
1.494,978,487838.426106,1,2,-1,39
1.833088,408,487852.550215,2,0,158,-1
1.645738,435,487867.694438,2,0,130,-1
0.947244,450,487883.242532,2,0,14,-1
1.710999,506,487900.551428,2,0,138,-1
1.708033,809,487927.544428,2,1,64,-1
1.542,828,487956.183003,1,2,-1,3
1.654738,452,487971.755973,2,0,130,-1
1.561,763,487997.302225,1,2,-1,0
1.56507,442,488012.587912,2,0,111,-1
1.76154,921,488044.305137,2,1,20,-1
1.398275,667,488066.818261,2,0,2,-1
1.692999,423,488081.43208,2,0,138,-1
1.68781,414,488095.741581,2,0,134,-1
1.525017,462,488111.620249,2,0,96,-1
1.443,809,488139.646143,1,2,-1,49
0.397,672,488162.157584,0,2,-1,53
1.434373,591,488182.137325,2,0,38,-1
2.437,693,488205.525441,2,1,176,-1
1.63081,454,488221.17854,2,0,134,-1
1.435999,865,488251.242967,2,1,28,-1
1.72401,846,488280.646904,2,1,118,-1
1.527529,427,488294.66672,2,0,97,-1
1.796307,1032,488331.347247,2,1,72,-1
1.442937,672,488354.990172,2,0,40,-1
1.147,667,488377.556611,1,2,-1,46
1.649181,376,488390.691234,2,0,127,-1
1.09805,824,488418.215816,1,2,-1,55
1.741332,510,488435.661344,2,0,144,-1
1.541,753,488461.886676,1,2,-1,38
1.614821,414,488476.184263,2,0,131,-1
1.698999,508,488493.617177,2,0,176,-1
1.992356,391,488506.117463,2,0,169,-1
1.481815,831,488535.008496,2,1,90,-1
1.68099,352,488547.311795,2,0,137,-1
1.519017,380,488559.47267,2,0,96,-1
1.440192,526,488577.394806,2,0,47,-1
1.79005,472,488593.511002,2,0,150,-1
1.66299,400,488607.375223,2,0,137,-1
1.79799,719,488632.522872,2,1,137,-1
1.418311,511,488649.934621,2,0,59,-1
1.436937,434,488663.772717,2,0,40,-1
1.435969,585,488684.665223,2,0,80,-1
1.199,698,488708.103607,1,2,-1,107
1.528017,497,488725.095977,2,0,96,-1
1.662017,894,488755.851169,2,1,96,-1
1.661582,736,488780.510875,2,1,89,-1
1.571,881,488810.812759,1,2,-1,60
2.091,354,488823.255883,2,0,176,-1
1.442587,482,488838.646286,2,0,35,-1
1.984967,398,488852.517685,2,0,168,-1
2.207,721,488877.874318,2,1,176,-1
1.519,889,488907.426768,1,2,-1,45
1.487287,462,488923.262814,2,0,77,-1
1.489,810,488951.35745,1,2,-1,80
1.413,819,488978.598074,1,2,-1,33
1.065,624,489000.767585,1,2,-1,135
2.097,373,489012.708722,2,0,176,-1
1.618,760,489040.271536,1,2,-1,26
2.085,359,489052.855678,2,0,176,-1
1.738332,456,489067.538339,2,0,144,-1
1.54,780,489094.741804,1,2,-1,73
2.082,355,489107.186725,2,0,176,-1
2.091,389,489119.634427,2,0,176,-1
1.484997,422,489134.248449,2,0,85,-1
1.708332,480,489150.692297,2,0,144,-1
1.730477,393,489164.369237,2,0,145,-1
2.076,397,489178.15958,2,0,176,-1
1.950356,362,489189.854542,2,0,169,-1
1.657738,491,489206.674393,2,0,130,-1
2.097,364,489219.390671,2,0,176,-1
1.480033,524,489237.186025,2,0,64,-1
1.754311,830,489265.902254,2,1,59,-1
1.55604,469,489281.961265,2,0,101,-1
1.57801,430,489296.912095,2,0,118,-1
1.71299,672,489319.499657,2,1,131.66601.477033,457,489335.164993,2,0,1.435891.78705,382,489348.493475,2,0,11.538071.548529,407,489361.524825,2,0,1.647,71.445937,439,489376.698618,21.415109,32.012113,388,489390.189652,21.224,795,41.57,819,489418.594917,11.859339,606,489438.427634,2,1,159,-1
1.601354,1.689999,473,489453.948308,2,01.641328,907,489481.401922,2,1,57,-1
1.632,911,489512.766223,1,1,-1,-1
1.638979,939,489545.040376,2,1,137,-1
1.591303,949,489577.648428,2,1,66,-1
1.418829,405,489590.684101,2,0,74,-1
1.520528,745,489616.750873,2,1,53,-1
1.283787,450,489632.351282,2,0,15,-1
1.264,722,489657.916161,1,2,-1,135
1.117929,473,489674.275313,2,0,135,-1
1.369948,1090,489711.540513,1,2,-1,10
1.64199,343,489723.621113,2,0,137,-1
1.535,764,489749.206005,1,2,-1,0
1.30065,460,489765.0469,2,0,14,-1
1.484,716,489790.04062,1,2,-1,34
1.304075,516,489807.696573,2,0,17,-1
1.73535,697,489831.142476,2,1,107,-1
1.369874,432,489846.125349,2,0,22,-1
1.347705,435,489861.164677,2,0,21,-1
1.326902,554,489880.082046,2,0,8,-1
1.713913,394,489893.789047,2,0,152,-1
1.621125,378,489905.912164,2,0,136,-1
0.588354,680,489929.847171,1,2,-1,95
0.558847,832,489957.529702,1,2,-1,148
1.504529,391,489971.161214,2,0,97,-1
1.185174,679,489994.036026,1,2,-1,176
1.32465,561,490013.063775,2,0,14,-1
1.62699,342,490025.076435,2,0,137,-1
1.66,893,490055.837331,1,1,-1,-1
1.935,365,490068.51721,2,0,176,-1
1.301,759,490093.947037,1,2,-1,1
1.649805,771,490120.847403,2,1,146,-1
1.239,836,490148.758734,1,2,-1,102
1.278,802,490176.592095,1,2,-1,33
1.636575,650,490198.508705,2,1,5,-1
1.551414,521,490216.275343,2,0,112,-1
1.798339,414,490230.66099,2,0,159,-1
1.353137,613,490251.395017,2,0,10,-1
0.893,691,490274.67336,1,2,-1,171
1.62699,352,4901.792443,1061,490303.601.1.442,878,49031.146,683,490326.561656,1,2,-1,88
1.607,858,490356.284707,1,2,-1,45
1.652,881,490386.745438,1,2,-1,3
1.319,717,490410.815265,1,2,-1,61
1.44134,546,490429.407942,2,0,34,-1
1.68999,396,490443.199806,2,0,137,-1
1.476086,446,490458.647553,2,0,98,-1
1.62999,345,490470.834461,2,0,137,-1
1.43164,458,490485.605708,2,0,311.7531.521391,523,490503.490093,2,0,921.507516,740,490521.369961,2,1,68,-1
1.391528,500,490538.473707,2,0,53,-1
1.54299,333,490550.282794,2,0,137,-1
1.4515821.730815,868,490573.454369,2,11.4010752.055,360,490586.094422,1.77701,813,1.711935,418,490600.58822,1.80091.42,760,490623.003656,1,2,-1,791.70499,455,490637.952034,2,0,137,-1
1.61.274959,683,490660.504816,2,1,80,-11.1.511827,367,490673.35328,2,0,113,-11.32,913,490698.302125,1,2,-1,122
11.164927,770,490724.346609,2,1,100,-111.450505,405,490738.377229,2,0,116,-11.1.382456,480,490754.819677,2,0,63,-11.1.18579,922,490786.639402,1,1,-1,-10.2.019,350,490797.923164,2,0,1761.7231.216,745,490824.04621,1,2,-1,145
0.75175,717,490848.076809,2,0,43,-1
0.902084,669,490870.594982,1,2,-1.76721.551594,357,490883.167814,2,0,11.073,61.32879,502,490900.346369,2,1.648896,721,490922.712462,2,1,62,-1
2.094,324,490934.14192.00699,856,4901.403386,463,490950.0611.450309,480,491.736566,400,490963.9071.443,905,490986.432398,1,2,-1,66
1.771227,988,491020.199749,2,1,24,-1
1.463868,491,491037.077066,2,0,67,-1
1.475627,454,491052.642225,2,0,65,-1
1.498155,448,1.288,899,491074.650652,11.013583,1104,491105.722003,2,1,110,-1
1.527086,500,491122.79936,2,0,98,-1
1.79264,825,491150.401514,2,1,31,-1
1.4435,485,491166.99712,2,0,45,-1
1.854793,792,491194.502067,2,1,110,-1
1.372681,436,491209.520745,2,0,6,-1
1.899017,751,491234.669688,2,1,96,-1
1.539529,441,491249.937254,2,0,97,-1
1.632,866,491279.862843,1,2,-1,34
1.59601,446,491295.328689,2,0,118,-1
1.738332,380,491307.523745,2,0,144,-1
1.862922,724,491332.906902,2,1,128,-1
1.772797,882,491363.391739,2,1,27,-1
1.67799,372,491375.285137,2,0,137,-1
1.794048,813,491403.525755,2,1,23,-1
1.73279,901,491434.59516,2,1,7,-1
1.58907,410,491447.854814,2,0,111,-1
1.61101,459,491463.697826,2,0,118,-1
1.449,810,491491.80423,1,2,-1,70
0.559,585,491511.587114,0,2,-1,45
1.816307,918,491543.223691,2,1,72,-1
1.010335,1311,491587.376468,2,1,41,-1
1.54201,531,491605.615122,2,0,118,-1
1.046959,449,491621.130172,2,0,80,-1
1.965025,919,491652.721469,2,1,132,-1
1.484997,451,491668.261795,2,0,85,-1
1.402381,502,491685.436883,2,0,19,-1
1.614886,469,491701.63619,2,0,119,-1
1.546358,390,491715.240409,2,0,105,-1
1.504897,551,491733.977692,2,0,83,-1
1.418,860,491762.658809,1,2,-1,27
1.329703,756,491789.060596,2,1,51,-1
1.483238,465,491805.021331,2,0,66,-1
1.714917,860,491833.653217,2,1,81,-1
1.617594,508,491851.040835,2,0,124,-1
1.039,739,491876.885661,1,2,-1,63
1.503049,816,491904.132893,2,1,79,-1
1.449847,598,491925.509979,2,0,43,-1
1.576583,458,491941.305696,2,0,109,-1
1.895414,917,491971.787358,2,1,112,-1
1.678125,404,491985.827079,2,0,136,-1
1.84699,799,492013.585956,2,1,137,-1
1.511997,449,492029.058308,2,0,85,-1
1.468,707,492052.810565,1,2,-1,67
1.351,737,492077.537557,1,2,-1,64
0.852575,1089,492114.573915,1,2,-1,3
1.650033,906,492145.700205,2,1,64,-1
1.630516,759,492172.192215,2,1,68,-1
1.648,710,492196.036821,1,2,-1,16
1.450841,522,492213.756213,2,0,46,-1
1.719109,837,492242.766381,2,1,52,-1
2.094,337,492253.601347,2,0,176,-1
1.532122,482,492270.129869,2,0,94,-1
1.512931,454,492285.767754,2,0,84,-1
1.470578,475,492302.140745,2,0,71,-1
1.866287,755,492328.421804,2,1,77,-1
1.691,1085,492365.427543,1,2,-1,14
1.595553,845,492393.719015,2,1,48,-1
2.258,653,492416.843778,2,1,176,-1
1.602594,451,492432.282784,2,0,124,-1
1.738089,815,492459.481245,2,1,0,-1
1.509086,397,492473.399095,2,0,98,-1
1.689841,992,492507.39054,2,1,46,-1
1.548086,411,492521.642644,2,0,98,-1
1.632997,767,492547.417559,2,1,85,-1
1.443847,514,492564.969023,2,0,43,-1
1.729332,452,492580.512761,2,0,144,-1
2.091,380,492593.728428,2,0,176,-1
2.1,357,492606.230078,2,0,176,-1
1.65099,379,492618.370717,2,0,137,-1
2.006113,441,492633.573627,2,0,170,-1
1.467206,761,492660.056564,2,1,29,-1
1.423227,409,492673.160801,2,0,24,-1
1.556,916,492704.773062,1,2,-1,7
1.213,570,492724.042685,1,2,-1,153
1.4401,502,492741.212158,2,0,33,-1
1.472456,422,492755.873445,2,0,63,-1
1.556,845,492785.171179,1,2,-1,23
1.740363,368,492796.939041,2,0,143,-1
1.717157,449,492812.386773,2,0,139,-1
1.79005,403,492826.3925,2,0,150,-102.05205,835,492855.337253,2,1,150,-1
1.663399,450,492870.933837,2,0,135,-12.1.646703,815,492898.10097,2,1,51,-1
1.379,829,492926.802667,1,2,-1,59
1.425896,609,492947.381247,2,0,62,-1
1.025901,636,492968.816602,2,0,124,-1
1.79605,450,492984.310581,2,0,150,-111.632,756,493010.689667,1,2,-1,271.1.438553,578,493030.319623,2,0,48,-11.1.72105,422,493044.961058,2,0,150,-11.1.39718,606,493065.514734,2,0,1,-1.616,935,493095.977594,1,2,-1,16
1.415412,475,493111.273446,2,0,25,-1
1.387372,497,493128.258375,2,0,3,-1
1.678332,425,493143.025498,2,0,144,-1
1.769931,908,493174.208865,2,1,84,-1
1.602,807,493202.306529,1,2,-1,50
0.653969,926,493233.060417,1,2,-1,141
2.102332,878,493263.336171,2,1,144,-1
1.171,677,493286.219045,1,2,-1,78
1.671821,433,493301.094136,2,0,131,-1
1.782311,997,493335.175102,2,1,59,-1
1.78705,368,493348.041617,2,0,150,-1
1.742969,844,493377.33853,2,1,80,-1
2.221113,710,493401.282709,2,1,170,-1
1.606505,474,493417.594891,2,0,116,-1
1.57707,363,493430.321169,2,0,111,-1
1.770999,1013,493464.931237,2,1,28,-1
1.528017,499,493481.941863,2,0,96,-1
1.69899,385,493494.284657,2,0,137,-1
1.386841,532,493512.428926,2,0,36,-1
1.757477,459,493528.214945,2,0,145,-1
1.514122,446,493543.646059,2,0,94,-1
1.729332,412,493557.953918,2,0,144,-1
1.76305,408,493572.090521,2,0,150,-1
1.733897,868,493601.061983,2,1,83,-1
1.838332,826,493629.719206,2,1,144,-1
1.655578,828,493658.459296,2,1,71,-1
1.307,865,493687.28192,1,2,-1,107
1.605,813,493715.489675,1,2,-1,40
1.549325,372,493728.526246,2,0,106,-1
1.518931,518,493746.176409,2,0,84,-1
1.70499,488,493762.899909,2,0,137,-1
1.63842,905,493793.003089,2,1,30,-1
2.061,343,493805.081038,2,0,176,-1
1.523582,542,493823.472262,2,0,89,-1
1.73305,359,493836.119949,2,0,150,-1
1.79005,446,493851.423055,2,0,150,-1
1.759929,756,493876.71877,2,1,16,-1
1.399797,472,493892.896468,2,0,27,-1
1.385472,550,493911.571261,2,0,4,-1
1.469311,491,493928.363966,2,0,59,-1
1.546325,434,493943.327806,2,0,106,-1
1.530391,426,493958.008718,2,0,92,-1
1.621846,533,493976.162491,2,0,120,-1
1.401575,649,493998.005939,2,0,5,-1
1.614922,371.790997,851,494013.958137,1.473443,481.571414,447,494029.320978,1.43464,545,1.79401,882,494059.6157661.472328,500,1.602594,404,494072.605771.224,604,49401.531,955,494105.356014,1,2,-1,40
1.41765,569,494124.620379,2,0,14,-1
1.402,965,494157.800128,1,2,-1,30
1.496307,624,494178.965793,2,0,72,-1
1.439,735,494204.672814,1,2,-1,19
1.429797,534,494222.85382,2,0,27,-1
1.406472,458,494238.682926,2,0,4,-1
1.425705,591,494258.679958,2,0,21,-1
1.483309,459,494274.522086,2,0,50,-1
1.683,802,494301.311641,1,2,-1,32
1.60501,475,494317.574355,2,0,118,-1
1.448868,394,494331.275203,2,0,67,-1
1.491578,486,494347.995142,2,0,71,-1
1.285,754,494374.297329,1,2,-1,131
1.456841,478,494390.722438,2,1.606,9951.63865,968,494422.843653,2,1,14,-1
1.514997,402,494436.848696,2,0,85,-1
1.750689,790,494464.320333,2,1,99,-1
1.69899,398,494478.143218,2,0,137,-1
1.98401,854,494506.552344,2,1,118,-1
1.113,713,494531.595013,1,2,-1,145
1.060964,1066,494567.837768,2,1,21,-1
1.505287,557,494586.894627,2,0,77,-1
1.487307,546,494605.470307,2,0,72,-1
1.564592,645,494627.233559,2,0,103,-1
1.324372,510,494644.715965,2,0,3,-1
1.69587,773,494671.587139,2,1,115,-1
1.754,889,494701.215665,1,2,-1,0
1.490997,385,494714.652297,2,0,85,-1
1.441309,570,494734.03724,2,0,50,-1
1.394075,503,494751.263414,2,0,17,-1
1.573,779,494778.494469,1,2,-1,26
1.635594,446,494793.816829,2,0,124,-1
2.091,378,494805.949132,2,0,176,-1
1.493307,438,494821.100531,2,0,72,-1
1.71,898,494852.193289,1,2,-1,4
1.432232,463,494868.095675,2,0,41,-1
1.457311,433,494883.11041.65665,957,491.442925,502,494900.2621.513787,800,494917.746477,2,1,15,-1
1.431841,462,491.589414,522,494935.1881.471897,413,4941.55,802,494961.9482661.657192,897,494977.706013,2,1,47,-1
1.361999,490,494994.538589,2,0,28,-1
1.31,829,495023.379143,1,2,-1,86
1.757,907,495053.474372,1,1,-1,11
1.456309,523,495071.380445,2,0,50,-1
1.50204,398,495085.177021,2,0,101,-1
1.385,748,495111.350241,1,2,-1,125
1.485,804,495138.191976,1,2,-1,34
1.86701,874,495168.221505,2,1,118,-1
1.379,811,495196.435319,1,2,-1,63
1.734797,891,495226.064195,2,1,27,-1
1.520736,438,495241.236733,2,0,93,-1
1.3108,627,495262.395025,2,0,167,-1
1.278,737,495288.157058,1,2,-1,106
1.655773,372,495301.123574,2,0,129,-1
1.474871,491,495317.986068,2,0,70,-1
1.43642,474,495333.174283,2,0,30,-1
1.462309,518,495350.865308,2,0,50,-1
1.68999,416,495365.297687,2,0,137,-1
1.575594,404,495379.280789,2,0,124,-1
1.626594,446,495394.582305,2,0,124,-1
1.98505,749,495419.684367,2,1,176,-1
1.544,1043,495455.212571,1,2,-1,71
2.328,749,495481.344642,2,1,176,-1
1.650925,911,495512.763091,2,1,49,-1
1.991113,377,495524.84511,2,0,170,-1
1.510017,370,495537.78365,2,0,96,-1
2.294,736,495563.462919,2,1,176,-1
1.750332,481,495579.965724,2,0,144,-1
1.452,933,495610.887159,1,2,-1,68
1.747587,790,495638.333759,2,1,35,-1
0.967403,958,495671.25068,2,1,96,-1
1.609057,706,495695.098787,2,1,73,-1
1.529,973,495728.43548,1,2,-1,79
1.390456,691,495751.675318,2,1,63,-1
1.821958,935,495783.756502,2,1,54,-1
1.435651,472,495799.997921,2,0,39,-1
1.444841,512,495817.51717,2,0,46,-1
1.693358,750,495843.777299,2,1,105,-1
1.487307,480,495860.282556,2,0,72,-1
1.511997,508,495877.601484,2,0,85,-1
0.864,524,495895.479351,1,2,-1,136
1.535,768,495921.169907,1,2,-1,61
1.125,725,495945.48159,1,2,-1,39
1.362,832,495974.217172,1,2,-1,78
2.094,324,495985.703206,2,0,176,-1
1.450232,479,496002.093094,2,0,41,-1
1.429,755,496027.539991,1,2,-1,68
2.242874,832,496056.343693,2,1,164,-1
1.874435,834,496084.16385,2,1,108,-1
1.718812,1054,496120.1019,2,1,58,-1
1.69899,385,496133.539714,2,0,137,-1
1.722,843,496162.693616,1,2,-1,15
1.185,890,496193.570898,1,2,-1,99
2.03699,722,496217.811148,2,1,137,-1
1.988113,392,496231.486534,2,0,170,-1
1.222,639,496253.104931,1,2,-1,101
2.029399,726,496277.50406,2,1,135,-1
1.361,858,496307.154997,1,2,-1,67
1.729332,454,496322.829854,2,0,144,-1
2.079,385,496336.243896,2,0,176,-1
1.408681,525,496354.210897,2,0,6,-1
1.73207,731,496378.745526,2,1,111,-1
1.873594,872,496408.908405,2,1,124,-1
2.012113,394,496422.625982,2,0,170,-1
1.781705,804,496449.445164,2,1,21,-1
1.708,944,496481.81742,1,2,-1,0
1.421412,466,496497.810218,2,0,25,-1
0.501,643,496519.536315,0,2,-1,64
1.483969,449,496534.94273,2,0,80,-1
1.516222,468,496550.967824,2,0,87,-1
1.725443,886,496581.529551,2,1,76,-1
2.043,370,496593.409641,2,0,176,-1
1.497049,452,496609.022005,2,0,79,-1
1.431,740,496634.786059,1,2,-1,62
1.479824,662,496657.111135,2,0,176,-1
1.451169,465,496673.211202,2,0,44,-1
1.611402,941,496705.5618,2,1,55,-1
1.489871,508,496722.968804,2,0,70,-1
2.088,377,496736.151894,2,0,176,-1
1.64499,357,496747.53047,2,0,137,-1
1.742477,390,496761.096005,2,0,145,-1
1.490391,836,496790.0245,2,1,92,-1
1.434847,448,496805.433002,2,0,43,-1
1.58101,402,496818.345035,2,0,118,-1
1.781034,667,496841.954757,2,1,122,-1
1.852827,952,496874.599609,2,1,113,-1
1.92899,701,496898.295882,2,1,137,-1
1.560824,814,496925.456452,2,1,60,-1
1.488578,554,496945.326302,2,0,71,-1
1.629594,428,496959.076501,2,0,124,-1
1.429866,476,496975.474263,2,0,32,-1
1.637456,752,497001.759609,2,1,63,-1
1.731093,709,497025.458618,2,1,86,-1
1.511093,584,497045.229585,2,0,86,-1
1.466311,474,497061.445575,2,0,59,-1
1.399381,492,497078.29843,2,0,19,-1
1.445,851,497107.765345,1,2,-1,77
1.865821,846,497137.044416,2,1,131,-1
1.489516,488,497152.799798,2,0,68,-1
1.472456,516,497170.411115,2,0,63,-1
1.482049,420,497185.007383,2,0,79,-1
1.776075,885,497215.616585,2,1,17,-1
0.985824,966,497248.762635,1,2,-1,57
1.54979,393,497262.453557,2,0,102,-1
1.956999,726,497286.892141,2,1,138,-1
1.638594,519,497304.660061,2,0,124,-1
1.461858,482,497321.260015,2,0,56,-1
1.353267,576,497340.769233,2,0,144,-1
1.62117,898,497371.705417,2,1,170,-1
1.383275,555,497390.599802,2,0,2,-1
1.281,610,497411.242356,1,2,-1,28
1.571414,480,497427.741864,2,0,112,-1
0.814487,567,497446.968868,2,0,27,-1
1.508997,495,497463.947185,2,0,85,-1
1.681399,417,497478.481974,2,0,135,-1
1.634773,371,497491.448051,2,0,129,-1
1.396681,490,497508.267576,2,0,6,-1
1.648738,536,497526.56895,2,0,130,-1
1.467958,495,497543.514153,2,0,54,-1
1.575594,402,497557.493691,2,0,124,-1
1.426874,423,497571.007291,2,0,22,-1
1.417,995,497605.091586,1,2,-1,22
2.064,703,497629.738972,2,1,176,-1
1.386226,478,497646.07777,2,0,18,-1
1.517997,430,497659.904706,2,0,85,-1
1.548529,442,497675.113727,2,0,97,-1
1.767902,908,497706.342703,2,1,8,-1
0.543,771,497733.131846,0,2,-1,58
1.5081,782,497759.352229,2,1,33,-1
1.417651,570,497778.834998,2,0,39,-1
1.617594,405,497792.905171,2,0,124,-1
1.728363,401,497806.847612,2,0,143,-1
1.539312,424,497821.588358,2,0,114,-1
1.389841,503,497838.875048,2,0,36,-1
1.451402,488,497855.542629,2,0,55,-1
1.462309,508,497872.88019,2,0,50,-1
1.75805,729,497897.358707,2,1,150,-1
0.507,675,497920.073797,0,2,-1,50
1.958113,393,497933.746933,2,0,170,-1
0.836585,563,497952.89195,2,0,24,-1
0.905752,555,497971.732925,2,0,32,-1
2.258874,790,497999.272989,2,1,164,-1
1.581,768,498024.876981,1,2,-1,6
1.956999,801,498052.755595,2,1,138,-1
0.961703,579,498072.461392,2,0,124,-1
1.37954,570,498091.827504,2,0,176,-1
1.97099,751,498118.23726,2,1,137,-1
0.974464,676,498140.940734,2,0,104,-1
1.659025,591,498160.953399,2,0,132,-1
1.953886,843,498190.070185,2,1,119,-1
2.11005,737,498214.706105,2,1,150,-1
1.774866,1113,498252.626015,2,1,32,-1
1.6041,1009,498287.25879,2,1,33,-1
1.605594,407,498301.335977,2,0,124,-1
1.581594,349,498313.575282,2,0,124,-1
1.848385,780,498339.696264,2,1,88,-1
1.502307,709,498364.582415,2,0,176,-1
1.159,777,498390.645036,1,2,-1,136
1.726874,802,498418.56768,2,1,22,-1
1.689352,933,498450.713673,2,1,61,-1
1.512456,917,498481.229402,2,1,144,-1
1.537358,475,498497.538306,2,0,105,-1
1.731363,387,498510.977723,2,0,143,-1
1.714226,966,498544.111017,2,1,18,-1
1.445104,532,498562.248122,2,0,37,-1
1.37448,842,498591.4222,2,1,119,-1
1.457925,502,498608.606247,2,0,49,-1
1.960886,820,498635.992313,2,1,119,-1
1.644703,795,498663.628777,2,1,51,-1
1.335,637,498685.107513,1,2,-1,12
1.497931,421,498699.699512,2,0,84,-1
1.529736,474,498716.008171,2,0,93,-1
1.730583,776,498741.933062,2,1,109,-1
1.534017,510,498759.446473,2,0,96,-1
1.256,653,498781.38908,1,2,-1,131
1.829821,805,498809.370322,2,1,131,-1
1.783,900,498840.319099,1,2,-1,0
1.826086,845,498868.489399,2,1,98,-1
1.278,870,498898.502778,1,2,-1,49
1.65264,881,498928.894134,2,1,31,-1
1.498155,498,498945.939286,2,0,78,-1
1.817871,765,498971.572132,2,1,70,-1
1.427,955,499004.334807,1,2,-1,44
1.519815,470,499020.46688,2,0,90,-1
1.567793,551,499039.206685,2,0,110,-1
1.473812,535,499057.386973,2,0,58,-1
2.009113,431,499072.352124,2,0,170,-1
2.415,758,499098.852351,2,1,176,-1
1.471548,413,499112.162997,2,0,95,-1
1.327,685,499136.274367,1,2,-1,87
1.475582,527,499154.214918,2,0,89,-1
1.745477,373,499166.149836,2,0,145,-1
1.484868,388,499179.650808,2,0,67,-1
1.728,897,499210.605637,1,2,-1,6
0.842412,958,499243.655994,1,2,-1,4
1.721566,799,499270.428921,2,1,142,-1
1.820358,911,499301.819007,2,1,105,-1
2.009113,392,499315.481475,2,0,170,-1
0.756797,1160,499354.790045,1,2,-1,45
1.629594,441,499369.969467,2,0,124,-1
1.666,853,499399.488423,1,2,-1,18
1.82999,746,499424.584833,2,1,137,-1
1.463328,382,499438.245858,2,0,57,-1
1.440847,582,499458.541649,2,0,43,-1
1.590386,953,499491.375342,2,1,12,1
1.618,895,499522.222253,1,2,-1,53
0.864764,642,499543.929329,2,0,92,-1
1.552325,455,499559.702381,2,0,106,-1
1.297,733,499584.245116,1,2,-1,95
1.592414,472,499600.490688,2,0,112,-1
1.478868,402,499614.472217,2,0,67,-1
2.012332,881,499644.807013,2,1,144,-1
1.653922,407,499658.932434,2,0,128,-1
1.661,817,499686.187611,1,2,-1,31
1.483,877,499716.539174,1,2,-1,54
1.864057,1015,499751.276481,2,1,73,-1
1.592414,479,499767.740977,2,0,112,-1
1.71105,747,499792.81442,2,1,150,-1
0.404,680,499816.797694,0,2,-1,49
1.74205,404,499829.70639,2,0,150,-1
1.533391,453,499845.331411,2,0,92,-1
1.617594,405,499859.332115,2,0,124,-1
1.545,837,499888.377845,1,2,-1,65
1.789307,889,499917.962216,2,1,72,-1
1.70499,419,499932.48342,2,0,137,-1
1.819377,469,499948.596053,2,0,156,-1
1.39118,489,499965.345301,2,0,1,-1
1.753787,934,499997.54694,2,1,15,-1
1.845931,870,500027.566509,2,1,84,-1
1.496,771,500053.419828,1,2,-1,30
1.80634,930,500085.363369,2,1,100,-1
2.097,331,500097.088795,2,0,176,-1
1.545086,542,500115.569792,2,0,98,-1
1.451169,492,500132.428913,2,0,44,-1
1.520093,443,500146.708759,2,0,86,-1
1.618,825,500175.267568,1,2,-1,7
1.374902,578,500194.8851,2,0,8,-1
1.53,753,500221.294921,1,2,-1,4
1.68999,381,500233.549026,2,0,137,-1
1.555447,469,500249.668923,2,0,104,-1
1.687125,390,500263.256955,2,0,136,-1
1.546325,413,500277.602221,2,0,106,-1
1.568,843,500306.870488,1,2,-1,43
1.507328,558,500325.861856,2,0,57,-1
1.718,841,500354.008126,1,2,-1,0
1.722311,744,500380.102427,2,1,59,-1
1.72626,804,500406.998903,2,1,11,-1
1.578,943,500439.494641,1,2,-1,6
1.55304,475,500455.776446,2,0,101,-1
1.191325,1208,500496.745249,1,2,-1,8
1.00544,859,500526.535337,2,1,76,-1
1.694307,968,500559.699777,2,1,176,-1
1.861931,1035,500595.066265,2,1,84,-1
1.754477,397,500608.852447,2,0,145,-1
1.523093,645,500630.633476,2,0,86,-1
1.43234,509,500648.028697,2,0,34,-1
1.112755,568,500667.269972,2,0,130,-1
1.406104,450,500682.85381,2,0,37,-1
1.698,733,500707.51258,1,2,-1,25
1.439703,407,500721.626683,2,0,51,-1
1.732238,969,500754.843898,2,1,66,-1
0.262,707,500779.697044,0,2,-1,79
0.90553,654,500801.910257,2,0,113,-1
1.530086,409,500816.098292,2,0,98,-1
1.615,793,500842.705415,1,2,-1,58
1.663,777,500869.808947,1,2,-1,44
1.553689,515,500887.496021,2,0,99,-1
1.859358,784,500913.809861,2,1,105,-1
1.391,704,500938.520873,1,2,-1,9
1.400472,450,500952.951656,2,0,4,-1
2.051332,783,500980.209782,2,1,144,-1
1.58607,425,500994.9107,2,0,111,-1
1.670086,719,501019.118292,2,1,98,-1
1.161,769,501045.891914,1,2,-1,154
1.53087,388,501058.396156,2,0,115,-1
1.39418,555,501078.290698,2,0,1,-1
2.094,350,501089.522658,2,0,176,-1
1.95881,763,501116.166062,2,1,134,-1
1.635594,432,501131.067216,2,0,124,-1
1.417874,534,501149.307402,2,0,22,-1
1.949594,852,501177.792991,2,1,124,-1
1.564592,458,501193.483016,2,0,103,-1
2.094,378,501206.715205,2,0,176,-1
1.60801,447,501222.072986,2,0,118,-1
1.735332,426,501236.823999,2,0,144,-1
1.470553,844,501264.933742,2,1,48,-1
1.700997,796,501292.56565,2,1,85,-1
1.617594,400,501306.466124,2,0,124,-1
1.529582,413,501319.817174,2,0,89,-1
1.58307,470,501335.977689,2,0,111,-1
1.751477,400,501349.870874,2,0,145,-1
1.493,788,501377.380402,1,2,-1,29
1.395847,536,501395.676611,2,0,43,-1
1.772841,823,501423.156756,2,1,46,-1
2.097,393,501436.864608,2,0,176,-1
2.060477,826,501465.438508,2,1,145,-1
1.347,738,501490.261964,1,2,-1,73
1.557,813,501518.469902,1,2,-1,20
1.824583,906,501548.571389,2,1,109,-1
2.103,350,501560.87184,2,0,176,-1
1.685477,368,501573.725223,2,0,145,-1
1.488,881,501603.994177,1,2,-1,34
1.325516,807,501631.018561,2,1,13,-1
1.413,822,501659.591554,1,2,-1,59
1.433,800,501686.348907,1,2,-1,79
1.754,1068,501722.880914,1,2,-1,3
1.426179,1046,501758.563906,2,1,144,-1
2.366,824,501787.156494,2,1,176,-1
1.70499,359,501799.844335,2,0,137,-1
1.456841,485,501816.47965,2,0,46,-1
1.444553,575,501836.041608,2,0,48,-1
1.985821,804,501862.928758,2,1,131,-1
1.656309,900,501893.939888,2,1,50,-1
1.441,1019,501928.80313,1,2,-1,47
1.502997,437,501943.907966,2,0,85,-1
1.578594,388,501957.46156,2,0,124,-1
1.570358,425,501972.105966,2,0,105,-1
1.537,709,501995.884207,1,2,-1,35
1.485,913,502027.315179,1,2,-1,30
1.559,849,502055.554099,1,2,-1,57
1.95401,804,502083.679575,2,1,118,-1
1.086,617,502104.624285,1,2,-1,155
2.103,354,502117.057431,2,0,176,-1
1.497391,484,502133.671361,2,0,92,-1
1.582,893,502164.42123,1,2,-1,25
0.970165,998,502198.479657,2,1,29,-1
1.759391,904,502228.543571,2,1,92,-1
1.294033,611,502250.301481,2,1,64,-1
1.673412,812,502277.505418,2,1,25,-1
1.635594,472,502293.737683,2,0,124,-1
1.71235,708,502317.534175,2,1,107,-1
1.525815,481,502334.013157,2,0,90,-1
1.327,710,502358.928304,1,2,-1,109
2.103,393,502371.561492,2,0,176,-1
1.55401,477,502387.917033,2,0,118,-1
1.569,864,502417.900766,1,2,-1,33
1.487829,486,502434.619162,2,0,74,-1
1.459238,451,502450.150369,2,0,66,-1
1.454169,404,502464.162621,2,0,44,-1
2.091,366,502475.943059,2,0,176,-1
1.928874,407,502490.111099,2,0,164,-1
1.664358,711,502515.125164,2,1,105,-1
1.599886,419,502528.556177,2,0,119,-1
1.454307,497,502545.620487,2,0,72,-1
1.523122,562,502565.762274,2,0,94,-1
1.71,894,502595.602794,1,2,-1,10
2.056036,346,502607.779749,2,0,174,-1
1.397587,534,502625.906837,2,0,35,-1
1.619895,452,502641.470687,2,0,121,-1
1.478997,518,502659.153821,2,0,85,-1
1.480033,554,502678.06396,2,0,64,-1
1.401275,517,502695.785144,2,0,2,-1
1.493902,811,502724.096162,2,1,8,-1
1.452578,441,502738.239197,2,0,71,-1
0.942834,577,502758.930883,2,0,76,-1
1.82601,907,502789.053322,2,1,118,-1
1.566594,329,502800.755598,2,0,124,-1
1.818358,722,502824.998261,2,1,105,-1
1.480238,463,502840.932435,2,0,66,-1
1.675399,460,502856.768551,2,0,135,-1
1.67499,373,502869.818282,2,0,137,-1
1.709226,846,502899.154332,2,1,18,-1
1.41126,578,502918.866947,2,0,11,-1
1.715358,845,502946.924109,2,1,105,-1
1.650391,664,502970.366384,2,1,92,-1
1.68099,406,502983.346113,2,0,137,-1
1.549846,413,502997.628962,2,0,120,-1
1.545086,383,503010.918936,2,0,98,-1
1.485,739,503035.662152,1,2,-1,45
2.043,376,503048.805248,2,0,176,-1
1.483516,384,503062.153991,2,0,68,-1
1.632594,495,503079.078645,2,0,124,-1
1.153078,561,503098.110092,2,0,148,-1
1.404,948,503130.682842,1,2,-1,76
1.53479,464,503146.660165,2,0,102,-1
1.758358,843,503174.776096,2,1,105,-1
1.56507,436,503189.850986,2,0,111,-1
0.269,555,503208.830626,0,2,-1,122
1.321,1081,503245.632465,1,2,-1,7
1.148,600,503266.973744,1,2,-1,104
1.2,608,503287.611519,1,2,-1,59
1.39965,606,503308.112982,2,0,14,-1
1.650821,441,503323.352686,2,0,131,-1
1.502,752,503348.542498,1,2,-1,18
1.526582,377,503361.674295,2,0,89,-1
1.534084,427,503376.43188,2,0,91,-1
1.784841,925,503408.241691,2,1,46,-1
1.509086,491,503425.066401,2,0,98,-1
1.472311,449,503439.420395,2,0,59,-1
1.686352,892,503470.263103,2,1,61,-1
1.636,940,503502.541122,1,2,-1,48
1.582583,442,503517.936268,2,0,109,-1
131,-1
1.180959,624,503225.083579,2,0,73,-1
1.294,823,503253.629367,1,2,-1,3
1.970332,926,503285.494071,2,1,144,-1
1.684935,643,503307.209241,2,1,141,-1
1.508997,365,503319.98469,2,0,85,-1
1.439104,402,503332.90319,2,0,37,-1
1.572,946,503365.363736,1,2,-1,3
1.792192,919,503396.987773,2,1,47,-1
1.704999,517,503414.618606,2,0,138,-1
2.061399,857,503444.231091,2,1,135,-1
1.395575,655,503466.360461,2,0,5,-1
1.710999,390,503479.972914,2,0,138,-1
1.940113,366,503491.664803,2,0,170,-1
1.464812,558,503511.87223,2,0,58,-1
1.672935,356,503523.261964,2,0,141,-1
,30,-1
1.050576,467,503022.220844,2,0,137,-1
1.373703,520,503039.995238,2,0,51,-1
1.621797,846,503068.129902,2,1,27,-1
1.209252,647,503090.995527,1,2,-4,79
1.749183,879,503120.270598,2,1,69,-1
1.422917,432,503135.211231,2,0,81,-1
1.435057,425,503149.941771,2,0,73,-1
1.65399,359,503162.506735,2,0,137,-1
1.468815,427,503176.19804,2,0,90,-1
0.456,538,503195.654353,0,2,-1,70
1.451829,495,503211.6234,2,0,74,-1
1.269516,649,503234.539969,2,0,13,-1
1.339874,529,503252.568354,2,0,22,-1
1.524391,423,503267.178847,2,0,176,-1
1.01275,775,503293.139808,1,2,-11,47
2.004,398,503307.016321,2,0,176,-1
1.956,327,503318.579859,2,0,176,-1
1.554594,339,503329.451222,2,0,124,-1
1.948477,654,503351.505553,2,1,145,-1
1.577354,348,503363.720599,2,0,133,-1
0.626,630,503384.98068,0,2,-1,35
1.514,1007,503419.427309,1,1,-1,57
1.508895,367,503432.270849,2,0,121,-1
1.506122,358,503444.807349,2,0,94,-1
1.354089,459,503460.656862,2,0,0,-1
1.645,819,503487.989854,1,2,-1,3
1.582,783,503515.395087,1,2,-1,45
503419.00275,1,2,-1,19
1.590821,508,503436.367487,2,0,1.2374771.273,738,503462.228937,1,2,-1.40251.381381,417,503476.688366,2,0,11.183541,911,503503.713481,2,1,69,-1
1.420897,496,503516.77905,2,0,83,-1
876,2,0,122,-1
1.733566,413,503428.63489,2,0,142,-1
1.539086,400,503442.503545,2,0,98,-1
1.761311,768,503468.261214,2,1,59,-1
1.744,776,503495.298152,1,2,-1,1
1.494917,510,503512.880054,2,0,81,-1
2.1,377,503524.923171,2,0,176,-1
3,503513.664685,2,1,106,-1
7.108383,2,1,122,-1
1.479896,545,502575.717637,2,0,62,-1
1.486238,435,502590.740631,2,0,66,-1
1.535689,506,502608.046579,2,0,99,-1
1.487997,433,502622.947657,2,0,85,-1
1.715528,981,502656.493818,2,1,53,-1
1.64,760,502682.058908,1,2,-1,12
2.085,371,502695.082856,2,0,176,-1
1.502287,499,502712.225983,2,0,77,-1
1.694,1166,502751.895809,1,2,-1,15
1.380705,537,502770.22052,2,0,21,-1
1.580841,836,502799.205725,2,1,46,-1
1.510516,842,502828.353232,2,1,13,-1
1.4401,525,502846.296604,2,0,33,-1
1.574414,483,502861.804555,2,0,112,-1
1.438866,617,502883.812411,2,0,32,-1
1.70199,379,502895.962017,2,0,137,-1
1.906178,951,502928.664014,2,1,131,-1
1.638594,472,502944.808538,2,0,124,-1
2.094,353,502957.189828,2,0,176,-1
0.368,702,502980.743899,0,2,-1,64
1.588,809,503008.717932,1,2,-1,39
1.56507,503,503025.887686,2,0,111,-1
1.759169,940,503058.177695,2,1,44,-1
1.52207,619,503079.068524,2,1,111,-1
2.085,349,503091.318081,2,0,176,-1
1.508892,408,503104.375253,2,0,82,-1
1.505892,491,503121.199147,2,0,82,-1
1.646829,818,503149.647085,2,1,74,-1
1.543325,497,503166.663818,2,0,106,-1
1.857088,424,503181.321303,2,0,158,-1
1.78705,444,503196.794859,2,0,150,-1
1.530391,448,503211.134063,2,0,92,-1
1.406937,517,503228.724685,2,0,40,-1
1.78705,546,503248.432209,2,0,150,-1
1.400587,575,503267.87837,2,0,35,-1
1.43642,471,503284.105986,2,0,30,-1
1.69599,415,503297.414801,2,0,137,-1
1.77805,417,503311.886236,2,0,150,-1
1.401275,478,503328.287716,2,0,2,-1
1.475311,518,503345.991812,2,0,59,-1
1.51,890,503376.63003,1,2,-1,12
1.60201,368,503389.501984,2,0,118,-1
1.911332,816,503416.76405,2,1,144,-1
1.727,954,503449.502257,1,2,-1,5
1.897447,867,503479.504741,2,1,104,-1
2.01005,795,503506.165858,2,1,150,-1
1.474057,419,503520.688611,2,0,73,-1
.141991,2,0,82,-1
1.423812,411,502661.413525,2,0,58,-1
1.472,830,502690.252421,1,2,-1,99
1.267064,796,502716.98646,1,2,-16,140
1.373535,590,502737.046217,2,0,42,-1
1.640477,379,502750.292925,2,0,145,-1
1.008859,579,502769.988119,2,0,128,-1
1.532018,977,502803.492019,2,1,9,-1
1.792874,977,502837.003913,2,1,22,-1
1.367328,454,502852.65116,2,0,57,-1
1.52199,330,502864.305385,2,0,137,-1
1.516399,324,502874.714887,2,0,135,-1
0.318,567,502894.033095,0,2,-1,131
1.600399,407,502908.217656,2,0,135,-1
1.722018,900,502939.203679,2,0,9,-1
0.722775,568,502958.417063,2,0,68,-1
0.829528,871,502988.44275,1,2,-1,79
1.024602,954,503021.090828,1,2,-1,26
1.453017,438,503035.134028,2,0,96,-1
1.572922,331,503046.832353,2,0,128,-1
1.64799,348,503059.037462,2,0,137,-1
1.992,375,503071.039142,2,0,176,-1
0.616758,820,503099.440008,2,1,12,-1
1.383847,456,503115.180741,2,0,43,-1
1.64799,359,503127.721845,2,0,137,-1
1.155,588,503147.706951,1,2,-1,176
1.251,659,503169.902084,1,2,-1,151
1.47,686,503193.025023,1,2,-1,8
1.390568,821,503221.554383,2,1,71,-1
1.499582,653,503243.580837,2,1,89,-1
1.919125,780,503270.686952,2,1,136,-1
1.504076,763,503296.269844,2,1,137,-1
1.480592,363,503309.008369,2,0,103,-1
1.29518,457,503324.770404,2,0,1,-1
1.492529,416,503339.219578,2,0,97,-1
1.35,796,503365.7603,1,2,-1,109
1.692372,728,503391.215059,2,0,3,-1
0.587,481,503407.735643,0,2,-1,46
1.666868,746,503432.747198,2,1,67,-1
1.097,661,503455.031772,1,2,-1,99
1.406402,585,503475.972124,2,0,55,-1
1.191,732,503500.496704,1,2,-1,124
1.405516,429,503515.484293,2,0,68,-1

1.492871,486,488904.614275,2,0,70,-1
1.516897,495,488921.529684,2,0,83,-1
2.304,747,488947.582619,2,1,176,-1
1.68399,381,488959.784176,2,0,137,-1
1.475997,347,488971.945472,2,0,85,-1
2.006113,379,488985.183789,2,0,170,-1
1.791738,837,489013.037049,2,1,130,-1
1.543017,562,489034.280241,2,0,96,-1
1.57664,928,489065.158479,2,1,31,-1
1.358756,823,489093.696924,2,1,70,-1
1.596821,384,489107.102905,2,0,131,-1
1.387372,523,489124.903096,2,0,3,-1
1.372,673,489147.589158,1,2,-1,64
1.591,900,489178.564651,1,2,-1,35
2.414,822,489206.071353,2,1,176,-1
1.564,800,489233.794928,1,2,-1,59
1.608,910,489265.06397,1,2,-1,39
2.019,333,489275.684041,2,0,176,-1
2.046,352,489288.084279,2,0,176,-1
1.291372,449,489303.591146,2,0,3,-1
1.654681,754,489328.741725,2,1,6,-1
2.336,588,489349.753471,2,1,176,-1
1.840339,371,489361.646073,2,0,159,-1
1.371902,423,489376.292088,2,0,8,-1
2.014,596,489396.445027,2,1,176,-1
2.058,386,489409.910122,2,0,176,-1
2.109,385,489423.348658,2,0,176,-1
2.058,352,489434.673172,2,0,176,-1
2.034,384,489448.056307,2,0,176,-1
2.283,705,489472.842564,2,1,176,-1
2.013,382,489485.099732,2,0,176,-1
2.037,331,489496.817751,2,0,176,-1
1.355018,587,489516.737652,2,0,9,-1
2.058,331,489528.37375,2,0,176,-1
1.680805,396,489542.160107,2,0,146,-1
1.510592,396,489554.832067,2,0,103,-1
1.596594,393,489568.504699,2,0,124,-1
2.058,356,489581.052585,2,0,176,-1
1.34618,564,489600.313865,2,0,1,-1
2.073,367,489613.124614,2,0,176,-1
2.058,353,489624.426602,2,0,176,-1
1.576399,375,489637.904136,2,0,135,-1
1.519793,451,489654.367179,2,0,110,-1
1.419227,713,489678.718609,2,1,24,-1
1.70199,403,489692.774199,2,0,137,-1
1.43464,524,489710.617149,2,0,31,-1
1.480057,444,489725.934318,2,0,73,-1
1.717,845,489755.211551,1,1,-1,14
1.39779,625,489776.248175,2,0,7,-1
1.516897,552,489794.996052,2,0,83,-1
1.453309,398,489808.863158,2,0,50,-1
1.413929,590,489828.896789,2,0,16,-1
1.716358,773,489854.789238,2,1,105,-1
1.718,931,489886.889094,1,2,-1,5
1.725363,427,489901.635532,2,0,143,-1
1.586414,532,489919.791055,2,0,112,-1
1.77505,403,489933.758963,2,0,150,-1
1.525797,815,489960.933456,2,1,27,-1
1.78705,425,489975.625797,2,0,150,-1
2.012,602,489996.02795,2,1,176,-1
1.692805,416,490010.403683,2,0,146,-1
1.986,388,490023.889055,2,0,176,-1
1.524086,388,490037.394386,2,0,98,-1
1.552358,496,490054.383773,2,0,105,-1
1.455049,504,490071.477955,2,0,79,-1
1.619,880,490100.827575,1,2,-1,13
1.564,724,490126.199848,1,2,-1,6
1.262,843,490155.434187,1,2,-1,85
1.500049,450,490169.791492,2,0,79,-1
1.239,757,490196.273313,1,2,-1,176
1.39179,533,490214.383094,2,0,7,-1
1.550689,525,490232.348376,2,0,99,-1
1.467858,516,490249.966969,2,0,56,-1
1.479391,782,490276.163189,2,1,92,-1
1.4191,413,490290.5013,2,0,33,-1
1.597,933,490322.5855,1,2,-1,55
1.668025,410,490336.832694,2,0,132,-1
1.709477,407,490350.963371,2,0,145,-1
1.643773,440,490366.188712,2,0,129,-1
1.692,839,490394.22558,1,2,-1,46
1.87481,745,490420.258291,2,1,134,-1
1.442311,483,490436.848824,2,0,59,-1
1.416,666,490459.354892,1,2,-1,20
1.749,907,490490.707506,1,2,-1,1
1.523,818,490518.040886,1,2,-1,70
2.006113,390,490531.607781,2,0,170,-1
1.419226,541,490550.102885,2,0,18,-1
1.472,797,490577.854968,1,2,-1,32
1.668821,432,490591.71902,2,0,131,-1
1.492969,598,490613.089882,2,0,80,-1
1.595,869,490642.134752,1,2,-1,1
1.39965,527,490660.110619,2,0,14,-1
2.009113,439,490675.295788,2,0,170,-1
1.537,771,490702.142205,1,2,-1,16
1.533086,429,490716.957662,2,0,98,-1
1.603505,449,490731.33868,2,0,116,-1
1.447,791,490758.838642,1,2,-1,17
1.695805,373,490771.933805,2,0,146,-1
1.418797,445,490787.329642,2,0,27,-1
1.921999,758,490812.82584,2,1,138,-1
1.582034,338,490824.759876,2,0,122,-1
2.191,646,490846.523219,2,1,176,-1
1.562021,362,490859.205518,2,0,125,-1
1.971,321,490869.493252,2,0,176,-1
1.791793,778,490896.646778,2,1,110,-1
2.278,556,490915.476858,2,1,176,-1
1.566,944,490947.859972,1,2,-1,38
1.438841,505,490965.075239,2,0,46,-1
1.729935,456,490980.871648,2,0,141,-1
1.440841,499,490997.945821,2,0,36,-1
1.063,651,491019.811118,1,2,-1,172
1.74607,776,491045.780255,2,1,111,-1
1.518391,551,491065.586581,2,0,92,-1
1.89099,756,491091.003568,2,1,137,-1
1.468033,438,491106.094659,2,0,64,-1
1.494,906,491137.335268,1,2,-1,46
1.539529,474,491153.604896,2,0,97,-1
1.341,971,491185.715683,1,2,-1,131
1.413516,515,491203.298471,2,0,13,-1
1.428602,561,491223.45262,2,0,26,-1
1.439328,521,491241.270392,2,0,57,-1
2.091,381,491253.504878,2,0,176,-1
1.39418,545,491272.027887,2,0,1,-1
1.788548,812,491300.325119,2,1,95,-1
1.668821,387,491313.819127,2,0,131,-1
1.463868,372,491325.717104,2,0,67,-1
1.771093,873,491355.957506,2,1,86,-1
1.66299,450,491371.455035,2,0,137,-1
1.617528,758,491396.858491,2,1,53,-1
1.545086,411,491411.056679,2,0,98,-1
1.547689,514,491428.673148,2,0,99,-1
2.073,347,491440.988019,2,0,176,-1
1.75405,456,491456.717819,2,0,150,-1
1.566594,343,491468.788531,2,0,124,-1
2.037,364,491480.501524,2,0,176,-1
1.662805,320,491491.783355,2,0,146,-1
2.299,627,491512.934894,2,1,176,-1
2.052,467,491529.002829,2,0,176,-1
1.56001,383,491542.40086,2,0,118,-1
2.001,321,491552.659197,2,0,176,-1
2.031,390,491566.19385,2,0,176,-1
1.541217,404,491580.271298,2,0,117,-1
2.034,341,491592.282403,2,0,176,-1
1.704902,401,491605.248884,2,0,155,-1
2.019,328,491616.877995,2,0,176,-1
1.70203,423,491631.497143,2,0,148,-1
1.512,754,491656.758823,1,2,-1,58
1.559021,415,491671.13501,2,0,176,-1
2.028,337,491683.023525,2,0,176,-1
1.405238,450,491698.583529,2,0,66,-1
1.417874,500,491715.742275,2,0,22,-1
1.795705,1193,491756.212006,2,1,21,-1
1.658057,935,491788.316078,2,1,73,-1
1.750332,449,491803.75269,2,0,144,-1
1.425602,674,491826.427562,2,0,26,-1
1.419929,544,491844.953064,2,0,16,-1
1.421,661,491867.311517,1,2,-1,62
2.020937,691,491891.529672,2,1,149,-1
1.419705,444,491906.854341,2,0,21,-1
1.748,879,491936.198991,1,2,-1,1
2.103,382,491949.541158,2,0,176,-1
1.679363,652,491971.529428,2,1,143,-1
1.479443,448,491986.966454,2,0,76,-1
1.366372,459,492002.769104,2,0,3,-1
2.19,682,492025.692489,2,1,176,-1
1.639399,413,492039.997958,2,0,135,-1
1.849377,372,492053.020529,2,0,156,-1
1.491578,614,492073.82194,2,0,71,-1
0.54,638,492095.305712,0,2,-1,10
1.805689,1038,492130.713337,2,1,99,-1
1.584594,492,492147.520228,2,0,124,-1
1.785902,422,492162.168229,2,0,155,-1
2.055,336,492173.979793,2,0,176,-1
1.998,325,492184.422771,2,0,176,-1
1.52187,436,492199.437194,2,0,115,-1
2.394,742,492225.427238,2,1,176,-1
2.061,352,492236.659371,2,0,176,-1
1.422505,671,492260.277077,2,1,176,-1
1.73203,367,492273.129574,2,0,148,-1
1.412703,424,492286.766373,2,0,51,-1
1.465897,550,492305.525574,2,0,83,-1
2.052,390,492319.079129,2,0,176,-1
1.39626,441,492334.254751,2,0,11,-1
1.766017,863,492364.128937,2,1,96,-1
1.551086,436,492379.241726,2,0,98,-1
1.617886,552,492398.057141,2,0,119,-1
1.57407,388,492410.545857,2,0,111,-1
1.462309,435,492425.522263,2,0,50,-1
1.282,643,492448.19075,1,2,-1,134
1.469328,623,492469.335052,2,0,57,-1
1.875922,705,492493.061722,2,1,128,-1
1.820399,679,492515.972881,2,1,135,-1
1.770824,884,492546.575733,2,1,60,-1
1.455824,522,492564.381805,2,0,60,-1
1.513084,415,492578.749281,2,0,91,-1
1.424,710,492602.53593,1,2,-1,84
1.626594,429,492617.314846,2,0,124,-1
1.611594,527,492635.29144,2,0,124,-1
1.537325,539,492653.616226,2,0,106,-1
1.143,738,492679.402957,1,2,-1,81
1.707049,835,492707.326083,2,1,79,-1
1.739477,421,492721.85275,2,0,145,-1
1.55634,521,492739.601465,2,0,100,-1
1.469287,537,492757.953226,2,0,77,-1
2.061,340,492769.909591,2,0,176,-1
1.147,580,492789.6392,1,2,-1,176
1.56001,402,492803.573109,2,0,118,-1
1.415868,413,492817.901459,2,0,67,-1
1.750332,388,492830.339592,2,0,144,-1
1.496307,540,492848.735093,2,0,72,-1
2.058,416,492863.119198,2,0,176,-1
1.397472,583,492883.040576,2,0,4,-1
1.43834,499,492900.026354,2,0,34,-1
1.540548,515,492917.58202,2,0,95,-1
1.710999,500,492934.708763,2,0,138,-1
1.203,598,492955.978247,1,2,-1,143
1.605549,405,492968.983795,2,0,126,-1
2.037,444,492984.281135,2,0,176,-1
1.452,710,493009.161663,1,2,-1,75
2.013,336,493019.922181,2,0,176,-1
2.1,370,493032.932149,2,0,176,-1
1.469868,417,493047.411997,2,0,67,-1
1.632594,389,493060.981177,2,0,124,-1
1.539,937,493092.096718,1,2,-1,77
1.797999,976,493125.55727,2,1,28,-1
1.467812,408,493139.759731,2,0,58,-1
0.401,779,493166.864144,0,2,-1,54
1.638587,829,493194.460531,2,1,35,-1
2.064,322,493205.977584,2,0,176,-1
2.019,366,493218.773203,2,0,176,-1
1.51201,410,493231.905599,2,0,118,-1
2.052,338,493243.811057,2,0,176,-1
2.061,378,493256.987985,2,0,176,-1
1.429,808,493284.081009,1,2,-1,50
1.579793,444,493299.28043,2,0,110,-1
1.490122,463,493315.181449,2,0,94,-1
2.013,324,493326.635636,2,0,176,-1
1.369372,552,493345.375662,2,0,3,-1
2.061,367,493358.261517,2,0,176,-1
2.028,331,493368.932311,2,0,176,-1
1.971,364,493381.686355,2,0,176,-1
2.209,705,493405.480154,2,1,176,-1
1.491917,457,493421.251637,2,0,81,-1
0.848443,530,493439.296876,2,0,38,-1
2.037,354,493451.71521,2,0,176,-1
2.028,374,493464.770352,2,0,176,-1
2.049,336,493475.504625,2,0,176,-1
2.314,683,493499.518406,2,1,176,-1
1.624594,551,493518.268683,2,1,124,-1
1.613181,387,493530.771863,2,0,127,-1
1.974,309,493541.751416,2,0,176,-1
2.061,337,493553.645987,2,0,176,-1
2.058,344,493564.65169,2,0,176,-1
1.540505,483,493581.291006,2,0,116,-1
1.627738,468,493597.336927,2,0,130,-1
1.012594,709,493622.246863,1,2,-1,84
0.867594,869,493651.261173,1,2,-1,55
0.405307,898,493682.108053,1,2,-1,105
1.956,351,493694.520816,2,0,176,-1
1.992,319,493704.753934,2,0,176,-1
2.01,334,493716.535364,2,0,176,-1
2.043,375,493729.663892,2,0,176,-1
1.553021,439,493744.804313,2,0,125,-1
1.46634,366,493756.509408,2,0,100,-1
2.055,350,493768.774576,2,0,176,-1
1.647805,366,493781.591122,2,0,146,-1
1.607583,667,493804.096243,2,1,109,-1
1.803034,791,493831.524722,2,1,122,-1
1.625354,374,493843.568855,2,0,133,-1
2.01,324,493855.003491,2,0,176,-1
2.013,330,493866.656014,2,0,176,-1
1.748999,728,493891.0393,2,1,28,-1
2.01,324,493902.44615,2,0,176,-1
1.642399,358,493913.93053,2,0,135,-1
1.977,315,493925.068272,2,0,176,-1
1.749902,435,493940.050287,2,0,155,-1
1.403456,438,493955.135219,2,0,63,-1
1.493736,432,493968.996754,2,0,93,-1
2.052,387,493982.446598,2,0,176,-1
1.519034,414,493996.7701,2,0,122,-1
1.989,333,494008.500718,2,0,176,-1
2.028,356,494020.027966,2,0,176,-1
2.043,336,494031.855512,2,0,176,-1
2.049,368,494044.639134,2,0,176,-1
2.061,381,494057.889589,2,0,176,-1
2.034,335,494068.616903,2,0,176,-1
1.947,317,494079.909986,2,0,176,-1
2.064,350,494091.104841,2,0,176,-1
2.058,414,494105.448349,2,0,176,-1
1.998,309,494116.383005,2,0,176,-1
1.69599,406,494130.465698,2,0,137,-1
1.472627,484,494147.136388,2,0,65,-1
2.034,336,494157.924806,2,0,176,-1
1.51,843,494187.182926,1,2,-1,68
1.70499,406,494201.279522,2,0,137,-1
2.103,378,494213.400185,2,0,176,-1
1.591,761,494239.983734,1,2,-1,50
1.67799,352,494252.340775,2,0,137,-1
1.973113,388,494264.763861,2,0,170,-1
1.231,853,494294.321403,1,2,-1,69
1.498592,468,494310.381965,2,0,103,-1
1.563594,395,494324.073997,2,0,124,-1
2.004,329,494334.614453,2,0,176,-1
2.052,325,494346.211161,2,0,176,-1
1.139903,1141,494384.900414,2,1,87,-1
2.025,328,494396.558214,2,0,176,-1
2.019,433,494411.525696,2,0,176,-1
1.710999,491,494428.321804,2,0,138,-1
2.046,378,494440.472919,2,0,176,-1
1.764677,406,494454.533095,2,0,153,-1
1.86301,646,494476.330885,2,1,118,-1
2.058805,665,494499.718846,2,1,146,-1
2.043,361,494512.37863,2,0,176,-1
1.562217,390,494524.900967,2,0,117,-1
1.58307,372,494537.915512,2,0,111,-1
1.428602,521,494555.655925,2,0,26,-1
2.07,346,494567.793451,2,0,176,-1
2.058,376,494579.931048,2,0,176,-1
2.067,353,494592.386594,2,0,176,-1
1.602841,913,494623.765823,2,1,46,-1
2.022,335,494635.644767,2,0,176,-1
1.573325,402,494648.540439,2,0,106,-1
1.551086,482,494665.020107,2,0,98,-1
1.68699,368,494677.874352,2,0,137,-1
0.92,634,494699.348859,1,2,-1,171
1.42,780,494726.526523,1,2,-1,67
1.367,783,494752.760449,1,2,-1,62
2.094,402,494766.770489,2,0,176,-1
2.1,419,494781.34573,2,0,176,-1
1.635594,429,494796.117152,2,0,124,-1
1.450841,511,494813.607882,2,0,46,-1
1.561325,482,494830.148185,2,0,106,-1
1.445169,460,494846.026991,2,0,44,-1
1.411,826,494873.694381,1,2,-1,59
1.492,775,494900.705051,1,2,-1,5
1.470858,519,494918.412251,2,0,56,-1
1.608886,460,494934.190664,2,0,119,-1
2.003113,379,494946.310947,2,0,170,-1
1.54379,408,494960.476883,2,0,102,-1
1.445829,516,494978.063947,2,0,74,-1
1.707447,849,495007.472002,2,1,104,-1
1.410929,461,495023.463498,2,0,16,-1
1.597,923,495055.16373,1,2,-1,54
1.67499,337,495066.012528,2,0,137,-1
1.371137,601,495086.346092,2,0,10,-1
1.633738,414,495100.718144,2,0,130,-1
1.539864,474,495116.967725,2,0,164,-1
1.68399,416,495131.425828,2,0,137,-1
1.64,785,495157.527424,1,2,-1,10
0.761917,773,495184.497674,2,0,13,-1
1.70499,412,495198.744208,2,0,137,-1
1.545086,476,495215.072392,2,0,98,-1
1.91907,882,495244.485829,2,1,111,-1
1.474871,466,495260.499351,2,0,70,-1
0.471,475,495276.846015,0,2,-1,48
1.511582,517,495294.40736,2,0,89,-1
1.860088,486,495311.069024,2,0,158,-1
1.445937,482,495327.625739,2,0,40,-1
1.573583,534,495345.841287,2,0,109,-1
1.412386,535,495364.034737,2,0,12,-1
2.135913,756,495390.341737,2,1,152,-1
1.54104,435,495405.341478,2,0,101,-1
0.964244,1094,495442.577967,2,1,72,-1
1.552,728,495466.945513,1,2,-1,52
1.737913,378,495480.104388,2,0,152,-1
2.052,353,495492.42297,2,0,176,-1
2.049,330,495503.099013,2,0,176,-1
1.523827,329,495514.752459,2,0,113,-1
1.57201,532,495532.895275,2,0,118,-1
2.103,397,495546.720622,2,0,176,-1
1.965,359,495558.148926,2,0,176,-1
2.103,359,495570.735887,2,0,176,-1
1.383958,449,495586.166039,2,0,54,-1
1.989,311,495597.208902,2,0,176,-1
2.025,337,495607.975127,2,0,176,-1
2.031,336,495619.825727,2,0,176,-1
2.258,641,495641.399738,2,1,176,-1
2.001,307,495652.387322,2,0,176,-1
1.353958,389,495664.856094,2,0,54,-1
1.475,602,495686.437237,1,2,-1,55
1.983,370,495698.316337,2,0,176,-1
1.582325,426,495713.07783,2,0,176,-1
2.004,430,495727.909023,2,0,176,-1
1.374929,421,495742.505517,2,0,16,-1
2.058,362,495755.188547,2,0,176,-1
1.397402,430,495768.888575,2,0,55,-1
2.363,662,495792.285428,2,1,176,-1
2.399,730,495816.816275,2,1,176,-1
1.436287,400,495830.675157,2,0,77,-1
1.653363,381,495844.092207,2,0,143,-1
1.498222,469,495860.229624,2,0,87,-1
2.055,343,495871.226651,2,0,176,-1
1.332516,485,495887.807021,2,0,13,-1
1.800902,389,495901.350561,2,0,155,-1
1.629922,416,495915.790216,2,0,128,-1
1.37318,402,495929.716933,2,0,1,-1
2.061,347,495940.844462,2,0,176,-1
1.740902,366,495953.631006,2,0,155,-1
2.109,354,495966.002216,2,0,176,-1
1.371048,403,495978.929235,2,0,23,-1
1.589354,432,495993.8591,2,0,133,-1
1.585034,412,496008.154671,2,0,122,-1
1.626594,424,496022.900319,2,0,124,-1
1.78705,388,496036.467944,2,0,150,-1
2.088,349,496047.642458,2,0,176,-1
1.493736,420,496062.173021,2,0,93,-1
1.421703,498,496079.224918,2,0,51,-1
2.064,353,496091.607962,2,0,176,-1
2.160874,776,496117.575618,2,1,164,-1
1.4011,496,496134.567225,2,0,33,-1
1.589797,924,496166.2988,2,1,27,-1
1.75705,384,496179.799489,2,0,150,-1
1.625,807,496206.829995,1,2,-1,45
1.629821,401,496220.783547,2,0,131,-1
1.446192,450,496236.306846,2,0,47,-1
1.744332,432,496251.297112,2,0,144,-1
2.328,772,496277.151582,2,1,176,-1
1.58118,767,496303.863362,2,1,1,-1
1.488578,431,496318.838644,2,0,71,-1
2.061,339,496329.68321,2,0,176,-1
1.67434,736,496355.532305,2,1,100,-1
1.481997,397,496369.312191,2,0,85,-1
1.721125,341,496380.27718,2,0,136,-1
1.036049,625,496402.488138,2,0,130,-1
1.41242,686,496425.594719,2,0,30,-1
1.826025,753,496450.777622,2,1,132,-1
1.625089,913,496482.174469,2,1,0,-1
2.028,370,496495.090314,2,0,176,-1
1.650999,475,496511.418646,2,0,138,-1
1.998356,384,496524.79023,2,0,169,-1
0.977592,875,496553.787394,1,2,-1,83
1.570583,449,496569.261481,2,0,176,-1
2.037,379,496582.513086,2,0,176,-1
2.055,327,496592.999566,2,0,176,-1
2.064,343,496605.125208,2,0,176,-1
2.037,398,496618.922384,2,0,176,-1
1.638821,436,496633.903384,2,0,176,-1
2.052,378,496647.091343,2,0,176,-1
1.70203,381,496659.348961,2,0,148,-1
2.043,315,496670.553027,2,0,176,-1
1.663,814,496697.834194,1,2,-1,8
1.553689,635,496720.379433,2,0,99,-1
1.58907,419,496734.909213,2,0,111,-1
1.840238,790,496761.234074,2,1,66,-1
1.69899,376,496774.332868,2,0,137,-1
1.34526,427,496789.117961,2,0,11,-1
1.71107,687,496812.227336,2,1,111,-1
2.043,349,496824.442598,2,0,176,-1
1.390969,465,496840.522169,2,0,80,-1
1.593549,373,496852.434628,2,0,126,-1
1.713805,418,496866.886177,2,0,146,-1
1.968,320,496878.348436,2,0,176,-1
2.031,337,496889.170483,2,0,176,-1
1.49607,394,496902.933898,2,0,111,-1
2.058,369,496915.83,2,0,176,-1
2.064,324,496927.275952,2,0,176,-1
1.686805,397,496939.965137,2,0,146,-1
2.028,350,496952.291318,2,0,176,-1
1.691566,418,496966.810635,2,0,142,-1
1.968,334,496977.51982,2,0,176,-1
2.403,761,497004.126098,2,1,176,-1
2.058,368,497016.91678,2,0,176,-1
1.998,349,497028.048939,2,0,176,-1
2.058,323,497039.465126,2,0,176,-1
1.440391,381,497052.73942,2,0,92,-1
1.59699,382,497064.961745,2,0,137,-1
2.058,325,497076.479131,2,0,176,-1
1.43934,385,497089.954719,2,0,100,-1
1.834339,381,497103.20106,2,0,159,-1
1.776677,367,497114.970967,2,0,153,-1
2.046,338,497126.876514,2,0,176,-1
1.470385,530,497144.999113,2,0,88,-1
1.581,789,497172.52532,1,2,-1,59
2.016,380,497184.73322,2,0,176,-1
1.928505,726,497210.258692,2,1,116,-1
1.461385,419,497224.822616,2,0,88,-1
1.525815,460,497239.520504,2,0,90,-1
1.549447,607,497261.157948,2,0,104,-1
1.504,968,497293.401124,1,2,-1,76
1.975594,764,497320.119529,2,1,124,-1
1.464958,484,497336.709055,2,0,54,-1
1.169182,1050,497372.496864,2,1,77,-1
1.936967,365,497385.29477,2,0,168,-1
0.95211,603,497405.682525,2,0,13,-1
1.56507,403,497419.704954,2,0,111,-1
1.58101,456,497435.424965,2,0,118,-1
1.51734,371,497447.316101,2,0,100,-1
2.016,315,497458.509982,2,0,176,-1
2.421,623,497479.663537,2,1,176,-1
2.064,372,497492.661369,2,0,176,-1
2.061,332,497503.324209,2,0,176,-1
2.058,380,497516.620194,2,0,176,-1
2.043,401,497530.54599,2,0,176,-1
2.025025,837,497559.529574,2,1,132,-1
1.464183,478,497575.951636,2,0,69,-1
1.511892,439,497590.021154,2,0,82,-1
1.415999,474,497606.290996,2,0,28,-1
1.455625,811,497634.427644,2,1,75,-1
1.343593,983,497668.064047,2,1,138,-1
1.76905,376,497681.14969,2,0,150,-1
1.371373,342,497692.095826,2,0,38,-1
2.028,343,497704.139814,2,0,176,-1
2.064,326,497715.646227,2,0,176,-1
1.596587,768,497741.296747,2,1,35,-1
1.445328,391,497754.938447,2,0,57,-1
1.715,855,497783.606721,1,2,-1,21
1.384222,347,497795.807772,2,0,87,-1
1.572821,373,497808.857585,2,0,131,-1
2.014,592,497829.016246,2,1,176,-1
2.348,651,497850.994994,2,1,176,-1
2.034,381,497864.219088,2,0,176,-1
1.965,321,497875.600642,2,0,176,-1
2.052,366,497887.353857,2,0,176,-1
1.464443,513,497904.889043,2,0,76,-1
0.979377,637,497927.448448,2,0,72,-1
1.025104,1267,497970.232209,1,2,-1,14
2.167,598,497990.51704,2,1,176,-1
2.01,354,498002.923954,2,0,176,-1
1.986,324,498014.320277,2,0,176,-1
1.695363,398,498027.052836,2,0,143,-1
1.977,339,498039.035529,2,0,176,-1
2.01,304,498049.880837,2,0,176,-1
1.463892,394,498062.592897,2,0,82,-1
2.052,383,498075.983818,2,0,176,-1
2.052,400,498089.862784,2,0,176,-1
2.037,330,498101.561986,2,0,176,-1
1.455,875,498130.81282,1,2,-1,6
1.827084,946,498163.250893,2,1,91,-1
1.464958,431,498178.1282,2,0,54,-1
1.713391,886,498208.586749,2,1,92,-1
1.3831,534,498226.771797,2,0,33,-1
2.055,328,498237.325735,2,0,176,-1
1.392896,388,498250.875432,2,0,62,-1
1.675548,747,498277.127641,2,1,95,-1
1.770671,385,498289.468608,2,0,154,-1
2.055,321,498300.78313,2,0,176,-1
1.389,887,498331.37264,1,2,-1,120
2.38,710,498355.224982,2,1,176,-1
1.536391,460,498371.07062,2,0,92,-1
2.061,323,498382.524401,2,0,176,-1
1.526093,502,498399.716942,2,0,86,-1
1.989,334,498410.484127,2,0,176,-1
1.734902,341,498422.49289,2,0,155,-1
1.934377,643,498444.243532,2,1,156,-1
1.501017,477,498460.647622,2,0,96,-1
2.061,325,498472.163533,2,0,176,-1
1.609738,374,498485.238996,2,0,130,-1
1.572886,361,498496.82845,2,0,119,-1
2.025,360,498509.402442,2,0,176,-1
2.061,398,498523.240439,2,0,176,-1
1.759528,800,498549.933413,2,1,176,-1
1.64881,399,498563.845367,2,0,134,-1
1.769381,932,498595.902638,2,1,19,-1
2.031,368,498608.772745,2,0,176,-1
1.455192,547,498627.41037,2,0,47,-1
1.332137,449,498642.887071,2,0,10,-1
1.952113,446,498657.173,2,0,170,-1
1.95405,788,498684.588667,2,1,150,-1
0.498,561,498703.656217,0,2,-1,58
1.919897,380,498716.949579,2,0,165,-1
1.894672,407,498731.062528,2,0,161,-1
1.68699,397,498743.836119,2,0,137,-1
1.545086,433,498758.826025,2,0,98,-1
1.849625,987,498792.576403,2,1,75,-1
2.091,410,498806.783118,2,0,176,-1
2.113113,742,498831.605436,2,1,170,-1
1.445,973,498864.958345,1,2,-1,61
1.503086,510,498882.387149,2,0,98,-1
1.729332,389,498895.884853,2,0,144,-1
1.552793,433,498910.904802,2,0,110,-1
1.530391,442,498926.101447,2,0,92,-1
1.58607,444,498941.393683,2,0,111,-1
1.39564,526,498959.350392,2,0,31,-1
1.61281,381,498971.601154,2,0,134,-1
2.055,358,498984.101089,2,0,176,-1
1.464812,493,499001.013884,2,0,58,-1
0.534425,799,499028.782837,0,2,-1,34
1.615018,879,499057.982505,2,1,9,-1
1.628,775,499085.093388,1,2,-1,45
1.964113,375,499098.172134,2,0,170,-1
1.518086,409,499111.360092,2,0,98,-1
1.561358,568,499130.651589,2,0,105,-1
1.998,319,499141.936864,2,0,176,-1
1.79005,413,499156.237376,2,0,150,-1
1.484,733,499180.815783,1,2,-1,62
1.530391,506,499198.097971,2,0,92,-1
1.78705,509,499215.519462,2,0,150,-1
1.723358,865,499245.595624,2,1,105,-1
1.64199,385,499259.036985,2,0,137,-1
1.404575,522,499276.912987,2,0,5,-1
1.4401,460,499292.774875,2,0,33,-1
1.552447,459,499308.548642,2,0,104,-1
1.78405,413,499321.806917,2,0,150,-1
1.158,933,499353.859227,1,2,-1,69
0.874838,725,499379.199906,2,0,46,-1
1.459,813,499406.416765,1,2,-1,43
1.564358,456,499422.168153,2,0,105,-1
1.396,744,499448.803895,1,2,-1,134
1.57707,448,499463.472142,2,0,111,-1
0.756054,636,499486.086261,2,0,1,-1
1.806578,746,499511.131715,2,1,71,-1
1.479086,431,499525.998785,2,0,98,-1
1.582,724,499550.398814,1,2,-1,21
1.218,726,499575.882169,1,2,-1,101
2.061,329,499586.40819,2,0,176,-1
1.606,911,499617.790613,1,2,-1,49
1.605929,882,499648.150231,2,1,16,-1
2.441,731,499672.658856,2,1,176,-1
1.403075,467,499688.686613,2,0,17,-1
1.6,884,499719.297111,1,2,-1,47
1.488,1029,499754.493609,1,2,-1,71
1.404275,492,499771.366539,2,0,2,-1
1.073307,1036,499806.762932,1,2,-1,1
1.231896,608,499827.314838,2,1,62,-1
1.976113,378,499840.519512,2,0,170,-1
0.912589,613,499861.198325,2,0,3,-1
2.085,396,499874.959296,2,0,176,-1
1.412587,521,499892.857566,2,0,35,-1
1.463311,577,499912.427702,2,0,59,-1
1.77205,515,499929.98069,2,0,150,-1
1.524385,448,499945.397501,2,0,88,-1
1.83304,782,499971.586694,2,1,101,-1
1.292,617,499993.626046,1,2,-1,41
1.695086,885,500023.029173,2,1,98,-1
1.271,784,500050.391773,1,2,-1,51
1.455812,519,500068.119993,2,0,58,-1
1.486238,485,500084.712789,2,0,66,-1
1.371,810,500111.806653,1,2,-1,96
1.487516,818,500140.249875,2,1,68,-1
1.85501,949,500172.822937,2,1,118,-1
1.408874,621,500193.790893,2,0,22,-1
2.01005,855,500223.507813,2,1,150,-1
1.958312,941,500255.868574,2,1,114,-1
1.61401,589,500275.848495,2,0,118,-1
1.409018,451,500291.407001,2,0,9,-1
2.284,799,500318.183881,2,1,176,-1
1.585018,1032,500353.54214,2,1,9,-1
1.696125,429,500368.397073,2,0,136,-1
1.433104,488,500385.188775,2,0,37,-1
0.923,688,500408.363414,1,2,-1,138
1.588,881,500438.86167,1,2,-1,57
1.57654,775,500465.807996,2,1,20,-1
1.854997,1024,500500.932886,2,1,85,-1
1.394472,516,500518.534187,2,0,4,-1
1.382,872,500547.651847,1,2,-1,111
1.795594,719,500572.822673,2,1,124,-1
1.83499,656,500595.005079,2,1,137,-1
1.588505,393,500608.647804,2,0,176,-1
2.022,355,500620.065125,2,0,176,-1
1.638025,379,500633.29343,2,0,132,-1
1.463997,462,500649.170195,2,0,85,-1
2.052,358,500661.647557,2,0,176,-1
2.025,338,500672.482958,2,0,176,-1
1.432238,373,500685.636619,2,0,66,-1
2.103,343,500697.713347,2,0,176,-1
2.164,584,500717.578753,2,1,176,-1
1.747339,337,500729.435046,2,0,159,-1
1.645,806,500756.374,1,2,-1,29
1.448997,476,500772.713967,2,0,85,-1
1.485,909,500804.190568,1,2,-1,57
1.231979,689,500827.357627,2,1,137,-1
1.255,684,500851.540234,1,2,-1,49
1.254,717,500875.719304,1,2,-1,135
1.747332,530,500893.896818,2,0,144,-1
1.548086,573,500913.38893,2,0,98,-1
1.675049,737,500939.163018,2,1,79,-1
1.716033,765,500964.738915,2,1,64,-1
1.416812,540,500983.133723,2,0,58,-1
1.522815,493,501000.094355,2,0,90,-1
1.841997,846,501029.412521,2,1,85,-1
1.69899,366,501041.069456,2,0,137,-1
1.552,785,501068.414528,1,2,-1,0
1.863871,861,501098.19357,2,1,70,-1
1.710886,821,501125.582587,2,1,119,-1
1.816997,745,501151.649133,2,1,85,-1
2.073,454,501167.378983,2,0,176,-1
2.094,388,501179.820365,2,0,176,-1
2.094,403,501193.765445,2,0,176,-1
2.073935,698,501218.274239,2,1,141,-1
1.375681,536,501236.561817,2,0,6,-1
2.046,333,501247.243737,2,0,176,-1
2.073,352,501259.581451,2,0,176,-1
1.464385,434,501274.560399,2,0,176,-1
2.01,369,501287.459383,2,0,176,-1
1.989,312,501297.438226,2,0,176,-1
2.031,357,501309.950121,2,0,176,-1
1.567358,409,501324.267024,2,0,105,-1
2.016,386,501336.637482,2,0,176,-1
1.889846,733,501362.340477,2,1,176,-1
1.78105,410,501376.595827,2,0,150,-1
0.862311,1019,501411.449941,1,2,-1,77
1.467958,473,501427.714697,2,0,54,-1
1.591738,421,501441.245558,2,0,130,-1
1.494443,483,501457.785071,2,0,76,-1
1.931874,384,501471.127295,2,0,164,-1
1.59601,493,501488.107155,2,0,118,-1
1.144958,1233,501529.742401,2,1,56,-1
1.84407,796,501557.439849,2,1,111,-1
1.59001,504,501574.639607,2,0,118,-1
1.824332,729,501599.002892,2,1,144,-1
1.453,1012,501633.632313,1,2,-1,38
1.57,745,501659.736883,1,2,-1,64
1.599886,459,501675.560034,2,0,119,-1
1.630736,707,501699.323901,2,1,93,-1
1.453841,503,501716.597472,2,0,46,-1
1.466307,502,501733.814959,2,0,72,-1
2.24,875,501764.043148,2,1,176,-1
1.676232,715,501788.047594,2,1,41,-1
1.676892,737,501813.946723,2,1,82,-1
1.487307,513,501831.484351,2,0,72,-1
1.413,733,501856.138672,1,2,-1,38
1.49934,435,501871.129984,2,0,100,-1
1.59687,445,501886.496094,2,0,115,-1
1.616,901,501916.506114,1,2,-1,39
1.213,551,501936.320387,1,2,-1,121
1.660738,390,501948.810301,2,0,130,-1
1.77907,774,501975.775295,2,1,111,-1
1.333,800,502002.462126,1,2,-1,53
1.450232,475,502018.770685,2,0,41,-1
1.479183,442,502033.988155,2,0,69,-1
1.690332,404,502048.004237,2,0,144,-1
1.634266,440,502063.245433,2,0,123,-1
1.558358,482,502079.88625,2,0,105,-1
1.598021,417,502094.375733,2,0,125,-1
1.509931,540,502112.850083,2,0,84,-1
2.295,671,502135.427859,2,1,176,-1
1.487,802,502163.309216,1,2,-1,71
1.433999,564,502182.425536,2,0,28,-1
1.811435,793,502208.78678,2,1,108,-1
1.727,984,502242.573914,1,2,-1,9
1.516,861,502272.428688,1,2,-1,77
1.727477,387,502285.902611,2,0,145,-1
1.611,887,502315.462505,1,2,-1,40
1.849377,387,502328.935037,2,0,156,-1
1.402372,572,502348.320096,2,0,3,-1
1.562827,461,502364.220732,2,0,113,-1
1.631021,429,502379.04788,2,0,125,-1
1.406472,479,502395.50043,2,0,4,-1
1.381372,702,502419.201447,2,0,3,-1
1.65999,375,502432.366977,2,0,137,-1
1.558937,716,502456.361896,2,1,40,-1
1.547137,995,502490.516408,2,1,10,-1
1.985113,459,502506.336883,2,0,170,-1
1.488,815,502534.665553,1,2,-1,55
1.555358,458,502550.475963,2,0,105,-1
1.785,844,502578.658856,1,2,-1,5
1.751332,707,502603.484437,2,1,144,-1
1.503917,498,502620.496708,2,0,81,-1
1.551086,388,502632.895221,2,0,98,-1
1.648,888,502663.561808,1,2,-1,7
1.489969,546,502682.167632,2,0,80,-1
1.59918,972,502715.644418,2,1,1,-1
2.091,424,502730.38316,2,0,176,-1
2.013,351,502742.749004,2,0,176,-1
2.01,333,502753.416256,2,0,176,-1
2.022,393,502767.116815,2,0,176,-1
2.064,363,502779.807686,2,0,176,-1
1.989,334,502790.530005,2,0,176,-1
1.376402,434,502805.593066,2,0,55,-1
2.109,338,502817.515797,2,0,176,-1
1.526827,390,502831.113486,2,0,113,-1
2.043,386,502843.460993,2,0,176,-1
1.626805,418,502857.990468,2,0,146,-1
2.043,372,502870.98911,2,0,176,-1
1.356373,416,502885.483928,2,0,38,-1
1.498447,381,502898.755438,2,0,104,-1
1.63981,385,502911.183276,2,0,134,-1
2.01,333,502922.904692,2,0,176,-1
1.786339,351,502935.245346,2,0,159,-1
2.025,346,502946.272022,2,0,176,-1
1.432897,526,502964.204638,2,0,83,-1
2.025,346,502976.394579,2,0,176,-1
2.061,376,502989.421002,2,0,176,-1
1.632821,376,503001.488995,2,0,131,-1
1.601354,361,503014.079214,2,0,133,-1
1.513084,548,503032.700745,2,0,91,-1
1.4,650,503055.686622,1,2,-1,10
1.487582,348,503066.816448,2,0,89,-1
1.40526,411,503081.036958,2,0,11,-1
1.599,884,503111.568018,1,2,-1,21
1.540548,441,503126.735478,2,0,95,-1
1.524183,776,503152.760041,2,1,69,-1
1.454328,545,503171.306098,2,0,57,-1
1.624,754,503197.778048,1,2,-1,52
1.65099,425,503211.389576,2,0,137,-1
1.496307,538,503230.740198,2,0,72,-1
2.103,348,503241.899878,2,0,176,-1
1.470183,471,503258.076437,2,0,69,-1
1.74205,431,503272.971907,2,0,150,-1
1.025639,552,503291.762326,2,0,137,-1
1.436169,477,503308.146365,2,0,44,-1
1.651868,961,503341.15269,2,1,67,-1
1.424528,405,503355.220853,2,0,53,-1
2.02405,760,503380.608316,2,1,150,-1
1.629,737,503406.395552,1,2,-1,59
1.555,764,503431.979129,1,2,-1,6
1.493307,401,503445.88705,2,0,72,-1
1.414,748,503471.008119,1,2,-1,74
1.111872,623,503493.114035,2,0,72,-1
1.501222,509,503509.602086,2,0,87,-1
1.506391,450,503525.063617,2,0,92,-1
,1,176,-1
1.270311,585,501673.690334,2,1,59,-1
1.692,727,501698.111152,1,2,-1,14
1.687125,540,501716.57076,2,0,176,-1
1.278602,386,501730.080275,2,0,26,-1
0.758307,835,501757.919317,1,2,-1,104
1.154086,807,501785.969032,1,2,-1,6
0.819147,538,501804.37471,2,0,107,-1
1.587948,814,501832.685363,1,2,-14,12
1.348227,520,501850.48261,2,0,24,-1
1.406018,503,501867.678078,2,0,9,-1
1.406698,806,501894.604397,2,1,146,-1
1.491086,371,501907.608681,2,0,98,-1
2.046,432,501922.559321,2,0,176,-1
1.358206,506,501939.820152,2,0,29,-1
1.480868,833,501967.638843,2,1,67,-1
1.468897,430,501982.465782,2,0,83,-1
1.514592,382,501995.777092,2,0,103,-1
0.9028,602,502016.133775,2,0,7,-1
1.780477,622,502037.144813,2,1,145,-1
2.079339,855,502066.769733,2,1,159,-1
1.532824,784,502094.17125,1,2,-12,53
0.782936,621,502115.254244,2,0,40,-1
0.525824,439,502130.425361,0,2,-12,35
1.814529,727,502154.808848,2,1,97,-1
0.796195,461,502170.614457,2,0,57,-1
1.388311,403,502184.618478,2,0,59,-1
1.465,683,502207.454366,1,2,-1,9
1.373703,469,502223.622012,2,0,51,-1
1.374372,409,502237.803779,2,0,3,-1
0.93937,540,502256.240358,2,0,46,-1
1.255137,842,502285.451865,2,1,176,-1
1.548529,400,502298.321837,2,0,97,-1
1.593594,345,502310.4324,2,0,124,-1
1.43,759,502335.853124,1,2,-1,15
1.192051,1177,502376.85155,2,1,14,-1
1.54,916,502408.478857,1,2,-1,12
1.374958,424,502422.097897,2,0,54,-1
1.156,594,502443.349647,1,2,-1,176
1.335,770,502469.093643,1,2,-1,16
1.3655,493,502486.050251,2,0,45,-1
1.588,841,502515.238097,1,2,-1,5
1.443086,410,502528.385582,2,0,98,-1
1.60599,357,502540.940253,2,0,137,-1
1.89099,649,502562.819153,2,1,137,-1
1.402,884,502593.405451,1,2,-1,5
1.242874,721,502618.696343,2,1,22,-1
1.224402,707,502642.348297,2,1,55,-1
1.56399,387,502655.798007,2,0,137,-1
1.373414,616,502676.72046,2,1,112,-1
1.764529,682,502699.764197,2,1,97,-1
1.585,738,502725.711892,1,2,-1,31
0.401,486,502742.417235,0,2,-1,98
1.980922,644,502764.157646,2,1,176,-1
1.332,952,502796.861444,1,2,-1,57
0.338,410,502811.104717,0,2,-1,46
1.300089,488,502826.751412,2,0,0,-1
1.79199,690,502851.061582,2,1,137,-1
1.694084,820,502878.460884,2,1,91,-1
1.412892,415,502892.888293,2,0,82,-1
1.407,756,502919.346694,1,2,-1,13
2.031,325,502929.744194,2,0,176,-1
0.252,611,502951.413301,0,2,-1,134
1.465628,960,502983.224941,2,1,122,-1
0.482,520,503000.961799,0,2,-1,62
2.062,575,503021.448274,2,1,176,-1
1.901594,710,503045.304047,2,1,124,-1
1.659,883,503075.690061,1,2,-1,13
1.773048,921,503106.292407,2,1,176,-1
1.312,650,503129.293779,1,2,-1,143
1.992,339,503140.162065,2,0,176,-1
1.538414,387,503153.702202,2,0,112,-1
1.685477,361,503166.336497,2,0,145,-1
1.66599,373,503179.356755,2,0,176,-1
1.70905,350,503190.614178,2,0,150,-1
1.467,875,503220.896058,1,2,-1,55
1.772391,860,503250.624295,2,1,92,-1
1.491,764,503276.20388,1,2,-1,69
1.29554,424,503290.880131,2,0,20,-1
1.574,826,503319.520329,1,2,-1,24
1.64799,345,503330.594975,2,0,137,-1
1.639275,945,503363.042085,2,1,2,-1
1.33665,617,503383.891873,2,0,14,-1
1.481,770,503410.735285,1,2,-1,25
0.924348,585,503430.556755,2,0,5,-1
1.438084,438,503445.67496,2,0,91,-1
1.051,690,503468.941587,1,2,-1,145
1.503086,427,503483.682691,2,0,98,-1
1.449,678,503506.626372,1,2,-1,7
1.52499,324,503518.10464,2,0,137,-1

1.733325,631,499558.222689,2,1,106,-1
1.68505,618,499579.123094,2,1,150,-1
2.01,312,499590.168511,2,0,176,-1
1.471122,664,499612.563407,2,1,94,-1
1.604793,469,499628.713446,2,0,110,-1
1.75405,345,499639.697044,2,0,150,-1
0.678,606,499661.292382,0,2,-1,5
1.556086,374,499673.239216,2,0,98,-1
1.441874,428,499688.033798,2,0,22,-1
0.226,484,499704.645898,0,2,-1,149
1.914594,754,499731.056382,2,1,124,-1
1.558,727,499755.48485,1,2,-1,2
1.936594,731,499780.038625,2,1,176,-1
1.336,856,499809.654852,1,2,-1,108
1.879,489,499826.390601,2,1,176,-1
0.938,662,499848.70417,1,2,-1,143
1.592821,573,499869.160837,2,1,131,-1
1.381,664,499891.644746,1,2,-1,94
0.823358,798,499918.295638,1,2,-1,106
1.76605,332,499929.987978,2,0,150,-1
1.726332,386,499943.427842,2,0,144,-1
1.411841,464,499959.442896,2,0,46,-1
1.209,587,499979.376794,1,2,-1,138
0.429,563,499998.531001,0,2,-1,24
1.702529,638,500020.026453,2,1,97,-1
1.87099,711,500044.997385,2,1,137,-1
2.293,591,500065.059378,2,1,176,-1
2.267,705,500088.721885,2,1,176,-1
1.933034,742,500114.720955,2,1,122,-1
1.617,719,500138.885746,1,2,-1,46
2.333,627,500160.112243,2,1,176,-1
1.634,851,500189.514878,1,2,-1,32
1.677332,722,500213.857303,2,1,144,-1
1.232101,776,500240.925169,2,1,42,-1
1.627125,327,500251.439501,2,0,136,-1
2.007,319,500262.726021,2,0,176,-1
1.38734,416,500277.192298,2,0,34,-1
0.936859,863,500307.087902,2,1,95,-1
1.3921,435,500321.028962,2,0,33,-1
1.455812,442,500336.357846,2,0,58,-1
0.324902,980,500370.092196,1,2,-1,100
1.008979,475,500386.375907,2,0,88,-1
1.767109,819,500414.840905,2,1,52,-1
1.451328,465,500430.861422,2,0,57,-1
1.305,818,500458.205511,1,2,-1,134
1.22,608,500478.750198,1,2,-1,58
1.417232,427,500493.597593,2,0,41,-1
2.357,680,500517.581922,2,1,176,-1
2.028,320,500527.934896,2,0,176,-1
2.20277,860,500557.650051,2,1,162,-1
1.714332,377,500570.782291,2,0,144,-1
0.785,755,500596.135266,1,2,-1,167
0.869594,757,500622.556352,1,2,-1,7
1.051436,591,500642.624484,2,0,150,-1
1.587594,410,500655.713426,2,0,124,-1
1.512594,348,500667.906069,2,0,124,-1
0.65,673,500690.64856,0,2,-1,16
1.517931,370,500703.621705,2,0,84,-1
1.275071,452,500719.223076,2,0,124,-1
2.064,306,500730.086257,2,0,176,-1
1.11899,741,500754.929412,1,2,-1,23
1.484109,401,500768.897908,2,0,52,-1
1.688566,358,500781.44635,2,0,142,-1
1.614169,786,500807.875161,2,1,176,-1
1.141606,383,500821.268371,2,0,101,-1
1.995,312,500831.270606,2,0,176,-1
2.04,323,500842.816167,2,0,176,-1
2.019,362,500855.462328,2,0,176,-1
0.526447,684,500878.596039,1,2,-1,71
1.74213,904,500909.845941,2,1,96,-1
0.604,657,500931.982215,0,2,-1,33
1.212,838,500960.984349,1,2,-1,17
2.348,709,500984.812736,2,1,176,-1
2.05005,795,501012.561595,2,1,176,-1
1.497651,434,501027.567787,2,0,39,-1
2.007,314,501037.580712,2,0,176,-1
0.86,611,501058.302564,1,2,-1,157
1.471412,885,501088.766922,2,1,25,-1
1.46,751,501115.034602,1,2,-1,39
1.025592,777,501140.986043,1,2,-1,74
2.058,354,501153.451408,2,0,176,-1
1.480897,547,501172.167671,2,0,83,-1
1.12,711,501195.981378,1,2,-1,118
1.790307,800,501223.773621,2,1,176,-1
0.69035,794,501250.304608,1,2,-1,26
1.027,768,501277.071133,1,2,-1,84
1.423057,535,501295.264566,2,0,73,-1
1.35664,479,501311.777918,2,0,31,-1
1.388925,588,501331.75881,2,0,49,-1
1.738516,751,501358.010635,2,1,68,-1
1.367697,724,501382.361387,2,1,127,-1
1.48035,371,501395.363358,2,0,107,-1
1.340703,413,501408.590683,2,0,51,-1
1.639399,449,501424.083079,2,0,135,-1
1.421301,690,501448.386664,2,1,146,-1
1.51,707,501472.060013,1,2,-1,45
2.013,301,501482.911036,2,0,176,-1
1.73005,353,501494.20871,2,0,150,-1
1.07577,652,501517.240561,2,1,122,-1
1.313217,827,501544.829326,2,0,24,-1
2.314,698,501569.366619,2,1,176,-1
1.375139,974,501601.523237,2,1,0,-1
0.820001,511,501619.033679,2,0,83,-1
1.627399,368,501631.915846,2,0,135,-1
1.052,808,501660.040718,1,2,-1,176
0.983599,374,501673.122788,2,0,97,-1
1.62099,359,501684.65879,2,0,137,-1
0.658907,639,501706.284286,2,0,18,-1
1.002844,467,501722.3873,2,0,113,-1
0.810777,921,501754.071347,1,2,-1,118
0.262,578,501773.736249,0,2,-1,151
0.091,448,501789.15859,0,2,-1,116
0.641,516,501806.879469,0,2,-1,14
1.251523,789,501834.362067,2,0,94,-1
0.510948,547,501853.039458,0,2,-14,82
1.115728,819,501880.370914,2,1,57,-1
1.596,877,501910.671336,1,2,-1,26
1.359847,447,501926.081254,2,0,43,-1
1.435625,519,501943.800045,2,0,75,-1
1.62099,384,501957.229204,2,0,137,-1
1.493122,386,501969.541373,2,0,94,-1
0.716218,397,501983.343428,2,0,44,-1
0.451,503,502000.517222,0,2,-1,37
0.094,383,502013.868245,0,2,-1,135
0.62054,927,502045.709392,1,2,-1,0
1.720625,914,502077.338257,2,1,75,-1
1.269635,1026,502112.502094,2,1,59,-1
1.314958,405,502125.520547,2,0,54,-1
1.369897,389,502139.056586,2,0,83,-1
1.479086,404,502153.086896,2,0,98,-1
1.371,816,502181.348374,1,2,-1,106
1.611821,423,502194.846351,2,0,131,-1
0.487402,788,502222.264311,1,2,-1,109
0.916,642,502243.925916,1,2,-1,119
1.406307,521,502261.847219,2,0,72,-1
2.428,712,502286.798891,2,1,176,-1
0.960059,500,502303.910309,2,0,118,-1
1.679,780,502329.998835,1,1,-1,6
1.494,961,502362.976453,1,2,-1,24
1.461086,484,502379.58478,2,0,98,-1
1.094,809,502406.678624,1,2,-1,112
1.402841,389,502420.272049,2,0,46,-1
1.62399,343,502432.375905,2,0,137,-1
1.767122,748,502457.422071,2,1,94,-1
1.424238,411,502471.714245,2,0,66,-1
0.994634,421,502486.336525,2,0,95,-1
1.005525,519,502504.081885,2,0,137,-1
1.55799,341,502516.147205,2,0,137,-1
1.341858,387,502528.556625,2,0,56,-1
2.052,386,502542.047799,2,0,176,-1
0.51876,480,502558.512659,0,2,-11,77
1.611,643,502580.267831,1,2,-1,16
0.788167,522,502598.100919,2,0,20,-1
1.447084,823,502626.56313,2,1,91,-1
1.854125,635,502647.985602,2,1,176,-1
1.660937,822,502676.562124,2,1,40,-1
1.012892,534,502694.812676,2,0,137,-1
1.352169,467,502710.94179,2,0,44,-1
1.847025,748,502736.09166,2,1,132,-1
0.293,669,502759.761166,0,2,-1,130
1.902594,903,502789.768678,2,1,124,-1
0.987859,480,502806.305132,2,0,40,-1
1.04186,421,502820.916194,2,0,94,-1
1.509993,672,502843.512014,2,1,135,-1
1.461183,388,502857.053187,2,0,69,-1
2.037,352,502869.432393,2,0,176,-1
1.309399,687,502892.612534,2,1,124,-1
1.127177,468,502908.752175,2,0,109,-1
1.512086,507,502926.060771,2,0,98,-1
2.344113,652,502947.994108,2,1,170,-1
2.07,386,502961.422069,2,0,176,-1
1.095,661,502983.662335,1,2,-1,89
1.117188,391,502997.241073,2,0,124,-1
1.519583,417,503011.61846,2,0,176,-1
1.770594,673,503034.253626,2,1,124,-1
1.451,830,503062.979346,1,2,-1,38
2.022,314,503074.124295,2,0,176,-1
1.488086,476,503089.330226,2,0,98,-1
1.192,741,503115.28658,1,2,-1,52
1.076582,993,503149.300502,1,2,-1,51
0.901129,628,503170.49629,2,1,39,-1
1.986,335,503182.319485,2,0,176,-1
1.004,787,503208.779793,1,2,-1,128
1.377868,642,503231.457969,2,1,67,-1
2.004,420,503244.938071,2,0,176,-1
1.484086,785,503272.209538,2,1,98,-1
1.411,809,503299.287046,1,2,-1,64
2.242874,745,503325.364573,2,1,164,-1
1.651137,854,503354.918904,2,1,10,-1
2.014241,691,503378.090988,2,1,137,-1
1.397287,498,503395.155666,2,0,77,-1
1.615157,446,503410.520135,2,0,139,-1
1.457,785,503436.750655,1,2,-1,19
1.81877,375,503449.858003,2,0,162,-1
1.647805,418,503464.363827,2,0,146,-1
1.533122,353,503476.779536,2,0,94,-1
1.455,891,503506.545825,1,2,-1,80
1.447057,427,503521.324187,2,0,73,-1
-1
1.77805,452,502752.310338,2,0,150,-1
1.844505,699,502776.877886,2,1,116,-1
1.402381,494,502793.834348,2,0,19,-1
0.921,510,502811.296297,1,2,-1,103
1.592,816,502838.537536,1,2,-1,9
1.649332,691,502861.79252,2,1,144,-1
1.71505,375,502874.930329,2,0,150,-1
1.231676,377,502888.136442,2,0,115,-1
1.445311,422,502902.769206,2,0,59,-1
1.464841,417,502917.286592,2,0,176,-1
1.089358,823,502944.637793,1,2,-1,41
1.791925,922,502976.360887,2,1,176,-1
1.644922,353,502988.672887,2,0,176,-1
2.243,737,503013.306227,2,1,176,-1
2.049,316,503024.495684,2,0,176,-1
2.022,331,503035.093283,2,0,176,-1
1.82705,699,503059.649227,2,1,150,-1
2.043,356,503071.041287,2,0,176,-1
0.985,591,503092.103217,1,2,-1,149
1.979113,353,503103.411995,2,0,170,-1
1.088,634,503125.922106,1,2,-1,93
1.69499,349,503137.119488,2,0,137,-1
1.441527,453,503152.766438,2,0,150,-1
0.36387,649,503174.644627,1,2,-1,168
1.463307,463,503190.5805,2,0,72,-1
1.70299,627,503211.864413,2,1,176,-1
1.178949,841,503240.966593,2,1,4,-1
1.242,772,503267.81225,1,2,-1,67
1.333874,449,503283.333117,2,0,22,-1
1.348381,448,503297.710861,2,0,19,-1
1.665999,402,503311.689678,2,0,138,-1
1.352703,504,503328.924532,2,0,51,-1
2.043,376,503342.092839,2,0,176,-1
1.518529,720,503366.227597,2,1,97,-1
0.859963,674,503389.943181,2,0,13,-1
1.16301,889,503419.54951,1,2,-1,1
1.236,654,503442.64533,1,1,-1,156
1.325018,463,503458.617595,2,0,9,-1
1.532999,776,503484.596244,2,1,28,-1
1.374602,613,503505.434407,2,0,26,-1
,0,150,-1
0.941563,468,486968.080034,2,0,106,-1
1.346955,460,486982.799601,2,0,170,-1
1.691477,319,486994.057066,2,0,145,-1
2.245,678,487016.80593,2,1,176,-1
1.518086,380,487030.158216,2,0,98,-1
1.407373,535,487048.417314,2,0,38,-1
1.593594,405,487062.435677,2,0,124,-1
1.566594,406,487076.516797,2,0,124,-1
1.253,622,487097.507613,1,2,-1,85
1.168582,841,487126.605215,1,2,-1,0
2.04,418,487140.072714,2,0,176,-1
1.296,726,487165.501318,1,2,-1,102
1.480033,425,487180.192204,2,0,64,-1
1.895874,380,487192.404326,2,0,164,-1
0.950086,771,487219.224953,1,2,-1,41
1.044159,407,487233.322636,2,0,44,-1
1.756332,351,487244.588391,2,0,144,-1
1.604,801,487272.421639,1,2,-1,11
1.517866,773,487298.277084,2,1,32,-1
0.582385,805,487326.350192,1,2,-1,102
0.673997,779,487353.50545,1,2,-1,13
2.055,330,487364.060097,2,0,176,-1
1.541827,644,487385.674605,2,1,113,-1
1.581594,369,487398.581933,2,0,124,-1
1.322,664,487420.963373,1,2,-1,124
1.207,740,487446.759118,1,2,-1,14
1.39564,641,487468.332536,2,0,31,-1
1.602594,354,487480.797413,2,0,124,-1
1.735332,355,487493.291803,2,0,176,-1
0.90599,893,487523.047233,1,2,-1,57
1.581307,640,487545.822303,2,1,72,-1
1.816113,540,487564.30674,2,1,170,-1
1.499997,436,487578.29438,2,0,85,-1
1.533,774,487605.167996,1,2,-1,37
1.509086,385,487618.574869,2,0,98,-1
0.819181,960,487651.442401,1,2,-1,92
0.869594,673,487674.130975,1,2,-1,148
0.722838,591,487694.182494,2,0,7,-1
1.489,717,487718.339565,1,2,-1,83
1.467824,422,487732.938568,2,0,60,-1
1.271,653,487755.974736,1,2,-1,105
1.499997,427,487769.656975,2,0,85,-1
1.010041,392,487783.284036,2,0,104,-1
0.927922,757,487809.719105,1,2,-1,43
1.111719,328,487820.261682,2,0,136,-1
1.182805,830,487848.974181,1,2,-1,19
0.837187,527,487867.042801,2,0,34,-1
2.15,532,487885.212035,2,1,176,-1
1.37,775,487911.172006,1,2,-1,2
1.184,1041,487947.660201,1,2,-1,51
0.71,676,487970.442464,0,2,-1,3
1.49534,831,487998.161051,2,1,176,-1
1.299,681,488022.281727,1,2,-1,67
0.32,524,488040.097388,0,2,-1,138
1.345993,808,488067.132025,2,1,135,-1
2.407,641,488089.77596,2,1,176,-1
1.437812,408,488102.854344,2,0,58,-1
1.413373,474,488119.033644,2,0,38,-1
1.474017,385,488132.461662,2,0,96,-1
0.267,783,488159.63784,0,2,-1,134
1.28299,826,488187.146839,1,1,-1,-1
1.558594,650,488210.202162,2,1,124,-1
2.016,339,488221.122807,2,0,176,-1
0.976309,492,488238.058545,2,0,87,-1
1.274028,918,488269.830177,2,1,54,-1
1.747447,799,488298.13879,2,1,104,-1
1.795328,875,488328.526233,2,1,57,-1
1.56207,401,488342.415624,2,0,176,-1
0.931,686,488365.497393,1,2,-1,120
1.028465,443,488380.847479,2,0,70,-1
2.055,393,488394.547878,2,0,176,-1
1.418075,714,488418.53959,2,0,17,0
2.076,306,488429.396907,2,0,176,-1
1.583,825,488457.974548,1,2,-1,0
2.052,329,488468.504597,2,0,176,-1
0.685594,786,488495.879021,1,2,-1,42
2.022,326,488506.319153,2,0,176,-1
1.442328,458,488522.049048,2,0,57,-1
1.800093,740,488547.994457,2,1,86,-1
1.332,817,488575.203415,1,2,-1,135
0.988878,809,488603.176838,2,1,107,-1
1.513456,414,488617.523677,2,0,63,-1
1.158847,405,488631.528851,2,0,135,-1
0.65299,715,488655.45661,1,2,-1,123
1.171956,826,488684.028656,2,1,98,-1
1.397587,495,488699.884688,2,0,35,-1
1.181,651,488722.878111,1,2,-1,37
1.01705,739,488747.592867,1,2,-1,140
1.401812,429,488762.407957,2,0,58,-1
1.678174,686,488785.446804,2,1,136,-1
2.043,324,488796.892875,2,0,176,-1
1.137,716,488820.902029,1,2,-1,78
1.04099,860,488850.581345,1,2,-1,45
0.869832,808,488878.747617,2,1,124,-1
2.340113,729,488903.155843,2,1,170,-1
1.398226,656,488925.219077,2,0,18,-1
1.488086,375,488938.262108,2,0,98,-1
1.536947,906,488969.4234,2,1,150,-1
1.011122,421,488984.016264,2,0,53,-1
1.409866,468,489000.051513,2,0,32,-1
1.999594,731,489025.052782,2,1,176,-1
1.829399,619,489046.493714,2,1,135,-1
1.437931,427,489061.313997,2,0,84,-1
0.315871,587,489081.239543,1,2,-1,134
1.211,824,489109.832431,1,2,-1,11
1.839399,574,489129.289526,2,1,135,-1
2.028,322,489140.664896,2,0,176,-1
0.841838,642,489162.349468,2,0,59,-1
0.812,548,489180.999681,1,2,-1,138
2.07,358,489193.608851,2,0,176,-1
1.172,706,489217.287062,1,2,-1,96
1.387141,727,489241.60585,2,1,136,-1
2.064,341,489253.578435,2,0,176,-1
1.587594,405,489267.63244,2,0,124,-1
1.33154,781,489293.753656,2,1,20,-1
0.356,589,489314.774284,0,2,-1,121
0.837332,786,489340.99403,1,2,-1,98
1.8401,714,489364.968354,2,1,150,-1
1.681,895,489395.795883,1,2,-1,23
1.652048,770,489422.64753,2,1,23,-1
1.999,619,489443.599982,2,1,176,-1
1.437931,361,489456.284311,2,0,84,-1
0.644086,802,489483.086864,1,2,-1,142
1.201,628,489504.291717,1,2,-1,48
1.460093,414,489518.708077,2,0,86,-1
0.683858,808,489546.736663,1,2,-1,91
1.517086,986,489580.527607,2,1,98,-1
1.576,882,489609.950625,1,2,-1,15
1.408516,519,489627.656872,2,0,68,-1
1.502973,794,489656.649964,2,1,98,-1
1.477625,471,489672.966386,2,0,75,-1
1.063,699,489696.69109,1,2,-1,160
1.77805,413,489710.986957,2,0,150,-1
1.037332,1019,489745.810955,1,2,9,56
0.886966,542,489764.294635,2,0,3,-1
1.564,811,489792.32926,1,2,-1,72
1.196,763,489817.965032,1,2,-1,19
1.554594,755,489844.323818,2,1,176,-1
1.215,638,489865.943577,1,2,-1,22
1.551,718,489890.085765,1,2,-1,7
1.620594,428,489904.861492,2,0,124,-1
0.927925,525,489922.778678,2,0,91,-1
1.59387,362,489935.4285,2,0,176,-1
1.266,745,489960.352317,1,2,-1,27
2.175,618,489982.306403,2,1,176,-1
1.530086,383,489994.628754,2,0,98,-1
2.025,308,490005.567929,2,0,176,-1
1.66899,352,490017.922938,2,0,137,-1
2.064,325,490028.293811,2,0,176,-1
1.094,690,490052.547492,1,2,-1,83
1.420997,911,490082.795893,2,1,176,-1
1.90799,761,490109.346718,2,1,137,-1
1.337472,404,490123.349357,2,0,4,-1
0.286,662,490145.619297,0,2,-1,138
1.75105,331,490157.397095,2,0,150,-1
1.43564,399,490170.132494,2,0,31,-1
1.211404,361,490182.789514,2,0,134,-1
1.617594,418,490197.305244,2,0,124,-1
1.387841,432,490212.197889,2,0,46,-1
1.73681,723,490236.495414,2,1,134,-1
1.464824,525,490254.437177,2,0,60,-1
1.76605,359,490267.032103,2,0,150,-1
1.283935,932,490299.057582,1,2,-1,16
1.440917,375,490311.166632,2,0,81,-1
1.27941,983,490344.844691,2,1,112,-1
1.09701,914,490376.335258,2,1,72,-1
1.325644,398,490390.226603,2,0,150,-1
1.128,583,490409.988907,1,2,-1,120
1.314181,860,490439.738948,2,0,35,-1
1.73305,323,490450.114669,2,0,150,-1
2.439,691,490474.604984,2,1,176,-1
2.016,409,490488.794583,2,0,176,-1
1.428578,382,490501.083036,2,0,176,-1
1.583594,759,490527.555088,2,1,176,-1
1.39334,532,490545.760014,2,0,34,-1
1.73905,370,490558.728404,2,0,150,-1
2.028,552,490577.501034,2,1,176,-1
1.25392,528,490595.54095,2,0,150,-1
1.51282,1117,490633.557225,1,2,1,74
1.486183,413,490647.979558,2,0,69,-1
1.452841,376,490660.043114,2,0,46,-1
1.452535,423,490674.707816,2,0,42,-1
1.25201,803,490702.584227,1,2,-1,9
1.393797,426,490717.292556,2,0,27,-1
1.2881,720,490741.427963,2,1,33,-1
2.028,378,490754.61249,2,0,176,-1
1.962,537,490772.972573,2,1,176,-1
1.019538,432,490787.95906,2,0,29,-1
1.038,801,490814.819272,1,2,-1,97
2.043332,704,490839.566349,2,1,144,-1
0.243,444,490853.776086,0,2,-1,151
1.666868,803,490881.719579,2,1,67,-1
1.75405,339,490893.684893,2,0,150,-1
1.447516,466,490909.670219,2,0,68,-1
0.345,552,490928.4216,0,2,-1,101
1.460328,494,490945.283233,2,0,57,-1
1.992,307,490955.106898,2,0,176,-1
1.74205,461,490971.011623,2,0,150,-1
0.407594,651,490992.956568,1,2,-1,140
1.65399,311,491003.988485,2,0,137,-1
0.618,611,491024.638077,0,2,-1,25
0.953548,711,491049.566421,1,2,-1,24
0.890968,603,491069.962984,2,0,12,-1
1.37226,475,491086.350489,2,0,11,-1
1.178347,436,491101.398003,2,0,105,-1
1.394535,547,491120.029819,2,0,42,-1
1.79305,350,491131.282658,2,0,150,-1
1.255881,839,491160.31336,2,1,77,-1
0.849149,628,491181.431482,2,0,1,-1
1.617443,833,491210.303919,2,1,76,-1
1.381,714,491234.257851,1,2,-1,88
1.663644,826,491262.955686,2,1,150,-1
1.737805,354,491274.327443,2,0,176,-1
1.079,615,491296.271357,1,2,-1,132
1.171644,636,491317.738984,2,1,150,-1
1.68805,331,491329.426125,2,0,150,-1
1.509443,369,491341.33167,2,0,176,-1
1.77205,393,491354.999162,2,0,150,-1
2.028,316,491366.218629,2,0,176,-1
0.345,506,491383.550437,0,2,-1,122
2.067,321,491393.831311,2,0,176,-1
1.536,843,491422.983056,1,2,-1,68
0.555,613,491443.852691,0,2,-1,23
1.75705,394,491457.618954,2,0,150,-1
1.2,835,491486.553605,1,2,-1,139
0.334,541,491504.902985,0,2,-1,124
1.730594,676,491527.66336,2,1,124,-1
1.51064,854,491557.176599,2,1,31,-1
1.744033,831,491584.926522,2,1,64,-1
0.746,576,491604.564451,0,2,-1,1
1.664169,794,491632.224871,2,1,44,-1
0.918962,524,491650.088323,2,0,110,-1
2.055,333,491661.88803,2,0,176,-1
2.0,610,491682.480225,2,1,176,-1
1.542086,373,491694.487389,2,0,176,-1
0.769815,722,491719.889633,1,1,-1,157
1.70199,354,491732.281979,2,0,137,-1
0.496,540,491750.640144,0,2,-1,17
2.055,331,491761.339113,2,0,176,-1
1.651125,364,491774.053137,2,0,136,-1
2.35,668,491796.533704,2,1,176,-1
1.629594,399,491810.388198,2,0,176,-1
1.677385,640,491831.957629,2,1,88,-1
1.986594,810,491860.176808,2,1,124,-1
1.377,800,491886.858098,1,2,-1,0
1.05635,437,491901.946681,2,0,123,-1
0.881,685,491926.118655,1,2,-1,134
0.598594,894,491955.929602,1,2,-1,131
1.424,856,491985.524119,1,2,-1,6
1.299,856,492015.100387,1,2,-1,0
0.432,548,492033.743866,0,2,-1,94
0.881232,803,492060.573811,1,2,-1,69
1.60026,699,492085.1442,2,1,11,-1
1.347602,497,492102.112392,2,0,26,-1
1.591125,341,492113.048547,2,0,136,-1
2.237,609,492134.717602,2,1,176,-1
1.105,681,492157.640881,1,2,-1,97
1.649447,814,492184.785819,2,1,104,-1
1.301799,755,492211.042231,2,1,88,-1
1.53594,363,492223.879587,2,0,170,-1
1.327955,360,492235.36651,2,0,145,-1
1.483222,506,492252.632779,2,0,87,-1
1.502582,363,492265.34049,2,0,89,-1
0.754,582,492285.090966,0,2,-1,11
1.24106,459,492300.941262,2,0,150,-1
1.336,718,492326.051847,1,2,-1,10
0.567086,754,492351.383761,1,2,-1,93
2.031,347,492363.569815,2,0,176,-1
1.396373,753,492388.933021,2,1,38,-1
1.421048,747,492415.064958,2,1,23,-1
1.856332,683,492437.911986,2,1,144,-1
2.099,601,492458.243809,2,1,176,-1
1.77205,351,492470.637521,2,0,150,-1
0.948267,800,492497.426986,2,1,1,-1
1.60587,429,492512.295828,2,0,115,-1
1.370504,470,492528.455542,2,0,170,-1
1.242187,715,492552.561146,2,1,150,-1
1.554441,764,492579.165318,2,1,92,-1
1.691477,321,492590.504094,2,0,176,-1
1.477886,599,492610.757068,2,1,119,-1
1.53207,378,492623.904971,2,0,111,-1
1.577,692,492647.163095,1,2,-1,15
2.097,320,492658.470114,2,0,176,-1
1.54587,380,492670.647433,2,0,115,-1
0.51,545,492689.197528,0,2,-1,63
1.161526,998,492723.371321,2,1,93,-1
2.04,335,492735.148048,2,0,176,-1
1.803602,762,492760.706603,2,1,176,-1
0.940612,452,492776.326064,2,0,9,-1
1.459017,772,492803.20633,2,1,96,-1
0.736438,702,492826.794489,2,0,30,-1
0.836594,731,492852.401515,1,2,-1,83
1.954,516,492870.094319,2,1,176,-1
2.082,322,492880.467385,2,0,176,-1
1.032512,515,492897.983934,2,0,144,-1
1.661644,773,492924.880629,2,1,150,-1
1.62399,357,492936.328615,2,0,137,-1
1.64199,409,492950.46571,2,0,137,-1
1.57107,414,492964.816474,2,0,176,-1
1.566922,451,492980.311603,2,0,128,-1
2.013,319,492991.625098,2,0,176,-1
1.058099,459,493006.339711,2,0,52,-1
0.84661,566,493026.605806,2,0,9,-1
1.239275,660,493048.967066,2,1,2,-1
1.594034,338,493060.901568,2,0,122,-1
2.037,318,493071.083114,2,0,176,-1
1.593157,564,493090.234631,2,1,139,-1
1.444897,443,493105.542375,2,0,83,-1
1.427463,754,493131.860055,2,1,150,-1
0.802085,688,493155.021048,2,0,85,-1
1.4191,518,493172.653017,2,0,33,-1
0.902086,797,493199.357543,1,2,-1,108
1.621086,733,493225.027758,2,1,98,-1
1.092594,889,493255.61645,1,2,-1,60
1.705358,606,493276.189726,2,1,105,-1
1.487,814,493303.337131,1,2,-1,16
1.593886,398,493317.164884,2,0,119,-1
1.4391,441,493332.350659,2,0,33,-1
1.11699,855,493361.939609,1,2,-1,3
1.477969,443,493377.28371,2,0,176,-1
1.553086,366,493389.077489,2,0,98,-1
1.689805,452,493404.677541,2,0,176,-1
1.389575,463,493420.6522,2,0,5,-1
1.448402,462,493436.512301,2,0,176,-1
1.03,617,493457.349293,1,2,-1,109
1.516447,413,493471.664095,2,0,104,-1
1.498,746,493496.620143,1,2,-1,7
1.564,744,493522.607333,1,2,-1,69
1.808342,852,493552.166698,2,1,89,-1
1.63899,350,493563.393508,2,0,137,-1
1.417897,567,493582.710303,2,0,83,-1
1.369227,528,493600.70424,2,0,24,-1
1.259018,349,493612.999436,2,0,9,-1
1.712381,914,493644.497872,2,1,19,-1
1.492325,428,493659.312083,2,0,106,-1
1.541997,358,493670.702712,2,0,85,-1
2.025,310,493681.690447,2,0,176,-1
1.63699,639,493703.362705,2,1,137,-1
1.353841,452,493718.947841,2,0,36,-1
1.601773,424,493733.633412,2,0,129,-1
1.441057,466,493749.603684,2,0,73,-1
1.61799,349,493761.865315,2,0,137,-1
1.451582,390,493774.302275,2,0,89,-1
1.432516,418,493788.81115,2,0,68,-1
1.027832,615,493809.63595,2,0,66,-1
1.38279,425,493824.320038,2,0,7,-1
1.615122,718,493849.499798,2,1,94,-1
1.555,796,493876.055863,1,2,-1,24
1.478287,459,493891.839136,2,0,77,-1
0.961,759,493918.233688,1,2,-1,176
0.196,473,493933.386049,0,2,-1,158
1.206,732,493958.934683,1,2,-1,138
2.121113,534,493977.118237,2,1,170,-1
1.463307,537,493995.377376,2,0,72,-1
2.076,307,494006.275692,2,0,176,-1
1.635,1038,494041.732852,1,2,-1,33
1.427587,588,494061.580006,2,0,35,-1
1.465155,530,494079.713186,2,0,78,-1
2.04,313,494089.703855,2,0,176,-1
1.420866,465,494105.681193,2,0,32,-1
1.418311,410,494119.858912,2,0,176,-1
0.386,536,494138.159076,0,2,-1,104
1.159516,449,494153.658014,2,0,124,-1
1.74,940,494186.012518,1,2,-1,6
1.485238,380,494199.302211,2,0,66,-1
1.614594,398,494212.050757,2,0,124,-1
0.572,668,494235.631079,0,2,-1,21
1.977821,768,494261.345911,2,1,131,-1
1.178,750,494287.607353,1,2,-1,133
1.78135,790,494313.976214,2,1,107,-1
1.640391,830,494342.758528,2,1,92,-1
1.696,936,494374.921731,1,1,-1,8
2.064,325,494385.335052,2,0,176,-1
2.356,594,494405.516221,2,1,176,-1
1.325,959,494438.439437,1,2,-1,99
1.601677,977,494471.874409,2,1,7,-1
1.62099,348,494484.070318,2,0,137,-1
1.533824,644,494505.789209,1,2,-12,44
2.004125,751,494532.046716,2,1,136,-1
1.31,687,494555.084247,1,2,-1,65
1.173,558,494574.093623,1,2,-1,73
1.168125,953,494606.844326,1,2,-1,23
0.78387,879,494637.252592,1,2,-1,0
1.843122,620,494658.15637,2,0,176,-1
0.635,589,494678.075882,0,2,-1,24
1.678332,378,494691.386433,2,0,144,-1
0.244,537,494709.662378,0,2,-1,114
2.043,320,494719.956417,2,0,176,-1
0.933869,480,494736.411616,2,0,2,-1
0.680086,882,494766.917499,1,2,-1,73
1.712,798,494794.651279,1,1,-1,18
1.246797,573,494814.135319,2,1,27,-1
1.815086,813,494841.300007,2,1,98,-1
1.367,696,494865.888616,1,2,-1,70
1.376169,525,494883.841527,2,0,44,-1
1.37942,416,494898.274491,2,0,30,-1
1.341602,381,494910.421216,2,0,136,-1
1.985399,624,494931.479841,2,1,135,-1
1.498815,398,494945.310983,2,0,90,-1
1.27,760,494971.799795,1,2,-1,152
1.918922,734,494996.465026,2,1,128,-1
1.152,638,495018.116317,1,2,-1,114
1.588034,439,495033.237126,2,0,122,-1
0.454456,887,495063.829151,1,2,-1,152
2.23,651,495085.765165,2,1,176,-1
0.322,514,495103.364395,0,2,-1,133
1.529,699,495127.923655,1,2,-1,0
1.69599,442,495143.125601,2,0,176,-1
1.324142,950,495174.641802,2,1,136,-1
1.74505,330,495186.267728,2,0,150,-1
1.450841,384,495199.626237,2,0,176,-1
0.594,756,495224.949544,0,2,-1,35
1.343,883,495255.408801,1,2,-1,3
1.494086,398,495269.304982,2,0,98,-1
1.478,690,495292.441547,1,2,-1,7
1.451,724,495316.737946,1,2,-1,31
0.465,440,495331.92757,0,2,-1,77
1.389575,419,495346.472733,2,0,5,-1
1.334,834,495375.319909,1,2,-1,40
1.411206,435,495390.258653,2,0,29,-1
2.046,325,495400.65682,2,0,176,-1
1.621529,908,495431.933921,2,1,97,-1
1.023,703,495455.50612,1,2,-1,95
1.91205,789,495482.896543,2,1,150,-1
1.894874,559,495501.95822,2,1,164,-1
1.016,679,495524.815274,1,2,-1,157
2.043,318,495536.08015,2,0,176,-1
1.621594,702,495559.598232,2,1,176,-1
1.003452,482,495576.127561,2,0,56,-1
2.043,318,495587.360224,2,0,176,-1
1.256386,521,495605.117643,2,0,12,-1
0.338594,893,495635.880862,1,2,-1,176
1.399797,437,495650.984092,2,0,27,-1
0.311,538,495669.347754,0,2,-1,143
1.521086,394,495682.077391,2,0,176,-1
1.413858,381,495695.389487,2,0,56,-1
1.361,740,495721.271793,1,2,-1,45
2.049,343,495732.255987,2,0,176,-1
1.518086,377,495745.442648,2,0,98,-1
1.451109,809,495773.47699,2,1,52,-1
1.767594,843,495801.617827,2,1,124,-1
0.575,510,495819.055504,0,2,-1,48
1.890707,747,495845.232263,2,1,170,-1
1.755602,723,495869.489926,2,1,26,-1
1.81005,547,495888.059042,2,1,150,-1
1.81435,1006,495922.473601,2,1,107,-1
0.741226,974,495955.818276,1,2,-1,61
0.879278,539,495974.106662,2,0,47,-1
0.558,494,495991.043363,0,2,-1,54
2.052,363,496003.727105,2,0,176,-1
2.17305,786,496030.165323,2,1,176,-1
0.81954,888,496060.764661,1,2,-1,87
2.064,304,496071.606716,2,0,176,-1
0.319,848,496099.825382,0,2,-1,157
1.471793,344,496111.963851,2,0,110,-1
1.638,857,496141.584076,1,2,-1,20
1.476,821,496168.982525,1,2,-1,87
1.54,714,496194.202414,1,2,-1,44
1.215277,920,496224.812731,2,1,20,-1
1.487736,365,496237.593841,2,0,93,-1
1.128,541,496256.088671,1,2,-1,87
1.339,777,496283.199388,1,2,-1,144
1.420841,449,496298.666368,2,0,46,-1
1.342,718,496322.802625,1,2,-1,101
1.442311,390,496336.378482,2,0,59,-1
0.839259,570,496355.793394,2,0,88,-1
1.402,610,496376.416406,1,2,-1,124
2.225113,868,496406.448633,2,1,170,-1
2.019,309,496416.345529,2,0,176,-1
0.252,604,496437.908315,0,2,-1,112
1.453535,360,496449.416569,2,0,42,-1
1.498499,879,496479.718545,2,1,170,-1
1.436644,727,496504.035359,2,1,150,-1
1.303,775,496531.042378,1,2,-1,69
1.196,761,496556.430746,1,2,-1,176
1.307651,602,496577.933127,2,1,39,-1
1.65181,346,496588.992998,2,0,134,-1
0.48,566,496608.284654,0,2,-1,82
1.673,952,496640.824325,1,2,-1,3
1.140572,475,496657.168626,2,0,137,-1
1.688566,355,496669.654456,2,0,142,-1
1.387797,554,496688.596831,2,0,27,-1
0.786412,827,496716.241183,1,2,-1,49
1.170465,858,496745.869389,2,1,70,-1
1.241136,485,496762.467318,2,0,150,-1
2.058,312,496773.519965,2,0,176,-1
2.094,350,496784.775983,2,0,176,-1
1.852,581,496805.49121,2,1,176,-1
2.01,322,496815.850682,2,0,176,-1
0.582,602,496836.199683,0,2,-1,40
2.049,322,496847.634926,2,0,176,-1
1.614307,688,496870.776802,2,1,72,-1
1.984874,705,496895.689595,2,1,164,-1
1.599594,373,496907.652231,2,0,124,-1
0.927805,741,496933.515855,1,2,-1,3
0.064064,349,496945.786701,0,2,-1,126
1.424892,453,496960.327629,2,0,82,-1
1.397169,550,496980.161002,2,0,44,-1
1.396841,412,496993.328398,2,0,46,-1
2.00199,757,497019.732315,2,1,137,-1
1.015863,481,497036.179787,2,0,145,-1
1.21278,940,497068.418393,2,1,152,-1
1.356575,495,497085.439942,2,0,5,-1
1.081018,1018,497120.200074,1,1,-1,0
1.708868,716,497144.272125,2,1,67,-1
1.506086,369,497157.225125,2,0,98,-1
1.389847,588,497177.201494,2,0,43,-1
1.386,753,497202.465035,1,2,-1,55
0.969237,368,497215.409921,2,0,110,-1
2.031,321,497226.808306,2,0,176,-1
1.804815,648,497248.648854,2,1,176,-1
1.81305,824,497276.181435,2,1,150,-1
1.562477,575,497296.854797,2,1,145,-1
0.462805,664,497319.293612,1,2,-1,140
0.868196,839,497348.288166,2,1,66,-1
2.061,304,497358.000471,2,0,176,-1
1.384381,462,497373.950659,2,0,19,-1
1.029205,517,497391.640286,2,0,144,-1
1.503391,547,497410.237601,2,0,92,-1
1.131594,942,497442.620225,1,2,-1,8
1.095,670,497465.202572,1,2,-1,98
1.55101,477,497481.658137,2,0,118,-1
1.093453,592,497501.746777,2,1,144,-1
1.418997,392,497515.411503,2,0,176,-1
2.085,325,497526.917326,2,0,176,-1
2.073,407,497541.058847,2,0,176,-1
2.037,327,497551.530662,2,0,176,-1
0.74334,670,497574.094448,1,2,-1,69
0.615,638,497596.701622,0,2,-1,20
1.78705,348,497607.823002,2,0,150,-1
1.308,749,497633.990806,1,2,-1,6
2.058,323,497645.35323,2,0,176,-1
1.596594,668,497667.860367,2,1,124,-1
1.047,695,497691.183511,1,2,-1,118
1.045511,529,497709.169155,2,0,124,-1
2.055,300,497719.840882,2,0,176,-1
1.517689,413,497734.11813,2,0,99,-1
1.527086,458,497748.839518,2,0,98,-1
1.717332,379,497762.138057,2,0,144,-1
-0.15,400,497776.020125,0,2,-1,157
2.232113,781,497803.328114,2,1,170,-1
1.459307,563,497822.544191,2,1,72,-1
1.433352,454,497838.261659,2,0,61,-1
1.416226,456,497852.840041,2,0,18,-1
1.558931,382,497866.126744,2,0,84,-1
1.446594,652,497888.134695,2,1,124,-1
1.2891,609,497909.787472,2,1,33,-1
1.637354,342,497920.802459,2,0,133,-1
0.706086,862,497950.583627,1,2,-1,4
1.597846,341,497962.597966,2,0,120,-1
1.089,590,497982.583226,1,2,-1,119
1.52607,524,498000.483959,2,0,111,-1
1.561583,429,498015.218849,2,0,109,-1
1.513505,363,498026.854726,2,0,116,-1
0.922,571,498046.281132,1,2,-1,153
1.60899,339,498058.279245,2,0,137,-1
0.932656,518,498076.024326,2,0,113,-1
1.362,763,498102.670746,1,2,-1,116
0.944465,418,498116.193661,2,0,70,-1
2.037,351,498128.526699,2,0,176,-1
0.437,590,498148.470365,0,2,-1,91
2.067,337,498160.336488,2,0,176,-1
1.529,725,498184.650967,1,2,-1,3
2.058,324,498196.071359,2,0,176,-1
1.718414,832,498224.815452,2,1,176,-1
1.321,971,498258.195898,1,2,-1,24
0.645,711,498282.210421,0,2,-1,3
1.545736,350,498294.486502,2,0,93,-1
1.421,675,498317.136098,1,2,-1,70
2.037,326,498328.687642,2,0,176,-1
1.58301,868,498357.613569,2,1,118,-1
1.593886,427,498372.39417,2,0,119,-1
1.443,879,498402.804857,1,2,-1,53
1.447033,397,498416.650045,2,0,64,-1
0.221,736,498441.360708,0,2,-1,138
1.492,903,498472.517192,1,1,-1,-1
1.66899,378,498485.728612,2,0,137,-1
0.63,791,498512.138579,0,2,-1,31
1.87687,708,498535.914675,2,1,176,-1
1.38465,493,498552.772889,2,0,14,-1
1.511582,369,498565.731072,2,0,89,-1
0.839298,580,498585.325071,2,0,36,-1
1.537831,741,498611.320334,2,1,132,-1
2.049,292,498620.67631,2,0,176,-1
1.940113,347,498632.912357,2,0,170,-1
1.43,836,498661.862479,1,2,-1,67
1.104277,472,498678.112175,2,0,150,-1
2.067,334,498688.779254,2,0,176,-1
1.484736,445,498704.123258,2,0,176,-1
1.713,869,498734.129164,1,2,-1,3
1.13399,810,498761.295307,1,2,-1,58
1.798858,740,498787.096532,2,1,56,-1
1.431,646,498808.881979,1,2,-1,98
1.513017,417,498823.320466,2,0,96,-1
1.54826,747,498848.305746,2,1,11,-1
1.10799,834,498877.233192,1,1,-1,-1
2.07,327,498888.745143,2,0,176,-1
1.387,754,498914.02027,1,2,-1,2
1.749917,911,498945.326232,2,1,81,-1
0.64182,824,498972.861061,0,2,-1,20
1.852931,1048,499008.565296,2,1,84,-1
0.763,546,499028.251865,0,2,-1,3
1.283644,376,499040.294795,2,0,150,-1
1.067,714,499065.348214,1,2,-1,53
1.74205,400,499078.220363,2,0,150,-1
1.599594,390,499091.830598,2,0,124,-1
1.596594,360,499104.445647,2,0,124,-1
1.063,837,499133.464524,0,2,-1,8
1.64199,337,499144.265168,2,0,137,-1
2.061,381,499157.530316,2,0,176,-1
2.16,649,499179.406654,2,1,176,-1
1.73305,314,499190.548302,2,0,150,-1
0.237,501,499207.703852,0,2,-1,157
1.56987,375,499220.820472,2,0,115,-1
2.064,333,499231.616235,2,0,176,-1
1.36718,389,499245.215172,2,0,1,-1
1.467086,353,499257.625308,2,0,98,-1
2.076,324,499268.084547,2,0,176,-1
1.853892,825,499296.746089,2,1,82,-1
0.86,553,499315.544666,1,2,-1,149
1.500897,343,499327.613251,2,0,176,-1
0.093,561,499346.630221,0,2,-1,153
0.664122,613,499367.37063,1,2,-1,62
1.67499,330,499379.009156,2,0,137,-1
2.131,579,499398.649626,2,1,176,-1
2.064,366,499410.47508,2,0,176,-1
1.343805,799,499438.597828,1,2,-1,13
1.207774,875,499469.455415,2,1,1,-1
1.422,810,499496.558673,1,2,-1,68
1.911594,617,499517.41758,2,1,124,-1
2.077,586,499538.387889,2,1,176,-1
1.607266,350,499549.672858,2,0,123,-1
0.979627,478,499566.097368,2,0,64,-1
1.542,803,499593.991697,1,2,-1,75
1.72479,1086,499631.006188,2,1,7,1
1.560594,513,499648.465837,2,0,124,-1
1.57887,403,499662.478221,2,0,115,-1
0.937824,402,499675.342458,2,0,41,-1
1.537325,420,499689.858336,2,0,106,-1
1.035,902,499721.041367,1,2,-1,138
1.39118,516,499738.637109,2,0,1,-1
2.079,340,499750.661856,2,0,176,-1
1.74205,345,499761.765452,2,0,150,-1
1.651399,359,499774.360257,2,0,135,-1
1.998805,658,499796.578066,2,1,146,-1
1.593594,380,499809.816779,2,0,124,-1
1.41964,494,499826.704823,2,0,31,-1
1.071,621,499847.717629,1,2,-1,72
1.431931,370,499860.601701,2,0,84,-1
2.073,334,499872.366772,2,0,176,-1
1.52007,402,499885.327488,2,0,111,-1
1.75105,370,499898.323744,2,0,150,-1
1.696332,336,499910.163137,2,0,144,-1
1.159,642,499931.799173,1,2,-1,87
1.572594,425,499946.497413,2,0,124,-1
1.015332,717,499970.594219,1,2,-1,138
2.143,571,499990.035448,2,1,176,-1
0.435,480,500006.493574,0,2,-1,101
0.971156,414,500020.825854,2,0,111,-1
1.557594,339,500032.786551,2,0,124,-1
1.573931,763,500058.395696,2,1,84,-1
1.291,700,500082.954965,1,2,-1,16
1.76605,375,500094.999255,2,0,150,-1
2.046,341,500107.05048,2,0,176,-1
2.064,356,500119.531513,2,0,176,-1
1.74205,331,500130.155415,2,0,150,-1
0.557,556,500150.201292,0,2,-1,38
1.50479,337,500161.001401,2,0,102,-1
0.935179,774,500187.922473,2,1,98,-1
2.037,325,500198.364887,2,0,176,-1
2.034,325,500209.976037,2,0,176,-1
1.605594,319,500221.302396,2,0,124,-1
1.52899,910,500251.601277,2,1,137,-1
1.687935,361,500264.249131,2,0,141,-1
1.696935,423,500278.917763,2,0,141,-1
2.363,666,500301.418226,2,1,176,-1
1.159,616,500322.269177,1,2,-1,90
2.01,306,500333.204749,2,0,176,-1
1.42,721,500357.502917,1,2,-1,119
1.42818,426,500372.300272,2,0,1,-1
1.412925,487,500389.001458,2,0,49,-1
0.738784,811,500417.175784,2,1,15,-1
0.69,815,500444.488694,0,2,-1,0
1.70126,784,500471.731654,2,1,176,-1
1.87899,635,500493.24909,2,1,137,-1
1.737206,890,500523.973207,2,1,29,-1
1.318391,628,500545.27307,2,1,92,-1
1.273,715,500570.301216,1,2,-1,144
1.427,882,500599.720322,1,2,-1,61
2.021113,359,500612.305319,2,0,170,-1
1.224805,723,500636.585815,1,2,-1,16
1.579227,864,500666.369404,2,1,24,-1
-0.064,296,500676.911872,0,2,-1,176
1.418169,467,500693.072181,2,0,44,-1
1.698505,795,500719.699845,2,1,116,-1
1.65434,787,500747.071201,2,1,34,-1
1.445,890,500776.70922,1,2,-1,14
1.746935,710,500801.813565,2,1,176,-1
1.07788,467,500817.853236,2,0,115,-1
1.630935,366,500829.587973,2,0,141,-1
1.507,859,500859.381088,1,2,-1,42
1.324,799,500887.304498,1,2,-1,1
1.54587,345,500898.432172,2,0,115,-1
1.53687,463,500914.378936,2,0,115,-1
1.662,804,500942.302102,1,2,-1,1
1.371,677,500965.080588,1,2,-1,74
1.89105,633,500986.430252,2,1,150,-1
1.307903,872,501016.636764,2,1,50,-1
2.034,324,501028.135428,2,0,176,-1
1.475287,420,501041.535939,2,0,77,-1
1.816931,829,501070.29397,2,1,84,-1
1.251,661,501092.550382,1,2,-1,172
0.725594,666,501116.094531,1,2,-1,176
0.989996,414,501130.405141,2,0,55,-1
1.457307,513,501147.967236,2,0,72,-1
0.722,547,501166.693712,0,2,-1,4
0.825035,573,501186.112339,2,0,96,-1
0.981477,783,501212.266385,1,2,-1,8
1.075,611,501232.907313,1,2,-1,79
1.740363,746,501258.97922,2,1,143,-1
0.89126,784,501285.161487,1,1,-1,-1
1.455086,802,501313.110145,1,2,-1,79
2.291,666,501335.560409,2,1,176,-1
0.832725,533,501353.757914,2,0,56,-1
0.351064,416,501368.163172,0,2,-1,102
1.447625,476,501384.590502,2,0,75,-1
0.907391,803,501412.482085,1,2,-1,9
0.760205,676,501435.282627,2,0,28,-1
1.659594,698,501458.721583,2,1,124,-1
1.653137,743,501484.772985,2,1,76,-1
1.111788,429,501499.551661,2,0,59,-1
2.353,581,501519.271429,2,1,176,-1
1.376386,486,501535.93876,2,0,12,-1
1.75405,380,501548.095902,2,0,150,-1
1.874391,794,501575.676286,2,1,92,-1
1.760594,884,501606.076744,2,1,124,-1
2.425,780,501632.203546,2,1,176,-1
1.91405,610,501652.908452,2,1,150,-1
2.076,340,501664.897798,2,0,176,-1
1.560594,447,501680.304055,2,0,124,-1
1.731805,358,501692.903978,2,0,146,-1
1.483999,799,501719.680598,2,1,28,-1
1.76426,728,501745.181939,2,1,11,-1
1.291681,546,501763.806265,2,0,6,-1
1.763874,388,501776.26838,2,0,164,-1
1.613018,750,501802.531019,2,1,43,-1
1.315,674,501825.225359,1,2,-1,119
0.346,476,501841.642666,0,2,-1,119
1.62399,346,501853.854862,2,0,137,-1
1.357929,388,501867.313179,2,0,16,-1
0.835535,738,501892.06317,1,2,-1,1
1.493414,441,501907.321272,2,0,112,-1
1.539435,352,501919.718114,2,0,108,-1
1.817325,893,501949.416677,2,1,106,-1
1.557594,345,501961.577363,2,0,124,-1
0.190641,462,501977.405746,0,2,-10,171
1.61499,341,501989.412878,2,0,137,-1
1.204301,429,502003.140841,2,0,137,-1
1.536821,352,502015.498712,2,0,131,-1
0.771259,642,502037.159173,2,0,43,-1
1.32476,759,502063.672721,1,2,-1,93
1.076145,498,502080.836121,2,0,34,-1
1.358937,470,502096.989716,2,0,40,-1
1.594125,394,502110.810477,2,0,136,-1
1.433997,343,502121.799011,2,0,176,-1
0.62554,903,502152.917522,1,2,-1,125
1.496997,373,502165.920579,2,0,85,-1
0.65,625,502186.985073,0,2,-1,32
1.58884,864,502216.793346,2,1,150,-1
1.420846,622,502237.813858,2,1,120,-1
1.451868,420,502252.378062,2,0,67,-1
1.07468,412,502265.718426,2,0,98,-1
1.657935,347,502277.892705,2,0,141,-1
1.388695,642,502299.580551,2,1,117,-1
1.047176,459,502315.387646,2,0,89,-1
1.024996,550,502334.081401,2,0,89,-1
0.889467,518,502351.756522,2,0,84,-1
1.323,727,502377.253227,1,2,-1,58
1.316402,381,502389.456127,2,0,55,-1
1.609385,920,502421.254176,2,1,88,-1
1.40167,903,502452.372077,2,1,137,-1
1.352849,1062,502488.667296,2,1,3,-1
1.416,790,502516.213442,1,2,-1,72
1.532578,683,502539.216818,2,1,71,-1
1.548,781,502566.394044,1,2,-1,9
1.31464,552,502585.249589,2,1,31,-1
1.822339,398,502598.039217,2,0,159,-1
1.189,763,502624.585475,1,2,-1,150
0.81307,856,502654.167087,1,2,-1,139
1.587,691,502677.469977,1,2,-1,62
1.152,682,502700.508241,1,2,-1,157
1.478307,465,502716.564842,2,0,72,-1
0.231,514,502734.179724,0,2,-1,151
1.255214,895,502765.100653,2,1,8,-1
0.833477,587,502784.944725,1,2,-1,172
1.72105,390,502798.614833,2,0,150,-1
1.25,812,502825.747649,1,2,-1,34
1.466,713,502850.780618,1,2,-1,5
1.534358,385,502864.210528,2,0,105,-1
1.3,722,502888.489407,1,2,-1,2
1.405372,461,502904.389014,2,0,3,-1
0.572,572,502923.818391,0,2,-1,42
1.704307,913,502955.171567,2,1,72,-1
2.055,320,502965.436601,2,0,176,-1
1.18499,827,502994.044105,1,2,-1,43
1.708935,782,503021.18016,2,1,141,-1
1.73905,501,503037.234086,2,0,150,-1
1.639594,361,503049.905985,2,0,124,-1
1.857391,870,503079.881613,2,1,92,-1
1.411381,385,503093.274309,2,0,176,-1
1.660332,327,503103.745421,2,0,144,-1
0.864722,481,503120.275077,2,0,3,-1
1.617,962,503153.325703,1,2,-1,35
2.079,316,503164.500887,2,0,176,-1
1.624707,678,503187.333757,2,1,170,-1
1.406587,435,503202.511528,2,0,35,-1
2.031,295,503211.949788,2,0,176,-1
1.398841,635,503234.419289,2,0,36,-1
0.662358,689,503257.57049,1,2,-1,51
1.466841,665,503279.982336,2,1,36,-1
1.188023,392,503293.617147,2,0,117,-1
1.027805,742,503319.610699,1,2,-1,132
0.55599,631,503340.953711,1,2,-1,132
1.327,719,503365.040663,1,2,-1,22
1.57599,381,503378.301718,2,0,137,-1
0.808081,730,503402.79246,1,2,-4,37
1.490443,423,503417.446695,2,0,76,-1
1.499887,766,503444.143988,1,2,-13,71
1.506086,374,503456.188698,2,0,98,-1
1.05233,741,503482.094738,2,1,93,-1
1.99405,783,503508.399148,2,1,150,-1
.300113,729,501834.373937,2,1,170,-1
1.374705,579,501854.062125,2,0,21,-1
2.204,635,501875.479672,2,1,176,-1
1.786897,765,501902.173424,2,1,83,-1
0.84099,642,501923.880704,1,2,-1,157
1.254089,862,501953.715394,2,1,0,-1
1.306841,575,501973.141923,2,1,46,-1
1.771594,719,501997.231598,2,1,124,-1
1.211935,411,502011.483072,2,0,150,-1
1.226529,374,502024.595656,2,0,141,-1
1.470866,398,502037.317027,2,0,32,-1
1.219,753,502063.627503,1,2,-1,154
1.597738,366,502076.556361,2,0,130,-1
1.488177,934,502107.687811,2,1,109,-1
1.21365,731,502133.313932,2,1,14,-1
2.013,389,502146.812863,2,0,176,-1
1.661999,831,502174.551345,2,1,138,-1
1.193,703,502199.136686,1,2,-1,61
1.843377,353,502210.406319,2,0,156,-1
1.828339,378,502223.665265,2,0,176,-1
1.763,823,502252.208205,1,1,-1,1
1.484093,523,502270.173775,2,0,86,-1
0.801292,672,502292.798772,2,0,47,-1
1.612846,534,502310.989544,2,0,120,-1
1.995113,590,502330.997814,2,1,170,-1
0.69,663,502353.287224,0,2,-1,7
1.65705,645,502376.184455,2,1,150,-1
2.058,329,502386.729075,2,0,176,-1
1.196,698,502411.378835,1,2,-1,78
2.028,325,502421.813035,2,0,176,-1
1.002,658,502445.091869,1,2,-1,102
0.874313,539,502463.423563,2,0,24,-1
1.691805,665,502485.915726,2,1,146,-1
2.137,605,502506.43602,2,1,176,-1
2.01,329,502518.096294,2,0,176,-1
0.955594,903,502549.241431,1,2,-1,40
1.565689,416,502562.563907,2,0,99,-1
2.031,329,502574.273912,2,0,176,-1
2.025,372,502587.288618,2,0,176,-1
1.973594,774,502613.215345,2,0,124,-1
1.797902,346,502625.286245,2,0,155,-1
2.016,335,502637.101173,2,0,176,-1
1.946902,634,502658.495885,2,1,155,-1
1.732332,395,502672.274961,2,0,144,-1
2.288,618,502693.242295,2,1,176,-1
1.50534,379,502706.555844,2,0,100,-1
2.058,344,502717.611771,2,0,176,-1
1.541895,380,502730.934401,2,0,121,-1
1.524644,814,502759.242044,2,1,150,-1
1.599594,361,502770.823911,2,0,124,-1
2.318,748,502796.981949,2,1,176,-1
1.911,831,502824.72297,2,1,176,-1
1.716,843,502853.914868,1,2,-1,1
2.085,324,502865.411021,2,0,176,-1
1.272563,819,502892.829519,2,1,80,-1
1.284,652,502914.874815,1,2,-1,15
1.602594,453,502930.449147,2,0,124,-1
1.044719,478,502946.788015,2,1,136,-1
1.229,699,502971.338811,1,2,-1,23
1.402206,392,502983.865625,2,0,29,-1
0.752656,623,503005.929851,2,0,27,-1
2.357,576,503025.414536,2,1,176,-1
1.779827,658,503047.613941,2,1,113,-1
2.028,414,503061.900033,2,0,176,-1
1.428,628,503083.107741,1,2,-1,62
1.835627,791,503110.650467,2,1,176,-1
1.402625,326,503121.043218,2,0,75,-1
2.031,365,503133.859527,2,0,176,-1
1.420232,409,503148.067713,2,0,41,-1
1.128997,775,503174.002334,2,1,47,-1
1.633125,344,503186.108459,2,0,136,-1
1.028787,466,503202.282293,2,0,27,-1
1.25,904,503233.366127,1,2,-1,152
1.600309,839,503261.299389,2,1,176,-1
1.394528,347,503273.517184,2,0,176,-1
0.896257,520,503291.292195,2,0,3,-1
1.508,764,503316.87757,1,2,-1,54
2.211,651,503339.960758,2,1,176,-1
1.532736,564,503359.093868,2,0,93,-1
0.830668,609,503379.63826,2,0,86,-1
1.696,816,503407.972595,1,1,176,-1
1.365,881,503437.254195,1,2,-1,0
1.394104,535,503455.561378,2,0,37,-1
2.061,336,503467.418822,2,0,176,-1
1.001934,426,503482.15632,2,0,124,-1
1.635922,328,503493.741221,2,0,128,-1
1.414,863,503522.607962,1,2,-1,1
25.738133,1,2,-1,95
0.964586,377,497937.801804,2,0,68,-1
1.190477,817,497966.189222,1,1,-1,74
1.656226,712,497990.122692,2,1,18,-1
1.74205,341,498002.114824,2,0,150,-1
0.825937,825,498030.638128,1,2,-1,100
1.536886,465,498045.58503,2,0,119,-1
1.075034,789,498073.107391,1,2,-1,4
0.525,597,498093.37479,0,2,-1,62
1.948363,685,498117.657429,2,1,143,-1
0.217309,671,498140.181706,1,2,-1,130
0.741,533,498158.34099,0,2,-1,1
1.599594,382,498171.671953,2,0,124,-1
1.506086,392,498184.207671,2,0,98,-1
0.933127,457,498199.898161,2,0,93,-1
1.301109,635,498222.343463,2,1,52,-1
2.345,656,498244.505095,2,1,176,-1
1.182947,807,498271.529656,2,1,150,-1
1.415787,411,498285.858855,2,0,15,-1
1.410958,498,498302.864189,2,0,54,-1
0.851086,758,498329.321003,1,2,-1,28
1.459155,514,498346.862243,2,0,78,-1
1.133892,623,498367.946938,2,1,146,-1
2.16,577,498387.569171,2,1,176,-1
1.71305,599,498407.876686,2,1,150,-1
1.024222,990,498441.868424,1,1,-1,-1
1.221071,382,498455.214661,2,0,145,-1
1.422958,414,498469.549051,2,0,54,-1
1.548,795,498496.178191,1,2,-1,1
0.637,645,498517.894816,0,2,-1,33
1.503086,453,498533.48121,2,0,98,-1
1.35218,572,498552.879413,2,0,1,-1
0.497,527,498570.893894,0,2,-1,66
1.168066,1090,498609.090051,2,1,44,-1
0.94287,868,498638.024238,1,2,-1,52
1.068572,456,498653.709431,2,0,89,-1
1.751738,624,498674.830415,2,1,130,-1
2.418,701,498699.417106,2,1,176,-1
1.244731,778,498725.488415,2,1,124,-1
2.318,663,498748.912878,2,1,176,-1
1.593594,504,498766.165543,2,0,124,-1
1.518086,420,498779.587926,2,0,98,-1
0.314,724,498804.969687,0,2,-1,112
1.219359,478,498821.3619,2,0,110,-1
1.115,640,498842.907499,1,2,-1,48
1.490689,472,498859.121627,2,0,99,-1
0.796477,675,498881.849247,1,2,-1,129
1.403703,443,498897.072479,2,0,51,-1
2.037,332,498908.846546,2,0,176,-1
1.59001,369,498920.617344,2,0,176,-1
1.666594,563,498940.818516,2,1,124,-1
2.102,588,498960.754248,2,1,176,-1
2.025,303,498970.494746,2,0,176,-1
1.713363,356,498982.966325,2,0,143,-1
2.04,327,498994.524161,2,0,176,-1
1.51199,627,499015.738241,2,1,137,-1
2.058,312,499025.698499,2,0,176,-1
0.983,718,499050.833393,1,2,-1,176
1.471871,425,499065.587232,2,0,70,-1
1.672935,366,499077.374087,2,0,141,-1
2.022,327,499088.961926,2,0,176,-1
1.016,635,499110.420979,1,2,-1,124
1.586414,383,499123.806369,2,0,112,-1
1.426553,366,499136.611745,2,0,48,-1
1.957,559,499155.544198,2,1,176,-1
2.061,356,499168.045344,2,0,176,-1
0.758703,717,499192.103425,1,2,-1,7
1.419841,519,499209.846222,2,0,36,-1
0.98,519,499227.665746,1,2,-1,109
1.131769,760,499253.166631,2,1,105,-1
1.362,774,499280.273179,1,2,-1,0
0.603594,578,499299.873712,1,2,-1,44
1.423,862,499329.650746,1,2,-1,26
1.669,890,499360.346645,1,2,-1,15
1.255399,364,499371.941393,2,0,124,-1
2.052,312,499383.110281,2,0,176,-1
1.493307,407,499397.202879,2,0,72,-1
1.191986,855,499425.793032,2,1,0,-1
1.71505,550,499445.000706,2,0,150,-1
1.4071,569,499464.736173,2,0,33,-1
1.67199,336,499476.629603,2,0,137,-1
1.916594,800,499504.51811,2,1,124,-1
1.607206,819,499531.837959,2,1,29,-1
1.245981,377,499545.013813,2,0,150,-1
1.64199,346,499557.295631,2,0,176,-1
1.16,820,499584.661759,1,2,-1,70
1.75705,343,499596.735949,2,0,150,-1
0.834967,861,499626.5567,2,1,38,-1
2.179,636,499647.923279,2,1,176,-1
2.378,561,499666.998293,2,1,176,-1
1.432841,607,499687.50247,2,0,46,-1
2.067,420,499702.059479,2,0,176,-1
1.67199,624,499723.202461,2,1,176,-1
1.45,1020,499758.151413,1,2,-1,107
1.236,949,499790.76038,1,2,-1,101
0.841,606,499811.299997,1,2,-1,157
1.456812,445,499826.597745,2,0,58,-1
0.869624,526,499844.583281,2,0,28,-1
1.278,656,499866.582776,1,2,-1,7
1.810868,830,499895.477478,2,1,176,-1
1.55,906,499926.622286,1,2,-1,14
0.326,585,499946.483773,0,2,-1,122
1.739477,355,499958.972426,2,0,145,-1
1.38518,498,499976.053558,2,0,1,-1
1.212435,962,500009.043911,1,1,108,-1
1.19,510,500026.480713,1,2,-1,78
2.043,351,500037.73321,2,0,176,-1
1.654332,335,500049.622986,2,0,144,-1
1.5111,743,500074.465596,2,1,33,-1
1.99,544,500093.019137,2,1,176,-1
1.590594,346,500105.217929,2,0,124,-1
0.159,473,500121.451542,0,2,-1,176
1.349578,798,500149.296576,2,1,71,-1
1.787594,731,500173.775847,2,1,124,-1
1.254178,749,500198.86115,2,1,127,-1
1.364472,473,500215.236642,2,0,4,-1
1.009,737,500241.049296,1,2,-1,86
1.33,742,500265.946732,1,2,-1,74
1.091,767,500292.71689,1,2,-1,139
1.85177,363,500304.392649,2,0,162,-1
1.493997,376,500317.569533,2,0,85,-1
1.585034,361,500330.239369,2,0,122,-1
1.485328,358,500342.857528,2,0,57,-1
1.44407,744,500367.850553,2,1,111,-1
1.586895,404,500381.964406,2,0,121,-1
1.493582,427,500396.715671,2,0,89,-1
1.066048,439,500411.902809,2,0,93,-1
2.034,332,500422.58163,2,0,176,-1
1.551391,701,500447.291728,2,1,92,-1
1.828339,367,500459.016094,2,0,159,-1
1.792827,712,500484.006881,2,1,113,-1
2.031,335,500494.810303,2,0,176,-1
1.430937,468,500510.893295,2,0,40,-1
1.464917,469,500527.116318,2,0,81,-1
1.023054,902,500558.169565,2,1,43,-1
1.069089,986,500591.977494,1,1,-1,2
1.024,597,500612.18468,1,2,-1,92
1.339,832,500641.043291,1,2,-1,3
2.028,322,500651.336579,2,0,176,-1
2.067,329,500662.90692,2,0,176,-1
1.54887,468,500678.962471,2,0,115,-1
1.47,786,500705.430035,1,2,-1,8
1.292288,812,500733.615834,2,1,150,-1
2.146,628,500754.8303,2,1,176,-1
1.188,759,500781.317523,1,2,-1,4
0.678871,866,500810.322407,1,2,-1,50
1.274,828,500839.116274,1,2,-1,29
1.688125,350,500851.437945,2,0,136,-1
1.86135,740,500876.370418,2,1,107,-1
1.486057,383,500889.794979,2,0,176,-1
1.859,606,500910.342678,2,1,176,-1
2.019,324,500921.777824,2,0,176,-1
1.621125,340,500932.702128,2,0,136,-1
0.98887,760,500959.230422,1,2,-1,88
1.595,783,500985.398058,1,2,-1,22
1.691477,369,500998.393167,2,0,145,-1
1.750886,754,501023.657326,2,1,119,-1
1.359,768,501050.417651,1,2,-1,112
1.295,718,501074.499944,1,2,-1,133
1.635594,458,501090.254755,2,0,176,-1
1.793578,855,501119.853495,2,1,71,-1
0.895841,936,501152.035739,1,2,-1,78
1.605594,444,501167.437881,2,0,124,-1
1.157387,754,501192.641969,2,1,68,-1
0.890007,573,501212.076209,2,0,90,-1
1.391703,384,501225.47627,2,0,51,-1
1.399372,399,501239.341475,2,0,3,-1
2.067,364,501250.996746,2,0,176,-1
1.381089,443,501266.267937,2,0,0,-1
1.743587,906,501297.433672,2,0,35,-1
0.761847,922,501329.274656,1,2,-1,6
2.046,339,501341.2004,2,0,176,-1
1.626222,703,501364.843318,2,1,87,-1
1.140059,431,501379.806106,2,0,137,-1
1.476391,328,501390.351526,2,0,92,-1
1.450516,368,501403.250925,2,0,68,-1
2.061,350,501415.514689,2,0,176,-1
1.626594,569,501434.874877,2,0,124,-1
1.761477,335,501446.696204,2,0,145,-1
0.714,634,501468.05146,0,2,-1,2
1.567358,423,501482.800679,2,0,105,-1
1.19,647,501504.572541,1,2,-1,80
1.466307,505,501521.840997,2,0,72,-1
0.318602,714,501545.807732,1,2,-1,103
2.049,549,501564.505593,2,1,176,-1
1.59699,309,501575.441211,2,0,137,-1
1.329,932,501607.380497,1,2,-1,84
1.078952,435,501622.391517,2,0,124,-1
1.367033,752,501647.690775,2,1,64,-1
1.089741,683,501670.686433,2,1,70,-1
1.709,1010,501705.30721,1,2,-1,2
1.596594,369,501718.242764,2,0,124,-1
2.273874,818,501746.624464,2,1,164,-1
1.398,850,501775.027041,1,2,-1,6
1.654051,889,501805.755564,2,1,170,-1
1.553086,623,501826.816326,2,1,98,-1
1.176,883,501857.38651,1,2,-1,6
0.879016,539,501875.727568,2,0,81,-1
1.486984,725,501901.123613,2,1,170,-1
1.974332,754,501926.40846,2,1,176,-1
1.572,832,501955.292395,1,2,-1,47
0.915715,551,501973.955183,2,0,21,-1
1.530594,322,501984.260649,2,0,176,-1
1.43326,803,502012.16706,2,1,11,-1
2.369,676,502034.892297,2,1,176,-1
1.974,306,502045.749556,2,0,176,-1
1.368,795,502072.445614,1,2,-1,81
0.332,496,502089.496105,0,2,-1,69
1.97899,717,502114.743124,2,1,176,-1
0.972477,827,502142.309425,1,2,-1,33
1.389226,497,502159.370898,2,0,18,-1
1.533086,354,502171.724521,2,0,98,-1
1.402,796,502199.31645,1,2,-1,70
0.668841,824,502226.8009,1,2,-1,9
0.97217,538,502245.138377,2,0,1,-1
1.939594,762,502271.852482,2,1,124,-1
1.900399,710,502295.711311,2,1,135,-1
0.90466,615,502316.523403,2,0,14,-1
1.971,347,502328.696181,2,0,176,-1
1.630935,397,502342.480197,2,0,141,-1
1.599594,354,502353.831327,2,0,176,-1
1.277,681,502377.865672,1,2,-1,23
1.293,886,502408.534568,1,2,-1,153
1.761594,654,502430.637623,2,1,176,-1
1.590375,793,502457.102179,2,1,150,-1
2.189088,785,502484.51565,2,1,158,-1
2.046,354,502496.999963,2,0,176,-1
1.74805,468,502513.10739,2,0,150,-1
1.605594,344,502524.156516,2,0,124,-1
1.408871,464,502540.125245,2,0,70,-1
1.657399,367,502552.999704,2,0,135,-1
0.839584,584,502572.840465,2,0,11,-1
1.386256,841,502601.96948,2,1,150,-1
1.761328,711,502625.783964,2,1,57,-1
1.01605,984,502659.487022,1,2,-1,108
2.019,376,502672.642802,2,0,176,-1
1.028156,448,502688.155169,2,0,111,-1
0.577287,747,502713.284505,1,2,-1,73
1.952,873,502743.531154,2,1,176,-1
1.481627,445,502758.89766,2,0,65,-1
1.472307,409,502772.018117,2,0,72,-1
1.452651,490,502788.782537,2,0,39,-1
1.180188,382,502802.175306,2,0,124,-1
1.590594,412,502816.484691,2,0,124,-1
1.223349,941,502848.844907,2,1,63,-1
1.04807,807,502875.814172,1,2,-1,48
0.982484,438,502890.991746,2,0,108,-1
0.81,648,502912.938124,1,2,-1,140
1.3585,718,502938.035652,2,1,45,-1
1.31,827,502965.575712,1,2,-1,2
2.046,445,502980.905508,2,0,176,-1
2.049,320,502992.183673,2,0,176,-1
1.48279,706,503015.845719,2,1,7,-1
1.270399,345,503027.961952,2,0,124,-1
1.399701,836,503056.894338,2,1,150,-1
0.913773,848,503085.103098,2,1,66,-1
1.11505,671,503108.79057,1,2,-1,117
1.01505,798,503135.451536,2,1,63,-1
2.067,348,503147.698506,2,0,176,-1
1.493866,930,503179.672387,2,1,32,-1
1.558846,342,503190.684518,2,0,120,-1
2.025,310,503201.817163,2,0,176,-1
1.018153,433,503216.724595,2,0,120,-1
1.302,852,503245.116542,1,2,-1,3
1.678332,359,503257.673102,2,0,144,-1
2.022,330,503269.305846,2,0,176,-1
1.305841,900,503299.295811,2,1,46,-1
1.677703,772,503326.247341,2,1,51,-1
2.037,373,503339.310366,2,0,176,-1
0.721104,847,503367.491286,1,2,-1,126
1.395929,533,503385.631879,2,0,16,-1
1.374,855,503415.208885,1,2,-1,77
1.425642,350,503427.502362,2,0,170,-1
1.32318,717,503451.590843,2,1,1,-1
1.361,751,503477.836172,1,2,-1,109
2.418,655,503499.92643,2,1,176,-1
2.01,351,503512.398937,2,0,176,-1
2.082,340,503523.264425,2,0,176,-1

1.968113,573,500053.036778,2,1,170,-1
1.76905,320,500064.359853,2,0,150,-1
0.831,467,500080.393014,1,2,-1,152
1.75105,375,500092.439413,2,0,150,-1
0.94105,886,500123.025301,1,2,-1,157
1.360125,849,500152.499938,1,2,-1,14
1.757583,724,500176.761298,2,1,109,-1
0.647,496,500193.708838,0,2,-1,8
1.51404,402,500207.784669,2,0,101,-1
0.975,664,500230.198819,1,2,-1,153
1.668805,357,500242.748322,2,0,146,-1
2.055,411,500257.006616,2,0,176,-1
1.989,328,500267.529255,2,0,176,-1
2.058,337,500279.436314,2,0,176,-1
1.776671,323,500290.887139,2,0,154,-1
2.094,446,500305.237063,2,0,176,-1
0.922936,637,500327.842358,2,0,8,-1
1.558846,399,500341.797491,2,0,176,-1
2.007,340,500352.713794,2,0,176,-1
1.564,887,500383.411021,1,2,-1,12
2.046,336,500395.286423,2,0,176,-1
2.046,374,500407.298511,2,0,176,-1
2.016,361,500419.962869,2,0,176,-1
1.73503,363,500432.718935,2,0,148,-1
1.680805,377,500444.865281,2,0,146,-1
1.640354,434,500459.808326,2,0,133,-1
1.995,301,500470.514722,2,0,176,-1
2.055,396,500484.319543,2,0,176,-1
0.862477,859,500512.989767,1,2,-1,100
1.857671,671,500536.77921,2,1,154,-1
2.416,715,500560.747819,2,1,176,-1
2.049,343,500572.796846,2,0,176,-1
1.385169,479,500589.282842,2,0,44,-1
1.762812,783,500615.471625,2,1,58,-1
1.366,739,500641.373277,1,2,-1,124
2.055,320,500651.584821,2,0,176,-1
1.414,871,500681.607709,1,2,-1,1
1.522447,424,500696.376216,2,0,104,-1
1.233,635,500717.877635,1,2,-1,12
1.804824,905,500749.040062,2,1,60,-1
1.293,762,500774.556382,1,2,-1,37
1.618125,417,500789.083972,2,0,136,-1
1.466122,649,500811.05917,2,1,94,-1
1.793275,756,500837.493982,2,1,2,-1
2.17605,678,500860.403885,2,1,150,-1
0.323,683,500883.497169,0,2,-1,17
1.288,803,500911.512098,1,2,-1,105
2.073,309,500922.436795,2,0,176,-1
2.418,753,500947.663752,2,1,176,-1
1.238487,836,500976.660672,2,1,118,-1
0.289,451,500992.16772,0,2,-1,143
1.404841,533,501010.430388,2,0,36,-1
0.847,756,501035.721161,1,2,-1,153
1.644594,360,501048.333633,2,0,124,-1
2.058,306,501058.222184,2,0,176,-1
1.035941,513,501075.659085,2,0,84,-1
0.841417,663,501099.112278,2,1,30,-1
1.437896,446,501114.497748,2,0,62,-1
1.675332,318,501124.666917,2,0,144,-1
1.191,727,501150.160665,1,2,-1,42
1.429995,890,501179.875078,2,1,70,-1
1.567793,392,501193.463114,2,0,110,-1
0.469373,753,501219.728936,1,2,-1,105
2.043,352,501231.033735,2,0,176,-1
1.247,954,501263.767344,1,2,-1,138
1.393868,863,501293.534503,2,1,67,-1
0.649594,727,501318.021362,1,2,-1,82
1.604,771,501344.920415,1,2,-1,46
1.48607,544,501363.476489,2,1,111,-1
1.596,881,501393.968533,1,2,-1,1
1.599594,419,501407.388625,2,0,124,-1
1.622089,729,501432.938655,2,1,0,-1
1.384,728,501457.370852,1,2,-1,13
1.26,641,501480.1503,1,2,-1,59
1.277,645,501501.838326,1,2,-1,65
1.965,360,501513.374942,2,0,176,-1
2.058,396,501527.149314,2,0,176,-1
1.499,896,501558.046692,1,2,-1,1
1.634266,499,501575.068886,2,0,123,-1
1.601217,431,501589.906724,2,0,117,-1
1.638594,527,501607.85462,2,0,124,-1
2.064,331,501618.49723,2,0,176,-1
1.695827,893,501649.335833,2,1,113,-1
1.998,349,501661.623158,2,0,176,-1
1.995,312,501672.725379,2,0,176,-1
2.109,337,501683.535648,2,0,176,-1
2.064,311,501694.591622,2,0,176,-1
1.479703,402,501708.589944,2,0,51,-1
1.419192,455,501723.265159,2,0,47,-1
0.951574,517,501740.901422,2,0,20,-1
2.175,571,501761.398897,2,1,176,-1
1.019441,482,501777.956164,2,0,43,-1
2.07305,804,501804.886189,2,1,150,-1
0.98065,1089,501842.022081,1,1,-1,34
1.916,509,501859.453875,2,1,176,-1
1.729703,849,501888.817452,2,1,51,-1
1.508,761,501914.324448,1,1,-1,70
2.439,619,501936.323183,2,1,176,-1
1.19,686,501959.442031,1,2,-1,4
0.890306,918,501990.969193,2,1,13,-1
1.085099,586,502010.810852,2,1,116,-1
1.70305,444,502026.1298,2,0,150,-1
2.35,682,502049.023896,2,1,176,-1
1.759332,675,502071.835772,2,1,144,-1
1.052,669,502095.530708,1,2,-1,153
1.505357,755,502120.925861,2,1,150,-1
1.042658,562,502140.01064,2,0,1,-1
1.67305,344,502152.12577,2,0,150,-1
1.590886,394,502165.803197,2,0,119,-1
1.353467,370,502177.672069,2,0,145,-1
0.879928,495,502194.522066,2,0,84,-1
1.287,815,502222.793542,1,2,-1,33
1.75105,344,502234.886369,2,0,150,-1
1.155947,428,502248.652684,2,0,150,-1
0.66,636,502271.306012,0,2,-1,1
1.656805,461,502287.153742,2,0,146,-1
2.061,361,502298.749317,2,0,176,-1
1.586827,403,502312.737842,2,0,113,-1
2.099,563,502331.860929,2,1,176,-1
1.850793,706,502356.615602,2,1,110,-1
1.29079,639,502378.239798,2,1,7,-1
2.386,864,502408.209999,2,1,176,-1
1.386896,405,502421.201587,2,0,62,-1
0.259,586,502441.108487,0,2,-1,117
0.782594,671,502464.770916,1,2,-1,114
2.08805,650,502486.768228,2,1,150,-1
1.389,814,502515.083824,1,2,-1,114
1.70305,333,502525.772726,2,0,150,-1
1.553797,712,502550.803105,2,1,27,-1
2.061,342,502561.751946,2,0,176,-1
1.626594,378,502575.018193,2,0,176,-1
1.974,308,502585.953714,2,0,176,-1
1.715477,377,502598.069826,2,0,176,-1
1.219171,459,502613.904206,2,0,150,-1
2.031,333,502625.553657,2,0,176,-1
1.427,735,502650.204988,1,2,-1,10
2.058,325,502661.709185,2,0,176,-1
2.064,365,502674.504486,2,0,176,-1
2.019,349,502685.740962,2,0,176,-1
2.064,363,502698.512817,2,0,176,-1
1.66303,461,502714.443002,2,0,148,-1
2.064,381,502727.817565,2,0,176,-1
2.058,368,502739.612439,2,0,176,-1
0.99917,512,502757.144409,2,0,1,-1
0.76299,868,502787.10646,1,2,-1,138
1.71505,396,502800.949307,2,0,150,-1
1.24018,637,502822.488156,2,1,1,-1
1.576034,449,502837.956895,2,0,122,-1
0.571086,863,502867.800977,1,2,-1,59
1.035711,452,502883.463738,2,0,136,-1
1.441999,468,502899.514927,2,0,28,-1
1.39965,469,502914.627811,2,0,14,-1
1.544903,919,502946.159946,2,1,170,-1
0.975,606,502966.646479,1,2,-1,130
1.260535,560,502986.709799,2,1,42,-1
1.419812,413,502999.938317,2,0,58,-1
1.699332,403,503013.871736,2,0,144,-1
0.385,361,503026.491942,0,2,-1,126
2.055,323,503036.837863,2,0,176,-1
0.590812,897,503067.715371,1,2,-1,54
2.221,672,503091.398498,2,1,176,-1
0.874726,487,503108.12203,2,0,74,-1
1.580321,753,503133.324265,2,1,137,-1
1.977,304,503144.128608,2,0,176,-1
0.508925,746,503169.150766,1,2,-1,65
1.13949,800,503197.127414,2,1,111,-1
1.034,672,503219.684828,1,2,-1,122
1.203,664,503242.051643,1,2,-1,176
1.973113,373,503255.084698,2,0,170,-1
1.639935,398,503268.897091,2,0,141,-1
1.397104,401,503281.781162,2,0,37,-1
1.124664,469,503297.916215,2,0,111,-1
2.058,329,503309.551483,2,0,176,-1
1.56507,346,503321.738086,2,0,111,-1
0.948833,402,503335.749176,2,0,57,-1
1.646084,635,503357.146198,2,1,91,-1
1.085,662,503379.40888,1,2,-1,93
1.76605,369,503392.310412,2,0,150,-1
0.999,597,503412.532472,1,2,-1,90
1.295,826,503441.132802,1,2,-1,6
1.261,695,503464.571012,1,2,-1,130
1.14,718,503488.697823,1,2,-1,37
1.000731,496,503505.779948,2,0,124,-1
1,110,-1
1.423238,351,501512.234684,2,0,66,-1
0.65235,649,501535.246972,1,2,-1,132
1.967113,332,501545.863409,2,0,170,-1
1.79005,340,501557.831684,2,0,150,-1
1.7785,789,501585.227813,2,1,45,-1
1.553827,398,501597.913805,2,0,113,-1
2.061,363,501610.645395,2,0,176,-1
0.626805,563,501629.783273,1,2,-1,115
1.995,326,501641.406122,2,0,176,-1
2.055,341,501652.348181,2,0,176,-1
1.989,329,501663.981087,2,0,176,-1
1.023591,485,501680.598765,2,0,85,-1
1.76305,337,501692.526283,2,0,150,-1
2.055,314,501702.610628,2,0,176,-1
1.570651,887,501733.286029,2,1,176,-1
0.58634,906,501764.511769,1,2,-1,134
1.140112,458,501780.272568,2,0,72,-1
1.607043,899,501810.297827,2,1,170,-1
1.391104,450,501825.78068,2,0,37,-1
1.338,856,501855.492829,1,2,-1,112
1.774824,844,501884.679254,2,1,60,-1
1.627644,754,501909.978035,2,1,150,-1
1.76305,438,501925.10294,2,0,150,-1
1.099,679,501947.951292,1,2,-1,119
1.76305,451,501963.492946,2,0,150,-1
1.31205,986,501997.200815,1,2,-1,4
1.217477,920,502028.859501,1,2,-1,54
1.061594,1100,502066.304282,1,2,-1,8
2.052,334,502078.170031,2,0,176,-1
1.534,865,502107.09065,1,2,-1,2
1.33,726,502132.555525,1,2,-1,105
0.227,492,502149.393333,0,2,-1,157
2.015,620,502170.330133,2,1,176,-1
1.820594,752,502195.41573,2,1,124,-1
0.466,772,502222.342351,0,2,-1,69
1.542594,563,502241.467916,2,1,124,-1
1.453516,473,502257.718624,2,0,68,-1
2.078332,907,502289.032802,2,1,144,-1
2.061,349,502300.261905,2,0,176,-1
1.436456,477,502316.64785,2,0,63,-1
2.049,333,502328.362329,2,0,176,-1
2.025,320,502339.690685,2,0,176,-1
1.666738,374,502351.695758,2,0,130,-1
2.046,381,502364.998008,2,0,176,-1
1.557484,846,502394.298644,2,1,161,-1
1.428,819,502421.767587,1,2,-1,60
1.950594,717,502446.941128,2,0,124,-1
1.41842,561,502465.986244,2,0,30,-1
1.237584,367,502478.896398,2,0,124,-1
1.623594,363,502490.566091,2,0,176,-1
1.428812,460,502506.412526,2,0,58,-1
1.189415,413,502520.803815,2,0,131,-1
1.688125,380,502534.038513,2,0,136,-1
1.398,785,502560.32469,1,2,-1,71
1.72405,376,502573.514895,2,0,150,-1
2.04,321,502584.852666,2,0,176,-1
1.188,696,502608.298657,1,2,-1,83
1.419391,427,502623.004038,2,0,92,-1
1.76005,419,502637.502423,2,0,150,-1
1.379307,439,502651.556033,2,0,72,-1
2.061,330,502663.248667,2,0,176,-1
2.391,770,502690.165009,2,1,176,-1
1.485,871,502719.295905,1,2,-1,10
1.58004,668,502742.955598,2,1,101,-1
1.775,960,502774.825119,1,2,-1,0
2.209,678,502798.774796,2,1,176,-1
1.433412,554,502817.637643,2,0,25,-1
1.505937,922,502849.386045,2,1,40,-1
1.966919,695,502872.738943,2,1,170,-1
2.022,323,502884.260704,2,0,176,-1
1.455937,516,502901.859127,2,0,40,-1
1.164,804,502928.782335,1,2,-1,86
1.72,813,502956.917818,1,2,-1,2
0.951985,529,502974.951073,2,0,119,-1
1.940103,735,502999.510046,2,1,170,-1
2.262,719,503024.635614,2,1,176,-1
1.403999,469,503040.771463,2,0,28,-1
1.436999,404,503053.68758,2,0,176,-1
1.472997,399,503067.538316,2,0,85,-1
2.064,362,503080.200606,2,0,176,-1
1.436311,525,503098.091312,2,0,59,-1
1.746805,340,503110.113916,2,0,146,-1
1.71,805,503136.981742,1,2,-1,19
1.182,702,503161.649932,1,2,-1,45
1.456871,377,503173.76674,2,0,70,-1
1.850594,662,503197.290787,2,1,176,-1
1.351,921,503227.836431,1,2,-1,44
1.483017,430,503242.700724,2,0,96,-1
2.185,559,503261.670241,2,1,176,-1
1.306,866,503291.631624,1,2,-1,37
1.448307,538,503309.975435,2,0,72,-1
0.699594,723,503334.282582,1,2,-1,157
1.718477,364,503347.018991,2,0,145,-1
1.025393,764,503373.620655,2,1,98,-1
2.26,907,503403.776741,2,1,176,-1
0.575,695,503428.217907,0,2,-1,42
0.596,651,503450.166642,0,2,-1,43
1.946125,897,503481.115039,2,1,136,-1
0.886,667,503503.586345,1,2,-1,112
1.708332,415,503518.092999,2,0,144,-1
989,1,2,-1,2
1.638999,445,484477.608872,2,0,138,-1
2.095332,673,484501.249,2,1,176,-1
1.405309,410,484514.385824,2,0,50,-1
1.357,773,484541.312219,1,2,-1,53
0.873,570,484560.654007,1,2,-1,172
1.457528,434,484575.758455,2,0,53,-1
1.176966,705,484599.435765,2,1,36,-1
2.251,716,484624.518365,2,1,176,-1
1.392,646,484646.280292,1,2,-1,4
2.067,345,484658.447318,2,0,176,-1
2.058,324,484668.872633,2,0,176,-1
1.436328,624,484690.006618,2,0,57,-1
1.036525,422,484704.63724,2,0,84,-1
1.347516,466,484720.728328,2,0,176,-1
1.372625,392,484734.368069,2,0,75,-1
1.544456,688,484757.535702,2,1,63,-1
1.801377,374,484770.604384,2,0,156,-1
0.31,456,484786.258416,0,2,-1,128
1.006444,510,484803.673548,2,0,98,-1
2.016,381,484817.024338,2,0,176,-1
1.836548,671,484839.608498,2,0,95,-1
2.058,394,484853.304149,2,0,176,-1
1.0,626,484874.371937,1,2,-1,153
1.67799,389,484887.993654,2,0,176,-1
1.472311,396,484900.634912,2,0,59,-1
1.589089,753,484926.936155,2,1,0,-1
1.086699,873,484957.037423,2,1,150,-1
0.638,504,484974.242339,0,2,-1,2
1.03765,995,485008.359767,1,2,-1,8
1.669125,452,485022.844103,2,0,136,-1
1.418,710,485047.740647,1,2,-1,70
0.618,685,485070.86615,0,2,-1,18
0.802104,542,485089.258312,2,0,27,-1
1.427402,459,485105.0722,2,0,55,-1
1.621,705,485128.772578,1,2,-1,14
2.037,329,485140.363686,2,0,176,-1
1.975,567,485159.585038,2,1,176,-1
1.102176,397,485173.45046,2,0,124,-1
2.064,335,485185.279654,2,0,176,-1
1.366,685,485208.299343,1,2,-1,60
1.431841,414,485222.708377,2,0,36,-1
1.541,683,485245.69612,1,2,-1,11
0.988249,845,485274.936446,2,1,19,-1
1.064149,378,485288.115294,2,0,150,-1
0.72664,786,485314.376339,1,2,-1,126
1.93005,663,485336.779486,2,1,150,-1
1.154785,1043,485372.312426,2,1,29,-1
1.188862,418,485386.78661,2,0,150,-1
1.496736,370,485399.849392,2,0,93,-1
1.599594,380,485413.088964,2,0,124,-1
1.843222,859,485441.764442,2,1,176,-1
1.843594,760,485468.304804,2,1,124,-1
0.935307,764,485493.888169,1,2,-1,79
1.395602,468,485509.90705,2,0,26,-1
1.438309,379,485523.112882,2,0,50,-1
1.553553,670,485545.775625,2,1,48,-1
1.467,861,485575.619409,1,2,-1,19
2.345,634,485597.014778,2,1,176,-1
1.69499,574,485616.540967,2,1,137,-1
2.031,346,485628.685004,2,0,176,-1
1.687332,536,485647.001666,2,0,144,-1
0.947086,847,485676.319235,1,2,-1,60
2.01,328,485686.807364,2,0,176,-1
1.599594,346,485698.955796,2,0,124,-1
1.526738,582,485718.627936,2,1,130,-1
1.415169,680,485741.668957,2,1,44,-1
1.56301,414,485756.118023,2,0,176,-1
1.472,855,485785.719689,1,2,-1,2
1.357403,580,485805.43352,2,0,150,-1
2.294,673,485828.103631,2,1,176,-1
1.636,1058,485864.222551,1,2,-1,4
0.986317,474,485880.569283,2,0,72,-1
2.052,322,485891.963947,2,0,176,-1
1.691594,699,485915.618201,2,1,124,-1
1.473086,418,485930.074004,2,0,98,-1
1.407089,500,485947.150841,2,0,0,-1
1.250222,1065,485983.40319,2,1,83,-1
2.13705,819,486011.847323,2,1,176,-1
1.817086,750,486037.056782,2,1,98,-1
1.545311,701,486061.876038,2,1,59,-1
0.598,577,486081.560403,0,2,-1,39
2.058,327,486092.048256,2,0,176,-1
0.845594,786,486119.381366,1,2,-1,2
1.322644,386,486132.831415,2,0,150,-1
1.430587,473,486148.993727,2,0,176,-1
1.406,709,486172.803321,1,2,-1,63
1.85999,673,486195.364825,2,1,137,-1
1.285,744,486221.449415,1,2,-1,0
1.106,700,486244.996009,1,2,-1,75
1.458049,411,486259.172538,2,0,79,-1
1.704594,691,486282.300181,2,1,124,-1
0.902686,483,486298.821751,2,0,37,-1
1.566886,442,486314.056374,2,0,119,-1
2.01,322,486325.362137,2,0,176,-1
0.363137,672,486347.971883,1,2,-1,172
1.37265,458,486363.724895,2,0,14,-1
0.935594,676,486386.525434,1,2,-1,45
0.84199,964,486419.619891,1,2,-1,115
1.471897,450,486435.131627,2,0,83,-1
2.022,350,486447.431535,2,0,176,-1
1.615443,883,486476.812017,2,1,76,-1
1.420784,847,486506.135742,2,1,72,-1
2.037,322,486517.466906,2,0,176,-1
1.403071,1012,486552.149125,2,1,124,-1
1.654935,378,486564.266353,2,0,141,-1
1.564738,407,486578.367809,2,0,130,-1
2.07,382,486591.692776,2,0,176,-1
2.037,354,486604.10699,2,0,176,-1
1.538021,454,486619.676702,2,0,125,-1
2.049,394,486632.289362,2,0,176,-1
1.355937,324,486643.751853,2,0,40,-1
1.764805,404,486657.783594,2,0,146,-1
1.72303,367,486670.609258,2,0,148,-1
1.788902,366,486682.285855,2,0,155,-1
2.046,320,486693.658176,2,0,176,-1
2.019,423,486708.318819,2,0,176,-1
2.007,340,486719.200935,2,0,176,-1
2.037,330,486730.836035,2,0,176,-1
1.86735,669,486753.420033,2,1,107,-1
1.513447,428,486768.129857,2,0,104,-1
1.522931,385,486781.525703,2,0,84,-1
2.004,323,486793.003888,2,0,176,-1
1.550354,355,486804.38662,2,0,133,-1
2.031,351,486816.703759,2,0,176,-1
1.629594,515,486834.23119,2,0,124,-1
1.419,737,486858.839201,1,2,-1,39
1.436855,376,486872.07769,2,0,150,-1
1.53,755,486898.390847,1,2,-1,35
0.81554,915,486928.797634,1,2,-1,84
1.608594,387,486942.294017,2,0,124,-1
1.404,916,486973.818338,1,2,-1,2
2.396,729,486998.166203,2,1,176,-1
1.199123,880,487028.56598,2,1,124,-1
2.025,397,487042.38974,2,0,176,-1
0.911,784,487068.564388,1,2,-1,102
2.076,321,487079.920755,2,0,176,-1
1.452652,671,487102.477498,2,1,150,-1
2.019,348,487114.727159,2,0,176,-1
1.647805,480,487131.206125,2,0,146,-1
2.233,642,487152.930957,2,1,176,-1
1.810377,393,487166.584836,2,0,156,-1
1.305812,406,487180.65397,2,0,58,-1
2.031,372,487192.611963,2,0,176,-1
2.013,388,487206.098925,2,0,176,-1
1.456897,428,487220.896658,2,0,83,-1
2.049,336,487232.705417,2,0,176,-1
1.566886,360,487244.259207,2,0,119,-1
2.016,333,487256.054712,2,0,176,-1
2.055,352,487268.379759,2,0,176,-1
1.707805,384,487280.663725,2,0,146,-1
1.446391,391,487294.279857,2,0,92,-1
2.055,345,487306.453947,2,0,176,-1
2.031,376,487319.66925,2,0,176,-1
2.055,324,487330.034181,2,0,176,-1
1.644363,381,487343.320488,2,0,143,-1
2.034,386,487356.845621,2,0,176,-1
2.091,348,487367.944324,2,0,176,-1
2.019,367,487380.772499,2,0,176,-1
2.022,341,487392.710357,2,0,176,-1
1.43,735,487417.36137,1,2,-1,104
2.07,463,487433.281193,2,0,176,-1
1.516,775,487460.15107,1,2,-1,53
1.716,932,487492.242235,1,2,-1,14
2.04,329,487502.825843,2,0,176,-1
2.022,356,487515.339926,2,0,176,-1
2.07505,701,487539.018579,2,1,150,-1
1.419958,558,487558.016649,2,0,54,-1
2.007,326,487569.587272,2,0,176,-1
2.055,324,487581.06861,2,0,176,-1
2.055,331,487591.668759,2,0,176,-1
1.405897,405,487605.644211,2,0,83,-1
1.791671,463,487621.555898,2,0,154,-1
1.487122,476,487637.864925,2,0,94,-1
1.451328,486,487654.501823,2,0,57,-1
1.452192,575,487674.031373,2,0,47,-1
1.538736,413,487688.363359,2,0,93,-1
2.1,394,487701.123323,2,0,176,-1
1.69299,374,487714.1813,2,0,137,-1
1.571217,512,487731.638539,2,0,117,-1
2.058,394,487745.342409,2,0,176,-1
1.34318,468,487761.405618,2,0,1,-1
1.661566,444,487776.680543,2,0,142,-1
2.016,338,487787.520707,2,0,176,-1
2.058,342,487799.56635,2,0,176,-1
2.025,353,487811.967235,2,0,176,-1
1.989,335,487822.74464,2,0,176,-1
2.013,343,487834.767526,2,0,176,-1
1.629805,401,487848.673588,2,0,146,-1
2.019,341,487860.652003,2,0,176,-1
2.028,335,487871.564182,2,0,176,-1
2.076,360,487884.191032,2,0,176,-1
1.989,357,487896.718217,2,0,176,-1
2.351,659,487918.930202,2,1,176,-1
1.516793,412,487933.195701,2,0,110,-1
1.84735,821,487960.548754,2,1,107,-1
1.442311,391,487974.15407,2,0,59,-1
2.049,377,487987.284408,2,0,176,-1
2.061,353,487999.719988,2,0,176,-1
1.149,634,488021.237473,1,2,-1,78
1.591738,331,488031.837541,2,0,130,-1
1.374824,399,488045.666439,2,0,60,-1
1.477897,433,488060.664324,2,0,83,-1
2.019,366,488073.491837,2,0,176,-1
1.457287,461,488089.290068,2,0,77,-1
2.046,339,488100.165234,2,0,176,-1
1.525034,382,488113.433193,2,0,122,-1
2.031,335,488125.190253,2,0,176,-1
2.031,339,488136.078493,2,0,176,-1
2.007,334,488147.828878,2,0,176,-1
2.046,337,488159.658773,2,0,176,-1
1.986,309,488169.568061,2,0,176,-1
1.74103,344,488181.62867,2,0,148,-1
1.514582,498,488198.739895,2,0,89,-1
2.088,376,488211.847655,2,0,176,-1
1.65099,350,488223.126854,2,0,137,-1
1.963477,855,488252.879604,2,1,145,-1
2.052,325,488264.447922,2,0,176,-1
1.570325,402,488277.362409,2,0,106,-1
1.339,799,488306.227678,1,2,-1,14
2.028,332,488318.588073,2,0,176,-1
2.061,357,488330.097594,2,0,176,-1
1.36065,441,488345.300745,2,0,14,-1
1.459969,484,488361.869045,2,0,80,-1
1.4105,377,488375.115315,2,0,45,-1
1.816447,883,488405.572745,2,1,104,-1
1.743902,357,488417.062586,2,0,155,-1
2.061,341,488429.040129,2,0,176,-1
1.474505,373,488442.113463,2,0,116,-1
2.064,484,488458.645343,2,0,176,-1
2.079,405,488471.60157,2,0,176,-1
2.031,384,488484.991758,2,0,176,-1
1.479896,462,488500.887995,2,0,62,-1
1.074,594,488521.005829,1,2,-1,62
1.831339,344,488533.212797,2,0,159,-1
1.989,352,488545.497049,2,0,176,-1
1.577021,371,488557.380143,2,0,125,-1
1.469414,477,488573.685945,2,0,112,-1
2.103,408,488587.812633,2,0,176,-1
1.971,353,488600.162442,2,0,176,-1
2.028,442,488615.375908,2,0,176,-1
1.447516,512,488632.834858,2,0,68,-1
2.007,336,488643.583201,2,0,176,-1
2.052,363,488656.261798,2,0,176,-1
1.995,306,488667.082127,2,0,176,-1
1.517827,382,488679.307088,2,0,113,-1
2.025,350,488691.566107,2,0,176,-1
2.025,370,488704.54478,2,0,176,-1
1.989,322,488714.846105,2,0,176,-1
2.049,343,488726.909311,2,0,176,-1
1.75603,377,488740.04195,2,0,148,-1
1.427122,435,488755.032136,2,0,94,-1
2.106,339,488765.87796,2,0,176,-1
1.689137,739,488791.723268,2,1,10,-1
2.019,330,488802.27846,2,0,176,-1
1.453447,420,488816.806413,2,0,104,-1
2.04,365,488829.528319,2,0,176,-1
1.320847,551,488848.293576,2,0,43,-1
2.016,323,488859.64292,2,0,176,-1
2.019,330,488870.293612,2,0,176,-1
1.971,382,488883.711071,2,0,176,-1
2.058,358,488896.225261,2,0,176,-1
1.72903,354,488907.568979,2,0,148,-1
2.055,349,488919.807087,2,0,176,-1
2.040677,728,488944.154936,2,1,176,-1
1.335705,535,488963.45963,2,0,21,-1
1.355472,489,488979.09216,2,0,4,-1
1.682109,670,489002.728352,2,1,52,-1
2.019,376,489015.812685,2,0,176,-1
1.59181,402,489029.516869,2,0,134,-1
2.061,371,489042.725386,2,0,176,-1
1.925874,449,489058.224892,2,0,164,-1
1.274,664,489080.620239,1,2,-1,63
1.534017,425,489095.363838,2,0,96,-1
1.355,711,489119.202953,1,2,-1,7
1.90407,756,489145.586439,2,1,111,-1
1.486,886,489176.133379,1,2,-1,0
1.66003,359,489187.696563,2,0,148,-1
2.055,334,489199.474929,2,0,176,-1
1.514689,447,489214.888406,2,0,99,-1
1.74103,416,489229.239388,2,0,148,-1
2.052,336,489239.998157,2,0,176,-1
1.707902,360,489252.597803,2,0,155,-1
2.061,325,489264.063025,2,0,176,-1
1.559086,712,489287.975926,2,1,98,-1
2.064,339,489299.951174,2,0,176,-1
0.662997,643,489321.582158,1,2,-1,0
0.824793,1026,489356.603297,1,2,-1,73
1.68699,333,489368.368206,2,0,137,-1
0.81401,711,489392.19719,1,2,-1,120
0.948134,519,489409.919398,2,0,20,-1
1.245,734,489434.565692,1,2,-1,74
1.841445,792,489462.139176,2,1,170,-1
0.895196,505,489479.421629,2,0,26,-1
1.390874,555,489498.33419,2,0,22,-1
1.52335,589,489518.312066,2,1,107,-1
1.691931,813,489546.500437,2,1,84,-1
0.652,646,489568.251971,0,2,-1,32
1.189171,422,489582.94598,2,0,150,-1
2.413,613,489603.744167,2,1,176,-1
1.75705,321,489615.084529,2,0,150,-1
1.37079,500,489632.300115,2,0,7,-1
1.260896,449,489648.613775,2,0,150,-1
1.744352,685,489672.239743,2,1,61,-1
2.019,334,489684.239462,2,0,176,-1
2.037,353,489695.571973,2,0,176,-1
2.046,351,489707.85823,2,0,176,-1
1.460892,464,489723.825832,2,0,82,-1
1.559,900,489754.861126,1,2,-1,59
2.028,346,489765.939904,2,0,176,-1
1.707805,365,489778.664917,2,0,146,-1
1.445104,512,489796.13238,2,0,37,-1
1.648192,885,489826.728093,2,1,47,-1
1.815997,984,489860.474066,2,1,85,-1
1.4401,475,489876.843571,2,0,33,-1
2.022,385,489889.200337,2,0,176,-1
1.448307,429,489904.017811,2,0,176,-1
1.981181,780,489931.186844,2,1,127,-1
1.545886,394,489943.748355,2,0,119,-1
2.025,341,489955.762678,2,0,176,-1
2.058,371,489968.736449,2,0,176,-1
1.729332,389,489982.278316,2,0,144,-1
1.617594,452,489996.799342,2,0,124,-1
1.991,747,490022.851299,2,1,176,-1
2.013,337,490034.703661,2,0,176,-1
2.022,335,490045.459046,2,0,176,-1
1.377516,456,490061.130806,2,0,13,-1
2.016,340,490073.045408,2,0,176,-1
2.037,364,490085.801005,2,0,176,-1
1.544827,409,490098.920324,2,0,113,-1
1.412582,371,490111.891975,2,0,89,-1
1.51107,408,490126.048499,2,0,111,-1
1.650689,575,490145.502128,2,1,99,-1
1.442868,461,490161.43994,2,0,67,-1
1.364412,416,490175.838887,2,0,25,-1
1.604181,489,490192.580681,2,0,127,-1
2.097,363,490204.227034,2,0,176,-1
2.004,339,490216.159419,2,0,176,-1
2.016,380,490229.461382,2,0,176,-1
1.474681,735,490254.139091,2,1,6,-1
2.055,340,490266.115702,2,0,176,-1
1.36665,438,490281.274953,2,0,14,-1
1.55401,438,490296.356903,2,0,118,-1
2.049,344,490307.472997,2,0,176,-1
1.929,334,490319.233305,2,0,176,-1
1.443385,421,490333.804576,2,0,88,-1
2.061,336,490344.621089,2,0,176,-1
2.16,705,490369.399049,2,1,176,-1
1.971,386,490381.822305,2,0,176,-1
2.055,411,490396.078394,2,0,176,-1
1.77505,403,490410.092406,2,0,150,-1
1.439582,403,490424.083371,2,0,89,-1
2.037,325,490435.596346,2,0,176,-1
2.026902,675,490458.408976,2,1,155,-1
2.058,322,490468.754709,2,0,176,-1
2.01,378,490482.004524,2,0,176,-1
1.968,329,490493.674962,2,0,176,-1
1.317929,520,490511.43415,2,0,176,-1
2.061,353,490523.836225,2,0,176,-1
0.830564,662,490546.19438,2,0,65,-1
1.112,743,490571.139826,1,2,-1,161
2.016,342,490583.175617,2,0,176,-1
1.545,834,490612.13413,1,2,-1,62
0.586,827,490639.814361,0,2,-1,39
1.934874,423,490654.489632,2,0,164,-1
2.082,375,490667.576689,2,0,176,-1
1.414841,411,490681.840262,2,0,176,-1
2.064,349,490693.035867,2,0,176,-1
2.034,641,490714.655038,2,1,176,-1
1.986,396,490728.410069,2,0,176,-1
1.683805,386,490741.834185,2,0,146,-1
1.303206,573,490761.287312,2,0,29,-1
1.831339,447,490776.754763,2,0,159,-1
2.025,317,490788.039964,2,0,176,-1
2.016,366,490799.812254,2,0,176,-1
2.049,349,490812.164687,2,0,176,-1
2.019,359,490824.766268,2,0,176,-1
1.440896,366,490836.490994,2,0,62,-1
2.016,335,490848.293734,2,0,176,-1
2.019,343,490860.381085,2,0,176,-1
1.983,379,490873.622203,2,0,176,-1
1.508048,723,490897.903375,2,1,23,-1
2.064,375,490910.970616,2,0,176,-1
1.645399,429,490924.709157,2,0,135,-1
2.305,689,490948.884186,2,1,176,-1
1.559181,386,490962.283596,2,0,127,-1
1.910874,429,490976.138398,2,0,164,-1
1.518391,488,490992.865377,2,0,92,-1
2.01,344,491004.941153,2,0,176,-1
1.546846,354,491017.32406,2,0,120,-1
1.89287,677,491040.131558,2,1,115,-1
1.588034,370,491053.018697,2,0,122,-1
2.019,367,491065.884355,2,0,176,-1
1.644805,357,491077.393981,2,0,146,-1
1.60501,480,491093.901189,2,0,118,-1
2.028,380,491107.127542,2,0,176,-1
2.019,341,491119.165101,2,0,176,-1
1.465,786,491145.450797,1,2,-1,1
2.016,340,491157.41291,2,0,176,-1
2.268,658,491179.520287,2,1,176,-1
1.998,329,491191.151737,2,0,176,-1
2.061,326,491201.597292,2,0,176,-1
2.025,370,491214.515229,2,0,176,-1
2.016,350,491226.834621,2,0,176,-1
1.456625,434,491241.85141,2,0,75,-1
2.212,659,491264.065682,2,1,176,-1
2.055,326,491274.544259,2,0,176,-1
1.394,788,491302.026242,1,2,-1,9
1.418352,388,491315.554154,2,0,61,-1
1.534325,355,491326.930512,2,0,106,-1
2.049,369,491339.91021,2,0,176,-1
2.028,355,491352.369577,2,0,176,-1
2.064,392,491366.020061,2,0,176,-1
1.595021,399,491378.806631,2,0,125,-1
2.055,335,491390.6551,2,0,176,-1
2.004,324,491402.095577,2,0,176,-1
2.049,333,491412.745934,2,0,176,-1
1.519,752,491439.14221,1,2,-1,37
2.061,337,491451.063458,2,0,176,-1
2.019,430,491464.892153,2,0,176,-1
1.507017,459,491480.697232,2,0,96,-1
0.953,636,491502.084774,1,2,-1,176
1.106,708,491526.963174,1,2,-1,116
0.346,522,491544.785453,0,2,-1,120
0.394,546,491563.308641,0,2,-1,74
1.506086,417,491577.803779,2,0,98,-1
1.72405,353,491589.118006,2,0,150,-1
0.895,888,491619.898776,1,2,-1,172
1.737309,850,491649.279135,2,1,50,-1
1.599594,385,491662.747137,2,0,124,-1
1.706477,357,491674.147517,2,0,145,-1
1.859886,803,491702.156238,2,1,119,-1
1.358787,433,491717.139539,2,0,15,-1
2.046,342,491728.103654,2,0,176,-1
1.722805,423,491742.694548,2,0,146,-1
2.348,706,491767.568029,2,1,176,-1
1.436689,361,491779.129647,2,0,99,-1
1.320226,427,491793.902915,2,0,18,-1
1.434183,511,491811.301973,2,0,69,-1
1.753377,333,491823.042672,2,0,156,-1
1.480505,447,491838.467945,2,0,116,-1
2.016,357,491849.960812,2,0,176,-1
1.376937,472,491866.227152,2,0,40,-1
1.548086,471,491882.32311,2,0,98,-1
2.025,366,491895.164327,2,0,176,-1
2.025,382,491908.457161,2,0,176,-1
1.995,325,491918.943816,2,0,176,-1
2.034,362,491931.633274,2,0,176,-1
2.028,346,491943.84434,2,0,176,-1
2.037,328,491954.372368,2,0,176,-1
1.363871,348,491966.588241,2,0,70,-1
2.381,658,491988.76582,2,1,176,-1
1.867592,749,492014.934626,2,1,103,-1
2.025,349,492026.103322,2,0,176,-1
2.064,322,492037.497829,2,0,176,-1
1.90899,744,492062.467604,2,1,137,-1
1.677805,350,492074.778839,2,0,146,-1
2.049,370,492087.71237,2,0,176,-1
2.025,352,492100.046227,2,0,176,-1
1.427587,612,492120.743242,2,0,35,-1
2.001,354,492132.061958,2,0,176,-1
2.058,341,492144.043377,2,0,176,-1
1.722805,377,492157.247746,2,0,146,-1
1.385169,400,492171.098845,2,0,44,-1
1.713805,382,492183.346221,2,0,146,-1
2.046,342,492195.392761,2,0,176,-1
1.654399,362,492207.970088,2,0,135,-1
1.359048,495,492225.050765,2,0,23,-1
2.097,463,492240.915878,2,0,176,-1
1.479391,356,492252.311026,2,0,92,-1
2.022,349,492264.561144,2,0,176,-1
0.934718,579,492284.233737,2,0,43,-1
0.869307,1122,492322.347444,1,2,-1,91
1.556827,483,492338.921544,2,0,113,-1
2.016,328,492350.572198,2,0,176,-1
2.022,359,492363.15368,2,0,176,-1
1.632805,347,492374.333508,2,0,146,-1
1.321874,475,492390.722085,2,0,22,-1
0.955,669,492414.343763,1,2,-1,151
2.031,344,492425.311497,2,0,176,-1
1.436456,402,492439.207648,2,0,63,-1
1.74103,339,492451.134539,2,0,148,-1
1.553827,356,492462.608501,2,0,113,-1
1.441797,609,492484.353977,2,0,27,-1
1.654602,909,492514.627866,2,1,26,-1
1.532,776,492541.772268,1,2,-1,68
2.028,333,492552.451245,2,0,176,-1
2.135671,822,492580.918318,2,1,154,-1
1.604021,373,492593.929681,2,0,125,-1
1.758677,467,492609.936089,2,0,153,-1
2.019,332,492620.549847,2,0,176,-1
1.433287,381,492633.846084,2,0,77,-1
1.595181,390,492647.405429,2,0,127,-1
2.01,334,492659.162557,2,0,176,-1
2.368,658,492681.34939,2,1,176,-1
2.031,352,492693.692113,2,0,176,-1
2.031,348,492704.942817,2,0,176,-1
2.098,583,492724.635944,2,1,176,-1
2.052,364,492737.344387,2,0,176,-1
1.552997,909,492768.68309,2,1,85,-1
2.103,346,492779.864253,2,0,176,-1
1.688311,714,492804.868791,2,1,59,-1
1.450841,441,492820.098097,2,0,46,-1
2.043,360,492831.63327,2,0,176,-1
2.019,340,492843.56988,2,0,176,-1
2.064,344,492855.722056,2,0,176,-1
1.563021,355,492867.170503,2,0,125,-1
2.013,343,492879.298553,2,0,176,-1
2.064,334,492891.052628,2,0,176,-1
2.117,587,492910.887624,2,1,176,-1
2.04,345,492923.00941,2,0,176,-1
2.232,666,492945.448907,2,1,176,-1
2.019,354,492957.813177,2,0,176,-1
1.52034,360,492969.361558,2,0,100,-1
2.019,335,492981.162649,2,0,176,-1
1.444625,439,492996.282114,2,0,75,-1
2.1,352,493008.66536,2,0,176,-1
2.019,334,493019.367702,2,0,176,-1
1.785902,398,493033.266489,2,0,155,-1
1.82707,833,493062.169948,2,1,111,-1
1.629805,347,493073.282418,2,0,146,-1
2.049,332,493085.030821,2,0,176,-1
1.591738,367,493097.841247,2,0,130,-1
2.244,678,493120.715865,2,1,176,-1
2.073,437,493135.798262,2,0,176,-1
1.499827,444,493151.128847,2,0,113,-1
2.112,584,493170.866258,2,1,176,-1
2.064,390,493184.382363,2,0,176,-1
1.36754,426,493198.176339,2,0,20,-1
1.454498,670,493221.821471,2,1,154,-1
2.064,363,493233.44154,2,0,176,-1
2.058,352,493245.817097,2,0,176,-1
1.148,632,493267.105294,1,2,-1,73
1.995,339,493279.124734,2,0,176,-1
2.141,634,493300.474109,2,1,176,-1
1.485,670,493324.063987,1,2,-1,52
0.750815,601,493344.386839,2,0,9,-1
2.193113,664,493366.858812,2,1,170,-1
1.391984,713,493390.868834,2,1,170,-1
0.84018,807,493418.97284,1,1,-1,-1
0.720307,813,493447.170633,1,2,-1,120
0.845639,668,493469.660005,2,1,14,-1
1.42,706,493493.314587,1,2,-1,60
0.685,586,493513.189634,0,2,-1,9
1.644266,610,493534.991343,2,1,123,-1
0.898594,809,493561.957751,1,2,-1,0
0.825625,884,493592.548278,1,2,-1,14
0.902,599,493612.823265,1,2,-1,176
1.614594,340,493624.798588,2,0,176,-1
0.424594,612,493645.541205,1,2,-1,176
1.768824,912,493676.855394,2,1,60,-1
1.546358,448,493692.389314,2,0,105,-1
0.929118,484,493708.955065,2,0,94,-1
1.400535,373,493720.955534,2,0,176,-1
2.07,346,493733.141928,2,0,176,-1
1.578594,415,493747.49351,2,0,176,-1
1.717086,725,493771.740447,2,1,98,-1
0.663,597,493791.946107,0,2,-1,1
1.539086,566,493811.205358,2,0,176,-1
1.368373,667,493834.805057,2,1,38,-1
1.385,854,493863.207129,1,2,-1,53
0.582594,635,493885.669491,1,2,-1,102
0.773234,728,493910.032767,2,1,124,-1
1.799841,753,493936.284809,2,1,46,-1
1.614594,363,493947.878714,2,0,124,-1
1.398705,436,493962.902069,2,0,21,-1
1.703477,535,493981.112781,2,1,145,-1
1.663332,388,493994.585963,2,0,144,-1
1.202,775,494020.613373,1,2,-1,134
1.149982,934,494052.565393,2,1,135,-1
2.058,321,494063.941442,2,0,176,-1
1.75705,337,494075.83906,2,0,150,-1
1.901,530,494093.898786,2,1,176,-1
1.958113,357,494105.310698,2,0,170,-1
0.476,638,494127.885585,0,2,-1,61
1.797902,418,494141.32607,2,0,155,-1
1.76803,369,494154.260517,2,0,148,-1
0.982,554,494173.10789,1,2,-1,172
2.058,375,494186.267126,2,0,176,-1
2.061,354,494198.718503,2,0,176,-1
1.562217,423,494212.262353,2,0,117,-1
1.459325,360,494224.862648,2,0,106,-1
1.364535,371,494237.894853,2,0,42,-1
2.234,623,494258.933895,2,1,176,-1
2.052,325,494270.442863,2,0,176,-1
2.013,340,494281.398695,2,0,176,-1
1.132565,481,494297.8817,2,0,113,-1
1.738377,321,494309.234678,2,0,156,-1
1.430093,426,494323.920143,2,0,86,-1
2.067,399,494336.704931,2,0,176,-1
1.989,331,494348.482715,2,0,176,-1
1.998,345,494360.587367,2,0,176,-1
1.989,323,494370.93837,2,0,176,-1
1.71703,418,494385.416052,2,0,148,-1
2.028,348,494397.713415,2,0,176,-1
2.019,361,494410.369232,2,0,176,-1
1.983,372,494422.303172,2,0,176,-1
1.489583,362,494434.962955,2,0,109,-1
0.871118,521,494452.763476,2,0,42,-1
2.004,338,494464.675751,2,0,176,-1
1.8065,796,494491.20538,2,0,176,-1
1.042921,742,494517.196225,2,1,76,-1
1.76603,413,494531.492834,2,0,148,-1
1.72903,430,494545.244548,2,0,148,-1
1.734677,454,494560.821453,2,0,153,-1
2.013,375,494573.978201,2,0,176,-1
1.75705,355,494586.520796,2,0,150,-1
2.049,344,494597.550699,2,0,176,-1
1.373104,391,494611.122543,2,0,37,-1
1.998,369,494624.039028,2,0,176,-1
1.889516,747,494649.112737,2,1,68,-1
2.046,339,494661.009836,2,0,176,-1
1.377192,467,494677.067208,2,0,47,-1
1.668805,351,494689.492371,2,0,146,-1
2.031,351,494700.713914,2,0,176,-1
2.061,359,494713.293291,2,0,176,-1
1.372372,472,494729.518289,2,0,3,-1
1.401373,535,494747.772386,2,0,38,-1
2.067,378,494761.018383,2,0,176,-1
1.488,819,494788.363632,1,1,-1,-1
1.351,710,494813.323775,1,2,-1,54
0.942,533,494831.508846,1,2,-1,113
1.599886,392,494844.111423,2,0,119,-1
1.129418,335,494856.026796,2,0,144,-1
1.41364,456,494871.71554,2,0,31,-1
1.716,855,494901.334681,1,2,-1,2
1.57287,390,494913.783266,2,0,115,-1
1.230071,439,494928.925414,2,0,124,-1
1.548086,408,494943.03644,2,0,98,-1
0.656546,970,494976.287695,1,2,-1,157
0.830328,629,494997.56021,2,0,13,-1
1.406169,382,495010.998225,2,0,44,-1
1.93587,637,495032.495718,2,1,115,-1
2.076,366,495045.30013,2,0,176,-1
2.025,332,495057.000269,2,0,176,-1
1.87803,740,495081.826473,2,1,148,-1
0.98768,884,495112.335747,2,1,38,-1
1.35726,501,495129.489031,2,0,11,-1
2.349,705,495153.059281,2,0,176,-1
1.925594,710,495178.036262,2,1,124,-1
1.508093,471,495193.066637,2,0,86,-1
1.27,727,495218.511208,1,2,-1,58
1.614644,736,495243.235639,2,1,150,-1
2.28,832,495272.092485,2,1,176,-1
1.380275,594,495292.155713,2,0,176,-1
2.028,318,495303.389715,2,0,176,-1
1.632381,902,495333.414306,2,1,144,-1
1.159159,420,495347.99516,2,0,150,-1
1.665125,563,495367.103875,2,1,136,-1
1.775311,769,495393.80239,2,1,59,-1
1.229,683,495416.799336,1,2,-1,10
1.615,876,495447.011025,1,2,-1,0
1.4131,393,495460.646662,2,0,33,-1
1.995,316,495470.769329,2,0,176,-1
2.058,318,495482.008527,2,0,176,-1
1.445535,477,495498.311892,2,0,42,-1
1.486307,351,495510.76495,2,0,72,-1
2.067,373,495522.721771,2,0,176,-1
1.096805,636,495545.277135,1,2,-1,81
1.414155,399,495558.004822,2,0,176,-1
1.13,677,495581.859899,1,2,-1,119
1.790238,1001,495616.037185,2,1,66,-1
2.088,343,495627.045722,2,0,176,-1
1.578594,334,495638.764309,2,0,124,-1
1.541399,762,495664.31423,2,1,146,-1
1.403169,444,495679.75454,2,0,44,-1
2.013,344,495691.900712,2,0,176,-1
0.998576,631,495713.205672,2,1,35,-1
1.76581,662,495735.493497,2,1,134,-1
1.90901,689,495759.725183,2,1,118,-1
1.596578,808,495786.663105,2,1,71,-1
1.698381,859,495816.396728,2,1,19,-1
2.01405,711,495840.264659,2,1,150,-1
2.427,700,495864.998888,2,1,176,-1
0.878907,582,495884.651254,2,0,56,-1
0.898,627,495905.872312,1,2,-1,171
1.608594,348,495918.108743,2,0,124,-1
2.058,306,495927.873971,2,0,176,-1
2.025,318,495939.165826,2,0,176,-1
2.067,316,495950.331973,2,0,176,-1
1.346314,865,495979.086318,2,1,115,-1
2.073,315,495990.258879,2,0,176,-1
1.321902,955,496023.139091,2,1,118,-1
2.17,677,496045.935284,2,1,176,-1
1.59399,420,496060.473918,2,0,137,-1
2.103,346,496072.681458,2,0,176,-1
2.061,353,496083.963218,2,0,176,-1
1.162089,621,496106.018364,2,1,0,-1
1.699332,416,496119.361769,2,0,144,-1
2.025,302,496130.119849,2,0,176,-1
1.93601,642,496151.742841,2,1,118,-1
2.007,320,496163.099373,2,0,176,-1
2.049,380,496176.486754,2,0,176,-1
1.706,847,496204.786705,1,2,-1,1
1.551086,441,496220.004158,2,0,98,-1
1.620594,521,496237.820528,2,0,124,-1
1.058738,863,496267.755821,1,2,-1,73
2.019,328,496278.267267,2,0,176,-1
1.317929,395,496292.010617,2,0,16,-1
1.947,348,496304.198491,2,0,176,-1
1.198294,430,496319.137806,2,0,84,-1
1.409937,411,496333.368727,2,0,40,-1
1.494,825,496360.959942,1,2,-1,77
2.004,335,496372.803113,2,0,176,-1
2.004,398,496386.627065,2,0,176,-1
1.590025,349,496397.850491,2,0,132,-1
2.061,343,496409.94502,2,0,176,-1
1.57201,449,496425.45052,2,0,118,-1
2.016,336,496436.234714,2,0,176,-1
1.478,736,496461.900476,1,2,-1,44
2.408,696,496485.28972,2,1,176,-1
0.734935,754,496511.625026,1,2,-1,176
2.043,351,496522.857231,2,0,176,-1
2.043,380,496536.055961,2,0,176,-1
2.034,347,496548.23244,2,0,176,-1
2.001,319,496558.3537,2,0,176,-1
1.52787,427,496573.205766,2,0,115,-1
1.448528,501,496590.344205,2,0,53,-1
1.666467,401,496604.320276,2,0,140,-1
2.076,379,496617.501832,2,0,176,-1
2.04,359,496630.055559,2,0,176,-1
1.606738,337,496640.827478,2,0,130,-1
2.019,396,496654.628207,2,0,176,-1
2.112,357,496667.152659,2,0,176,-1
1.162,669,496689.801105,1,2,-1,98
2.001,401,496703.755149,2,0,176,-1
1.723332,395,496716.451008,2,0,144,-1
1.934447,990,496750.316364,2,1,104,-1
1.460868,372,496763.298976,2,0,67,-1
1.65099,418,496777.743319,2,0,137,-1
2.061,357,496790.284496,2,0,176,-1
1.39634,449,496805.710272,2,0,34,-1
1.605549,413,496818.972058,2,0,126,-1
1.508021,409,496833.163467,2,0,125,-1
2.055,399,496847.04569,2,0,176,-1
1.432625,419,496861.545707,2,0,75,-1
2.058,377,496873.681241,2,0,176,-1
2.013,351,496886.094402,2,0,176,-1
2.028,341,496898.17995,2,0,176,-1
2.013,350,496910.450838,2,0,176,-1
2.028,342,496921.414954,2,0,176,-1
1.423155,401,496935.311167,2,0,78,-1
0.767307,816,496963.665046,1,2,-1,61
1.642232,739,496988.471812,2,1,41,-1
1.299,812,497016.604685,1,2,-1,106
2.013,319,497026.781668,2,0,176,-1
0.91801,803,497054.629235,1,2,-1,44
1.73005,461,497070.463934,2,0,150,-1
1.518,695,497093.89273,1,2,-1,30
1.552582,357,497106.386919,2,0,176,-1
1.95,328,497116.881238,2,0,176,-1
2.022,431,497131.768915,2,0,176,-1
1.421689,416,497146.256858,2,0,99,-1
2.007,340,497158.274154,2,0,176,-1
2.043,335,497169.019629,2,0,176,-1
1.677363,342,497181.120967,2,0,143,-1
1.640354,452,497196.697427,2,0,133,-1
2.013,334,497208.559634,2,0,176,-1
1.72003,338,497219.428917,2,0,148,-1
1.782677,357,497231.943347,2,0,153,-1
1.725805,358,497244.473126,2,0,146,-1
2.004,303,497254.207088,2,0,176,-1
2.013,347,497266.441246,2,0,176,-1
2.42,615,497287.29606,2,1,176,-1
1.452391,464,497303.303689,2,0,92,-1
1.420309,550,497322.098071,2,0,50,-1
2.058,357,497334.55798,2,0,176,-1
2.034,363,497346.180279,2,0,176,-1
1.998,339,497358.096544,2,0,176,-1
1.457307,421,497372.722079,2,0,72,-1
1.412528,390,497386.328863,2,0,53,-1
2.019,342,497397.322335,2,0,176,-1
2.055,332,497409.001841,2,0,176,-1
1.33154,417,497423.456008,2,0,20,-1
1.75105,341,497435.50862,2,0,150,-1
1.050206,819,497462.866681,1,2,-1,3
1.559275,972,497496.251615,2,1,176,-1
0.875529,849,497525.704118,1,2,-1,1
1.356575,409,497538.823581,2,0,5,-1
2.064,375,497551.901099,2,0,176,-1
1.281575,416,497566.292303,2,0,5,-1
1.564846,372,497579.315741,2,0,120,-1
1.564447,498,497596.396016,2,0,104,-1
1.577354,394,497608.972176,2,0,133,-1
1.671999,476,497625.318342,2,0,138,-1
2.058,332,497637.002114,2,0,176,-1
2.013,383,497650.322385,2,0,176,-1
2.285,599,497670.61088,2,1,176,-1
1.421528,404,497684.60507,2,0,53,-1
1.730332,677,497707.35587,2,1,144,-1
1.120886,1075,497743.899679,1,2,-1,21
1.436287,384,497757.329695,2,0,176,-1
2.043,337,497769.247046,2,0,176,-1
1.396089,437,497783.388383,2,0,176,-1
1.045204,665,497806.861352,2,0,139,-1
1.041446,451,497822.472579,2,0,63,-1
1.967113,329,497833.072982,2,0,170,-1
1.092169,788,497860.450548,2,1,124,-1
1.589,1039,497895.939398,1,2,-1,50
2.016,357,497908.459473,2,0,176,-1
2.046,355,497919.822163,2,0,176,-1
2.055,415,497934.21398,2,0,176,-1
2.022,350,497946.544464,2,0,176,-1
2.019,365,497958.211881,2,0,176,-1
2.266,628,497980.497159,2,1,176,-1
1.51107,332,497991.191275,2,0,111,-1
1.6761,753,498017.404725,2,1,33,-1
1.33118,503,498034.575355,2,0,1,-1
1.988,719,498058.821928,2,1,176,-1
1.46007,422,498073.451576,2,0,111,-1
1.412386,528,498091.484531,2,0,176,-1
1.494529,366,498104.308126,2,0,97,-1
2.028,345,498115.523738,2,0,176,-1
2.007,362,498128.197128,2,0,176,-1
2.01,321,498139.531832,2,0,176,-1
2.037,397,498153.338971,2,0,176,-1
1.431086,355,498164.702561,2,0,98,-1
1.608363,365,498177.473653,2,0,143,-1
2.322,589,498197.377595,2,1,176,-1
1.362824,434,498212.307569,2,0,60,-1
2.025,347,498224.492129,2,0,176,-1
1.506,716,498248.606677,1,2,-1,4
0.753,626,498269.799438,1,2,-1,172
0.820594,873,498299.998992,1,2,-1,104
0.855969,874,498330.17487,1,2,-1,18
0.846937,899,498360.082805,1,2,-1,83
1.609999,619,498382.119734,2,1,138,-1
1.446391,327,498392.616156,2,0,92,-1
1.76905,367,498405.499227,2,0,150,-1
1.127,678,498428.345057,1,2,-1,120
0.562,480,498444.867177,0,2,-1,47
1.602594,356,498457.366049,2,0,124,-1
0.94149,989,498491.269141,2,1,9,-1
1.769125,680,498514.128967,2,1,136,-1
0.74999,796,498541.7957,1,2,-1,105
1.132464,418,498556.259654,2,0,124,-1
1.98,319,498566.511722,2,0,176,-1
2.019,371,498579.452466,2,0,176,-1
0.226,545,498598.050273,0,2,-1,91
0.417,514,498615.587633,0,2,-1,110
1.382428,700,498639.147313,2,1,99,-1
1.74805,370,498652.057753,2,0,150,-1
2.022,333,498663.844746,2,0,176,-1
2.143805,815,498691.030461,2,0,146,-1
1.45079,373,498704.077306,2,0,102,-1
1.550827,453,498719.711849,2,0,113,-1
1.611307,770,498745.522361,2,1,72,-1
1.36034,528,498763.544012,2,0,34,-1
2.058,352,498775.848926,2,0,176,-1
1.585034,348,498788.0872,2,0,122,-1
1.714377,368,498800.956005,2,0,156,-1
2.031,352,498812.228445,2,0,176,-1
2.049,435,498827.216451,2,0,176,-1
2.061,453,498842.818074,2,0,176,-1
1.584805,367,498855.642358,2,0,146,-1
1.651935,348,498866.823239,2,0,141,-1
2.058,353,498879.232716,2,0,176,-1
2.087805,622,498900.175514,2,1,146,-1
1.074,728,498925.688858,1,2,-1,89
1.630738,422,498940.292299,2,0,176,-1
1.457827,336,498951.07013,2,0,113,-1
1.514827,379,498964.321887,2,0,113,-1
0.599594,806,498991.214938,1,2,-1,144
2.046,330,499002.895655,2,0,176,-1
2.384,624,499023.945137,2,1,176,-1
1.406104,558,499042.905947,2,0,37,-1
2.019,394,499056.590121,2,0,176,-1
1.404812,389,499070.168386,2,0,58,-1
1.558034,388,499083.742014,2,0,122,-1
1.449373,497,499100.769105,2,0,38,-1
1.618935,427,499115.609704,2,0,141,-1
1.147,849,499143.86238,1,2,-1,157
2.01,325,499155.35601,2,0,176,-1
1.4,676,499178.087019,1,2,-1,33
1.24,696,499201.476825,1,2,-1,103
1.588034,431,499216.411707,2,0,122,-1
1.372681,404,499230.558559,2,0,6,-1
0.187,469,499246.721748,0,2,-1,168
0.911483,385,499260.171772,2,0,101,-1
2.007,340,499271.142936,2,0,176,-1
1.983,310,499282.173229,2,0,176,-1
1.072519,500,499299.28443,2,0,97,-1
2.073,326,499310.80698,2,0,176,-1
1.179,718,499334.885861,1,2,-1,92
1.217,822,499363.403403,1,2,-1,53
1.713841,853,499391.813865,2,1,46,-1
2.079,352,499404.201043,2,0,176,-1
1.378,821,499432.914258,1,2,-1,8
1.455192,521,499451.204021,2,0,47,-1
1.785671,390,499463.949413,2,0,154,-1
2.001,352,499476.383199,2,0,176,-1
1.555034,383,499489.758335,2,0,122,-1
1.219,661,499512.062975,1,2,-1,176
2.049,353,499524.436933,2,0,176,-1
2.061,330,499535.028223,2,0,176,-1
1.95,328,499546.616984,2,0,176,-1
2.088,379,499559.969357,2,0,176,-1
0.904,644,499581.700806,1,2,-1,120
2.01,337,499593.572306,2,0,176,-1
0.843545,722,499617.84822,2,0,72,-1
1.496736,349,499630.10862,2,0,93,-1
1.447,759,499655.45798,1,2,-1,52
1.358,706,499680.215091,1,2,-1,51
1.668821,362,499691.809932,2,0,131,-1
2.046,358,499704.374772,2,0,176,-1
1.468155,423,499719.104108,2,0,78,-1
1.700222,835,499748.041558,2,1,87,-1
1.147076,467,499764.141399,2,0,98,-1
1.695592,812,499791.28161,2,1,103,-1
1.164,717,499815.392512,1,2,-1,134
1.426033,429,499830.173298,2,0,64,-1
1.410122,629,499852.50378,2,1,94,-1
1.539,760,499877.96221,1,2,-1,76
1.79305,420,499892.549196,2,0,150,-1
1.44134,536,499910.796599,2,0,34,-1
1.488917,522,499928.542101,2,0,81,-1
1.371705,543,499947.067586,2,0,21,-1
1.858332,893,499977.927054,2,1,144,-1
1.54107,411,499992.205955,2,0,111,-1
1.56901,423,500005.768588,2,0,118,-1
1.779677,382,500019.059616,2,0,153,-1
2.065363,620,500040.032871,2,1,176,-1
1.636157,391,500053.687124,2,0,139,-1
2.094,362,500066.371298,2,0,176,-1
2.061,337,500077.148232,2,0,176,-1
2.064,351,500089.479184,2,0,176,-1
1.522592,398,500103.375638,2,0,103,-1
2.356,729,500127.817195,2,1,176,-1
1.51134,432,500142.819178,2,0,100,-1
1.386,908,500174.086967,1,2,-1,91
2.064,351,500186.378907,2,0,176,-1
2.01,396,500199.099995,2,0,176,-1
2.103,355,500211.658819,2,0,176,-1
2.001,315,500222.887381,2,0,176,-1
1.617594,444,500238.205673,2,0,124,-1
1.429651,535,500256.462109,2,0,39,-1
1.494,808,500283.483728,1,2,-1,45
1.583414,558,500302.488709,2,0,112,-1
1.564325,444,500317.833763,2,0,106,-1
1.491,886,500348.485293,1,2,-1,34
1.457352,381,500361.836453,2,0,61,-1
1.593841,776,500387.870803,2,1,36,-1
1.737332,725,500413.289966,2,1,144,-1
1.536086,371,500425.2195,2,0,98,-1
1.506931,519,500443.001604,2,0,84,-1
1.491049,453,500458.587079,2,0,79,-1
1.753937,870,500488.666742,2,1,40,-1
2.058,312,500499.821298,2,0,176,-1
1.671528,878,500529.127049,2,1,53,-1
1.506049,459,500544.909053,2,0,79,-1
1.989,366,500557.712331,2,0,176,-1
1.470824,541,500576.121231,2,0,60,-1
1.706325,882,500606.59607,2,1,106,-1
0.783594,716,500630.611521,1,2,-1,45
1.312,813,500658.819639,1,2,-1,60
0.202,453,500673.273234,0,2,-1,157
1.359705,385,500686.81398,2,0,176,-1
0.346,467,500702.912386,0,2,-1,93
1.123999,998,500737.081271,1,2,-1,1
2.019805,795,500764.750236,2,1,146,-1
2.052,372,500776.668801,2,0,176,-1
1.595021,473,500793.040512,2,0,125,-1
1.43905,876,500823.346464,1,2,-1,1
2.106,350,500835.648085,2,0,176,-1
1.54287,350,500846.957106,2,0,115,-1
1.62399,407,500861.085631,2,0,137,-1
1.383847,404,500875.214925,2,0,43,-1
2.052,365,500888.03441,2,0,176,-1
2.278,624,500909.199067,2,1,176,-1
1.998,345,500921.317622,2,0,176,-1
2.307,687,500944.425676,2,1,176,-1
1.421582,392,500958.080044,2,0,89,-1
1.602594,366,500969.838235,2,0,176,-1
2.215,816,500998.227005,2,1,176,-1
0.313226,842,501027.390269,1,2,-1,92
2.055,396,501040.009103,2,0,176,-1
1.770385,692,501064.427351,2,1,88,-1
1.394409,396,501078.164928,2,0,154,-1
2.19,612,501098.85774,2,1,176,-1
2.013,363,501110.53833,2,0,176,-1
0.907442,519,501128.213268,2,0,116,-1
2.034,466,501144.233257,2,0,176,-1
2.019,340,501156.350283,2,0,176,-1
1.501084,338,501168.261693,2,0,91,-1
2.037,343,501179.277012,2,0,176,-1
2.043,363,501191.918215,2,0,176,-1
1.562,808,501219.944859,1,2,-1,25
1.436841,714,501243.949891,2,1,46,-1
1.721275,749,501269.022918,2,1,2,-1
1.635594,381,501282.291377,2,0,124,-1
1.72705,357,501294.787772,2,0,150,-1
1.602594,392,501308.413784,2,0,124,-1
1.399664,1054,501344.492308,2,1,124,-1
1.843391,821,501371.945091,2,1,92,-1
1.0,885,501402.559849,1,2,-1,92
2.061,339,501414.47961,2,0,176,-1
1.635594,433,501429.446013,2,0,124,-1
1.467385,374,501441.471167,2,0,88,-1
1.502217,358,501454.007937,2,0,117,-1
1.36365,457,501469.704779,2,0,14,-1
1.643566,331,501481.526936,2,0,142,-1
1.772,935,501512.485814,1,2,-1,0
1.077825,1230,501555.167786,2,1,35,-1
1.55701,468,501571.232139,2,0,118,-1
1.719868,814,501598.287726,2,1,67,-1
1.335916,992,501632.290283,2,1,150,-1
1.424937,506,501649.637007,2,0,40,-1
1.659516,738,501675.493987,2,1,68,-1
2.022,329,501686.07021,2,0,176,-1
2.058,338,501697.996171,2,0,176,-1
1.478093,399,501711.917458,2,0,86,-1
2.007,323,501722.3115,2,0,176,-1
2.031,345,501734.461192,2,0,176,-1
2.064,340,501746.42385,2,0,176,-1
2.037,343,501757.449544,2,0,176,-1
2.049,327,501769.043209,2,0,176,-1
1.755671,369,501781.943195,2,0,154,-1
1.358328,441,501797.216962,2,0,57,-1
1.077404,436,501811.245389,2,0,87,-1
1.50507,391,501824.839062,2,0,111,-1
1.579358,421,501839.483279,2,0,105,-1
1.779671,384,501852.913618,2,0,154,-1
1.424402,479,501869.312997,2,0,55,-1
2.061,352,501880.624514,2,0,176,-1
1.692913,406,501894.702247,2,0,152,-1
2.04,327,501906.288407,2,0,176,-1
2.019,370,501919.266233,2,0,176,-1
2.058,364,501930.920871,2,0,176,-1
2.058,364,501943.674303,2,0,176,-1
1.962,334,501955.499256,2,0,176,-1
2.061,337,501966.270107,2,0,176,-1
1.585034,414,501980.553015,2,0,122,-1
1.637354,377,501993.733685,2,0,133,-1
2.079,377,502006.872976,2,0,176,-1
1.68099,403,502019.809803,2,0,137,-1
0.989,831,502048.55527,1,2,-1,172
2.019,342,502060.638728,2,0,176,-1
1.444815,440,502075.926836,2,0,90,-1
2.019,346,502087.061621,2,0,176,-1
1.422858,455,502102.811264,2,0,56,-1
1.474897,523,502120.697676,2,0,83,-1
2.052,348,502132.941921,2,0,176,-1
1.549505,402,502146.856061,2,0,116,-1
2.39,688,502169.997723,2,1,176,-1
2.321,596,502190.097973,2,1,176,-1
2.055,405,502204.102395,2,0,176,-1
1.525017,449,502219.61971,2,0,96,-1
2.055,390,502233.192389,2,0,176,-1
2.028,317,502243.37613,2,0,176,-1
1.983,346,502255.57478,2,0,176,-1
1.665805,440,502270.848872,2,0,146,-1
1.479896,515,502288.434289,2,0,62,-1
1.702529,735,502313.076539,2,1,97,-1
2.019,335,502324.914943,2,0,176,-1
2.01,342,502335.857956,2,0,176,-1
2.001,312,502346.913573,2,0,176,-1
1.360651,434,502361.945014,2,0,39,-1
1.495017,419,502376.475088,2,0,96,-1
2.322,777,502402.547714,2,1,176,-1
2.103,336,502414.432336,2,0,176,-1
2.049,326,502425.95667,2,0,176,-1
1.68103,313,502436.042606,2,0,148,-1
1.668805,329,502447.681593,2,0,146,-1
1.598354,439,502462.782207,2,0,133,-1
1.568034,611,502483.52146,2,1,122,-1
2.055,344,502494.604249,2,0,176,-1
1.095376,440,502509.823981,2,0,113,-1
1.611821,413,502524.165018,2,0,131,-1
1.764902,387,502537.656399,2,0,155,-1
2.065,659,502559.888918,2,1,176,-1
2.034,335,502571.765117,2,0,176,-1
1.428812,492,502588.641969,2,0,58,-1
2.097,356,502601.134576,2,0,176,-1
1.998,345,502612.2078,2,0,176,-1
2.082,398,502625.953671,2,0,176,-1
2.058,321,502637.344658,2,0,176,-1
2.018,576,502656.829714,2,1,176,-1
1.54734,441,502672.106597,2,0,100,-1
1.812677,433,502686.038345,2,0,153,-1
1.531034,364,502698.86389,2,0,122,-1
2.019,340,502710.873301,2,0,176,-1
1.57501,381,502724.244376,2,0,118,-1
2.019,429,502738.029954,2,0,176,-1
1.391829,444,502753.369647,2,0,176,-1
1.632391,726,502778.792209,2,1,92,-1
1.63681,398,502791.564873,2,0,134,-1
1.458578,390,502805.215922,2,0,71,-1
1.974,334,502817.017116,2,0,176,-1
1.573447,389,502830.583384,2,0,104,-1
1.813529,817,502857.856561,2,0,97,-1
2.046,332,502869.589122,2,0,176,-1
1.800671,348,502881.870189,2,0,154,-1
1.565354,396,502894.588856,2,0,176,-1
1.36626,413,502908.980777,2,0,11,-1
1.669858,745,502935.002544,2,1,56,-1
1.373075,556,502953.826467,2,0,17,-1
1.519505,423,502967.37846,2,0,116,-1
2.055,338,502979.300516,2,0,176,-1
2.061,358,502991.762396,2,0,176,-1
2.106,335,503002.525057,2,0,176,-1
1.441483,493,503019.315606,2,0,153,-1
2.016,331,503031.021427,2,0,176,-1
2.04,337,503042.890427,2,0,176,-1
2.004,336,503053.635302,2,0,176,-1
2.031,361,503066.274771,2,0,176,-1
2.055,337,503078.127816,2,0,176,-1
1.558505,388,503091.643835,2,0,116,-1
2.106,400,503104.445,2,0,176,-1
1.583895,344,503116.588412,2,0,121,-1
2.036,632,503137.929951,2,1,176,-1
2.094,362,503150.653409,2,0,176,-1
2.034,357,503163.132853,2,0,176,-1
1.650805,377,503175.239651,2,0,146,-1
1.393871,417,503189.692402,2,0,70,-1
1.34618,438,503204.959137,2,0,1,-1
2.239,553,503223.696768,2,1,176,-1
2.01,368,503236.598907,2,0,176,-1
2.055,347,503248.812471,2,0,176,-1
1.428529,477,503264.034212,2,0,97,-1
1.436402,763,503290.721672,2,1,55,-1
1.528,800,503318.550379,1,2,-1,23
2.037,329,503329.086463,2,0,176,-1
0.816486,631,503350.416884,2,0,54,-1
1.433902,458,503366.168885,2,0,8,-1
1.965,308,503377.091623,2,0,176,-1
1.738472,790,503403.507516,2,1,4,-1
1.661125,332,503415.231082,2,0,136,-1
0.72226,931,503447.212278,1,2,-1,48
1.066594,808,503474.273776,1,1,-1,70
1.003471,513,503491.775144,2,0,98,-1
2.150874,694,503516.315075,2,1,164,-1
0,176,-1
1.828377,354,494831.582638,2,0,156,-1
1.577354,379,494843.76435,2,0,133,-1
1.439868,453,494859.476003,2,0,67,-1
2.01,336,494871.312197,2,0,176,-1
2.031,334,494883.147893,2,0,176,-1
1.479391,392,494895.716977,2,0,92,-1
2.01,309,494906.65584,2,0,176,-1
2.034,372,494919.645706,2,0,176,-1
1.680805,350,494930.847307,2,0,146,-1
1.384109,398,494944.64682,2,0,52,-1
2.028,336,494956.495666,2,0,176,-1
2.01,373,494969.509578,2,0,176,-1
2.266,633,494990.9323,2,1,176,-1
1.443841,520,495008.781309,2,0,36,-1
2.013,342,495020.85905,2,0,176,-1
1.617,946,495052.200313,1,2,-1,40
1.58,747,495078.349512,1,2,-1,33
1.579793,417,495092.809049,2,0,110,-1
1.533528,817,495120.06427,2,1,53,-1
1.226,820,495148.421691,1,2,-1,153
1.771377,357,495160.939658,2,0,156,-1
2.022,384,495173.302164,2,0,176,-1
2.067,411,495187.504189,2,0,176,-1
1.50234,404,495201.498247,2,0,100,-1
2.055,325,495212.982095,2,0,176,-1
1.794902,421,495226.529227,2,0,155,-1
2.094,418,495241.045984,2,0,176,-1
1.599025,472,495257.232492,2,0,132,-1
1.360206,457,495273.018975,2,0,29,-1
1.376587,414,495287.303005,2,0,35,-1
1.219915,374,495300.32894,2,0,119,-1
2.058,349,495311.520371,2,0,176,-1
2.253,662,495333.841052,2,1,176,-1
1.71403,345,495346.029735,2,0,148,-1
1.297915,462,495361.864668,2,0,119,-1
1.85987,648,495383.678435,2,1,115,-1
1.998,363,495396.32835,2,0,176,-1
2.281,606,495416.875283,2,1,176,-1
2.046,346,495429.017958,2,0,176,-1
1.600399,358,495441.567869,2,0,135,-1
1.637821,701,495465.080311,2,1,131,-1
1.804086,892,495495.69738,2,1,98,-1
2.195,613,495516.567651,2,1,176,-1
2.064,347,495528.772758,2,0,176,-1
1.934,628,495549.985807,2,1,176,-1
2.007,336,495560.667128,2,0,176,-1
1.502997,423,495575.337256,2,0,85,-1
2.275,670,495598.898061,2,1,176,-1
1.732516,851,495627.261693,2,1,68,-1
2.007,365,495639.975128,2,0,176,-1
1.447871,393,495653.716187,2,0,70,-1
2.025,350,495664.941939,2,0,176,-1
1.998,308,495675.98635,2,0,176,-1
1.833671,381,495689.325592,2,0,176,-1
0.629,563,495708.42843,0,2,-1,16
1.146,703,495732.062785,1,2,-1,36
0.284,691,495756.368659,0,2,-1,138
1.05894,417,495769.684066,2,0,115,-1
1.354625,699,495794.255698,2,1,75,-1
1.380929,456,495809.99492,2,0,16,-1
1.026477,745,495834.949015,1,2,-1,83
2.076,321,495846.425261,2,0,176,-1
1.71805,338,495857.267452,2,0,150,-1
1.691566,378,495870.465225,2,0,142,-1
1.663997,825,495899.021847,2,1,85,-1
1.617025,385,495912.459368,2,0,132,-1
1.355587,385,495924.784646,2,0,35,-1
2.016,329,495936.420777,2,0,176,-1
2.043,389,495949.911485,2,0,176,-1
2.019,341,495960.818447,2,0,176,-1
2.022,384,495974.182591,2,0,176,-1
1.594,809,496002.250133,1,2,-1,28
2.013,343,496013.369514,2,0,176,-1
2.1,387,496026.889441,2,0,176,-1
2.061,351,496039.236186,2,0,176,-1
2.022,347,496050.341819,2,0,176,-1
1.998,331,496062.014,2,0,176,-1
1.51935,412,496076.322342,2,0,107,-1
2.019,333,496088.066994,2,0,176,-1
2.289,602,496108.427701,2,1,176,-1
2.363,680,496131.310093,2,1,176,-1
2.07,389,496144.839013,2,0,176,-1
1.495155,487,496161.538048,2,0,78,-1
1.986,323,496171.975355,2,0,176,-1
1.556827,390,496185.612859,2,0,113,-1
1.463528,492,496202.53223,2,0,53,-1
1.386275,507,496219.855687,2,0,2,-1
1.425602,574,496239.399221,2,0,26,-1
1.540793,442,496254.690837,2,0,110,-1
1.931874,457,496270.452838,2,0,164,-1
1.416958,469,496286.579365,2,0,54,-1
1.992,355,496299.017853,2,0,176,-1
1.643354,390,496311.501923,2,0,133,-1
1.672325,790,496339.044906,2,1,106,-1
1.823385,797,496365.70818,2,1,88,-1
1.791902,338,496377.630718,2,0,155,-1
2.022,336,496389.490736,2,0,176,-1
1.65399,381,496402.827322,2,0,137,-1
2.103,393,496415.400947,2,0,176,-1
2.058,339,496427.393541,2,0,176,-1
1.407183,440,496442.581312,2,0,69,-1
1.444057,499,496459.603537,2,0,73,-1
1.527594,360,496471.177134,2,0,124,-1
2.004,350,496483.442338,2,0,176,-1
1.710805,434,496498.389455,2,0,146,-1
1.532017,389,496511.975781,2,0,96,-1
2.028,313,496522.004068,2,0,176,-1
1.998,330,496533.595582,2,0,176,-1
2.064,350,496545.864496,2,0,176,-1
1.287,646,496567.618857,1,2,-1,7
1.426109,411,496581.882426,2,0,52,-1
1.983,379,496595.127286,2,0,176,-1
2.016,319,496605.399406,2,0,176,-1
1.592021,450,496620.865973,2,0,125,-1
2.001,338,496632.712727,2,0,176,-1
2.27,629,496653.97031,2,1,176,-1
1.457122,449,496669.455913,2,0,94,-1
1.770913,345,496680.646517,2,0,152,-1
1.436311,416,496695.066762,2,0,59,-1
2.022,337,496706.953384,2,0,176,-1
1.204288,1122,496745.069289,2,1,92,-1
1.546,842,496774.167593,1,2,-1,68
1.74103,360,496785.736806,2,0,148,-1
2.034,345,496797.820597,2,0,176,-1
1.68103,380,496811.103853,2,0,148,-1
1.150226,419,496825.568527,2,0,113,-1
1.76503,362,496837.189419,2,0,148,-1
1.941,330,496848.888109,2,0,176,-1
2.07,350,496861.16874,2,0,176,-1
1.537435,369,496873.037951,2,0,108,-1
2.013,345,496885.29759,2,0,176,-1
2.067,371,496898.297253,2,0,176,-1
2.037,384,496911.691108,2,0,176,-1
2.393,654,496933.675508,2,1,176,-1
2.022,362,496946.363043,2,0,176,-1
2.037,360,496957.904485,2,0,176,-1
1.381874,388,496971.509391,2,0,22,-1
1.839902,356,496983.994247,2,0,155,-1
2.2,541,497002.446334,2,1,176,-1
2.192,654,497024.368935,2,1,176,-1
2.061,361,497037.004851,2,0,176,-1
2.42,679,497059.798224,2,1,176,-1
2.028,377,497072.961886,2,0,176,-1
2.046,364,497085.769381,2,0,176,-1
1.950805,607,497106.26319,2,1,146,-1
1.435592,377,497118.344987,2,0,103,-1
1.461917,445,497133.677845,2,0,81,-1
1.490827,347,497145.931194,2,0,113,-1
2.106,344,497158.097777,2,0,176,-1
2.079,345,497169.154517,2,0,176,-1
2.061,390,497182.797101,2,0,176,-1
2.169,559,497201.821258,2,1,176,-1
2.022,374,497214.960524,2,0,176,-1
1.489505,337,497226.882532,2,0,116,-1
2.016,356,497238.239079,2,0,176,-1
2.049,377,497251.441808,2,0,176,-1
2.022,329,497263.070189,2,0,176,-1
2.317,718,497287.239079,2,1,176,-1
2.013,333,497299.074971,2,0,176,-1
2.01,344,497310.066443,2,0,176,-1
2.022,342,497322.201798,2,0,176,-1
1.37164,411,497336.437772,2,0,31,-1
1.986,302,497346.06653,2,0,176,-1
1.808827,693,497370.442128,2,1,113,-1
2.055,344,497382.590634,2,0,176,-1
1.971,313,497392.656439,2,0,176,-1
2.004,345,497404.740784,2,0,176,-1
1.701902,357,497416.210489,2,0,155,-1
1.771377,351,497428.560449,2,0,156,-1
1.420309,406,497442.647012,2,0,50,-1
1.373925,444,497457.986872,2,0,49,-1
1.499827,366,497470.879241,2,0,113,-1
1.621738,321,497481.176919,2,0,130,-1
2.246,658,497503.37455,2,1,176,-1
2.019,330,497515.056541,2,0,176,-1
2.055,358,497527.623869,2,0,176,-1
1.547266,316,497537.776199,2,0,123,-1
2.058,338,497549.685527,2,0,176,-1
2.049,347,497561.857441,2,0,176,-1
1.640354,418,497576.356686,2,0,133,-1
2.028,350,497587.564436,2,0,176,-1
1.547021,436,497602.610296,2,0,125,-1
1.475827,456,497618.274474,2,0,113,-1
2.046,330,497629.933378,2,0,176,-1
1.590025,420,497643.359148,2,0,132,-1
2.028,357,497655.869695,2,0,176,-1
2.037,344,497668.004973,2,0,176,-1
2.037,358,497680.519705,2,0,176,-1
2.064,378,497692.634199,2,0,176,-1
1.404896,397,497706.400966,2,0,62,-1
1.61199,325,497717.872257,2,0,137,-1
2.186,668,497740.323778,2,1,176,-1
1.601,808,497768.460912,1,2,-1,17
1.840339,417,497781.959053,2,0,159,-1
2.019,346,497794.106094,2,0,176,-1
2.061,378,497807.325439,2,0,176,-1
1.425385,455,497823.06243,2,0,88,-1
2.103,340,497834.011475,2,0,176,-1
2.046,370,497846.982933,2,0,176,-1
1.457535,526,497864.854846,2,0,176,-1
1.749902,360,497877.496907,2,0,155,-1
2.343,626,497898.649889,2,1,176,-1
1.641363,381,497911.917327,2,0,143,-1
2.064,333,497922.628965,2,0,176,-1
2.007,320,497933.926731,2,0,176,-1
1.695805,440,497949.142545,2,0,146,-1
1.412528,470,497965.29157,2,0,53,-1
2.019,390,497978.854452,2,0,176,-1
2.106,442,497993.081393,2,0,176,-1
1.92,355,498005.483506,2,0,176,-1
2.019,369,498018.351935,2,0,176,-1
1.486325,463,498034.229791,2,0,106,-1
2.052,336,498045.064134,2,0,176,-1
1.623805,396,498058.899637,2,0,146,-1
1.691402,652,498080.920825,2,1,55,-1
1.98,363,498093.644694,2,0,176,-1
2.016,355,498106.218933,2,0,176,-1
1.432017,321,498116.557736,2,0,96,-1
2.01,357,498129.078542,2,0,176,-1
2.001,333,498140.781949,2,0,176,-1
2.091,378,498153.961836,2,0,176,-1
1.971,314,498164.046508,2,0,176,-1
1.604354,387,498177.518607,2,0,176,-1
1.553354,393,498191.155307,2,0,133,-1
2.082,389,498203.563238,2,0,176,-1
1.444866,608,498225.185217,2,0,32,-1
2.043,340,498236.113074,2,0,176,-1
1.598827,390,498249.729135,2,0,113,-1
1.71703,443,498265.025173,2,0,148,-1
1.190332,947,498297.641112,1,2,-1,75
2.025,367,498310.450087,2,0,176,-1
1.74103,434,498324.397435,2,0,148,-1
2.013,323,498335.825249,2,0,176,-1
0.712,834,498364.714017,0,2,-1,1
1.871793,740,498389.577418,2,1,176,-1
2.061,387,498403.080983,2,0,176,-1
1.546435,404,498417.145261,2,0,108,-1
2.106,338,498427.982785,2,0,176,-1
1.550827,432,498442.979112,2,0,113,-1
2.061,357,498455.543717,2,0,176,-1
2.061,352,498467.880645,2,0,176,-1
2.013,389,498480.386588,2,0,176,-1
1.986,320,498491.715168,2,0,176,-1
1.368896,410,498505.923367,2,0,62,-1
2.07,371,498517.820544,2,0,176,-1
2.061,356,498530.292879,2,0,176,-1
1.989,374,498543.364109,2,0,176,-1
2.034,304,498553.097748,2,0,176,-1
1.460827,362,498565.828767,2,0,113,-1
2.424,666,498588.298296,2,1,176,-1
2.04,348,498600.496117,2,0,176,-1
2.055,440,498615.668803,2,0,176,-1
1.659805,345,498627.841978,2,0,146,-1
2.043,355,498639.235886,2,0,176,-1
2.013,342,498651.226117,2,0,176,-1
1.639467,430,498666.128088,2,0,140,-1
1.378593,478,498682.530136,2,0,128,-1
1.767902,359,498694.034715,2,0,155,-1
1.680805,369,498706.943937,2,0,146,-1
1.66299,395,498720.71919,2,0,137,-1
1.481627,679,498743.530317,2,0,65,-1
2.013,330,498755.270751,2,0,176,-1
1.965,341,498767.281316,2,0,176,-1
2.103,385,498779.5754,2,0,176,-1
1.50179,330,498791.242387,2,0,102,-1
2.106,411,498805.506109,2,0,176,-1
2.061,328,498816.01747,2,0,176,-1
2.058,332,498827.677946,2,0,176,-1
1.74001,630,498848.954087,2,1,118,-1
2.064,464,498864.891871,2,0,176,-1
2.028,362,498877.615218,2,0,176,-1
2.353,632,498898.886451,2,1,176,-1
1.343412,553,498917.708153,2,0,25,-1
2.032,637,498940.27645,2,1,176,-1
1.800671,404,498953.253522,2,0,154,-1
1.269902,390,498966.822202,2,0,8,-1
2.326,738,498992.611955,2,1,176,-1
1.543793,372,499004.557183,2,0,110,-1
2.004,359,499017.177477,2,0,176,-1
1.776354,647,499038.949732,2,1,176,-1
1.454827,366,499051.72211,2,0,113,-1
2.025,337,499063.666428,2,0,176,-1
2.079,391,499076.240734,2,0,176,-1
2.046,343,499088.331795,2,0,176,-1
1.986,332,499100.022636,2,0,176,-1
2.01,342,499111.056396,2,0,176,-1
1.770671,530,499129.109819,2,0,154,-1
2.01,351,499141.447762,2,0,176,-1
2.064,361,499154.068722,2,0,176,-1
2.022,335,499164.809442,2,0,176,-1
2.013,347,499177.011303,2,0,176,-1
2.04,405,499191.07312,2,0,176,-1
1.971,345,499203.204023,2,0,176,-1
1.95,367,499214.989504,2,0,176,-1
1.397587,493,499232.01037,2,0,35,-1
2.01,364,499244.803583,2,0,176,-1
2.001,322,499256.21348,2,0,176,-1
2.055,351,499267.530952,2,0,176,-1
2.037,369,499280.494225,2,0,176,-1
1.523582,469,499296.615217,2,0,89,-1
1.463892,427,499311.36081,2,0,82,-1
2.052,344,499322.407673,2,0,176,-1
2.031,324,499333.841171,2,0,176,-1
2.226,626,499354.995869,2,1,176,-1
2.001,324,499366.449692,2,0,176,-1
1.776902,382,499379.737629,2,0,155,-1
1.383226,450,499395.262549,2,0,18,-1
1.770677,349,499406.483976,2,0,153,-1
1.629363,312,499417.607917,2,0,143,-1
1.95401,976,499451.778834,2,1,118,-1
1.590886,531,499470.182673,2,0,119,-1
1.5535,875,499499.36631,2,1,45,-1
2.02999,764,499525.978595,2,1,137,-1
1.59181,335,499537.838755,2,0,134,-1
1.718594,782,499564.076481,2,1,124,-1
2.049,368,499576.995723,2,0,176,-1
1.931874,393,499590.61898,2,0,164,-1
1.509049,513,499608.147775,2,0,79,-1
1.486057,438,499622.258238,2,0,73,-1
1.368,899,499653.160317,1,2,-1,63
1.70499,386,499666.60587,2,0,137,-1
0.832169,756,499691.883871,2,0,46,-1
1.321,707,499716.813428,1,2,-1,138
1.690125,422,499731.408965,2,0,136,-1
1.508,760,499756.920367,1,2,-1,81
1.438841,464,499772.878772,2,0,46,-1
1.507017,405,499786.954503,2,0,96,-1
1.705935,416,499801.384893,2,0,141,-1
1.444841,496,499818.396702,2,0,46,-1
1.91207,782,499844.532011,2,1,111,-1
1.669841,866,499874.365038,2,1,46,-1
1.467812,390,499887.997656,2,0,58,-1
1.748477,387,499900.487662,2,0,145,-1
1.418787,494,499917.367869,2,0,15,-1
1.446,779,499944.470882,1,2,-1,57
1.445104,458,499960.270909,2,0,37,-1
2.046,516,499977.936463,2,1,176,-1
1.465793,431,499992.861998,2,0,110,-1
1.539594,364,500004.536105,2,0,124,-1
1.470812,420,500019.035973,2,0,58,-1
1.995,312,500030.105804,2,0,176,-1
2.019,330,500040.731577,2,0,176,-1
2.028,395,500054.502773,2,0,176,-1
2.055,339,500066.435389,2,0,176,-1
2.055,342,500077.387505,2,0,176,-1
1.810377,366,500090.220048,2,0,156,-1
2.07,355,500102.705567,2,0,176,-1
2.043,337,500114.592082,2,0,176,-1
1.998,329,500125.136392,2,0,176,-1
2.064,384,500138.570735,2,0,176,-1
1.68699,472,500154.840356,2,0,137,-1
2.013,346,500166.958959,2,0,176,-1
1.986,305,500176.765192,2,0,176,-1
1.998,342,500188.774685,2,0,176,-1
2.064,389,500202.426023,2,0,176,-1
1.481456,438,500216.517447,2,0,63,-1
1.741332,380,500229.778867,2,0,144,-1
1.527391,507,500247.136786,2,0,92,-1
2.065332,782,500274.377491,2,1,144,-1
2.002821,754,500299.699804,2,1,131,-1
1.747332,403,500313.733514,2,0,144,-1
1.478997,347,500325.96133,2,0,85,-1
1.77505,413,500339.289794,2,0,150,-1
2.1,346,500351.458995,2,0,176,-1
1.412,933,500383.62485,1,2,-1,38
2.053,599,500403.958761,2,1,176,-1
1.096839,1035,500439.385626,2,1,102,-1
1.433884,563,500458.487415,2,0,164,-1
1.591625,804,500486.416906,2,1,75,-1
2.055,385,500499.945931,2,0,176,-1
1.538736,386,500512.292053,2,0,93,-1
1.736477,425,500527.107219,2,0,145,-1
1.67799,373,500540.146614,2,0,137,-1
2.046,415,500554.517932,2,0,176,-1
1.696125,407,500567.538732,2,0,136,-1
2.037,349,500579.839193,2,0,176,-1
1.618846,395,500593.587928,2,0,120,-1
1.3745,440,500608.761666,2,0,45,-1
1.475997,438,500623.888537,2,0,85,-1
2.025,375,500635.949699,2,0,176,-1
2.016,350,500648.236719,2,0,176,-1
2.019,341,500660.174542,2,0,176,-1
1.537435,355,500671.535949,2,0,108,-1
1.393232,406,500685.747189,2,0,41,-1
2.025,326,500697.275306,2,0,176,-1
2.052,376,500710.467767,2,0,176,-1
1.998,313,500720.507748,2,0,176,-1
2.367,687,500744.680346,2,1,176,-1
2.055,387,500757.0903,2,0,176,-1
2.061,331,500768.807186,2,0,176,-1
2.389,633,500790.278088,2,1,176,-1
1.656805,332,500802.071137,2,0,146,-1
1.519435,462,500817.953654,2,0,108,-1
1.383858,330,500828.509758,2,0,56,-1
2.329,576,500848.178482,2,1,176,-1
2.064,327,500859.749522,2,0,176,-1
2.254,631,500881.168876,2,1,176,-1
1.98,327,500892.807499,2,0,176,-1
2.01,355,500905.277416,2,0,176,-1
1.971,416,500918.629664,2,0,176,-1
1.565354,317,500929.859394,2,0,133,-1
2.061,393,500943.557558,2,0,176,-1
2.019,381,500956.839823,2,0,176,-1
1.28099,825,500984.372645,1,2,-1,41
2.393,646,501006.224068,2,1,176,-1
1.416958,414,501020.581418,2,0,54,-1
2.201,576,501040.092458,2,1,176,-1
1.906805,578,501060.861755,2,1,146,-1
1.462222,447,501075.113459,2,0,87,-1
1.768377,350,501087.399148,2,0,156,-1
2.052,344,501099.555652,2,0,176,-1
1.793689,749,501124.634176,2,1,176,-1
2.031,332,501136.366618,2,0,176,-1
2.055,363,501149.10667,2,0,176,-1
2.094,374,501161.217638,2,0,176,-1
1.986,409,501175.385096,2,0,176,-1
2.237,616,501196.15062,2,1,176,-1
2.019,382,501209.495462,2,0,176,-1
2.008,873,501239.613812,2,1,176,-1
1.242188,687,501262.713204,2,1,124,-1
1.787871,683,501285.659284,2,1,176,-1
1.108509,353,501298.025973,2,0,51,-1
1.457,713,501323.156374,1,2,-1,114
1.411651,424,501336.742607,2,0,39,-1
1.167,761,501363.349365,1,2,-1,45
1.507592,405,501377.445293,2,0,103,-1
2.022,360,501389.019264,2,0,176,-1
1.394287,357,501401.565867,2,0,77,-1
2.028,399,501415.418353,2,0,176,-1
2.061,319,501425.662404,2,0,176,-1
1.528447,469,501441.811032,2,0,104,-1
1.203169,1112,501480.758625,2,1,33,-1
2.007,353,501492.024354,2,0,176,-1
1.584866,674,501515.758365,2,1,32,-1
1.403472,484,501531.282525,2,0,4,-1
1.665587,770,501558.138726,2,1,35,-1
1.670391,776,501585.075744,2,1,92,-1
1.68999,351,501596.304509,2,0,137,-1
1.59307,657,501618.461324,2,1,111,-1
1.740812,860,501648.244617,2,1,58,-1
1.401,816,501676.599785,1,2,-1,63
1.627034,420,501691.171508,2,0,122,-1
1.568797,782,501717.391882,2,1,27,-1
1.401275,571,501736.795683,2,0,2,-1
1.725805,405,501750.875175,2,0,146,-1
2.031,336,501762.7507,2,0,176,-1
1.687935,375,501774.79248,2,0,141,-1
2.1,404,501788.810989,2,0,176,-1
2.064,370,501801.835499,2,0,176,-1
2.031,330,501813.516112,2,0,176,-1
1.359841,374,501825.493737,2,0,36,-1
1.437443,439,501840.711325,2,0,76,-1
1.644805,426,501855.489362,2,0,146,-1
1.998,323,501866.857854,2,0,176,-1
1.776671,348,501878.06415,2,0,154,-1
1.585034,359,501890.62229,2,0,122,-1
1.665,702,501914.256876,1,2,-1,35
2.064,356,501926.766388,2,0,176,-1
1.989,344,501938.864186,2,0,176,-1
1.992,326,501949.320388,2,0,176,-1
2.004,348,501961.569923,2,0,176,-1
1.907181,756,501987.922786,2,1,127,-1
1.980354,887,502017.404843,2,1,133,-1
1.314275,441,502032.603528,2,0,2,-1
2.031,422,502047.193288,2,0,176,-1
1.708,1026,502082.446786,1,2,-1,9
1.525435,371,502095.407269,2,0,108,-1
2.004,391,502108.016894,2,0,176,-1
1.403104,477,502124.436098,2,0,37,-1
1.396232,498,502141.441798,2,0,41,-1
1.520997,471,502157.664972,2,0,85,-1
2.055,410,502171.815815,2,0,176,-1
1.864354,602,502192.130579,2,1,133,-1
1.401,799,502219.89479,1,2,-1,44
1.401896,468,502235.95155,2,0,62,-1
2.025,385,502248.331679,2,0,176,-1
1.550827,365,502261.239707,2,0,113,-1
2.01,318,502272.478526,2,0,176,-1
1.735332,710,502296.350561,2,1,144,-1
1.369,843,502325.520576,1,2,-1,142
1.791738,693,502348.788015,2,1,176,-1
1.175,659,502371.024753,1,2,-1,90
1.638805,390,502384.621897,2,0,146,-1
2.055,339,502396.562562,2,0,176,-1
2.001,318,502406.849098,2,0,176,-1
2.094,386,502420.334042,2,0,176,-1
1.737677,380,502433.657168,2,0,153,-1
1.370018,483,502450.217158,2,0,9,-1
2.043,352,502462.536091,2,0,176,-1
1.989,345,502473.641768,2,0,176,-1
2.028,363,502486.423678,2,0,176,-1
2.055,400,502500.332066,2,0,176,-1
2.043,325,502510.791967,2,0,176,-1
1.381084,431,502525.716068,2,0,91,-1
1.653363,306,502536.585392,2,0,143,-1
1.363089,494,502553.566337,2,0,0,-1
2.037,359,502566.11341,2,0,176,-1
1.483447,473,502581.373617,2,0,104,-1
2.085,357,502593.899683,2,0,176,-1
2.163,637,502615.443328,2,1,176,-1
1.363089,552,502634.090748,2,0,0,-1
2.064,365,502646.861702,2,0,176,-1
1.798339,393,502660.583398,2,0,176,-1
1.752793,834,502689.559793,2,1,110,-1
2.043,347,502700.734296,2,0,176,-1
1.29554,466,502716.813091,2,0,20,-1
2.061,399,502730.747574,2,0,176,-1
1.418307,382,502744.117141,2,0,72,-1
2.016,355,502755.507772,2,0,176,-1
2.055,350,502767.798088,2,0,176,-1
1.386958,469,502783.896907,2,0,54,-1
1.713805,406,502798.065942,2,0,146,-1
1.731671,367,502809.849156,2,0,154,-1
2.004,339,502821.827201,2,0,176,-1
2.028,336,502833.654628,2,0,176,-1
2.01,376,502846.795269,2,0,176,-1
1.965,349,502857.989086,2,0,176,-1
2.073,355,502870.459882,2,0,176,-1
2.022,340,502882.537235,2,0,176,-1
1.704805,352,502893.788578,2,0,146,-1
1.629381,767,502920.598329,2,1,19,-1
1.524886,368,502932.400484,2,0,119,-1
1.722805,393,502945.993867,2,0,146,-1
2.046,331,502957.68475,2,0,176,-1
2.034,342,502969.723177,2,0,176,-1
2.058,334,502980.400941,2,0,176,-1
2.022354,655,503003.518104,2,1,176,-1
2.098,627,503024.604991,2,1,176,-1
2.064,333,503035.280066,2,0,176,-1
1.632821,414,503049.65062,2,0,131,-1
1.375109,536,503067.846471,2,0,52,-1
1.992,322,503079.244159,2,0,176,-1
2.016,386,503092.666842,2,0,176,-1
1.989,343,503103.661686,2,0,176,-1
1.391528,375,503116.79494,2,0,53,-1
1.293275,442,503132.030608,2,0,2,-1
1.400456,418,503146.531653,2,0,63,-1
2.034,349,503157.727166,2,0,176,-1
1.974,391,503171.348548,2,0,176,-1
1.49004,445,503186.69265,2,0,101,-1
1.432017,423,503201.497599,2,0,96,-1
1.537846,346,503213.616359,2,0,120,-1
1.698363,342,503224.536502,2,0,143,-1
1.411841,412,503238.85084,2,0,46,-1
1.986,334,503250.636611,2,0,176,-1
2.061,362,503262.205776,2,0,176,-1
1.704363,386,503275.697907,2,0,143,-1
2.289,725,503301.119393,2,1,176,-1
1.554594,357,503312.568455,2,0,124,-1
2.094,338,503324.503569,2,0,176,-1
2.064,412,503338.805399,2,0,176,-1
2.052,371,503350.675907,2,0,176,-1
1.637937,327,503362.234454,2,0,149,-1
1.971,319,503373.521937,2,0,176,-1
1.400456,484,503390.09256,2,0,63,-1
1.540793,398,503402.872253,2,0,110,-1
1.986,357,503415.401581,2,0,176,-1
2.031,388,503428.916315,2,0,176,-1
2.061,364,503441.623251,2,0,176,-1
2.064,376,503453.733414,2,0,176,-1
2.214902,738,503479.590168,2,1,155,-1
1.989,326,503490.029785,2,0,176,-1
2.04,328,503501.634166,2,0,176,-1
1.722902,339,503513.715465,2,0,155,-1
2.028,335,503524.408008,2,0,176,-1
