matchup,p1_name,p2_name,episode,p1_rounds_won,p2_rounds_won,match_winner
Curriculum_vs_CPU,Curriculum,CPU,1,2,0,p1
Curriculum_vs_CPU,Curriculum,CPU,2,2,0,p1
Curriculum_vs_CPU,Curriculum,CPU,3,2,1,p1
Curriculum_vs_CPU,Curriculum,CPU,4,2,0,p1
Curriculum_vs_CPU,Curriculum,CPU,5,2,0,p1
Curriculum_vs_CPU,Curriculum,CPU,6,2,0,p1
Curriculum_vs_CPU,Curriculum,CPU,7,2,0,p1
Curriculum_vs_CPU,Curriculum,CPU,8,2,0,p1
Curriculum_vs_CPU,Curriculum,CPU,9,2,0,p1
Curriculum_vs_CPU,Curriculum,CPU,10,2,1,p1
Curriculum_vs_CPU,Curriculum,CPU,11,2,1,p1
Curriculum_vs_CPU,Curriculum,CPU,12,2,0,p1
Curriculum_vs_CPU,Curriculum,CPU,13,2,1,p1
Curriculum_vs_CPU,Curriculum,CPU,14,2,0,p1
Curriculum_vs_CPU,Curriculum,CPU,15,1,2,p2
Curriculum_vs_CPU,Curriculum,CPU,16,1,2,p2
Curriculum_vs_CPU,Curriculum,CPU,17,2,0,p1
Curriculum_vs_CPU,Curriculum,CPU,18,2,0,p1
Curriculum_vs_CPU,Curriculum,CPU,19,2,0,p1
Curriculum_vs_CPU,Curriculum,CPU,20,2,0,p1
Curriculum_vs_CPU,Curriculum,CPU,21,1,2,p2
Curriculum_vs_CPU,Curriculum,CPU,22,2,1,p1
Curriculum_vs_CPU,Curriculum,CPU,23,2,1,p1
Curriculum_vs_CPU,Curriculum,CPU,24,2,0,p1
Curriculum_vs_CPU,Curriculum,CPU,25,2,0,p1
Curriculum_vs_CPU,Curriculum,CPU,26,2,0,p1
Curriculum_vs_CPU,Curriculum,CPU,27,2,1,p1
Curriculum_vs_CPU,Curriculum,CPU,28,2,0,p1
Curriculum_vs_CPU,Curriculum,CPU,29,2,1,p1
Curriculum_vs_CPU,Curriculum,CPU,30,2,1,p1
Curriculum_vs_CPU,Curriculum,CPU,31,1,2,p2
Curriculum_vs_CPU,Curriculum,CPU,32,1,2,p2
Curriculum_vs_CPU,Curriculum,CPU,33,1,2,p2
Curriculum_vs_CPU,Curriculum,CPU,34,2,0,p1
Curriculum_vs_CPU,Curriculum,CPU,35,2,1,p1
Curriculum_vs_CPU,Curriculum,CPU,36,2,0,p1
Curriculum_vs_CPU,Curriculum,CPU,37,2,1,p1
Curriculum_vs_CPU,Curriculum,CPU,38,2,0,p1
Curriculum_vs_CPU,Curriculum,CPU,39,2,0,p1
Curriculum_vs_CPU,Curriculum,CPU,40,2,0,p1
Curriculum_vs_CPU,Curriculum,CPU,41,2,0,p1
Curriculum_vs_CPU,Curriculum,CPU,42,2,0,p1
Curriculum_vs_CPU,Curriculum,CPU,43,2,0,p1
Curriculum_vs_CPU,Curriculum,CPU,44,2,0,p1
Curriculum_vs_CPU,Curriculum,CPU,45,2,0,p1
Curriculum_vs_CPU,Curriculum,CPU,46,2,0,p1
Curriculum_vs_CPU,Curriculum,CPU,47,2,0,p1
Curriculum_vs_CPU,Curriculum,CPU,48,2,0,p1
Curriculum_vs_CPU,Curriculum,CPU,49,2,0,p1
Curriculum_vs_CPU,Curriculum,CPU,50,2,0,p1
Curriculum_vs_CPU,Curriculum,CPU,51,2,0,p1
Curriculum_vs_CPU,Curriculum,CPU,52,2,0,p1
Curriculum_vs_CPU,Curriculum,CPU,53,1,2,p2
Curriculum_vs_CPU,Curriculum,CPU,54,1,2,p2
Curriculum_vs_CPU,Curriculum,CPU,55,2,0,p1
Curriculum_vs_CPU,Curriculum,CPU,56,2,0,p1
Curriculum_vs_CPU,Curriculum,CPU,57,2,0,p1
Curriculum_vs_CPU,Curriculum,CPU,58,2,0,p1
Curriculum_vs_CPU,Curriculum,CPU,59,2,0,p1
Curriculum_vs_CPU,Curriculum,CPU,60,2,0,p1
Curriculum_vs_CPU,Curriculum,CPU,61,2,0,p1
Curriculum_vs_CPU,Curriculum,CPU,62,2,1,p1
Curriculum_vs_CPU,Curriculum,CPU,63,2,1,p1
Curriculum_vs_CPU,Curriculum,CPU,64,2,0,p1
Curriculum_vs_CPU,Curriculum,CPU,65,2,0,p1
Curriculum_vs_CPU,Curriculum,CPU,66,1,2,p2
Curriculum_vs_CPU,Curriculum,CPU,67,2,0,p1
Curriculum_vs_CPU,Curriculum,CPU,68,1,2,p2
Curriculum_vs_CPU,Curriculum,CPU,69,2,0,p1
Curriculum_vs_CPU,Curriculum,CPU,70,2,0,p1
Curriculum_vs_CPU,Curriculum,CPU,71,1,2,p2
Curriculum_vs_CPU,Curriculum,CPU,72,2,1,p1
Curriculum_vs_CPU,Curriculum,CPU,73,2,0,p1
Curriculum_vs_CPU,Curriculum,CPU,74,2,0,p1
Curriculum_vs_CPU,Curriculum,CPU,75,2,0,p1
Curriculum_vs_CPU,Curriculum,CPU,76,2,0,p1
Curriculum_vs_CPU,Curriculum,CPU,77,1,2,p2
Curriculum_vs_CPU,Curriculum,CPU,78,2,0,p1
Curriculum_vs_CPU,Curriculum,CPU,79,2,0,p1
Curriculum_vs_CPU,Curriculum,CPU,80,2,0,p1
Curriculum_vs_CPU,Curriculum,CPU,81,2,1,p1
Curriculum_vs_CPU,Curriculum,CPU,82,2,0,p1
Curriculum_vs_CPU,Curriculum,CPU,83,2,0,p1
Curriculum_vs_CPU,Curriculum,CPU,84,2,0,p1
Curriculum_vs_CPU,Curriculum,CPU,85,2,0,p1
Curriculum_vs_CPU,Curriculum,CPU,86,1,2,p2
Curriculum_vs_CPU,Curriculum,CPU,87,2,0,p1
Curriculum_vs_CPU,Curriculum,CPU,88,1,2,p2
Curriculum_vs_CPU,Curriculum,CPU,89,1,2,p2
Curriculum_vs_CPU,Curriculum,CPU,90,1,2,p2
Curriculum_vs_CPU,Curriculum,CPU,91,2,0,p1
Curriculum_vs_CPU,Curriculum,CPU,92,2,0,p1
Curriculum_vs_CPU,Curriculum,CPU,93,2,0,p1
Curriculum_vs_CPU,Curriculum,CPU,94,2,0,p1
Curriculum_vs_CPU,Curriculum,CPU,95,2,0,p1
Curriculum_vs_CPU,Curriculum,CPU,96,2,0,p1
Curriculum_vs_CPU,Curriculum,CPU,97,1,2,p2
Curriculum_vs_CPU,Curriculum,CPU,98,2,0,p1
Curriculum_vs_CPU,Curriculum,CPU,99,2,0,p1
Curriculum_vs_CPU,Curriculum,CPU,100,2,0,p1
Curriculum_vs_CPU,Curriculum,CPU,101,2,0,p1
Curriculum_vs_CPU,Curriculum,CPU,102,2,0,p1
Curriculum_vs_CPU,Curriculum,CPU,103,2,0,p1
Curriculum_vs_CPU,Curriculum,CPU,104,2,0,p1
Curriculum_vs_CPU,Curriculum,CPU,105,2,0,p1
Curriculum_vs_CPU,Curriculum,CPU,106,2,0,p1
Curriculum_vs_CPU,Curriculum,CPU,107,2,0,p1
Curriculum_vs_CPU,Curriculum,CPU,108,2,0,p1
Curriculum_vs_CPU,Curriculum,CPU,109,2,0,p1
Curriculum_vs_CPU,Curriculum,CPU,110,1,2,p2
Curriculum_vs_CPU,Curriculum,CPU,111,2,0,p1
Curriculum_vs_CPU,Curriculum,CPU,112,2,0,p1
Curriculum_vs_CPU,Curriculum,CPU,113,1,2,p2
Curriculum_vs_CPU,Curriculum,CPU,114,2,1,p1
Curriculum_vs_CPU,Curriculum,CPU,115,2,0,p1
Curriculum_vs_CPU,Curriculum,CPU,116,2,1,p1
Curriculum_vs_CPU,Curriculum,CPU,117,2,1,p1
Curriculum_vs_CPU,Curriculum,CPU,118,2,0,p1
Curriculum_vs_CPU,Curriculum,CPU,119,2,0,p1
Curriculum_vs_CPU,Curriculum,CPU,120,2,0,p1
Curriculum_vs_CPU,Curriculum,CPU,121,2,0,p1
Curriculum_vs_CPU,Curriculum,CPU,122,2,0,p1
Curriculum_vs_CPU,Curriculum,CPU,123,2,0,p1
Curriculum_vs_CPU,Curriculum,CPU,124,1,2,p2
Curriculum_vs_CPU,Curriculum,CPU,125,2,0,p1
Curriculum_vs_CPU,Curriculum,CPU,126,1,2,p2
Curriculum_vs_CPU,Curriculum,CPU,127,2,0,p1
Curriculum_vs_CPU,Curriculum,CPU,128,2,0,p1
Curriculum_vs_CPU,Curriculum,CPU,129,2,0,p1
Curriculum_vs_CPU,Curriculum,CPU,130,2,0,p1
Curriculum_vs_CPU,Curriculum,CPU,131,2,1,p1
Curriculum_vs_CPU,Curriculum,CPU,132,2,1,p1
Curriculum_vs_CPU,Curriculum,CPU,133,2,0,p1
Curriculum_vs_CPU,Curriculum,CPU,134,2,0,p1
Curriculum_vs_CPU,Curriculum,CPU,135,2,1,p1
Curriculum_vs_CPU,Curriculum,CPU,136,2,0,p1
Curriculum_vs_CPU,Curriculum,CPU,137,1,2,p2
Curriculum_vs_CPU,Curriculum,CPU,138,1,2,p2
Curriculum_vs_CPU,Curriculum,CPU,139,2,0,p1
Curriculum_vs_CPU,Curriculum,CPU,140,2,0,p1
Curriculum_vs_CPU,Curriculum,CPU,141,2,1,p1
Curriculum_vs_CPU,Curriculum,CPU,142,2,0,p1
Curriculum_vs_CPU,Curriculum,CPU,143,2,0,p1
Curriculum_vs_CPU,Curriculum,CPU,144,2,1,p1
Curriculum_vs_CPU,Curriculum,CPU,145,2,0,p1
Curriculum_vs_CPU,Curriculum,CPU,146,2,1,p1
Curriculum_vs_CPU,Curriculum,CPU,147,2,0,p1
Curriculum_vs_CPU,Curriculum,CPU,148,2,1,p1
Curriculum_vs_CPU,Curriculum,CPU,149,1,2,p2
Curriculum_vs_CPU,Curriculum,CPU,150,2,0,p1
Curriculum_vs_CPU,Curriculum,CPU,151,1,2,p2
Curriculum_vs_CPU,Curriculum,CPU,152,2,1,p1
Curriculum_vs_CPU,Curriculum,CPU,153,2,0,p1
Curriculum_vs_CPU,Curriculum,CPU,154,2,0,p1
Curriculum_vs_CPU,Curriculum,CPU,155,2,1,p1
Curriculum_vs_CPU,Curriculum,CPU,156,2,0,p1
Curriculum_vs_CPU,Curriculum,CPU,157,2,1,p1
Curriculum_vs_CPU,Curriculum,CPU,158,2,0,p1
Curriculum_vs_CPU,Curriculum,CPU,159,2,0,p1
Curriculum_vs_CPU,Curriculum,CPU,160,2,0,p1
Curriculum_vs_CPU,Curriculum,CPU,161,2,0,p1
Curriculum_vs_CPU,Curriculum,CPU,162,1,2,p2
Curriculum_vs_CPU,Curriculum,CPU,163,2,0,p1
Curriculum_vs_CPU,Curriculum,CPU,164,2,0,p1
Curriculum_vs_CPU,Curriculum,CPU,165,2,0,p1
Curriculum_vs_CPU,Curriculum,CPU,166,2,0,p1
Curriculum_vs_CPU,Curriculum,CPU,167,2,0,p1
Curriculum_vs_CPU,Curriculum,CPU,168,2,1,p1
Curriculum_vs_CPU,Curriculum,CPU,169,2,0,p1
Curriculum_vs_CPU,Curriculum,CPU,170,2,0,p1
Curriculum_vs_CPU,Curriculum,CPU,171,2,0,p1
Curriculum_vs_CPU,Curriculum,CPU,172,2,1,p1
Curriculum_vs_CPU,Curriculum,CPU,173,2,0,p1
Curriculum_vs_CPU,Curriculum,CPU,174,2,0,p1
Curriculum_vs_CPU,Curriculum,CPU,175,2,0,p1
Curriculum_vs_CPU,Curriculum,CPU,176,2,0,p1
Curriculum_vs_CPU,Curriculum,CPU,177,2,0,p1
Curriculum_vs_CPU,Curriculum,CPU,178,2,1,p1
Curriculum_vs_CPU,Curriculum,CPU,179,2,1,p1
Curriculum_vs_CPU,Curriculum,CPU,180,2,0,p1
Curriculum_vs_CPU,Curriculum,CPU,181,2,0,p1
Curriculum_vs_CPU,Curriculum,CPU,182,2,0,p1
Curriculum_vs_CPU,Curriculum,CPU,183,2,0,p1
Curriculum_vs_CPU,Curriculum,CPU,184,1,2,p2
Curriculum_vs_CPU,Curriculum,CPU,185,2,0,p1
Curriculum_vs_CPU,Curriculum,CPU,186,1,2,p2
Curriculum_vs_CPU,Curriculum,CPU,187,2,0,p1
Curriculum_vs_CPU,Curriculum,CPU,188,2,1,p1
Curriculum_vs_CPU,Curriculum,CPU,189,2,0,p1
Curriculum_vs_CPU,Curriculum,CPU,190,1,2,p2
Curriculum_vs_CPU,Curriculum,CPU,191,2,0,p1
Curriculum_vs_CPU,Curriculum,CPU,192,1,2,p2
Curriculum_vs_CPU,Curriculum,CPU,193,2,0,p1
Curriculum_vs_CPU,Curriculum,CPU,194,2,0,p1
Curriculum_vs_CPU,Curriculum,CPU,195,2,1,p1
Curriculum_vs_CPU,Curriculum,CPU,196,1,2,p2
Curriculum_vs_CPU,Curriculum,CPU,197,2,1,p1
Curriculum_vs_CPU,Curriculum,CPU,198,2,0,p1
Curriculum_vs_CPU,Curriculum,CPU,199,1,2,p2
Curriculum_vs_CPU,Curriculum,CPU,200,2,0,p1
Curriculum_vs_CPU,Curriculum,CPU,201,1,2,p2
Curriculum_vs_CPU,Curriculum,CPU,202,2,0,p1
Curriculum_vs_CPU,Curriculum,CPU,203,1,2,p2
Curriculum_vs_CPU,Curriculum,CPU,204,1,2,p2
Curriculum_vs_CPU,Curriculum,CPU,205,1,2,p2
Curriculum_vs_CPU,Curriculum,CPU,206,2,0,p1
Curriculum_vs_CPU,Curriculum,CPU,207,1,2,p2
Curriculum_vs_CPU,Curriculum,CPU,208,2,0,p1
Curriculum_vs_CPU,Curriculum,CPU,209,2,0,p1
Curriculum_vs_CPU,Curriculum,CPU,210,2,1,p1
Curriculum_vs_CPU,Curriculum,CPU,211,2,0,p1
Curriculum_vs_CPU,Curriculum,CPU,212,2,0,p1
Curriculum_vs_CPU,Curriculum,CPU,213,1,2,p2
Curriculum_vs_CPU,Curriculum,CPU,214,2,1,p1
Curriculum_vs_CPU,Curriculum,CPU,215,2,0,p1
Curriculum_vs_CPU,Curriculum,CPU,216,2,0,p1
Curriculum_vs_CPU,Curriculum,CPU,217,2,0,p1
Curriculum_vs_CPU,Curriculum,CPU,218,2,0,p1
Curriculum_vs_CPU,Curriculum,CPU,219,2,0,p1
Curriculum_vs_CPU,Curriculum,CPU,220,2,0,p1
Curriculum_vs_CPU,Curriculum,CPU,221,1,2,p2
Curriculum_vs_CPU,Curriculum,CPU,222,2,0,p1
Curriculum_vs_CPU,Curriculum,CPU,223,2,0,p1
Curriculum_vs_CPU,Curriculum,CPU,224,2,0,p1
Curriculum_vs_CPU,Curriculum,CPU,225,2,0,p1
Curriculum_vs_CPU,Curriculum,CPU,226,0,2,p2
Curriculum_vs_CPU,Curriculum,CPU,227,2,0,p1
Curriculum_vs_CPU,Curriculum,CPU,228,2,0,p1
Curriculum_vs_CPU,Curriculum,CPU,229,2,0,p1
Curriculum_vs_CPU,Curriculum,CPU,230,1,2,p2
Curriculum_vs_CPU,Curriculum,CPU,231,2,1,p1
Curriculum_vs_CPU,Curriculum,CPU,232,2,0,p1
Curriculum_vs_CPU,Curriculum,CPU,233,2,0,p1
Curriculum_vs_CPU,Curriculum,CPU,234,2,1,p1
Curriculum_vs_CPU,Curriculum,CPU,235,2,0,p1
Curriculum_vs_CPU,Curriculum,CPU,236,2,0,p1
Curriculum_vs_CPU,Curriculum,CPU,237,1,2,p2
Curriculum_vs_CPU,Curriculum,CPU,238,2,1,p1
Curriculum_vs_CPU,Curriculum,CPU,239,2,0,p1
Curriculum_vs_CPU,Curriculum,CPU,240,2,0,p1
Curriculum_vs_CPU,Curriculum,CPU,241,2,0,p1
Curriculum_vs_CPU,Curriculum,CPU,242,1,2,p2
Curriculum_vs_CPU,Curriculum,CPU,243,2,0,p1
Curriculum_vs_CPU,Curriculum,CPU,244,2,1,p1
Curriculum_vs_CPU,Curriculum,CPU,245,1,2,p2
Curriculum_vs_CPU,Curriculum,CPU,246,2,0,p1
Curriculum_vs_CPU,Curriculum,CPU,247,2,0,p1
Curriculum_vs_CPU,Curriculum,CPU,248,2,0,p1
Curriculum_vs_CPU,Curriculum,CPU,249,2,1,p1
Curriculum_vs_CPU,Curriculum,CPU,250,2,0,p1
Curriculum_vs_CPU,Curriculum,CPU,251,2,0,p1
Curriculum_vs_CPU,Curriculum,CPU,252,2,0,p1
Curriculum_vs_CPU,Curriculum,CPU,253,1,2,p2
Curriculum_vs_CPU,Curriculum,CPU,254,1,2,p2
Curriculum_vs_CPU,Curriculum,CPU,255,2,0,p1
Curriculum_vs_CPU,Curriculum,CPU,256,2,1,p1
Curriculum_vs_CPU,Curriculum,CPU,257,2,0,p1
Curriculum_vs_CPU,Curriculum,CPU,258,1,2,p2
Curriculum_vs_CPU,Curriculum,CPU,259,1,2,p2
Curriculum_vs_CPU,Curriculum,CPU,260,2,0,p1
Curriculum_vs_CPU,Curriculum,CPU,261,1,2,p2
Curriculum_vs_CPU,Curriculum,CPU,262,2,0,p1
Curriculum_vs_CPU,Curriculum,CPU,263,2,1,p1
Curriculum_vs_CPU,Curriculum,CPU,264,2,0,p1
Curriculum_vs_CPU,Curriculum,CPU,265,2,0,p1
Curriculum_vs_CPU,Curriculum,CPU,266,2,1,p1
Curriculum_vs_CPU,Curriculum,CPU,267,2,1,p1
Curriculum_vs_CPU,Curriculum,CPU,268,1,2,p2
Curriculum_vs_CPU,Curriculum,CPU,269,1,2,p2
Curriculum_vs_CPU,Curriculum,CPU,270,2,0,p1
Curriculum_vs_CPU,Curriculum,CPU,271,2,0,p1
Curriculum_vs_CPU,Curriculum,CPU,272,1,2,p2
Curriculum_vs_CPU,Curriculum,CPU,273,2,0,p1
Curriculum_vs_CPU,Curriculum,CPU,274,1,2,p2
Curriculum_vs_CPU,Curriculum,CPU,275,2,0,p1
Curriculum_vs_CPU,Curriculum,CPU,276,1,2,p2
Curriculum_vs_CPU,Curriculum,CPU,277,1,2,p2
Curriculum_vs_CPU,Curriculum,CPU,278,2,0,p1
Curriculum_vs_CPU,Curriculum,CPU,279,2,0,p1
Curriculum_vs_CPU,Curriculum,CPU,280,2,0,p1
Curriculum_vs_CPU,Curriculum,CPU,281,2,0,p1
Curriculum_vs_CPU,Curriculum,CPU,282,2,0,p1
Curriculum_vs_CPU,Curriculum,CPU,283,2,0,p1
Curriculum_vs_CPU,Curriculum,CPU,284,2,0,p1
Curriculum_vs_CPU,Curriculum,CPU,285,2,0,p1
Curriculum_vs_CPU,Curriculum,CPU,286,2,0,p1
Curriculum_vs_CPU,Curriculum,CPU,287,2,1,p1
Curriculum_vs_CPU,Curriculum,CPU,288,2,0,p1
Curriculum_vs_CPU,Curriculum,CPU,289,2,0,p1
Curriculum_vs_CPU,Curriculum,CPU,290,2,0,p1
Curriculum_vs_CPU,Curriculum,CPU,291,2,0,p1
Curriculum_vs_CPU,Curriculum,CPU,292,2,0,p1
Curriculum_vs_CPU,Curriculum,CPU,293,2,0,p1
Curriculum_vs_CPU,Curriculum,CPU,294,2,1,p1
Curriculum_vs_CPU,Curriculum,CPU,295,2,0,p1
Curriculum_vs_CPU,Curriculum,CPU,296,2,0,p1
Curriculum_vs_CPU,Curriculum,CPU,297,1,2,p2
Curriculum_vs_CPU,Curriculum,CPU,298,2,0,p1
Curriculum_vs_CPU,Curriculum,CPU,299,1,2,p2
Curriculum_vs_CPU,Curriculum,CPU,300,2,0,p1
Curriculum_vs_CPU,Curriculum,CPU,301,2,0,p1
Curriculum_vs_CPU,Curriculum,CPU,302,2,1,p1
Curriculum_vs_CPU,Curriculum,CPU,303,2,0,p1
Curriculum_vs_CPU,Curriculum,CPU,304,2,0,p1
Curriculum_vs_CPU,Curriculum,CPU,305,2,0,p1
Curriculum_vs_CPU,Curriculum,CPU,306,2,0,p1
Curriculum_vs_CPU,Curriculum,CPU,307,2,0,p1
Curriculum_vs_CPU,Curriculum,CPU,308,2,1,p1
Curriculum_vs_CPU,Curriculum,CPU,309,2,0,p1
Curriculum_vs_CPU,Curriculum,CPU,310,2,0,p1
Curriculum_vs_CPU,Curriculum,CPU,311,2,0,p1
Curriculum_vs_CPU,Curriculum,CPU,312,2,0,p1
Curriculum_vs_CPU,Curriculum,CPU,313,2,0,p1
Curriculum_vs_CPU,Curriculum,CPU,314,2,0,p1
Curriculum_vs_CPU,Curriculum,CPU,315,2,0,p1
Curriculum_vs_CPU,Curriculum,CPU,316,2,0,p1
Curriculum_vs_CPU,Curriculum,CPU,317,2,0,p1
Curriculum_vs_CPU,Curriculum,CPU,318,1,1,draw
Curriculum_vs_CPU,Curriculum,CPU,319,2,0,p1
Curriculum_vs_CPU,Curriculum,CPU,320,2,0,p1
Curriculum_vs_CPU,Curriculum,CPU,321,2,0,p1
Curriculum_vs_CPU,Curriculum,CPU,322,2,0,p1
Curriculum_vs_CPU,Curriculum,CPU,323,2,0,p1
Curriculum_vs_CPU,Curriculum,CPU,324,2,0,p1
Curriculum_vs_CPU,Curriculum,CPU,325,2,1,p1
Curriculum_vs_CPU,Curriculum,CPU,326,2,0,p1
Curriculum_vs_CPU,Curriculum,CPU,327,2,0,p1
Curriculum_vs_CPU,Curriculum,CPU,328,2,1,p1
Curriculum_vs_CPU,Curriculum,CPU,329,2,0,p1
Curriculum_vs_CPU,Curriculum,CPU,330,2,1,p1
Curriculum_vs_CPU,Curriculum,CPU,331,2,1,p1
Curriculum_vs_CPU,Curriculum,CPU,332,2,1,p1
Curriculum_vs_CPU,Curriculum,CPU,333,2,0,p1
Curriculum_vs_CPU,Curriculum,CPU,334,2,0,p1
Curriculum_vs_CPU,Curriculum,CPU,335,2,1,p1
Curriculum_vs_CPU,Curriculum,CPU,336,2,0,p1
Curriculum_vs_CPU,Curriculum,CPU,337,2,0,p1
Curriculum_vs_CPU,Curriculum,CPU,338,2,1,p1
Curriculum_vs_CPU,Curriculum,CPU,339,2,0,p1
Curriculum_vs_CPU,Curriculum,CPU,340,2,1,p1
Curriculum_vs_CPU,Curriculum,CPU,341,2,0,p1
Curriculum_vs_CPU,Curriculum,CPU,342,2,0,p1
Curriculum_vs_CPU,Curriculum,CPU,343,2,0,p1
Curriculum_vs_CPU,Curriculum,CPU,344,2,0,p1
Curriculum_vs_CPU,Curriculum,CPU,345,2,0,p1
Curriculum_vs_CPU,Curriculum,CPU,346,2,0,p1
Curriculum_vs_CPU,Curriculum,CPU,347,2,0,p1
Curriculum_vs_CPU,Curriculum,CPU,348,2,0,p1
Curriculum_vs_CPU,Curriculum,CPU,349,2,0,p1
Curriculum_vs_CPU,Curriculum,CPU,350,2,0,p1
Curriculum_vs_CPU,Curriculum,CPU,351,2,0,p1
Curriculum_vs_CPU,Curriculum,CPU,352,1,2,p2
Curriculum_vs_CPU,Curriculum,CPU,353,2,0,p1
Curriculum_vs_CPU,Curriculum,CPU,354,2,1,p1
Curriculum_vs_CPU,Curriculum,CPU,355,2,0,p1
Curriculum_vs_CPU,Curriculum,CPU,356,2,0,p1
Curriculum_vs_CPU,Curriculum,CPU,357,2,0,p1
Curriculum_vs_CPU,Curriculum,CPU,358,2,1,p1
Curriculum_vs_CPU,Curriculum,CPU,359,2,0,p1
Curriculum_vs_CPU,Curriculum,CPU,360,2,0,p1
Curriculum_vs_CPU,Curriculum,CPU,361,2,0,p1
Curriculum_vs_CPU,Curriculum,CPU,362,2,0,p1
Curriculum_vs_CPU,Curriculum,CPU,363,1,2,p2
Curriculum_vs_CPU,Curriculum,CPU,364,2,0,p1
Curriculum_vs_CPU,Curriculum,CPU,365,2,0,p1
Curriculum_vs_CPU,Curriculum,CPU,366,2,0,p1
Curriculum_vs_CPU,Curriculum,CPU,367,2,0,p1
Curriculum_vs_CPU,Curriculum,CPU,368,2,0,p1
Curriculum_vs_CPU,Curriculum,CPU,369,2,0,p1
Curriculum_vs_CPU,Curriculum,CPU,370,2,1,p1
Curriculum_vs_CPU,Curriculum,CPU,371,2,0,p1
Curriculum_vs_CPU,Curriculum,CPU,372,2,0,p1
Curriculum_vs_CPU,Curriculum,CPU,373,2,0,p1
Curriculum_vs_CPU,Curriculum,CPU,374,2,1,p1
Curriculum_vs_CPU,Curriculum,CPU,375,2,1,p1
Curriculum_vs_CPU,Curriculum,CPU,376,2,0,p1
Curriculum_vs_CPU,Curriculum,CPU,377,2,0,p1
Curriculum_vs_CPU,Curriculum,CPU,378,2,0,p1
Curriculum_vs_CPU,Curriculum,CPU,379,2,0,p1
Curriculum_vs_CPU,Curriculum,CPU,380,2,1,p1
Curriculum_vs_CPU,Curriculum,CPU,381,2,0,p1
Curriculum_vs_CPU,Curriculum,CPU,382,2,0,p1
Curriculum_vs_CPU,Curriculum,CPU,383,1,2,p2
Curriculum_vs_CPU,Curriculum,CPU,384,2,1,p1
Curriculum_vs_CPU,Curriculum,CPU,385,2,1,p1
Curriculum_vs_CPU,Curriculum,CPU,386,2,0,p1
Curriculum_vs_CPU,Curriculum,CPU,387,2,0,p1
Curriculum_vs_CPU,Curriculum,CPU,388,2,0,p1
Curriculum_vs_CPU,Curriculum,CPU,389,2,1,p1
Curriculum_vs_CPU,Curriculum,CPU,390,2,0,p1
Curriculum_vs_CPU,Curriculum,CPU,391,2,0,p1
Curriculum_vs_CPU,Curriculum,CPU,392,2,0,p1
Curriculum_vs_CPU,Curriculum,CPU,393,2,0,p1
Curriculum_vs_CPU,Curriculum,CPU,394,2,1,p1
Curriculum_vs_CPU,Curriculum,CPU,395,2,1,p1
Curriculum_vs_CPU,Curriculum,CPU,396,2,0,p1
Curriculum_vs_CPU,Curriculum,CPU,397,2,0,p1
Curriculum_vs_CPU,Curriculum,CPU,398,2,0,p1
Curriculum_vs_CPU,Curriculum,CPU,399,2,0,p1
Curriculum_vs_CPU,Curriculum,CPU,400,2,0,p1
Curriculum_vs_CPU,Curriculum,CPU,401,2,0,p1
Curriculum_vs_CPU,Curriculum,CPU,402,2,0,p1
Curriculum_vs_CPU,Curriculum,CPU,403,1,2,p2
Curriculum_vs_CPU,Curriculum,CPU,404,2,0,p1
Curriculum_vs_CPU,Curriculum,CPU,405,2,1,p1
Curriculum_vs_CPU,Curriculum,CPU,406,2,0,p1
Curriculum_vs_CPU,Curriculum,CPU,407,2,1,p1
Curriculum_vs_CPU,Curriculum,CPU,408,2,0,p1
Curriculum_vs_CPU,Curriculum,CPU,409,2,0,p1
Curriculum_vs_CPU,Curriculum,CPU,410,2,0,p1
Curriculum_vs_CPU,Curriculum,CPU,411,2,0,p1
Curriculum_vs_CPU,Curriculum,CPU,412,2,0,p1
Curriculum_vs_CPU,Curriculum,CPU,413,2,0,p1
Curriculum_vs_CPU,Curriculum,CPU,414,2,1,p1
Curriculum_vs_CPU,Curriculum,CPU,415,2,0,p1
Curriculum_vs_CPU,Curriculum,CPU,416,2,1,p1
Curriculum_vs_CPU,Curriculum,CPU,417,2,0,p1
Curriculum_vs_CPU,Curriculum,CPU,418,2,0,p1
Curriculum_vs_CPU,Curriculum,CPU,419,2,1,p1
Curriculum_vs_CPU,Curriculum,CPU,420,2,1,p1
Curriculum_vs_CPU,Curriculum,CPU,421,2,0,p1
Curriculum_vs_CPU,Curriculum,CPU,422,2,0,p1
Curriculum_vs_CPU,Curriculum,CPU,423,2,0,p1
Curriculum_vs_CPU,Curriculum,CPU,424,2,1,p1
Curriculum_vs_CPU,Curriculum,CPU,425,2,1,p1
Curriculum_vs_CPU,Curriculum,CPU,426,2,1,p1
Curriculum_vs_CPU,Curriculum,CPU,427,2,0,p1
Curriculum_vs_CPU,Curriculum,CPU,428,2,0,p1
Curriculum_vs_CPU,Curriculum,CPU,429,2,0,p1
Curriculum_vs_CPU,Curriculum,CPU,430,2,0,p1
Curriculum_vs_CPU,Curriculum,CPU,431,2,0,p1
Curriculum_vs_CPU,Curriculum,CPU,432,2,0,p1
Curriculum_vs_CPU,Curriculum,CPU,433,2,0,p1
Curriculum_vs_CPU,Curriculum,CPU,434,2,0,p1
Curriculum_vs_CPU,Curriculum,CPU,435,2,0,p1
Curriculum_vs_CPU,Curriculum,CPU,436,2,0,p1
Curriculum_vs_CPU,Curriculum,CPU,437,2,0,p1
Curriculum_vs_CPU,Curriculum,CPU,438,2,0,p1
Curriculum_vs_CPU,Curriculum,CPU,439,2,0,p1
Curriculum_vs_CPU,Curriculum,CPU,440,2,1,p1
Curriculum_vs_CPU,Curriculum,CPU,441,1,2,p2
Curriculum_vs_CPU,Curriculum,CPU,442,2,0,p1
Curriculum_vs_CPU,Curriculum,CPU,443,2,0,p1
Curriculum_vs_CPU,Curriculum,CPU,444,2,0,p1
Curriculum_vs_CPU,Curriculum,CPU,445,2,0,p1
Curriculum_vs_CPU,Curriculum,CPU,446,2,1,p1
Curriculum_vs_CPU,Curriculum,CPU,447,2,1,p1
Curriculum_vs_CPU,Curriculum,CPU,448,2,0,p1
Curriculum_vs_CPU,Curriculum,CPU,449,2,1,p1
Curriculum_vs_CPU,Curriculum,CPU,450,2,0,p1
Curriculum_vs_CPU,Curriculum,CPU,451,2,0,p1
Curriculum_vs_CPU,Curriculum,CPU,452,2,0,p1
Curriculum_vs_CPU,Curriculum,CPU,453,2,0,p1
Curriculum_vs_CPU,Curriculum,CPU,454,2,0,p1
Curriculum_vs_CPU,Curriculum,CPU,455,2,0,p1
Curriculum_vs_CPU,Curriculum,CPU,456,2,0,p1
Curriculum_vs_CPU,Curriculum,CPU,457,2,0,p1
Curriculum_vs_CPU,Curriculum,CPU,458,2,0,p1
Curriculum_vs_CPU,Curriculum,CPU,459,1,2,p2
Curriculum_vs_CPU,Curriculum,CPU,460,2,0,p1
Curriculum_vs_CPU,Curriculum,CPU,461,2,1,p1
Curriculum_vs_CPU,Curriculum,CPU,462,2,1,p1
Curriculum_vs_CPU,Curriculum,CPU,463,2,1,p1
Curriculum_vs_CPU,Curriculum,CPU,464,2,0,p1
Curriculum_vs_CPU,Curriculum,CPU,465,2,0,p1
Curriculum_vs_CPU,Curriculum,CPU,466,2,1,p1
Curriculum_vs_CPU,Curriculum,CPU,467,2,1,p1
Curriculum_vs_CPU,Curriculum,CPU,468,1,2,p2
Curriculum_vs_CPU,Curriculum,CPU,469,2,1,p1
Curriculum_vs_CPU,Curriculum,CPU,470,2,0,p1
Curriculum_vs_CPU,Curriculum,CPU,471,2,0,p1
Curriculum_vs_CPU,Curriculum,CPU,472,2,0,p1
Curriculum_vs_CPU,Curriculum,CPU,473,1,2,p2
Curriculum_vs_CPU,Curriculum,CPU,474,2,0,p1
Curriculum_vs_CPU,Curriculum,CPU,475,2,0,p1
Curriculum_vs_CPU,Curriculum,CPU,476,2,0,p1
Curriculum_vs_CPU,Curriculum,CPU,477,1,2,p2
Curriculum_vs_CPU,Curriculum,CPU,478,2,0,p1
Curriculum_vs_CPU,Curriculum,CPU,479,2,0,p1
Curriculum_vs_CPU,Curriculum,CPU,480,2,0,p1
Curriculum_vs_CPU,Curriculum,CPU,481,2,0,p1
Curriculum_vs_CPU,Curriculum,CPU,482,2,1,p1
Curriculum_vs_CPU,Curriculum,CPU,483,2,0,p1
Curriculum_vs_CPU,Curriculum,CPU,484,2,0,p1
Curriculum_vs_CPU,Curriculum,CPU,485,1,2,p2
Curriculum_vs_CPU,Curriculum,CPU,486,2,0,p1
Curriculum_vs_CPU,Curriculum,CPU,487,2,0,p1
Curriculum_vs_CPU,Curriculum,CPU,488,2,0,p1
Curriculum_vs_CPU,Curriculum,CPU,489,2,1,p1
Curriculum_vs_CPU,Curriculum,CPU,490,2,0,p1
Curriculum_vs_CPU,Curriculum,CPU,491,2,0,p1
Curriculum_vs_CPU,Curriculum,CPU,492,2,0,p1
Curriculum_vs_CPU,Curriculum,CPU,493,2,0,p1
Curriculum_vs_CPU,Curriculum,CPU,494,2,0,p1
Curriculum_vs_CPU,Curriculum,CPU,495,2,0,p1
Curriculum_vs_CPU,Curriculum,CPU,496,2,0,p1
Curriculum_vs_CPU,Curriculum,CPU,497,2,0,p1
Curriculum_vs_CPU,Curriculum,CPU,498,2,0,p1
Curriculum_vs_CPU,Curriculum,CPU,499,1,2,p2
Curriculum_vs_CPU,Curriculum,CPU,500,2,0,p1
Curriculum_vs_CPU,Curriculum,CPU,501,2,0,p1
Curriculum_vs_CPU,Curriculum,CPU,502,2,0,p1
Curriculum_vs_CPU,Curriculum,CPU,503,2,0,p1
Curriculum_vs_CPU,Curriculum,CPU,504,2,0,p1
Curriculum_vs_CPU,Curriculum,CPU,505,2,1,p1
Curriculum_vs_CPU,Curriculum,CPU,506,1,2,p2
Curriculum_vs_CPU,Curriculum,CPU,507,2,1,p1
Curriculum_vs_CPU,Curriculum,CPU,508,2,0,p1
Curriculum_vs_CPU,Curriculum,CPU,509,2,0,p1
Curriculum_vs_CPU,Curriculum,CPU,510,2,0,p1
Curriculum_vs_CPU,Curriculum,CPU,511,2,0,p1
Curriculum_vs_CPU,Curriculum,CPU,512,2,1,p1
Curriculum_vs_CPU,Curriculum,CPU,513,2,0,p1
Curriculum_vs_CPU,Curriculum,CPU,514,2,1,p1
Curriculum_vs_CPU,Curriculum,CPU,515,2,0,p1
Curriculum_vs_CPU,Curriculum,CPU,516,2,0,p1
Curriculum_vs_CPU,Curriculum,CPU,517,2,0,p1
Curriculum_vs_CPU,Curriculum,CPU,518,2,0,p1
Curriculum_vs_CPU,Curriculum,CPU,519,2,1,p1
Curriculum_vs_CPU,Curriculum,CPU,520,2,1,p1
Curriculum_vs_CPU,Curriculum,CPU,521,2,0,p1
Curriculum_vs_CPU,Curriculum,CPU,522,2,1,p1
Curriculum_vs_CPU,Curriculum,CPU,523,2,0,p1
Curriculum_vs_CPU,Curriculum,CPU,524,2,0,p1
Curriculum_vs_CPU,Curriculum,CPU,525,2,0,p1
Curriculum_vs_CPU,Curriculum,CPU,526,2,0,p1
Curriculum_vs_CPU,Curriculum,CPU,527,2,0,p1
Curriculum_vs_CPU,Curriculum,CPU,528,2,0,p1
Curriculum_vs_CPU,Curriculum,CPU,529,1,2,p2
Curriculum_vs_CPU,Curriculum,CPU,530,2,0,p1
Curriculum_vs_CPU,Curriculum,CPU,531,2,0,p1
Curriculum_vs_CPU,Curriculum,CPU,532,2,0,p1
Curriculum_vs_CPU,Curriculum,CPU,533,2,0,p1
Curriculum_vs_CPU,Curriculum,CPU,534,2,0,p1
Curriculum_vs_CPU,Curriculum,CPU,535,2,0,p1
Curriculum_vs_CPU,Curriculum,CPU,536,2,0,p1
Curriculum_vs_CPU,Curriculum,CPU,537,2,0,p1
Curriculum_vs_CPU,Curriculum,CPU,538,2,0,p1
Curriculum_vs_CPU,Curriculum,CPU,539,2,1,p1
Curriculum_vs_CPU,Curriculum,CPU,540,2,0,p1
Curriculum_vs_CPU,Curriculum,CPU,541,1,2,p2
Curriculum_vs_CPU,Curriculum,CPU,542,2,0,p1
Curriculum_vs_CPU,Curriculum,CPU,543,2,1,p1
Curriculum_vs_CPU,Curriculum,CPU,544,2,0,p1
Curriculum_vs_CPU,Curriculum,CPU,545,2,0,p1
Curriculum_vs_CPU,Curriculum,CPU,546,2,0,p1
Curriculum_vs_CPU,Curriculum,CPU,547,2,0,p1
Curriculum_vs_CPU,Curriculum,CPU,548,2,1,p1
Curriculum_vs_CPU,Curriculum,CPU,549,1,2,p2
Curriculum_vs_CPU,Curriculum,CPU,550,2,0,p1
Curriculum_vs_CPU,Curriculum,CPU,551,1,2,p2
Curriculum_vs_CPU,Curriculum,CPU,552,2,0,p1
Curriculum_vs_CPU,Curriculum,CPU,553,2,0,p1
Curriculum_vs_CPU,Curriculum,CPU,554,2,0,p1
Curriculum_vs_CPU,Curriculum,CPU,555,2,0,p1
Curriculum_vs_CPU,Curriculum,CPU,556,2,0,p1
Curriculum_vs_CPU,Curriculum,CPU,557,2,0,p1
Curriculum_vs_CPU,Curriculum,CPU,558,2,0,p1
Curriculum_vs_CPU,Curriculum,CPU,559,2,0,p1
Curriculum_vs_CPU,Curriculum,CPU,560,1,2,p2
Curriculum_vs_CPU,Curriculum,CPU,561,2,0,p1
Curriculum_vs_CPU,Curriculum,CPU,562,2,1,p1
Curriculum_vs_CPU,Curriculum,CPU,563,2,0,p1
Curriculum_vs_CPU,Curriculum,CPU,564,2,0,p1
Curriculum_vs_CPU,Curriculum,CPU,565,2,0,p1
Curriculum_vs_CPU,Curriculum,CPU,566,2,0,p1
Curriculum_vs_CPU,Curriculum,CPU,567,2,0,p1
Curriculum_vs_CPU,Curriculum,CPU,568,2,0,p1
Curriculum_vs_CPU,Curriculum,CPU,569,1,2,p2
Curriculum_vs_CPU,Curriculum,CPU,570,2,1,p1
Curriculum_vs_CPU,Curriculum,CPU,571,2,0,p1
Curriculum_vs_CPU,Curriculum,CPU,572,2,1,p1
Curriculum_vs_CPU,Curriculum,CPU,573,2,1,p1
Curriculum_vs_CPU,Curriculum,CPU,574,1,2,p2
Curriculum_vs_CPU,Curriculum,CPU,575,2,0,p1
Curriculum_vs_CPU,Curriculum,CPU,576,2,0,p1
Curriculum_vs_CPU,Curriculum,CPU,577,2,0,p1
Curriculum_vs_CPU,Curriculum,CPU,578,2,0,p1
Curriculum_vs_CPU,Curriculum,CPU,579,2,0,p1
Curriculum_vs_CPU,Curriculum,CPU,580,2,0,p1
Curriculum_vs_CPU,Curriculum,CPU,581,2,0,p1
Curriculum_vs_CPU,Curriculum,CPU,582,2,1,p1
Curriculum_vs_CPU,Curriculum,CPU,583,2,0,p1
Curriculum_vs_CPU,Curriculum,CPU,584,2,0,p1
Curriculum_vs_CPU,Curriculum,CPU,585,2,0,p1
Curriculum_vs_CPU,Curriculum,CPU,586,2,0,p1
Curriculum_vs_CPU,Curriculum,CPU,587,2,0,p1
Curriculum_vs_CPU,Curriculum,CPU,588,2,0,p1
Curriculum_vs_CPU,Curriculum,CPU,589,2,0,p1
Curriculum_vs_CPU,Curriculum,CPU,590,2,0,p1
Curriculum_vs_CPU,Curriculum,CPU,591,2,0,p1
Curriculum_vs_CPU,Curriculum,CPU,592,2,0,p1
Curriculum_vs_CPU,Curriculum,CPU,593,2,0,p1
Curriculum_vs_CPU,Curriculum,CPU,594,2,0,p1
Curriculum_vs_CPU,Curriculum,CPU,595,2,0,p1
Curriculum_vs_CPU,Curriculum,CPU,596,2,0,p1
Curriculum_vs_CPU,Curriculum,CPU,597,1,2,p2
Curriculum_vs_CPU,Curriculum,CPU,598,2,0,p1
Curriculum_vs_CPU,Curriculum,CPU,599,2,0,p1
Curriculum_vs_CPU,Curriculum,CPU,600,2,1,p1
Curriculum_vs_CPU,Curriculum,CPU,601,2,1,p1
Curriculum_vs_CPU,Curriculum,CPU,602,2,0,p1
Curriculum_vs_CPU,Curriculum,CPU,603,2,1,p1
Curriculum_vs_CPU,Curriculum,CPU,604,2,0,p1
Curriculum_vs_CPU,Curriculum,CPU,605,2,1,p1
Curriculum_vs_CPU,Curriculum,CPU,606,2,0,p1
Curriculum_vs_CPU,Curriculum,CPU,607,2,1,p1
Curriculum_vs_CPU,Curriculum,CPU,608,2,1,p1
Curriculum_vs_CPU,Curriculum,CPU,609,2,0,p1
Curriculum_vs_CPU,Curriculum,CPU,610,2,0,p1
Curriculum_vs_CPU,Curriculum,CPU,611,2,0,p1
Curriculum_vs_CPU,Curriculum,CPU,612,2,0,p1
Curriculum_vs_CPU,Curriculum,CPU,613,2,1,p1
Curriculum_vs_CPU,Curriculum,CPU,614,1,2,p2
Curriculum_vs_CPU,Curriculum,CPU,615,2,0,p1
Curriculum_vs_CPU,Curriculum,CPU,616,2,0,p1
Curriculum_vs_CPU,Curriculum,CPU,617,2,0,p1
Curriculum_vs_CPU,Curriculum,CPU,618,2,0,p1
Curriculum_vs_CPU,Curriculum,CPU,619,2,0,p1
Curriculum_vs_CPU,Curriculum,CPU,620,2,0,p1
Curriculum_vs_CPU,Curriculum,CPU,621,1,2,p2
Curriculum_vs_CPU,Curriculum,CPU,622,2,1,p1
Curriculum_vs_CPU,Curriculum,CPU,623,2,0,p1
Curriculum_vs_CPU,Curriculum,CPU,624,2,0,p1
Curriculum_vs_CPU,Curriculum,CPU,625,2,0,p1
Curriculum_vs_CPU,Curriculum,CPU,626,2,0,p1
Curriculum_vs_CPU,Curriculum,CPU,627,2,0,p1
Curriculum_vs_CPU,Curriculum,CPU,628,2,1,p1
Curriculum_vs_CPU,Curriculum,CPU,629,2,0,p1
Curriculum_vs_CPU,Curriculum,CPU,630,2,0,p1
Curriculum_vs_CPU,Curriculum,CPU,631,2,0,p1
Curriculum_vs_CPU,Curriculum,CPU,632,1,2,p2
Curriculum_vs_CPU,Curriculum,CPU,633,2,0,p1
Curriculum_vs_CPU,Curriculum,CPU,634,2,0,p1
Curriculum_vs_CPU,Curriculum,CPU,635,2,1,p1
Curriculum_vs_CPU,Curriculum,CPU,636,2,1,p1
Curriculum_vs_CPU,Curriculum,CPU,637,1,2,p2
Curriculum_vs_CPU,Curriculum,CPU,638,2,1,p1
Curriculum_vs_CPU,Curriculum,CPU,639,2,0,p1
Curriculum_vs_CPU,Curriculum,CPU,640,2,0,p1
Curriculum_vs_CPU,Curriculum,CPU,641,2,1,p1
Curriculum_vs_CPU,Curriculum,CPU,642,2,1,p1
Curriculum_vs_CPU,Curriculum,CPU,643,2,1,p1
Curriculum_vs_CPU,Curriculum,CPU,644,2,0,p1
Curriculum_vs_CPU,Curriculum,CPU,645,1,2,p2
Curriculum_vs_CPU,Curriculum,CPU,646,2,0,p1
Curriculum_vs_CPU,Curriculum,CPU,647,2,0,p1
Curriculum_vs_CPU,Curriculum,CPU,648,2,1,p1
Curriculum_vs_CPU,Curriculum,CPU,649,2,0,p1
Curriculum_vs_CPU,Curriculum,CPU,650,2,0,p1
Curriculum_vs_CPU,Curriculum,CPU,651,2,0,p1
Curriculum_vs_CPU,Curriculum,CPU,652,2,0,p1
Curriculum_vs_CPU,Curriculum,CPU,653,2,1,p1
Curriculum_vs_CPU,Curriculum,CPU,654,2,0,p1
Curriculum_vs_CPU,Curriculum,CPU,655,2,0,p1
Curriculum_vs_CPU,Curriculum,CPU,656,2,1,p1
Curriculum_vs_CPU,Curriculum,CPU,657,2,0,p1
Curriculum_vs_CPU,Curriculum,CPU,658,2,0,p1
Curriculum_vs_CPU,Curriculum,CPU,659,2,0,p1
Curriculum_vs_CPU,Curriculum,CPU,660,2,0,p1
Curriculum_vs_CPU,Curriculum,CPU,661,2,0,p1
Curriculum_vs_CPU,Curriculum,CPU,662,2,0,p1
Curriculum_vs_CPU,Curriculum,CPU,663,2,0,p1
Curriculum_vs_CPU,Curriculum,CPU,664,2,1,p1
Curriculum_vs_CPU,Curriculum,CPU,665,2,0,p1
Curriculum_vs_CPU,Curriculum,CPU,666,2,0,p1
Curriculum_vs_CPU,Curriculum,CPU,667,2,1,p1
Curriculum_vs_CPU,Curriculum,CPU,668,2,1,p1
Curriculum_vs_CPU,Curriculum,CPU,669,2,0,p1
Curriculum_vs_CPU,Curriculum,CPU,670,2,1,p1
Curriculum_vs_CPU,Curriculum,CPU,671,2,1,p1
Curriculum_vs_CPU,Curriculum,CPU,672,2,0,p1
Curriculum_vs_CPU,Curriculum,CPU,673,2,1,p1
Curriculum_vs_CPU,Curriculum,CPU,674,1,2,p2
Curriculum_vs_CPU,Curriculum,CPU,675,2,0,p1
Curriculum_vs_CPU,Curriculum,CPU,676,2,0,p1
Curriculum_vs_CPU,Curriculum,CPU,677,2,0,p1
Curriculum_vs_CPU,Curriculum,CPU,678,2,0,p1
Curriculum_vs_CPU,Curriculum,CPU,679,2,0,p1
Curriculum_vs_CPU,Curriculum,CPU,680,2,0,p1
Curriculum_vs_CPU,Curriculum,CPU,681,2,0,p1
Curriculum_vs_CPU,Curriculum,CPU,682,2,0,p1
Curriculum_vs_CPU,Curriculum,CPU,683,2,1,p1
Curriculum_vs_CPU,Curriculum,CPU,684,2,0,p1
Curriculum_vs_CPU,Curriculum,CPU,685,2,0,p1
Curriculum_vs_CPU,Curriculum,CPU,686,2,0,p1
Curriculum_vs_CPU,Curriculum,CPU,687,2,0,p1
Curriculum_vs_CPU,Curriculum,CPU,688,2,0,p1
Curriculum_vs_CPU,Curriculum,CPU,689,2,1,p1
Curriculum_vs_CPU,Curriculum,CPU,690,1,2,p2
Curriculum_vs_CPU,Curriculum,CPU,691,2,0,p1
Curriculum_vs_CPU,Curriculum,CPU,692,2,0,p1
Curriculum_vs_CPU,Curriculum,CPU,693,2,0,p1
Curriculum_vs_CPU,Curriculum,CPU,694,2,0,p1
Curriculum_vs_CPU,Curriculum,CPU,695,2,0,p1
Curriculum_vs_CPU,Curriculum,CPU,696,2,0,p1
Curriculum_vs_CPU,Curriculum,CPU,697,2,0,p1
Curriculum_vs_CPU,Curriculum,CPU,698,1,2,p2
Curriculum_vs_CPU,Curriculum,CPU,699,2,0,p1
Curriculum_vs_CPU,Curriculum,CPU,700,2,0,p1
Curriculum_vs_CPU,Curriculum,CPU,701,2,0,p1
Curriculum_vs_CPU,Curriculum,CPU,702,2,1,p1
Curriculum_vs_CPU,Curriculum,CPU,703,2,0,p1
Curriculum_vs_CPU,Curriculum,CPU,704,2,0,p1
Curriculum_vs_CPU,Curriculum,CPU,705,2,0,p1
Curriculum_vs_CPU,Curriculum,CPU,706,2,0,p1
Curriculum_vs_CPU,Curriculum,CPU,707,2,0,p1
Curriculum_vs_CPU,Curriculum,CPU,708,2,1,p1
Curriculum_vs_CPU,Curriculum,CPU,709,2,0,p1
Curriculum_vs_CPU,Curriculum,CPU,710,2,0,p1
Curriculum_vs_CPU,Curriculum,CPU,711,2,0,p1
Curriculum_vs_CPU,Curriculum,CPU,712,2,0,p1
Curriculum_vs_CPU,Curriculum,CPU,713,2,1,p1
Curriculum_vs_CPU,Curriculum,CPU,714,2,0,p1
Curriculum_vs_CPU,Curriculum,CPU,715,2,0,p1
Curriculum_vs_CPU,Curriculum,CPU,716,2,0,p1
Curriculum_vs_CPU,Curriculum,CPU,717,1,2,p2
Curriculum_vs_CPU,Curriculum,CPU,718,1,2,p2
Curriculum_vs_CPU,Curriculum,CPU,719,1,2,p2
Curriculum_vs_CPU,Curriculum,CPU,720,2,1,p1
Curriculum_vs_CPU,Curriculum,CPU,721,2,0,p1
Curriculum_vs_CPU,Curriculum,CPU,722,2,0,p1
Curriculum_vs_CPU,Curriculum,CPU,723,2,0,p1
Curriculum_vs_CPU,Curriculum,CPU,724,2,0,p1
Curriculum_vs_CPU,Curriculum,CPU,725,2,1,p1
Curriculum_vs_CPU,Curriculum,CPU,726,2,1,p1
Curriculum_vs_CPU,Curriculum,CPU,727,2,1,p1
Curriculum_vs_CPU,Curriculum,CPU,728,2,1,p1
Curriculum_vs_CPU,Curriculum,CPU,729,2,0,p1
Curriculum_vs_CPU,Curriculum,CPU,730,2,0,p1
Curriculum_vs_CPU,Curriculum,CPU,731,2,0,p1
Curriculum_vs_CPU,Curriculum,CPU,732,2,0,p1
Curriculum_vs_CPU,Curriculum,CPU,733,2,0,p1
Curriculum_vs_CPU,Curriculum,CPU,734,2,0,p1
Curriculum_vs_CPU,Curriculum,CPU,735,2,0,p1
Curriculum_vs_CPU,Curriculum,CPU,736,1,2,p2
Curriculum_vs_CPU,Curriculum,CPU,737,1,2,p2
Curriculum_vs_CPU,Curriculum,CPU,738,2,1,p1
Curriculum_vs_CPU,Curriculum,CPU,739,2,0,p1
Curriculum_vs_CPU,Curriculum,CPU,740,2,0,p1
Curriculum_vs_CPU,Curriculum,CPU,741,2,0,p1
Curriculum_vs_CPU,Curriculum,CPU,742,2,1,p1
Curriculum_vs_CPU,Curriculum,CPU,743,2,0,p1
Curriculum_vs_CPU,Curriculum,CPU,744,2,0,p1
Curriculum_vs_CPU,Curriculum,CPU,745,2,0,p1
Curriculum_vs_CPU,Curriculum,CPU,746,2,0,p1
Curriculum_vs_CPU,Curriculum,CPU,747,2,0,p1
Curriculum_vs_CPU,Curriculum,CPU,748,2,1,p1
Curriculum_vs_CPU,Curriculum,CPU,749,2,0,p1
Curriculum_vs_CPU,Curriculum,CPU,750,2,0,p1
Curriculum_vs_CPU,Curriculum,CPU,751,2,0,p1
Curriculum_vs_CPU,Curriculum,CPU,752,2,1,p1
Curriculum_vs_CPU,Curriculum,CPU,753,2,1,p1
Curriculum_vs_CPU,Curriculum,CPU,754,2,0,p1
Curriculum_vs_CPU,Curriculum,CPU,755,1,2,p2
Curriculum_vs_CPU,Curriculum,CPU,756,2,0,p1
Curriculum_vs_CPU,Curriculum,CPU,757,1,2,p2
Curriculum_vs_CPU,Curriculum,CPU,758,2,1,p1
Curriculum_vs_CPU,Curriculum,CPU,759,2,1,p1
Curriculum_vs_CPU,Curriculum,CPU,760,2,0,p1
Curriculum_vs_CPU,Curriculum,CPU,761,2,0,p1
Curriculum_vs_CPU,Curriculum,CPU,762,2,0,p1
Curriculum_vs_CPU,Curriculum,CPU,763,2,0,p1
Curriculum_vs_CPU,Curriculum,CPU,764,2,0,p1
Curriculum_vs_CPU,Curriculum,CPU,765,2,0,p1
Curriculum_vs_CPU,Curriculum,CPU,766,2,0,p1
Curriculum_vs_CPU,Curriculum,CPU,767,2,0,p1
Curriculum_vs_CPU,Curriculum,CPU,768,2,0,p1
Curriculum_vs_CPU,Curriculum,CPU,769,2,0,p1
Curriculum_vs_CPU,Curriculum,CPU,770,2,0,p1
Curriculum_vs_CPU,Curriculum,CPU,771,2,0,p1
Curriculum_vs_CPU,Curriculum,CPU,772,2,0,p1
Curriculum_vs_CPU,Curriculum,CPU,773,2,1,p1
Curriculum_vs_CPU,Curriculum,CPU,774,2,1,p1
Curriculum_vs_CPU,Curriculum,CPU,775,2,0,p1
Curriculum_vs_CPU,Curriculum,CPU,776,2,0,p1
Curriculum_vs_CPU,Curriculum,CPU,777,2,0,p1
Curriculum_vs_CPU,Curriculum,CPU,778,2,0,p1
Curriculum_vs_CPU,Curriculum,CPU,779,2,0,p1
Curriculum_vs_CPU,Curriculum,CPU,780,2,0,p1
Curriculum_vs_CPU,Curriculum,CPU,781,2,0,p1
Curriculum_vs_CPU,Curriculum,CPU,782,2,1,p1
Curriculum_vs_CPU,Curriculum,CPU,783,2,0,p1
Curriculum_vs_CPU,Curriculum,CPU,784,2,0,p1
Curriculum_vs_CPU,Curriculum,CPU,785,2,0,p1
Curriculum_vs_CPU,Curriculum,CPU,786,2,0,p1
Curriculum_vs_CPU,Curriculum,CPU,787,2,0,p1
Curriculum_vs_CPU,Curriculum,CPU,788,2,0,p1
Curriculum_vs_CPU,Curriculum,CPU,789,2,1,p1
Curriculum_vs_CPU,Curriculum,CPU,790,2,0,p1
Curriculum_vs_CPU,Curriculum,CPU,791,2,0,p1
Curriculum_vs_CPU,Curriculum,CPU,792,2,0,p1
Curriculum_vs_CPU,Curriculum,CPU,793,2,0,p1
Curriculum_vs_CPU,Curriculum,CPU,794,1,2,p2
Curriculum_vs_CPU,Curriculum,CPU,795,2,0,p1
Curriculum_vs_CPU,Curriculum,CPU,796,2,1,p1
Curriculum_vs_CPU,Curriculum,CPU,797,2,0,p1
Curriculum_vs_CPU,Curriculum,CPU,798,2,0,p1
Curriculum_vs_CPU,Curriculum,CPU,799,2,1,p1
Curriculum_vs_CPU,Curriculum,CPU,800,2,1,p1
Curriculum_vs_CPU,Curriculum,CPU,801,2,1,p1
Curriculum_vs_CPU,Curriculum,CPU,802,2,0,p1
Curriculum_vs_CPU,Curriculum,CPU,803,1,2,p2
Curriculum_vs_CPU,Curriculum,CPU,804,2,0,p1
Curriculum_vs_CPU,Curriculum,CPU,805,2,0,p1
Curriculum_vs_CPU,Curriculum,CPU,806,2,0,p1
Curriculum_vs_CPU,Curriculum,CPU,807,2,0,p1
Curriculum_vs_CPU,Curriculum,CPU,808,2,1,p1
Curriculum_vs_CPU,Curriculum,CPU,809,1,2,p2
Curriculum_vs_CPU,Curriculum,CPU,810,1,2,p2
Curriculum_vs_CPU,Curriculum,CPU,811,2,0,p1
Curriculum_vs_CPU,Curriculum,CPU,812,2,0,p1
Curriculum_vs_CPU,Curriculum,CPU,813,2,0,p1
Curriculum_vs_CPU,Curriculum,CPU,814,2,1,p1
Curriculum_vs_CPU,Curriculum,CPU,815,1,2,p2
Curriculum_vs_CPU,Curriculum,CPU,816,2,0,p1
Curriculum_vs_CPU,Curriculum,CPU,817,2,0,p1
Curriculum_vs_CPU,Curriculum,CPU,818,2,0,p1
Curriculum_vs_CPU,Curriculum,CPU,819,2,1,p1
Curriculum_vs_CPU,Curriculum,CPU,820,2,0,p1
Curriculum_vs_CPU,Curriculum,CPU,821,2,0,p1
Curriculum_vs_CPU,Curriculum,CPU,822,1,2,p2
Curriculum_vs_CPU,Curriculum,CPU,823,2,0,p1
Curriculum_vs_CPU,Curriculum,CPU,824,2,0,p1
Curriculum_vs_CPU,Curriculum,CPU,825,2,1,p1
Curriculum_vs_CPU,Curriculum,CPU,826,2,0,p1
Curriculum_vs_CPU,Curriculum,CPU,827,2,0,p1
Curriculum_vs_CPU,Curriculum,CPU,828,2,0,p1
Curriculum_vs_CPU,Curriculum,CPU,829,2,1,p1
Curriculum_vs_CPU,Curriculum,CPU,830,2,1,p1
Curriculum_vs_CPU,Curriculum,CPU,831,1,2,p2
Curriculum_vs_CPU,Curriculum,CPU,832,2,0,p1
Curriculum_vs_CPU,Curriculum,CPU,833,2,0,p1
Curriculum_vs_CPU,Curriculum,CPU,834,2,0,p1
Curriculum_vs_CPU,Curriculum,CPU,835,1,1,draw
Curriculum_vs_CPU,Curriculum,CPU,836,2,1,p1
Curriculum_vs_CPU,Curriculum,CPU,837,1,2,p2
Curriculum_vs_CPU,Curriculum,CPU,838,2,1,p1
Curriculum_vs_CPU,Curriculum,CPU,839,2,0,p1
Curriculum_vs_CPU,Curriculum,CPU,840,2,0,p1
Curriculum_vs_CPU,Curriculum,CPU,841,1,2,p2
Curriculum_vs_CPU,Curriculum,CPU,842,2,0,p1
Curriculum_vs_CPU,Curriculum,CPU,843,2,1,p1
Curriculum_vs_CPU,Curriculum,CPU,844,2,1,p1
Curriculum_vs_CPU,Curriculum,CPU,845,2,0,p1
Curriculum_vs_CPU,Curriculum,CPU,846,2,0,p1
Curriculum_vs_CPU,Curriculum,CPU,847,1,2,p2
Curriculum_vs_CPU,Curriculum,CPU,848,2,1,p1
Curriculum_vs_CPU,Curriculum,CPU,849,2,1,p1
Curriculum_vs_CPU,Curriculum,CPU,850,2,0,p1
Curriculum_vs_CPU,Curriculum,CPU,851,2,0,p1
Curriculum_vs_CPU,Curriculum,CPU,852,2,0,p1
Curriculum_vs_CPU,Curriculum,CPU,853,2,0,p1
Curriculum_vs_CPU,Curriculum,CPU,854,2,0,p1
Curriculum_vs_CPU,Curriculum,CPU,855,2,0,p1
Curriculum_vs_CPU,Curriculum,CPU,856,2,0,p1
Curriculum_vs_CPU,Curriculum,CPU,857,2,0,p1
Curriculum_vs_CPU,Curriculum,CPU,858,1,2,p2
Curriculum_vs_CPU,Curriculum,CPU,859,2,1,p1
Curriculum_vs_CPU,Curriculum,CPU,860,1,2,p2
Curriculum_vs_CPU,Curriculum,CPU,861,1,2,p2
Curriculum_vs_CPU,Curriculum,CPU,862,1,2,p2
Curriculum_vs_CPU,Curriculum,CPU,863,2,0,p1
Curriculum_vs_CPU,Curriculum,CPU,864,2,0,p1
Curriculum_vs_CPU,Curriculum,CPU,865,2,1,p1
Curriculum_vs_CPU,Curriculum,CPU,866,2,0,p1
Curriculum_vs_CPU,Curriculum,CPU,867,2,1,p1
Curriculum_vs_CPU,Curriculum,CPU,868,2,0,p1
Curriculum_vs_CPU,Curriculum,CPU,869,2,0,p1
Curriculum_vs_CPU,Curriculum,CPU,870,2,0,p1
Curriculum_vs_CPU,Curriculum,CPU,871,2,1,p1
Curriculum_vs_CPU,Curriculum,CPU,872,2,0,p1
Curriculum_vs_CPU,Curriculum,CPU,873,2,0,p1
Curriculum_vs_CPU,Curriculum,CPU,874,2,0,p1
Curriculum_vs_CPU,Curriculum,CPU,875,2,1,p1
Curriculum_vs_CPU,Curriculum,CPU,876,2,0,p1
Curriculum_vs_CPU,Curriculum,CPU,877,2,0,p1
Curriculum_vs_CPU,Curriculum,CPU,878,2,0,p1
Curriculum_vs_CPU,Curriculum,CPU,879,2,1,p1
Curriculum_vs_CPU,Curriculum,CPU,880,2,0,p1
Curriculum_vs_CPU,Curriculum,CPU,881,1,2,p2
Curriculum_vs_CPU,Curriculum,CPU,882,2,0,p1
Curriculum_vs_CPU,Curriculum,CPU,883,2,0,p1
Curriculum_vs_CPU,Curriculum,CPU,884,1,1,draw
Curriculum_vs_CPU,Curriculum,CPU,885,2,0,p1
Curriculum_vs_CPU,Curriculum,CPU,886,2,0,p1
Curriculum_vs_CPU,Curriculum,CPU,887,2,0,p1
Curriculum_vs_CPU,Curriculum,CPU,888,2,0,p1
Curriculum_vs_CPU,Curriculum,CPU,889,2,1,p1
Curriculum_vs_CPU,Curriculum,CPU,890,2,0,p1
Curriculum_vs_CPU,Curriculum,CPU,891,2,1,p1
Curriculum_vs_CPU,Curriculum,CPU,892,2,0,p1
Curriculum_vs_CPU,Curriculum,CPU,893,2,0,p1
Curriculum_vs_CPU,Curriculum,CPU,894,2,1,p1
Curriculum_vs_CPU,Curriculum,CPU,895,2,0,p1
Curriculum_vs_CPU,Curriculum,CPU,896,2,1,p1
Curriculum_vs_CPU,Curriculum,CPU,897,1,2,p2
Curriculum_vs_CPU,Curriculum,CPU,898,2,0,p1
Curriculum_vs_CPU,Curriculum,CPU,899,2,0,p1
Curriculum_vs_CPU,Curriculum,CPU,900,2,1,p1
Curriculum_vs_CPU,Curriculum,CPU,901,2,0,p1
Curriculum_vs_CPU,Curriculum,CPU,902,2,1,p1
Curriculum_vs_CPU,Curriculum,CPU,903,2,0,p1
Curriculum_vs_CPU,Curriculum,CPU,904,2,1,p1
Curriculum_vs_CPU,Curriculum,CPU,905,2,0,p1
Curriculum_vs_CPU,Curriculum,CPU,906,2,1,p1
Curriculum_vs_CPU,Curriculum,CPU,907,2,0,p1
Curriculum_vs_CPU,Curriculum,CPU,908,2,0,p1
Curriculum_vs_CPU,Curriculum,CPU,909,2,0,p1
Curriculum_vs_CPU,Curriculum,CPU,910,2,0,p1
Curriculum_vs_CPU,Curriculum,CPU,911,1,2,p2
Curriculum_vs_CPU,Curriculum,CPU,912,2,1,p1
Curriculum_vs_CPU,Curriculum,CPU,913,2,1,p1
Curriculum_vs_CPU,Curriculum,CPU,914,2,0,p1
Curriculum_vs_CPU,Curriculum,CPU,915,2,0,p1
Curriculum_vs_CPU,Curriculum,CPU,916,2,0,p1
Curriculum_vs_CPU,Curriculum,CPU,917,2,1,p1
Curriculum_vs_CPU,Curriculum,CPU,918,1,2,p2
Curriculum_vs_CPU,Curriculum,CPU,919,2,1,p1
Curriculum_vs_CPU,Curriculum,CPU,920,1,2,p2
Curriculum_vs_CPU,Curriculum,CPU,921,2,0,p1
Curriculum_vs_CPU,Curriculum,CPU,922,2,0,p1
Curriculum_vs_CPU,Curriculum,CPU,923,2,1,p1
Curriculum_vs_CPU,Curriculum,CPU,924,2,0,p1
Curriculum_vs_CPU,Curriculum,CPU,925,2,0,p1
Curriculum_vs_CPU,Curriculum,CPU,926,2,0,p1
Curriculum_vs_CPU,Curriculum,CPU,927,2,1,p1
Curriculum_vs_CPU,Curriculum,CPU,928,2,1,p1
Curriculum_vs_CPU,Curriculum,CPU,929,2,0,p1
Curriculum_vs_CPU,Curriculum,CPU,930,2,1,p1
Curriculum_vs_CPU,Curriculum,CPU,931,2,0,p1
Curriculum_vs_CPU,Curriculum,CPU,932,2,1,p1
Curriculum_vs_CPU,Curriculum,CPU,933,2,1,p1
Curriculum_vs_CPU,Curriculum,CPU,934,2,1,p1
Curriculum_vs_CPU,Curriculum,CPU,935,2,0,p1
Curriculum_vs_CPU,Curriculum,CPU,936,2,0,p1
Curriculum_vs_CPU,Curriculum,CPU,937,2,0,p1
Curriculum_vs_CPU,Curriculum,CPU,938,2,0,p1
Curriculum_vs_CPU,Curriculum,CPU,939,2,0,p1
Curriculum_vs_CPU,Curriculum,CPU,940,2,0,p1
Curriculum_vs_CPU,Curriculum,CPU,941,2,0,p1
Curriculum_vs_CPU,Curriculum,CPU,942,2,0,p1
Curriculum_vs_CPU,Curriculum,CPU,943,1,2,p2
Curriculum_vs_CPU,Curriculum,CPU,944,1,2,p2
Curriculum_vs_CPU,Curriculum,CPU,945,2,0,p1
Curriculum_vs_CPU,Curriculum,CPU,946,2,0,p1
Curriculum_vs_CPU,Curriculum,CPU,947,2,1,p1
Curriculum_vs_CPU,Curriculum,CPU,948,2,0,p1
Curriculum_vs_CPU,Curriculum,CPU,949,2,1,p1
Curriculum_vs_CPU,Curriculum,CPU,950,2,0,p1
Curriculum_vs_CPU,Curriculum,CPU,951,2,0,p1
Curriculum_vs_CPU,Curriculum,CPU,952,2,0,p1
Curriculum_vs_CPU,Curriculum,CPU,953,2,0,p1
Curriculum_vs_CPU,Curriculum,CPU,954,2,0,p1
Curriculum_vs_CPU,Curriculum,CPU,955,2,0,p1
Curriculum_vs_CPU,Curriculum,CPU,956,2,0,p1
Curriculum_vs_CPU,Curriculum,CPU,957,2,1,p1
Curriculum_vs_CPU,Curriculum,CPU,958,1,2,p2
Curriculum_vs_CPU,Curriculum,CPU,959,2,0,p1
Curriculum_vs_CPU,Curriculum,CPU,960,2,0,p1
Curriculum_vs_CPU,Curriculum,CPU,961,1,2,p2
Curriculum_vs_CPU,Curriculum,CPU,962,2,1,p1
Curriculum_vs_CPU,Curriculum,CPU,963,2,0,p1
Curriculum_vs_CPU,Curriculum,CPU,964,2,0,p1
Curriculum_vs_CPU,Curriculum,CPU,965,2,0,p1
Curriculum_vs_CPU,Curriculum,CPU,966,2,0,p1
Curriculum_vs_CPU,Curriculum,CPU,967,2,0,p1
Curriculum_vs_CPU,Curriculum,CPU,968,2,1,p1
Curriculum_vs_CPU,Curriculum,CPU,969,2,0,p1
Curriculum_vs_CPU,Curriculum,CPU,970,2,0,p1
Curriculum_vs_CPU,Curriculum,CPU,971,2,0,p1
Curriculum_vs_CPU,Curriculum,CPU,972,2,1,p1
Curriculum_vs_CPU,Curriculum,CPU,973,2,0,p1
Curriculum_vs_CPU,Curriculum,CPU,974,2,1,p1
Curriculum_vs_CPU,Curriculum,CPU,975,2,0,p1
Curriculum_vs_CPU,Curriculum,CPU,976,1,2,p2
Curriculum_vs_CPU,Curriculum,CPU,977,2,1,p1
Curriculum_vs_CPU,Curriculum,CPU,978,2,0,p1
Curriculum_vs_CPU,Curriculum,CPU,979,2,0,p1
Curriculum_vs_CPU,Curriculum,CPU,980,1,2,p2
Curriculum_vs_CPU,Curriculum,CPU,981,2,0,p1
Curriculum_vs_CPU,Curriculum,CPU,982,2,1,p1
Curriculum_vs_CPU,Curriculum,CPU,983,2,1,p1
Curriculum_vs_CPU,Curriculum,CPU,984,2,0,p1
Curriculum_vs_CPU,Curriculum,CPU,985,2,0,p1
Curriculum_vs_CPU,Curriculum,CPU,986,2,0,p1
Curriculum_vs_CPU,Curriculum,CPU,987,2,1,p1
Curriculum_vs_CPU,Curriculum,CPU,988,2,0,p1
Curriculum_vs_CPU,Curriculum,CPU,989,2,0,p1
Curriculum_vs_CPU,Curriculum,CPU,990,2,1,p1
Curriculum_vs_CPU,Curriculum,CPU,991,2,1,p1
Curriculum_vs_CPU,Curriculum,CPU,992,2,0,p1
Curriculum_vs_CPU,Curriculum,CPU,993,2,0,p1
Curriculum_vs_CPU,Curriculum,CPU,994,2,0,p1
Curriculum_vs_CPU,Curriculum,CPU,995,2,0,p1
Curriculum_vs_CPU,Curriculum,CPU,996,2,0,p1
Curriculum_vs_CPU,Curriculum,CPU,997,2,0,p1
Curriculum_vs_CPU,Curriculum,CPU,998,2,0,p1
Curriculum_vs_CPU,Curriculum,CPU,999,1,2,p2
Curriculum_vs_CPU,Curriculum,CPU,1000,2,0,p1
Curriculum_vs_CPU,Curriculum,CPU,2001,2,0,p1
Curriculum_vs_CPU,Curriculum,CPU,2002,2,0,p1
Curriculum_vs_CPU,Curriculum,CPU,2003,2,0,p1
Curriculum_vs_CPU,Curriculum,CPU,2004,2,0,p1
Curriculum_vs_CPU,Curriculum,CPU,2005,2,0,p1
Curriculum_vs_CPU,Curriculum,CPU,2006,2,1,p1
Curriculum_vs_CPU,Curriculum,CPU,2007,2,0,p1
Curriculum_vs_CPU,Curriculum,CPU,2008,2,1,p1
Curriculum_vs_CPU,Curriculum,CPU,2009,2,0,p1
Curriculum_vs_CPU,Curriculum,CPU,2010,2,0,p1
Curriculum_vs_CPU,Curriculum,CPU,2011,2,0,p1
Curriculum_vs_CPU,Curriculum,CPU,2012,2,0,p1
Curriculum_vs_CPU,Curriculum,CPU,2013,2,0,p1
Curriculum_vs_CPU,Curriculum,CPU,2014,2,0,p1
Curriculum_vs_CPU,Curriculum,CPU,2015,2,0,p1
Curriculum_vs_CPU,Curriculum,CPU,2016,2,0,p1
Curriculum_vs_CPU,Curriculum,CPU,2017,2,0,p1
Curriculum_vs_CPU,Curriculum,CPU,2018,1,2,p2
Curriculum_vs_CPU,Curriculum,CPU,2019,2,0,p1
Curriculum_vs_CPU,Curriculum,CPU,2020,2,0,p1
Curriculum_vs_CPU,Curriculum,CPU,2021,1,2,p2
Curriculum_vs_CPU,Curriculum,CPU,2022,2,1,p1
Curriculum_vs_CPU,Curriculum,CPU,2023,1,2,p2
Curriculum_vs_CPU,Curriculum,CPU,2024,2,0,p1
Curriculum_vs_CPU,Curriculum,CPU,2025,1,2,p2
Curriculum_vs_CPU,Curriculum,CPU,2026,1,2,p2
Curriculum_vs_CPU,Curriculum,CPU,2027,2,0,p1
Curriculum_vs_CPU,Curriculum,CPU,2028,2,0,p1
Curriculum_vs_CPU,Curriculum,CPU,2029,2,0,p1
Curriculum_vs_CPU,Curriculum,CPU,2030,2,0,p1
Curriculum_vs_CPU,Curriculum,CPU,2031,2,0,p1
Curriculum_vs_CPU,Curriculum,CPU,2032,2,1,p1
Curriculum_vs_CPU,Curriculum,CPU,2033,2,0,p1
Curriculum_vs_CPU,Curriculum,CPU,2034,1,2,p2
Curriculum_vs_CPU,Curriculum,CPU,2035,2,0,p1
Curriculum_vs_CPU,Curriculum,CPU,2036,2,0,p1
Curriculum_vs_CPU,Curriculum,CPU,2037,2,0,p1
Curriculum_vs_CPU,Curriculum,CPU,2038,2,1,p1
Curriculum_vs_CPU,Curriculum,CPU,2039,2,1,p1
Curriculum_vs_CPU,Curriculum,CPU,2040,2,0,p1
Curriculum_vs_CPU,Curriculum,CPU,2041,2,0,p1
Curriculum_vs_CPU,Curriculum,CPU,2042,2,0,p1
Curriculum_vs_CPU,Curriculum,CPU,2043,2,1,p1
Curriculum_vs_CPU,Curriculum,CPU,2044,2,0,p1
Curriculum_vs_CPU,Curriculum,CPU,2045,2,0,p1
Curriculum_vs_CPU,Curriculum,CPU,2046,2,0,p1
Curriculum_vs_CPU,Curriculum,CPU,2047,2,0,p1
Curriculum_vs_CPU,Curriculum,CPU,2048,2,0,p1
Curriculum_vs_CPU,Curriculum,CPU,2049,2,0,p1
Curriculum_vs_CPU,Curriculum,CPU,2050,2,0,p1
Curriculum_vs_CPU,Curriculum,CPU,2051,2,1,p1
Curriculum_vs_CPU,Curriculum,CPU,2052,2,0,p1
Curriculum_vs_CPU,Curriculum,CPU,2053,2,0,p1
Curriculum_vs_CPU,Curriculum,CPU,2054,2,0,p1
Curriculum_vs_CPU,Curriculum,CPU,2055,2,0,p1
Curriculum_vs_CPU,Curriculum,CPU,2056,2,0,p1
Curriculum_vs_CPU,Curriculum,CPU,2057,1,2,p2
Curriculum_vs_CPU,Curriculum,CPU,2058,2,0,p1
Curriculum_vs_CPU,Curriculum,CPU,2059,2,0,p1
Curriculum_vs_CPU,Curriculum,CPU,2060,2,0,p1
Curriculum_vs_CPU,Curriculum,CPU,2061,2,0,p1
Curriculum_vs_CPU,Curriculum,CPU,2062,2,0,p1
Curriculum_vs_CPU,Curriculum,CPU,2063,2,0,p1
Curriculum_vs_CPU,Curriculum,CPU,2064,2,0,p1
Curriculum_vs_CPU,Curriculum,CPU,2065,2,0,p1
Curriculum_vs_CPU,Curriculum,CPU,2066,2,0,p1
Curriculum_vs_CPU,Curriculum,CPU,2067,2,0,p1
Curriculum_vs_CPU,Curriculum,CPU,2068,2,0,p1
Curriculum_vs_CPU,Curriculum,CPU,2069,2,0,p1
Curriculum_vs_CPU,Curriculum,CPU,2070,2,0,p1
Curriculum_vs_CPU,Curriculum,CPU,2071,2,0,p1
Curriculum_vs_CPU,Curriculum,CPU,2072,2,0,p1
Curriculum_vs_CPU,Curriculum,CPU,2073,2,0,p1
Curriculum_vs_CPU,Curriculum,CPU,2074,2,0,p1
Curriculum_vs_CPU,Curriculum,CPU,2075,2,1,p1
Curriculum_vs_CPU,Curriculum,CPU,2076,2,0,p1
Curriculum_vs_CPU,Curriculum,CPU,2077,2,1,p1
Curriculum_vs_CPU,Curriculum,CPU,2078,2,0,p1
Curriculum_vs_CPU,Curriculum,CPU,2079,1,2,p2
Curriculum_vs_CPU,Curriculum,CPU,2080,2,1,p1
Curriculum_vs_CPU,Curriculum,CPU,2081,2,0,p1
Curriculum_vs_CPU,Curriculum,CPU,2082,2,1,p1
Curriculum_vs_CPU,Curriculum,CPU,2083,2,0,p1
Curriculum_vs_CPU,Curriculum,CPU,2084,2,0,p1
Curriculum_vs_CPU,Curriculum,CPU,2085,2,1,p1
Curriculum_vs_CPU,Curriculum,CPU,2086,2,1,p1
Curriculum_vs_CPU,Curriculum,CPU,2087,2,0,p1
Curriculum_vs_CPU,Curriculum,CPU,2088,2,0,p1
Curriculum_vs_CPU,Curriculum,CPU,2089,2,0,p1
Curriculum_vs_CPU,Curriculum,CPU,2090,2,0,p1
Curriculum_vs_CPU,Curriculum,CPU,2091,2,1,p1
Curriculum_vs_CPU,Curriculum,CPU,2092,2,1,p1
Curriculum_vs_CPU,Curriculum,CPU,2093,2,0,p1
Curriculum_vs_CPU,Curriculum,CPU,2094,2,1,p1
Curriculum_vs_CPU,Curriculum,CPU,2095,2,1,p1
Curriculum_vs_CPU,Curriculum,CPU,2096,2,0,p1
Curriculum_vs_CPU,Curriculum,CPU,2097,2,1,p1
Curriculum_vs_CPU,Curriculum,CPU,2098,1,2,p2
Curriculum_vs_CPU,Curriculum,CPU,2099,2,0,p1
Curriculum_vs_CPU,Curriculum,CPU,2100,2,0,p1
Curriculum_vs_CPU,Curriculum,CPU,2101,2,1,p1
Curriculum_vs_CPU,Curriculum,CPU,2102,2,0,p1
Curriculum_vs_CPU,Curriculum,CPU,2103,2,1,p1
Curriculum_vs_CPU,Curriculum,CPU,2104,2,0,p1
Curriculum_vs_CPU,Curriculum,CPU,2105,2,0,p1
Curriculum_vs_CPU,Curriculum,CPU,2106,2,0,p1
Curriculum_vs_CPU,Curriculum,CPU,2107,2,0,p1
Curriculum_vs_CPU,Curriculum,CPU,2108,2,0,p1
Curriculum_vs_CPU,Curriculum,CPU,2109,2,0,p1
Curriculum_vs_CPU,Curriculum,CPU,2110,2,0,p1
Curriculum_vs_CPU,Curriculum,CPU,2111,2,0,p1
Curriculum_vs_CPU,Curriculum,CPU,2112,1,2,p2
Curriculum_vs_CPU,Curriculum,CPU,2113,2,1,p1
Curriculum_vs_CPU,Curriculum,CPU,2114,2,0,p1
Curriculum_vs_CPU,Curriculum,CPU,2115,1,2,p2
Curriculum_vs_CPU,Curriculum,CPU,2116,2,1,p1
Curriculum_vs_CPU,Curriculum,CPU,2117,2,0,p1
Curriculum_vs_CPU,Curriculum,CPU,2118,2,0,p1
Curriculum_vs_CPU,Curriculum,CPU,2119,2,0,p1
Curriculum_vs_CPU,Curriculum,CPU,2120,2,0,p1
Curriculum_vs_CPU,Curriculum,CPU,2121,2,0,p1
Curriculum_vs_CPU,Curriculum,CPU,2122,2,0,p1
Curriculum_vs_CPU,Curriculum,CPU,2123,1,2,p2
Curriculum_vs_CPU,Curriculum,CPU,2124,1,2,p2
Curriculum_vs_CPU,Curriculum,CPU,2125,2,1,p1
Curriculum_vs_CPU,Curriculum,CPU,2126,2,0,p1
Curriculum_vs_CPU,Curriculum,CPU,2127,2,0,p1
Curriculum_vs_CPU,Curriculum,CPU,2128,1,2,p2
Curriculum_vs_CPU,Curriculum,CPU,2129,2,0,p1
Curriculum_vs_CPU,Curriculum,CPU,2130,2,1,p1
Curriculum_vs_CPU,Curriculum,CPU,2131,2,1,p1
Curriculum_vs_CPU,Curriculum,CPU,2132,2,0,p1
Curriculum_vs_CPU,Curriculum,CPU,2133,1,2,p2
Curriculum_vs_CPU,Curriculum,CPU,2134,2,1,p1
Curriculum_vs_CPU,Curriculum,CPU,2135,2,0,p1
Curriculum_vs_CPU,Curriculum,CPU,2136,2,0,p1
Curriculum_vs_CPU,Curriculum,CPU,2137,1,2,p2
Curriculum_vs_CPU,Curriculum,CPU,2138,2,0,p1
Curriculum_vs_CPU,Curriculum,CPU,2139,2,0,p1
Curriculum_vs_CPU,Curriculum,CPU,2140,2,1,p1
Curriculum_vs_CPU,Curriculum,CPU,2141,2,1,p1
Curriculum_vs_CPU,Curriculum,CPU,2142,2,0,p1
Curriculum_vs_CPU,Curriculum,CPU,2143,2,1,p1
Curriculum_vs_CPU,Curriculum,CPU,2144,2,0,p1
Curriculum_vs_CPU,Curriculum,CPU,2145,2,0,p1
Curriculum_vs_CPU,Curriculum,CPU,2146,1,2,p2
Curriculum_vs_CPU,Curriculum,CPU,2147,2,0,p1
Curriculum_vs_CPU,Curriculum,CPU,2148,2,1,p1
Curriculum_vs_CPU,Curriculum,CPU,2149,2,0,p1
Curriculum_vs_CPU,Curriculum,CPU,2150,2,0,p1
Curriculum_vs_CPU,Curriculum,CPU,2151,2,1,p1
Curriculum_vs_CPU,Curriculum,CPU,2152,2,0,p1
Curriculum_vs_CPU,Curriculum,CPU,2153,2,0,p1
Curriculum_vs_CPU,Curriculum,CPU,2154,2,0,p1
Curriculum_vs_CPU,Curriculum,CPU,2155,2,0,p1
Curriculum_vs_CPU,Curriculum,CPU,2156,2,0,p1
Curriculum_vs_CPU,Curriculum,CPU,2157,2,0,p1
Curriculum_vs_CPU,Curriculum,CPU,2158,2,1,p1
Curriculum_vs_CPU,Curriculum,CPU,2159,2,0,p1
Curriculum_vs_CPU,Curriculum,CPU,2160,2,0,p1
Curriculum_vs_CPU,Curriculum,CPU,2161,2,0,p1
Curriculum_vs_CPU,Curriculum,CPU,2162,2,0,p1
Curriculum_vs_CPU,Curriculum,CPU,2163,2,0,p1
Curriculum_vs_CPU,Curriculum,CPU,2164,2,0,p1
Curriculum_vs_CPU,Curriculum,CPU,2165,2,0,p1
Curriculum_vs_CPU,Curriculum,CPU,2166,2,0,p1
Curriculum_vs_CPU,Curriculum,CPU,2167,2,1,p1
Curriculum_vs_CPU,Curriculum,CPU,2168,2,0,p1
Curriculum_vs_CPU,Curriculum,CPU,2169,2,0,p1
Curriculum_vs_CPU,Curriculum,CPU,2170,2,0,p1
Curriculum_vs_CPU,Curriculum,CPU,2171,2,0,p1
Curriculum_vs_CPU,Curriculum,CPU,2172,2,0,p1
Curriculum_vs_CPU,Curriculum,CPU,2173,2,0,p1
Curriculum_vs_CPU,Curriculum,CPU,2174,2,1,p1
Curriculum_vs_CPU,Curriculum,CPU,2175,2,0,p1
Curriculum_vs_CPU,Curriculum,CPU,2176,2,0,p1
Curriculum_vs_CPU,Curriculum,CPU,2177,2,0,p1
Curriculum_vs_CPU,Curriculum,CPU,2178,2,0,p1
Curriculum_vs_CPU,Curriculum,CPU,2179,2,0,p1
Curriculum_vs_CPU,Curriculum,CPU,2180,2,0,p1
Curriculum_vs_CPU,Curriculum,CPU,2181,2,0,p1
Curriculum_vs_CPU,Curriculum,CPU,2182,2,0,p1
Curriculum_vs_CPU,Curriculum,CPU,2183,2,1,p1
Curriculum_vs_CPU,Curriculum,CPU,2184,1,2,p2
Curriculum_vs_CPU,Curriculum,CPU,2185,2,0,p1
Curriculum_vs_CPU,Curriculum,CPU,2186,2,0,p1
Curriculum_vs_CPU,Curriculum,CPU,2187,2,0,p1
Curriculum_vs_CPU,Curriculum,CPU,2188,2,0,p1
Curriculum_vs_CPU,Curriculum,CPU,2189,2,0,p1
Curriculum_vs_CPU,Curriculum,CPU,2190,1,2,p2
Curriculum_vs_CPU,Curriculum,CPU,2191,2,1,p1
Curriculum_vs_CPU,Curriculum,CPU,2192,2,0,p1
Curriculum_vs_CPU,Curriculum,CPU,2193,2,1,p1
Curriculum_vs_CPU,Curriculum,CPU,2194,2,0,p1
Curriculum_vs_CPU,Curriculum,CPU,2195,2,1,p1
Curriculum_vs_CPU,Curriculum,CPU,2196,2,0,p1
Curriculum_vs_CPU,Curriculum,CPU,2197,2,0,p1
Curriculum_vs_CPU,Curriculum,CPU,2198,2,0,p1
Curriculum_vs_CPU,Curriculum,CPU,2199,2,0,p1
Curriculum_vs_CPU,Curriculum,CPU,2200,2,1,p1
Curriculum_vs_CPU,Curriculum,CPU,2201,2,0,p1
Curriculum_vs_CPU,Curriculum,CPU,2202,2,0,p1
Curriculum_vs_CPU,Curriculum,CPU,2203,2,0,p1
Curriculum_vs_CPU,Curriculum,CPU,2204,2,0,p1
Curriculum_vs_CPU,Curriculum,CPU,2205,2,0,p1
Curriculum_vs_CPU,Curriculum,CPU,2206,2,0,p1
Curriculum_vs_CPU,Curriculum,CPU,2207,2,0,p1
Curriculum_vs_CPU,Curriculum,CPU,2208,2,0,p1
Curriculum_vs_CPU,Curriculum,CPU,2209,2,0,p1
Curriculum_vs_CPU,Curriculum,CPU,2210,2,1,p1
Curriculum_vs_CPU,Curriculum,CPU,2211,2,0,p1
Curriculum_vs_CPU,Curriculum,CPU,2212,2,0,p1
Curriculum_vs_CPU,Curriculum,CPU,2213,2,0,p1
Curriculum_vs_CPU,Curriculum,CPU,2214,2,1,p1
Curriculum_vs_CPU,Curriculum,CPU,2215,2,1,p1
Curriculum_vs_CPU,Curriculum,CPU,2216,2,0,p1
Curriculum_vs_CPU,Curriculum,CPU,2217,2,0,p1
Curriculum_vs_CPU,Curriculum,CPU,2218,2,0,p1
Curriculum_vs_CPU,Curriculum,CPU,2219,2,0,p1
Curriculum_vs_CPU,Curriculum,CPU,2220,2,0,p1
Curriculum_vs_CPU,Curriculum,CPU,2221,2,0,p1
Curriculum_vs_CPU,Curriculum,CPU,2222,2,0,p1
Curriculum_vs_CPU,Curriculum,CPU,2223,1,2,p2
Curriculum_vs_CPU,Curriculum,CPU,2224,2,0,p1
Curriculum_vs_CPU,Curriculum,CPU,2225,2,0,p1
Curriculum_vs_CPU,Curriculum,CPU,2226,2,0,p1
Curriculum_vs_CPU,Curriculum,CPU,2227,2,1,p1
Curriculum_vs_CPU,Curriculum,CPU,2228,2,0,p1
Curriculum_vs_CPU,Curriculum,CPU,2229,2,0,p1
Curriculum_vs_CPU,Curriculum,CPU,2230,2,1,p1
Curriculum_vs_CPU,Curriculum,CPU,2231,2,0,p1
Curriculum_vs_CPU,Curriculum,CPU,2232,2,0,p1
Curriculum_vs_CPU,Curriculum,CPU,2233,2,0,p1
Curriculum_vs_CPU,Curriculum,CPU,2234,2,0,p1
Curriculum_vs_CPU,Curriculum,CPU,2235,2,1,p1
Curriculum_vs_CPU,Curriculum,CPU,2236,2,0,p1
Curriculum_vs_CPU,Curriculum,CPU,2237,2,0,p1
Curriculum_vs_CPU,Curriculum,CPU,2238,2,0,p1
Curriculum_vs_CPU,Curriculum,CPU,2239,2,0,p1
Curriculum_vs_CPU,Curriculum,CPU,2240,2,0,p1
Curriculum_vs_CPU,Curriculum,CPU,2241,2,0,p1
Curriculum_vs_CPU,Curriculum,CPU,2242,1,2,p2
Curriculum_vs_CPU,Curriculum,CPU,2243,2,0,p1
Curriculum_vs_CPU,Curriculum,CPU,2244,2,0,p1
Curriculum_vs_CPU,Curriculum,CPU,2245,2,1,p1
Curriculum_vs_CPU,Curriculum,CPU,2246,2,1,p1
Curriculum_vs_CPU,Curriculum,CPU,2247,2,0,p1
Curriculum_vs_CPU,Curriculum,CPU,2248,2,0,p1
Curriculum_vs_CPU,Curriculum,CPU,2249,2,1,p1
Curriculum_vs_CPU,Curriculum,CPU,2250,2,0,p1
Curriculum_vs_CPU,Curriculum,CPU,2251,2,0,p1
Curriculum_vs_CPU,Curriculum,CPU,2252,2,1,p1
Curriculum_vs_CPU,Curriculum,CPU,2253,1,2,p2
Curriculum_vs_CPU,Curriculum,CPU,2254,2,0,p1
Curriculum_vs_CPU,Curriculum,CPU,2255,2,0,p1
Curriculum_vs_CPU,Curriculum,CPU,2256,2,1,p1
Curriculum_vs_CPU,Curriculum,CPU,2257,2,1,p1
Curriculum_vs_CPU,Curriculum,CPU,2258,2,1,p1
Curriculum_vs_CPU,Curriculum,CPU,2259,1,2,p2
Curriculum_vs_CPU,Curriculum,CPU,2260,2,0,p1
Curriculum_vs_CPU,Curriculum,CPU,2261,2,0,p1
Curriculum_vs_CPU,Curriculum,CPU,2262,2,0,p1
Curriculum_vs_CPU,Curriculum,CPU,2263,2,1,p1
Curriculum_vs_CPU,Curriculum,CPU,2264,2,0,p1
Curriculum_vs_CPU,Curriculum,CPU,2265,2,0,p1
Curriculum_vs_CPU,Curriculum,CPU,2266,2,1,p1
Curriculum_vs_CPU,Curriculum,CPU,2267,2,1,p1
Curriculum_vs_CPU,Curriculum,CPU,2268,2,0,p1
Curriculum_vs_CPU,Curriculum,CPU,2269,2,0,p1
Curriculum_vs_CPU,Curriculum,CPU,2270,2,0,p1
Curriculum_vs_CPU,Curriculum,CPU,2271,2,0,p1
Curriculum_vs_CPU,Curriculum,CPU,2272,2,0,p1
Curriculum_vs_CPU,Curriculum,CPU,2273,2,0,p1
Curriculum_vs_CPU,Curriculum,CPU,2274,2,0,p1
Curriculum_vs_CPU,Curriculum,CPU,2275,1,2,p2
Curriculum_vs_CPU,Curriculum,CPU,2276,2,1,p1
Curriculum_vs_CPU,Curriculum,CPU,2277,2,0,p1
Curriculum_vs_CPU,Curriculum,CPU,2278,2,0,p1
Curriculum_vs_CPU,Curriculum,CPU,2279,1,2,p2
Curriculum_vs_CPU,Curriculum,CPU,2280,2,0,p1
Curriculum_vs_CPU,Curriculum,CPU,2281,2,0,p1
Curriculum_vs_CPU,Curriculum,CPU,2282,2,0,p1
Curriculum_vs_CPU,Curriculum,CPU,2283,2,0,p1
Curriculum_vs_CPU,Curriculum,CPU,2284,2,0,p1
Curriculum_vs_CPU,Curriculum,CPU,2285,2,1,p1
Curriculum_vs_CPU,Curriculum,CPU,2286,1,2,p2
Curriculum_vs_CPU,Curriculum,CPU,2287,2,0,p1
Curriculum_vs_CPU,Curriculum,CPU,2288,2,0,p1
Curriculum_vs_CPU,Curriculum,CPU,2289,2,0,p1
Curriculum_vs_CPU,Curriculum,CPU,2290,2,0,p1
Curriculum_vs_CPU,Curriculum,CPU,2291,2,0,p1
Curriculum_vs_CPU,Curriculum,CPU,2292,2,0,p1
Curriculum_vs_CPU,Curriculum,CPU,2293,2,1,p1
Curriculum_vs_CPU,Curriculum,CPU,2294,2,0,p1
Curriculum_vs_CPU,Curriculum,CPU,2295,2,0,p1
Curriculum_vs_CPU,Curriculum,CPU,2296,2,1,p1
Curriculum_vs_CPU,Curriculum,CPU,2297,2,1,p1
Curriculum_vs_CPU,Curriculum,CPU,2298,2,0,p1
Curriculum_vs_CPU,Curriculum,CPU,2299,2,0,p1
Curriculum_vs_CPU,Curriculum,CPU,2300,2,0,p1
Curriculum_vs_CPU,Curriculum,CPU,2301,1,1,draw
Curriculum_vs_CPU,Curriculum,CPU,2302,2,0,p1
Curriculum_vs_CPU,Curriculum,CPU,2303,2,0,p1
Curriculum_vs_CPU,Curriculum,CPU,2304,2,1,p1
Curriculum_vs_CPU,Curriculum,CPU,2305,2,0,p1
Curriculum_vs_CPU,Curriculum,CPU,2306,2,1,p1
Curriculum_vs_CPU,Curriculum,CPU,2307,2,0,p1
Curriculum_vs_CPU,Curriculum,CPU,2308,2,0,p1
Curriculum_vs_CPU,Curriculum,CPU,2309,2,0,p1
Curriculum_vs_CPU,Curriculum,CPU,2310,2,0,p1
Curriculum_vs_CPU,Curriculum,CPU,2311,2,0,p1
Curriculum_vs_CPU,Curriculum,CPU,2312,2,0,p1
Curriculum_vs_CPU,Curriculum,CPU,2313,2,0,p1
Curriculum_vs_CPU,Curriculum,CPU,2314,2,0,p1
Curriculum_vs_CPU,Curriculum,CPU,2315,2,0,p1
Curriculum_vs_CPU,Curriculum,CPU,2316,2,0,p1
Curriculum_vs_CPU,Curriculum,CPU,2317,1,2,p2
Curriculum_vs_CPU,Curriculum,CPU,2318,2,0,p1
Curriculum_vs_CPU,Curriculum,CPU,2319,2,0,p1
Curriculum_vs_CPU,Curriculum,CPU,2320,1,2,p2
Curriculum_vs_CPU,Curriculum,CPU,2321,2,0,p1
Curriculum_vs_CPU,Curriculum,CPU,2322,2,0,p1
Curriculum_vs_CPU,Curriculum,CPU,2323,2,0,p1
Curriculum_vs_CPU,Curriculum,CPU,2324,1,2,p2
Curriculum_vs_CPU,Curriculum,CPU,2325,1,2,p2
Curriculum_vs_CPU,Curriculum,CPU,2326,2,0,p1
Curriculum_vs_CPU,Curriculum,CPU,2327,2,1,p1
Curriculum_vs_CPU,Curriculum,CPU,2328,2,1,p1
Curriculum_vs_CPU,Curriculum,CPU,2329,2,0,p1
Curriculum_vs_CPU,Curriculum,CPU,2330,2,0,p1
Curriculum_vs_CPU,Curriculum,CPU,2331,2,0,p1
Curriculum_vs_CPU,Curriculum,CPU,2332,2,0,p1
Curriculum_vs_CPU,Curriculum,CPU,2333,2,0,p1
Curriculum_vs_CPU,Curriculum,CPU,2334,2,0,p1
Curriculum_vs_CPU,Curriculum,CPU,2335,2,0,p1
Curriculum_vs_CPU,Curriculum,CPU,2336,2,1,p1
Curriculum_vs_CPU,Curriculum,CPU,2337,2,0,p1
Curriculum_vs_CPU,Curriculum,CPU,2338,2,1,p1
Curriculum_vs_CPU,Curriculum,CPU,2339,2,0,p1
Curriculum_vs_CPU,Curriculum,CPU,2340,2,0,p1
Curriculum_vs_CPU,Curriculum,CPU,2341,2,0,p1
Curriculum_vs_CPU,Curriculum,CPU,2342,2,0,p1
Curriculum_vs_CPU,Curriculum,CPU,2343,1,2,p2
Curriculum_vs_CPU,Curriculum,CPU,2344,2,1,p1
Curriculum_vs_CPU,Curriculum,CPU,2345,1,2,p2
Curriculum_vs_CPU,Curriculum,CPU,2346,2,0,p1
Curriculum_vs_CPU,Curriculum,CPU,2347,1,2,p2
Curriculum_vs_CPU,Curriculum,CPU,2348,2,1,p1
Curriculum_vs_CPU,Curriculum,CPU,2349,2,1,p1
Curriculum_vs_CPU,Curriculum,CPU,2350,2,1,p1
Curriculum_vs_CPU,Curriculum,CPU,2351,2,0,p1
Curriculum_vs_CPU,Curriculum,CPU,2352,2,0,p1
Curriculum_vs_CPU,Curriculum,CPU,2353,2,0,p1
Curriculum_vs_CPU,Curriculum,CPU,2354,2,1,p1
Curriculum_vs_CPU,Curriculum,CPU,2355,2,0,p1
Curriculum_vs_CPU,Curriculum,CPU,2356,2,1,p1
Curriculum_vs_CPU,Curriculum,CPU,2357,2,0,p1
Curriculum_vs_CPU,Curriculum,CPU,2358,2,0,p1
Curriculum_vs_CPU,Curriculum,CPU,2359,2,0,p1
Curriculum_vs_CPU,Curriculum,CPU,2360,2,1,p1
Curriculum_vs_CPU,Curriculum,CPU,2361,2,0,p1
Curriculum_vs_CPU,Curriculum,CPU,2362,2,0,p1
Curriculum_vs_CPU,Curriculum,CPU,2363,2,1,p1
Curriculum_vs_CPU,Curriculum,CPU,2364,2,1,p1
Curriculum_vs_CPU,Curriculum,CPU,2365,2,0,p1
Curriculum_vs_CPU,Curriculum,CPU,2366,2,0,p1
Curriculum_vs_CPU,Curriculum,CPU,2367,1,2,p2
Curriculum_vs_CPU,Curriculum,CPU,2368,2,0,p1
Curriculum_vs_CPU,Curriculum,CPU,2369,2,0,p1
Curriculum_vs_CPU,Curriculum,CPU,2370,2,0,p1
Curriculum_vs_CPU,Curriculum,CPU,2371,1,2,p2
Curriculum_vs_CPU,Curriculum,CPU,2372,2,0,p1
Curriculum_vs_CPU,Curriculum,CPU,2373,2,0,p1
Curriculum_vs_CPU,Curriculum,CPU,2374,2,1,p1
Curriculum_vs_CPU,Curriculum,CPU,2375,2,0,p1
Curriculum_vs_CPU,Curriculum,CPU,2376,2,1,p1
Curriculum_vs_CPU,Curriculum,CPU,2377,2,0,p1
Curriculum_vs_CPU,Curriculum,CPU,2378,2,0,p1
Curriculum_vs_CPU,Curriculum,CPU,2379,2,0,p1
Curriculum_vs_CPU,Curriculum,CPU,2380,2,0,p1
Curriculum_vs_CPU,Curriculum,CPU,2381,2,0,p1
Curriculum_vs_CPU,Curriculum,CPU,2382,2,0,p1
Curriculum_vs_CPU,Curriculum,CPU,2383,2,0,p1
Curriculum_vs_CPU,Curriculum,CPU,2384,2,0,p1
Curriculum_vs_CPU,Curriculum,CPU,2385,2,0,p1
Curriculum_vs_CPU,Curriculum,CPU,2386,2,1,p1
Curriculum_vs_CPU,Curriculum,CPU,2387,2,1,p1
Curriculum_vs_CPU,Curriculum,CPU,2388,2,0,p1
Curriculum_vs_CPU,Curriculum,CPU,2389,2,0,p1
Curriculum_vs_CPU,Curriculum,CPU,2390,2,1,p1
Curriculum_vs_CPU,Curriculum,CPU,2391,2,0,p1
Curriculum_vs_CPU,Curriculum,CPU,2392,2,1,p1
Curriculum_vs_CPU,Curriculum,CPU,2393,2,0,p1
Curriculum_vs_CPU,Curriculum,CPU,2394,2,0,p1
Curriculum_vs_CPU,Curriculum,CPU,2395,2,0,p1
Curriculum_vs_CPU,Curriculum,CPU,2396,2,0,p1
Curriculum_vs_CPU,Curriculum,CPU,2397,2,0,p1
Curriculum_vs_CPU,Curriculum,CPU,2398,2,0,p1
Curriculum_vs_CPU,Curriculum,CPU,2399,1,2,p2
Curriculum_vs_CPU,Curriculum,CPU,2400,2,0,p1
Curriculum_vs_CPU,Curriculum,CPU,2401,2,1,p1
Curriculum_vs_CPU,Curriculum,CPU,2402,2,0,p1
Curriculum_vs_CPU,Curriculum,CPU,2403,1,2,p2
Curriculum_vs_CPU,Curriculum,CPU,2404,1,2,p2
Curriculum_vs_CPU,Curriculum,CPU,2405,1,2,p2
Curriculum_vs_CPU,Curriculum,CPU,2406,1,2,p2
Curriculum_vs_CPU,Curriculum,CPU,2407,2,0,p1
Curriculum_vs_CPU,Curriculum,CPU,2408,2,0,p1
Curriculum_vs_CPU,Curriculum,CPU,2409,2,0,p1
Curriculum_vs_CPU,Curriculum,CPU,2410,2,0,p1
Curriculum_vs_CPU,Curriculum,CPU,2411,2,0,p1
Curriculum_vs_CPU,Curriculum,CPU,2412,2,1,p1
Curriculum_vs_CPU,Curriculum,CPU,2413,2,0,p1
Curriculum_vs_CPU,Curriculum,CPU,2414,2,0,p1
Curriculum_vs_CPU,Curriculum,CPU,2415,2,0,p1
Curriculum_vs_CPU,Curriculum,CPU,2416,2,1,p1
Curriculum_vs_CPU,Curriculum,CPU,2417,2,0,p1
Curriculum_vs_CPU,Curriculum,CPU,2418,2,0,p1
Curriculum_vs_CPU,Curriculum,CPU,2419,2,0,p1
Curriculum_vs_CPU,Curriculum,CPU,2420,2,0,p1
Curriculum_vs_CPU,Curriculum,CPU,2421,2,1,p1
Curriculum_vs_CPU,Curriculum,CPU,2422,2,0,p1
Curriculum_vs_CPU,Curriculum,CPU,2423,2,0,p1
Curriculum_vs_CPU,Curriculum,CPU,2424,2,0,p1
Curriculum_vs_CPU,Curriculum,CPU,2425,2,0,p1
Curriculum_vs_CPU,Curriculum,CPU,2426,1,2,p2
Curriculum_vs_CPU,Curriculum,CPU,2427,2,0,p1
Curriculum_vs_CPU,Curriculum,CPU,2428,2,1,p1
Curriculum_vs_CPU,Curriculum,CPU,2429,2,0,p1
Curriculum_vs_CPU,Curriculum,CPU,2430,1,2,p2
Curriculum_vs_CPU,Curriculum,CPU,2431,2,1,p1
Curriculum_vs_CPU,Curriculum,CPU,2432,1,2,p2
Curriculum_vs_CPU,Curriculum,CPU,2433,2,0,p1
Curriculum_vs_CPU,Curriculum,CPU,2434,2,0,p1
Curriculum_vs_CPU,Curriculum,CPU,2435,2,0,p1
Curriculum_vs_CPU,Curriculum,CPU,2436,2,0,p1
Curriculum_vs_CPU,Curriculum,CPU,2437,2,1,p1
Curriculum_vs_CPU,Curriculum,CPU,2438,2,0,p1
Curriculum_vs_CPU,Curriculum,CPU,2439,2,0,p1
Curriculum_vs_CPU,Curriculum,CPU,2440,1,2,p2
Curriculum_vs_CPU,Curriculum,CPU,2441,2,0,p1
Curriculum_vs_CPU,Curriculum,CPU,2442,2,0,p1
Curriculum_vs_CPU,Curriculum,CPU,2443,2,0,p1
Curriculum_vs_CPU,Curriculum,CPU,2444,2,1,p1
Curriculum_vs_CPU,Curriculum,CPU,2445,2,0,p1
Curriculum_vs_CPU,Curriculum,CPU,2446,2,0,p1
Curriculum_vs_CPU,Curriculum,CPU,2447,2,0,p1
Curriculum_vs_CPU,Curriculum,CPU,2448,1,2,p2
Curriculum_vs_CPU,Curriculum,CPU,2449,2,0,p1
Curriculum_vs_CPU,Curriculum,CPU,2450,2,1,p1
Curriculum_vs_CPU,Curriculum,CPU,2451,2,1,p1
Curriculum_vs_CPU,Curriculum,CPU,2452,2,1,p1
Curriculum_vs_CPU,Curriculum,CPU,2453,2,0,p1
Curriculum_vs_CPU,Curriculum,CPU,2454,1,2,p2
Curriculum_vs_CPU,Curriculum,CPU,2455,2,1,p1
Curriculum_vs_CPU,Curriculum,CPU,2456,2,0,p1
Curriculum_vs_CPU,Curriculum,CPU,2457,2,0,p1
Curriculum_vs_CPU,Curriculum,CPU,2458,2,0,p1
Curriculum_vs_CPU,Curriculum,CPU,2459,2,1,p1
Curriculum_vs_CPU,Curriculum,CPU,2460,2,0,p1
Curriculum_vs_CPU,Curriculum,CPU,2461,2,0,p1
Curriculum_vs_CPU,Curriculum,CPU,2462,2,0,p1
Curriculum_vs_CPU,Curriculum,CPU,2463,2,1,p1
Curriculum_vs_CPU,Curriculum,CPU,2464,2,0,p1
Curriculum_vs_CPU,Curriculum,CPU,2465,2,1,p1
Curriculum_vs_CPU,Curriculum,CPU,2466,2,0,p1
Curriculum_vs_CPU,Curriculum,CPU,2467,2,0,p1
Curriculum_vs_CPU,Curriculum,CPU,2468,2,0,p1
Curriculum_vs_CPU,Curriculum,CPU,2469,2,0,p1
Curriculum_vs_CPU,Curriculum,CPU,2470,2,0,p1
Curriculum_vs_CPU,Curriculum,CPU,2471,2,0,p1
Curriculum_vs_CPU,Curriculum,CPU,2472,2,0,p1
Curriculum_vs_CPU,Curriculum,CPU,2473,2,0,p1
Curriculum_vs_CPU,Curriculum,CPU,2474,2,0,p1
Curriculum_vs_CPU,Curriculum,CPU,2475,1,2,p2
Curriculum_vs_CPU,Curriculum,CPU,2476,2,1,p1
Curriculum_vs_CPU,Curriculum,CPU,2477,2,0,p1
Curriculum_vs_CPU,Curriculum,CPU,2478,2,1,p1
Curriculum_vs_CPU,Curriculum,CPU,2479,2,0,p1
Curriculum_vs_CPU,Curriculum,CPU,2480,2,1,p1
Curriculum_vs_CPU,Curriculum,CPU,2481,1,2,p2
Curriculum_vs_CPU,Curriculum,CPU,2482,1,2,p2
Curriculum_vs_CPU,Curriculum,CPU,2483,1,2,p2
Curriculum_vs_CPU,Curriculum,CPU,2484,2,1,p1
Curriculum_vs_CPU,Curriculum,CPU,2485,2,0,p1
Curriculum_vs_CPU,Curriculum,CPU,2486,2,0,p1
Curriculum_vs_CPU,Curriculum,CPU,2487,2,0,p1
Curriculum_vs_CPU,Curriculum,CPU,2488,2,0,p1
Curriculum_vs_CPU,Curriculum,CPU,2489,2,0,p1
Curriculum_vs_CPU,Curriculum,CPU,2490,2,0,p1
Curriculum_vs_CPU,Curriculum,CPU,2491,2,1,p1
Curriculum_vs_CPU,Curriculum,CPU,2492,2,0,p1
Curriculum_vs_CPU,Curriculum,CPU,2493,2,0,p1
Curriculum_vs_CPU,Curriculum,CPU,2494,2,1,p1
Curriculum_vs_CPU,Curriculum,CPU,2495,2,0,p1
Curriculum_vs_CPU,Curriculum,CPU,2496,2,0,p1
Curriculum_vs_CPU,Curriculum,CPU,2497,2,1,p1
Curriculum_vs_CPU,Curriculum,CPU,2498,2,0,p1
Curriculum_vs_CPU,Curriculum,CPU,2499,2,1,p1
Curriculum_vs_CPU,Curriculum,CPU,2500,2,1,p1
Curriculum_vs_CPU,Curriculum,CPU,2501,2,1,p1
Curriculum_vs_CPU,Curriculum,CPU,2502,2,0,p1
Curriculum_vs_CPU,Curriculum,CPU,2503,2,0,p1
Curriculum_vs_CPU,Curriculum,CPU,2504,2,1,p1
Curriculum_vs_CPU,Curriculum,CPU,2505,1,2,p2
Curriculum_vs_CPU,Curriculum,CPU,2506,2,0,p1
Curriculum_vs_CPU,Curriculum,CPU,2507,2,0,p1
Curriculum_vs_CPU,Curriculum,CPU,2508,2,1,p1
Curriculum_vs_CPU,Curriculum,CPU,2509,2,0,p1
Curriculum_vs_CPU,Curriculum,CPU,2510,2,0,p1
Curriculum_vs_CPU,Curriculum,CPU,2511,2,1,p1
Curriculum_vs_CPU,Curriculum,CPU,2512,2,0,p1
Curriculum_vs_CPU,Curriculum,CPU,2513,2,0,p1
Curriculum_vs_CPU,Curriculum,CPU,2514,2,0,p1
Curriculum_vs_CPU,Curriculum,CPU,2515,2,0,p1
Curriculum_vs_CPU,Curriculum,CPU,2516,2,0,p1
Curriculum_vs_CPU,Curriculum,CPU,2517,2,0,p1
Curriculum_vs_CPU,Curriculum,CPU,2518,2,1,p1
Curriculum_vs_CPU,Curriculum,CPU,2519,2,0,p1
Curriculum_vs_CPU,Curriculum,CPU,2520,2,1,p1
Curriculum_vs_CPU,Curriculum,CPU,2521,2,1,p1
Curriculum_vs_CPU,Curriculum,CPU,2522,2,0,p1
Curriculum_vs_CPU,Curriculum,CPU,2523,2,0,p1
Curriculum_vs_CPU,Curriculum,CPU,2524,2,0,p1
Curriculum_vs_CPU,Curriculum,CPU,2525,1,2,p2
Curriculum_vs_CPU,Curriculum,CPU,2526,2,0,p1
Curriculum_vs_CPU,Curriculum,CPU,2527,2,0,p1
Curriculum_vs_CPU,Curriculum,CPU,2528,2,1,p1
Curriculum_vs_CPU,Curriculum,CPU,2529,2,1,p1
Curriculum_vs_CPU,Curriculum,CPU,2530,2,1,p1
Curriculum_vs_CPU,Curriculum,CPU,2531,2,0,p1
Curriculum_vs_CPU,Curriculum,CPU,2532,2,1,p1
Curriculum_vs_CPU,Curriculum,CPU,2533,2,0,p1
Curriculum_vs_CPU,Curriculum,CPU,2534,2,0,p1
Curriculum_vs_CPU,Curriculum,CPU,2535,2,0,p1
Curriculum_vs_CPU,Curriculum,CPU,2536,1,2,p2
Curriculum_vs_CPU,Curriculum,CPU,2537,2,0,p1
Curriculum_vs_CPU,Curriculum,CPU,2538,2,0,p1
Curriculum_vs_CPU,Curriculum,CPU,2539,2,0,p1
Curriculum_vs_CPU,Curriculum,CPU,2540,2,1,p1
Curriculum_vs_CPU,Curriculum,CPU,2541,2,0,p1
Curriculum_vs_CPU,Curriculum,CPU,2542,2,0,p1
Curriculum_vs_CPU,Curriculum,CPU,2543,2,1,p1
Curriculum_vs_CPU,Curriculum,CPU,2544,2,0,p1
Curriculum_vs_CPU,Curriculum,CPU,2545,2,0,p1
Curriculum_vs_CPU,Curriculum,CPU,2546,1,2,p2
Curriculum_vs_CPU,Curriculum,CPU,2547,2,0,p1
Curriculum_vs_CPU,Curriculum,CPU,2548,2,1,p1
Curriculum_vs_CPU,Curriculum,CPU,2549,2,0,p1
Curriculum_vs_CPU,Curriculum,CPU,2550,2,0,p1
Curriculum_vs_CPU,Curriculum,CPU,2551,2,0,p1
Curriculum_vs_CPU,Curriculum,CPU,2552,2,0,p1
Curriculum_vs_CPU,Curriculum,CPU,2553,2,0,p1
Curriculum_vs_CPU,Curriculum,CPU,2554,2,0,p1
Curriculum_vs_CPU,Curriculum,CPU,2555,2,0,p1
Curriculum_vs_CPU,Curriculum,CPU,2556,2,1,p1
Curriculum_vs_CPU,Curriculum,CPU,2557,2,1,p1
Curriculum_vs_CPU,Curriculum,CPU,2558,2,0,p1
Curriculum_vs_CPU,Curriculum,CPU,2559,2,0,p1
Curriculum_vs_CPU,Curriculum,CPU,2560,2,0,p1
Curriculum_vs_CPU,Curriculum,CPU,2561,2,1,p1
Curriculum_vs_CPU,Curriculum,CPU,2562,2,0,p1
Curriculum_vs_CPU,Curriculum,CPU,2563,2,0,p1
Curriculum_vs_CPU,Curriculum,CPU,2564,2,0,p1
Curriculum_vs_CPU,Curriculum,CPU,2565,2,0,p1
Curriculum_vs_CPU,Curriculum,CPU,2566,2,0,p1
Curriculum_vs_CPU,Curriculum,CPU,2567,2,1,p1
Curriculum_vs_CPU,Curriculum,CPU,2568,2,0,p1
Curriculum_vs_CPU,Curriculum,CPU,2569,2,0,p1
Curriculum_vs_CPU,Curriculum,CPU,2570,2,0,p1
Curriculum_vs_CPU,Curriculum,CPU,2571,2,0,p1
Curriculum_vs_CPU,Curriculum,CPU,2572,2,0,p1
Curriculum_vs_CPU,Curriculum,CPU,2573,2,1,p1
Curriculum_vs_CPU,Curriculum,CPU,2574,2,0,p1
Curriculum_vs_CPU,Curriculum,CPU,2575,2,0,p1
Curriculum_vs_CPU,Curriculum,CPU,2576,2,1,p1
Curriculum_vs_CPU,Curriculum,CPU,2577,2,0,p1
Curriculum_vs_CPU,Curriculum,CPU,2578,2,0,p1
Curriculum_vs_CPU,Curriculum,CPU,2579,2,0,p1
Curriculum_vs_CPU,Curriculum,CPU,2580,2,0,p1
Curriculum_vs_CPU,Curriculum,CPU,2581,2,1,p1
Curriculum_vs_CPU,Curriculum,CPU,2582,2,0,p1
Curriculum_vs_CPU,Curriculum,CPU,2583,2,0,p1
Curriculum_vs_CPU,Curriculum,CPU,2584,2,0,p1
Curriculum_vs_CPU,Curriculum,CPU,2585,2,0,p1
Curriculum_vs_CPU,Curriculum,CPU,2586,1,2,p2
Curriculum_vs_CPU,Curriculum,CPU,2587,2,1,p1
Curriculum_vs_CPU,Curriculum,CPU,2588,2,0,p1
Curriculum_vs_CPU,Curriculum,CPU,2589,2,1,p1
Curriculum_vs_CPU,Curriculum,CPU,2590,2,0,p1
Curriculum_vs_CPU,Curriculum,CPU,2591,2,0,p1
Curriculum_vs_CPU,Curriculum,CPU,2592,2,0,p1
Curriculum_vs_CPU,Curriculum,CPU,2593,2,0,p1
Curriculum_vs_CPU,Curriculum,CPU,2594,2,0,p1
Curriculum_vs_CPU,Curriculum,CPU,2595,1,2,p2
Curriculum_vs_CPU,Curriculum,CPU,2596,2,0,p1
Curriculum_vs_CPU,Curriculum,CPU,2597,2,0,p1
Curriculum_vs_CPU,Curriculum,CPU,2598,2,1,p1
Curriculum_vs_CPU,Curriculum,CPU,2599,2,0,p1
Curriculum_vs_CPU,Curriculum,CPU,2600,2,0,p1
Curriculum_vs_CPU,Curriculum,CPU,2601,2,0,p1
Curriculum_vs_CPU,Curriculum,CPU,2602,2,0,p1
Curriculum_vs_CPU,Curriculum,CPU,2603,2,0,p1
Curriculum_vs_CPU,Curriculum,CPU,2604,2,0,p1
Curriculum_vs_CPU,Curriculum,CPU,2605,2,0,p1
Curriculum_vs_CPU,Curriculum,CPU,2606,2,0,p1
Curriculum_vs_CPU,Curriculum,CPU,2607,2,1,p1
Curriculum_vs_CPU,Curriculum,CPU,2608,2,0,p1
Curriculum_vs_CPU,Curriculum,CPU,2609,2,0,p1
Curriculum_vs_CPU,Curriculum,CPU,2610,2,0,p1
Curriculum_vs_CPU,Curriculum,CPU,2611,2,0,p1
Curriculum_vs_CPU,Curriculum,CPU,2612,2,0,p1
Curriculum_vs_CPU,Curriculum,CPU,2613,2,0,p1
Curriculum_vs_CPU,Curriculum,CPU,2614,2,0,p1
Curriculum_vs_CPU,Curriculum,CPU,2615,1,2,p2
Curriculum_vs_CPU,Curriculum,CPU,2616,2,1,p1
Curriculum_vs_CPU,Curriculum,CPU,2617,2,0,p1
Curriculum_vs_CPU,Curriculum,CPU,2618,2,0,p1
Curriculum_vs_CPU,Curriculum,CPU,2619,2,0,p1
Curriculum_vs_CPU,Curriculum,CPU,2620,2,0,p1
Curriculum_vs_CPU,Curriculum,CPU,2621,2,0,p1
Curriculum_vs_CPU,Curriculum,CPU,2622,2,0,p1
Curriculum_vs_CPU,Curriculum,CPU,2623,2,0,p1
Curriculum_vs_CPU,Curriculum,CPU,2624,2,0,p1
Curriculum_vs_CPU,Curriculum,CPU,2625,2,0,p1
Curriculum_vs_CPU,Curriculum,CPU,2626,2,0,p1
Curriculum_vs_CPU,Curriculum,CPU,2627,2,1,p1
Curriculum_vs_CPU,Curriculum,CPU,2628,2,0,p1
Curriculum_vs_CPU,Curriculum,CPU,2629,2,0,p1
Curriculum_vs_CPU,Curriculum,CPU,2630,2,1,p1
Curriculum_vs_CPU,Curriculum,CPU,2631,2,0,p1
Curriculum_vs_CPU,Curriculum,CPU,2632,2,0,p1
Curriculum_vs_CPU,Curriculum,CPU,2633,2,0,p1
Curriculum_vs_CPU,Curriculum,CPU,2634,2,0,p1
Curriculum_vs_CPU,Curriculum,CPU,2635,2,0,p1
Curriculum_vs_CPU,Curriculum,CPU,2636,2,0,p1
Curriculum_vs_CPU,Curriculum,CPU,2637,2,0,p1
Curriculum_vs_CPU,Curriculum,CPU,2638,2,0,p1
Curriculum_vs_CPU,Curriculum,CPU,2639,2,0,p1
Curriculum_vs_CPU,Curriculum,CPU,2640,2,0,p1
Curriculum_vs_CPU,Curriculum,CPU,2641,2,1,p1
Curriculum_vs_CPU,Curriculum,CPU,2642,1,2,p2
Curriculum_vs_CPU,Curriculum,CPU,2643,2,0,p1
Curriculum_vs_CPU,Curriculum,CPU,2644,2,1,p1
Curriculum_vs_CPU,Curriculum,CPU,2645,1,2,p2
Curriculum_vs_CPU,Curriculum,CPU,2646,2,0,p1
Curriculum_vs_CPU,Curriculum,CPU,2647,2,1,p1
Curriculum_vs_CPU,Curriculum,CPU,2648,2,0,p1
Curriculum_vs_CPU,Curriculum,CPU,2649,2,0,p1
Curriculum_vs_CPU,Curriculum,CPU,2650,2,1,p1
Curriculum_vs_CPU,Curriculum,CPU,2651,2,0,p1
Curriculum_vs_CPU,Curriculum,CPU,2652,2,0,p1
Curriculum_vs_CPU,Curriculum,CPU,2653,2,0,p1
Curriculum_vs_CPU,Curriculum,CPU,2654,2,0,p1
Curriculum_vs_CPU,Curriculum,CPU,2655,2,1,p1
Curriculum_vs_CPU,Curriculum,CPU,2656,1,2,p2
Curriculum_vs_CPU,Curriculum,CPU,2657,2,0,p1
Curriculum_vs_CPU,Curriculum,CPU,2658,2,0,p1
Curriculum_vs_CPU,Curriculum,CPU,2659,1,2,p2
Curriculum_vs_CPU,Curriculum,CPU,2660,2,1,p1
Curriculum_vs_CPU,Curriculum,CPU,2661,2,0,p1
Curriculum_vs_CPU,Curriculum,CPU,2662,2,0,p1
Curriculum_vs_CPU,Curriculum,CPU,2663,2,0,p1
Curriculum_vs_CPU,Curriculum,CPU,2664,2,0,p1
Curriculum_vs_CPU,Curriculum,CPU,2665,2,0,p1
Curriculum_vs_CPU,Curriculum,CPU,2666,2,0,p1
Curriculum_vs_CPU,Curriculum,CPU,2667,2,0,p1
Curriculum_vs_CPU,Curriculum,CPU,2668,2,0,p1
Curriculum_vs_CPU,Curriculum,CPU,2669,2,0,p1
Curriculum_vs_CPU,Curriculum,CPU,2670,2,0,p1
Curriculum_vs_CPU,Curriculum,CPU,2671,2,1,p1
Curriculum_vs_CPU,Curriculum,CPU,2672,2,1,p1
Curriculum_vs_CPU,Curriculum,CPU,2673,2,0,p1
Curriculum_vs_CPU,Curriculum,CPU,2674,2,0,p1
Curriculum_vs_CPU,Curriculum,CPU,2675,2,0,p1
Curriculum_vs_CPU,Curriculum,CPU,2676,2,0,p1
Curriculum_vs_CPU,Curriculum,CPU,2677,2,0,p1
Curriculum_vs_CPU,Curriculum,CPU,2678,2,0,p1
Curriculum_vs_CPU,Curriculum,CPU,2679,2,1,p1
Curriculum_vs_CPU,Curriculum,CPU,2680,1,1,draw
Curriculum_vs_CPU,Curriculum,CPU,2681,2,0,p1
Curriculum_vs_CPU,Curriculum,CPU,2682,2,0,p1
Curriculum_vs_CPU,Curriculum,CPU,2683,2,0,p1
Curriculum_vs_CPU,Curriculum,CPU,2684,2,0,p1
Curriculum_vs_CPU,Curriculum,CPU,2685,2,0,p1
Curriculum_vs_CPU,Curriculum,CPU,2686,1,2,p2
Curriculum_vs_CPU,Curriculum,CPU,2687,1,2,p2
Curriculum_vs_CPU,Curriculum,CPU,2688,2,1,p1
Curriculum_vs_CPU,Curriculum,CPU,2689,2,0,p1
Curriculum_vs_CPU,Curriculum,CPU,2690,2,0,p1
Curriculum_vs_CPU,Curriculum,CPU,2691,2,0,p1
Curriculum_vs_CPU,Curriculum,CPU,2692,2,0,p1
Curriculum_vs_CPU,Curriculum,CPU,2693,2,0,p1
Curriculum_vs_CPU,Curriculum,CPU,2694,1,2,p2
Curriculum_vs_CPU,Curriculum,CPU,2695,2,1,p1
Curriculum_vs_CPU,Curriculum,CPU,2696,2,0,p1
Curriculum_vs_CPU,Curriculum,CPU,2697,2,0,p1
Curriculum_vs_CPU,Curriculum,CPU,2698,2,0,p1
Curriculum_vs_CPU,Curriculum,CPU,2699,2,0,p1
Curriculum_vs_CPU,Curriculum,CPU,2700,2,0,p1
Curriculum_vs_CPU,Curriculum,CPU,2701,1,2,p2
Curriculum_vs_CPU,Curriculum,CPU,2702,2,1,p1
Curriculum_vs_CPU,Curriculum,CPU,2703,2,0,p1
Curriculum_vs_CPU,Curriculum,CPU,2704,2,0,p1
Curriculum_vs_CPU,Curriculum,CPU,2705,1,2,p2
Curriculum_vs_CPU,Curriculum,CPU,2706,2,0,p1
Curriculum_vs_CPU,Curriculum,CPU,2707,2,0,p1
Curriculum_vs_CPU,Curriculum,CPU,2708,2,0,p1
Curriculum_vs_CPU,Curriculum,CPU,2709,2,0,p1
Curriculum_vs_CPU,Curriculum,CPU,2710,2,0,p1
Curriculum_vs_CPU,Curriculum,CPU,2711,2,1,p1
Curriculum_vs_CPU,Curriculum,CPU,2712,2,0,p1
Curriculum_vs_CPU,Curriculum,CPU,2713,2,0,p1
Curriculum_vs_CPU,Curriculum,CPU,2714,2,0,p1
Curriculum_vs_CPU,Curriculum,CPU,2715,2,0,p1
Curriculum_vs_CPU,Curriculum,CPU,2716,2,0,p1
Curriculum_vs_CPU,Curriculum,CPU,2717,1,2,p2
Curriculum_vs_CPU,Curriculum,CPU,2718,2,1,p1
Curriculum_vs_CPU,Curriculum,CPU,2719,2,0,p1
Curriculum_vs_CPU,Curriculum,CPU,2720,2,1,p1
Curriculum_vs_CPU,Curriculum,CPU,2721,2,0,p1
Curriculum_vs_CPU,Curriculum,CPU,2722,2,0,p1
Curriculum_vs_CPU,Curriculum,CPU,2723,2,0,p1
Curriculum_vs_CPU,Curriculum,CPU,2724,2,0,p1
Curriculum_vs_CPU,Curriculum,CPU,2725,2,0,p1
Curriculum_vs_CPU,Curriculum,CPU,2726,2,1,p1
Curriculum_vs_CPU,Curriculum,CPU,2727,2,1,p1
Curriculum_vs_CPU,Curriculum,CPU,2728,2,0,p1
Curriculum_vs_CPU,Curriculum,CPU,2729,2,0,p1
Curriculum_vs_CPU,Curriculum,CPU,2730,2,0,p1
Curriculum_vs_CPU,Curriculum,CPU,2731,2,0,p1
Curriculum_vs_CPU,Curriculum,CPU,2732,2,0,p1
Curriculum_vs_CPU,Curriculum,CPU,2733,1,1,draw
Curriculum_vs_CPU,Curriculum,CPU,2734,2,0,p1
Curriculum_vs_CPU,Curriculum,CPU,2735,1,2,p2
Curriculum_vs_CPU,Curriculum,CPU,2736,2,0,p1
Curriculum_vs_CPU,Curriculum,CPU,2737,2,1,p1
Curriculum_vs_CPU,Curriculum,CPU,2738,2,1,p1
Curriculum_vs_CPU,Curriculum,CPU,2739,2,1,p1
Curriculum_vs_CPU,Curriculum,CPU,2740,2,1,p1
Curriculum_vs_CPU,Curriculum,CPU,2741,2,0,p1
Curriculum_vs_CPU,Curriculum,CPU,2742,2,0,p1
Curriculum_vs_CPU,Curriculum,CPU,2743,2,0,p1
Curriculum_vs_CPU,Curriculum,CPU,2744,2,1,p1
Curriculum_vs_CPU,Curriculum,CPU,2745,2,1,p1
Curriculum_vs_CPU,Curriculum,CPU,2746,2,0,p1
Curriculum_vs_CPU,Curriculum,CPU,2747,2,0,p1
Curriculum_vs_CPU,Curriculum,CPU,2748,1,2,p2
Curriculum_vs_CPU,Curriculum,CPU,2749,2,0,p1
Curriculum_vs_CPU,Curriculum,CPU,2750,1,2,p2
Curriculum_vs_CPU,Curriculum,CPU,2751,2,1,p1
Curriculum_vs_CPU,Curriculum,CPU,2752,2,1,p1
Curriculum_vs_CPU,Curriculum,CPU,2753,2,1,p1
Curriculum_vs_CPU,Curriculum,CPU,2754,2,0,p1
Curriculum_vs_CPU,Curriculum,CPU,2755,2,0,p1
Curriculum_vs_CPU,Curriculum,CPU,2756,2,0,p1
Curriculum_vs_CPU,Curriculum,CPU,2757,2,0,p1
Curriculum_vs_CPU,Curriculum,CPU,2758,1,2,p2
Curriculum_vs_CPU,Curriculum,CPU,2759,2,1,p1
Curriculum_vs_CPU,Curriculum,CPU,2760,2,0,p1
Curriculum_vs_CPU,Curriculum,CPU,2761,2,0,p1
Curriculum_vs_CPU,Curriculum,CPU,2762,2,0,p1
Curriculum_vs_CPU,Curriculum,CPU,2763,2,0,p1
Curriculum_vs_CPU,Curriculum,CPU,2764,2,0,p1
Curriculum_vs_CPU,Curriculum,CPU,2765,2,0,p1
Curriculum_vs_CPU,Curriculum,CPU,2766,2,0,p1
Curriculum_vs_CPU,Curriculum,CPU,2767,2,1,p1
Curriculum_vs_CPU,Curriculum,CPU,2768,2,0,p1
Curriculum_vs_CPU,Curriculum,CPU,2769,1,1,draw
Curriculum_vs_CPU,Curriculum,CPU,2770,2,1,p1
Curriculum_vs_CPU,Curriculum,CPU,2771,2,0,p1
Curriculum_vs_CPU,Curriculum,CPU,2772,1,2,p2
Curriculum_vs_CPU,Curriculum,CPU,2773,2,1,p1
Curriculum_vs_CPU,Curriculum,CPU,2774,2,0,p1
Curriculum_vs_CPU,Curriculum,CPU,2775,2,0,p1
Curriculum_vs_CPU,Curriculum,CPU,2776,1,2,p2
Curriculum_vs_CPU,Curriculum,CPU,2777,2,0,p1
Curriculum_vs_CPU,Curriculum,CPU,2778,2,0,p1
Curriculum_vs_CPU,Curriculum,CPU,2779,2,0,p1
Curriculum_vs_CPU,Curriculum,CPU,2780,2,0,p1
Curriculum_vs_CPU,Curriculum,CPU,2781,2,0,p1
Curriculum_vs_CPU,Curriculum,CPU,2782,2,0,p1
Curriculum_vs_CPU,Curriculum,CPU,2783,1,2,p2
Curriculum_vs_CPU,Curriculum,CPU,2784,2,0,p1
Curriculum_vs_CPU,Curriculum,CPU,2785,2,1,p1
Curriculum_vs_CPU,Curriculum,CPU,2786,2,1,p1
Curriculum_vs_CPU,Curriculum,CPU,2787,2,0,p1
Curriculum_vs_CPU,Curriculum,CPU,2788,2,0,p1
Curriculum_vs_CPU,Curriculum,CPU,2789,2,0,p1
Curriculum_vs_CPU,Curriculum,CPU,2790,2,0,p1
Curriculum_vs_CPU,Curriculum,CPU,2791,2,0,p1
Curriculum_vs_CPU,Curriculum,CPU,2792,1,2,p2
Curriculum_vs_CPU,Curriculum,CPU,2793,2,1,p1
Curriculum_vs_CPU,Curriculum,CPU,2794,2,0,p1
Curriculum_vs_CPU,Curriculum,CPU,2795,2,0,p1
Curriculum_vs_CPU,Curriculum,CPU,2796,1,2,p2
Curriculum_vs_CPU,Curriculum,CPU,2797,1,2,p2
Curriculum_vs_CPU,Curriculum,CPU,2798,1,2,p2
Curriculum_vs_CPU,Curriculum,CPU,2799,2,1,p1
Curriculum_vs_CPU,Curriculum,CPU,2800,2,0,p1
Curriculum_vs_CPU,Curriculum,CPU,2801,2,0,p1
Curriculum_vs_CPU,Curriculum,CPU,2802,1,2,p2
Curriculum_vs_CPU,Curriculum,CPU,2803,2,0,p1
Curriculum_vs_CPU,Curriculum,CPU,2804,2,0,p1
Curriculum_vs_CPU,Curriculum,CPU,2805,2,0,p1
Curriculum_vs_CPU,Curriculum,CPU,2806,2,0,p1
Curriculum_vs_CPU,Curriculum,CPU,2807,2,0,p1
Curriculum_vs_CPU,Curriculum,CPU,2808,2,0,p1
Curriculum_vs_CPU,Curriculum,CPU,2809,2,0,p1
Curriculum_vs_CPU,Curriculum,CPU,2810,2,0,p1
Curriculum_vs_CPU,Curriculum,CPU,2811,2,1,p1
Curriculum_vs_CPU,Curriculum,CPU,2812,2,0,p1
Curriculum_vs_CPU,Curriculum,CPU,2813,2,0,p1
Curriculum_vs_CPU,Curriculum,CPU,2814,2,0,p1
Curriculum_vs_CPU,Curriculum,CPU,2815,2,0,p1
Curriculum_vs_CPU,Curriculum,CPU,2816,2,0,p1
Curriculum_vs_CPU,Curriculum,CPU,2817,1,2,p2
Curriculum_vs_CPU,Curriculum,CPU,2818,2,1,p1
Curriculum_vs_CPU,Curriculum,CPU,2819,2,0,p1
Curriculum_vs_CPU,Curriculum,CPU,2820,2,1,p1
Curriculum_vs_CPU,Curriculum,CPU,2821,2,0,p1
Curriculum_vs_CPU,Curriculum,CPU,2822,2,0,p1
Curriculum_vs_CPU,Curriculum,CPU,2823,2,0,p1
Curriculum_vs_CPU,Curriculum,CPU,2824,1,2,p2
Curriculum_vs_CPU,Curriculum,CPU,2825,2,0,p1
Curriculum_vs_CPU,Curriculum,CPU,2826,2,0,p1
Curriculum_vs_CPU,Curriculum,CPU,2827,2,0,p1
Curriculum_vs_CPU,Curriculum,CPU,2828,2,1,p1
Curriculum_vs_CPU,Curriculum,CPU,2829,2,0,p1
Curriculum_vs_CPU,Curriculum,CPU,2830,2,1,p1
Curriculum_vs_CPU,Curriculum,CPU,2831,2,0,p1
Curriculum_vs_CPU,Curriculum,CPU,2832,2,0,p1
Curriculum_vs_CPU,Curriculum,CPU,2833,2,1,p1
Curriculum_vs_CPU,Curriculum,CPU,2834,2,0,p1
Curriculum_vs_CPU,Curriculum,CPU,2835,2,1,p1
Curriculum_vs_CPU,Curriculum,CPU,2836,2,0,p1
Curriculum_vs_CPU,Curriculum,CPU,2837,2,0,p1
Curriculum_vs_CPU,Curriculum,CPU,2838,1,2,p2
Curriculum_vs_CPU,Curriculum,CPU,2839,2,0,p1
Curriculum_vs_CPU,Curriculum,CPU,2840,2,1,p1
Curriculum_vs_CPU,Curriculum,CPU,2841,2,1,p1
Curriculum_vs_CPU,Curriculum,CPU,2842,2,0,p1
Curriculum_vs_CPU,Curriculum,CPU,2843,2,1,p1
Curriculum_vs_CPU,Curriculum,CPU,2844,2,0,p1
Curriculum_vs_CPU,Curriculum,CPU,2845,2,0,p1
Curriculum_vs_CPU,Curriculum,CPU,2846,2,0,p1
Curriculum_vs_CPU,Curriculum,CPU,2847,2,0,p1
Curriculum_vs_CPU,Curriculum,CPU,2848,2,0,p1
Curriculum_vs_CPU,Curriculum,CPU,2849,2,0,p1
Curriculum_vs_CPU,Curriculum,CPU,2850,2,0,p1
Curriculum_vs_CPU,Curriculum,CPU,2851,2,1,p1
Curriculum_vs_CPU,Curriculum,CPU,2852,2,0,p1
Curriculum_vs_CPU,Curriculum,CPU,2853,2,0,p1
Curriculum_vs_CPU,Curriculum,CPU,2854,2,0,p1
Curriculum_vs_CPU,Curriculum,CPU,2855,2,1,p1
Curriculum_vs_CPU,Curriculum,CPU,2856,2,0,p1
Curriculum_vs_CPU,Curriculum,CPU,2857,1,2,p2
Curriculum_vs_CPU,Curriculum,CPU,2858,2,0,p1
Curriculum_vs_CPU,Curriculum,CPU,2859,2,0,p1
Curriculum_vs_CPU,Curriculum,CPU,2860,2,0,p1
Curriculum_vs_CPU,Curriculum,CPU,2861,1,2,p2
Curriculum_vs_CPU,Curriculum,CPU,2862,2,1,p1
Curriculum_vs_CPU,Curriculum,CPU,2863,2,0,p1
Curriculum_vs_CPU,Curriculum,CPU,2864,2,0,p1
Curriculum_vs_CPU,Curriculum,CPU,2865,2,0,p1
Curriculum_vs_CPU,Curriculum,CPU,2866,2,0,p1
Curriculum_vs_CPU,Curriculum,CPU,2867,2,0,p1
Curriculum_vs_CPU,Curriculum,CPU,2868,1,2,p2
Curriculum_vs_CPU,Curriculum,CPU,2869,2,0,p1
Curriculum_vs_CPU,Curriculum,CPU,2870,1,1,draw
Curriculum_vs_CPU,Curriculum,CPU,2871,1,2,p2
Curriculum_vs_CPU,Curriculum,CPU,2872,2,0,p1
Curriculum_vs_CPU,Curriculum,CPU,2873,2,0,p1
Curriculum_vs_CPU,Curriculum,CPU,2874,2,0,p1
Curriculum_vs_CPU,Curriculum,CPU,2875,2,0,p1
Curriculum_vs_CPU,Curriculum,CPU,2876,2,0,p1
Curriculum_vs_CPU,Curriculum,CPU,2877,2,0,p1
Curriculum_vs_CPU,Curriculum,CPU,2878,1,2,p2
Curriculum_vs_CPU,Curriculum,CPU,2879,2,1,p1
Curriculum_vs_CPU,Curriculum,CPU,2880,2,1,p1
Curriculum_vs_CPU,Curriculum,CPU,2881,2,0,p1
Curriculum_vs_CPU,Curriculum,CPU,2882,2,0,p1
Curriculum_vs_CPU,Curriculum,CPU,2883,2,0,p1
Curriculum_vs_CPU,Curriculum,CPU,2884,2,0,p1
Curriculum_vs_CPU,Curriculum,CPU,2885,2,0,p1
Curriculum_vs_CPU,Curriculum,CPU,2886,2,0,p1
Curriculum_vs_CPU,Curriculum,CPU,2887,2,1,p1
Curriculum_vs_CPU,Curriculum,CPU,2888,2,0,p1
Curriculum_vs_CPU,Curriculum,CPU,2889,2,1,p1
Curriculum_vs_CPU,Curriculum,CPU,2890,2,0,p1
Curriculum_vs_CPU,Curriculum,CPU,2891,2,0,p1
Curriculum_vs_CPU,Curriculum,CPU,2892,2,0,p1
Curriculum_vs_CPU,Curriculum,CPU,2893,2,0,p1
Curriculum_vs_CPU,Curriculum,CPU,2894,2,0,p1
Curriculum_vs_CPU,Curriculum,CPU,2895,2,0,p1
Curriculum_vs_CPU,Curriculum,CPU,2896,2,0,p1
Curriculum_vs_CPU,Curriculum,CPU,2897,2,0,p1
Curriculum_vs_CPU,Curriculum,CPU,2898,2,1,p1
Curriculum_vs_CPU,Curriculum,CPU,2899,2,0,p1
Curriculum_vs_CPU,Curriculum,CPU,2900,2,0,p1
Curriculum_vs_CPU,Curriculum,CPU,2901,2,0,p1
Curriculum_vs_CPU,Curriculum,CPU,2902,2,0,p1
Curriculum_vs_CPU,Curriculum,CPU,2903,2,1,p1
Curriculum_vs_CPU,Curriculum,CPU,2904,2,0,p1
Curriculum_vs_CPU,Curriculum,CPU,2905,2,0,p1
Curriculum_vs_CPU,Curriculum,CPU,2906,2,0,p1
Curriculum_vs_CPU,Curriculum,CPU,2907,2,1,p1
Curriculum_vs_CPU,Curriculum,CPU,2908,2,1,p1
Curriculum_vs_CPU,Curriculum,CPU,2909,2,1,p1
Curriculum_vs_CPU,Curriculum,CPU,2910,2,1,p1
Curriculum_vs_CPU,Curriculum,CPU,2911,2,0,p1
Curriculum_vs_CPU,Curriculum,CPU,2912,2,0,p1
Curriculum_vs_CPU,Curriculum,CPU,2913,2,0,p1
Curriculum_vs_CPU,Curriculum,CPU,2914,2,1,p1
Curriculum_vs_CPU,Curriculum,CPU,2915,2,0,p1
Curriculum_vs_CPU,Curriculum,CPU,2916,1,2,p2
Curriculum_vs_CPU,Curriculum,CPU,2917,2,0,p1
Curriculum_vs_CPU,Curriculum,CPU,2918,2,0,p1
Curriculum_vs_CPU,Curriculum,CPU,2919,2,1,p1
Curriculum_vs_CPU,Curriculum,CPU,2920,2,0,p1
Curriculum_vs_CPU,Curriculum,CPU,2921,2,1,p1
Curriculum_vs_CPU,Curriculum,CPU,2922,2,0,p1
Curriculum_vs_CPU,Curriculum,CPU,2923,2,0,p1
Curriculum_vs_CPU,Curriculum,CPU,2924,2,0,p1
Curriculum_vs_CPU,Curriculum,CPU,2925,2,1,p1
Curriculum_vs_CPU,Curriculum,CPU,2926,1,2,p2
Curriculum_vs_CPU,Curriculum,CPU,2927,2,1,p1
Curriculum_vs_CPU,Curriculum,CPU,2928,1,2,p2
Curriculum_vs_CPU,Curriculum,CPU,2929,2,1,p1
Curriculum_vs_CPU,Curriculum,CPU,2930,1,2,p2
Curriculum_vs_CPU,Curriculum,CPU,2931,2,0,p1
Curriculum_vs_CPU,Curriculum,CPU,2932,1,2,p2
Curriculum_vs_CPU,Curriculum,CPU,2933,2,1,p1
Curriculum_vs_CPU,Curriculum,CPU,2934,2,0,p1
Curriculum_vs_CPU,Curriculum,CPU,2935,2,0,p1
Curriculum_vs_CPU,Curriculum,CPU,2936,2,0,p1
Curriculum_vs_CPU,Curriculum,CPU,2937,1,2,p2
Curriculum_vs_CPU,Curriculum,CPU,2938,2,0,p1
Curriculum_vs_CPU,Curriculum,CPU,2939,2,0,p1
Curriculum_vs_CPU,Curriculum,CPU,2940,2,0,p1
Curriculum_vs_CPU,Curriculum,CPU,2941,2,0,p1
Curriculum_vs_CPU,Curriculum,CPU,2942,2,0,p1
Curriculum_vs_CPU,Curriculum,CPU,2943,1,2,p2
Curriculum_vs_CPU,Curriculum,CPU,2944,2,0,p1
Curriculum_vs_CPU,Curriculum,CPU,2945,2,0,p1
Curriculum_vs_CPU,Curriculum,CPU,2946,2,0,p1
Curriculum_vs_CPU,Curriculum,CPU,2947,2,1,p1
Curriculum_vs_CPU,Curriculum,CPU,2948,2,0,p1
Curriculum_vs_CPU,Curriculum,CPU,2949,1,2,p2
Curriculum_vs_CPU,Curriculum,CPU,2950,1,2,p2
Curriculum_vs_CPU,Curriculum,CPU,2951,2,0,p1
Curriculum_vs_CPU,Curriculum,CPU,2952,2,0,p1
Curriculum_vs_CPU,Curriculum,CPU,2953,2,0,p1
Curriculum_vs_CPU,Curriculum,CPU,2954,2,0,p1
Curriculum_vs_CPU,Curriculum,CPU,2955,2,1,p1
Curriculum_vs_CPU,Curriculum,CPU,2956,2,0,p1
Curriculum_vs_CPU,Curriculum,CPU,2957,2,0,p1
Curriculum_vs_CPU,Curriculum,CPU,2958,2,0,p1
Curriculum_vs_CPU,Curriculum,CPU,2959,2,1,p1
Curriculum_vs_CPU,Curriculum,CPU,2960,2,0,p1
Curriculum_vs_CPU,Curriculum,CPU,2961,2,0,p1
Curriculum_vs_CPU,Curriculum,CPU,2962,2,0,p1
Curriculum_vs_CPU,Curriculum,CPU,2963,2,1,p1
Curriculum_vs_CPU,Curriculum,CPU,2964,2,0,p1
Curriculum_vs_CPU,Curriculum,CPU,2965,2,0,p1
Curriculum_vs_CPU,Curriculum,CPU,2966,1,2,p2
Curriculum_vs_CPU,Curriculum,CPU,2967,2,0,p1
Curriculum_vs_CPU,Curriculum,CPU,2968,2,0,p1
Curriculum_vs_CPU,Curriculum,CPU,2969,2,0,p1
Curriculum_vs_CPU,Curriculum,CPU,2970,2,1,p1
Curriculum_vs_CPU,Curriculum,CPU,2971,1,2,p2
Curriculum_vs_CPU,Curriculum,CPU,2972,1,2,p2
Curriculum_vs_CPU,Curriculum,CPU,2973,2,0,p1
Curriculum_vs_CPU,Curriculum,CPU,2974,2,0,p1
Curriculum_vs_CPU,Curriculum,CPU,2975,2,0,p1
Curriculum_vs_CPU,Curriculum,CPU,2976,2,1,p1
Curriculum_vs_CPU,Curriculum,CPU,2977,2,1,p1
Curriculum_vs_CPU,Curriculum,CPU,2978,2,0,p1
Curriculum_vs_CPU,Curriculum,CPU,2979,2,0,p1
Curriculum_vs_CPU,Curriculum,CPU,2980,2,0,p1
Curriculum_vs_CPU,Curriculum,CPU,2981,2,0,p1
Curriculum_vs_CPU,Curriculum,CPU,2982,1,2,p2
Curriculum_vs_CPU,Curriculum,CPU,2983,2,0,p1
Curriculum_vs_CPU,Curriculum,CPU,2984,2,1,p1
Curriculum_vs_CPU,Curriculum,CPU,2985,2,0,p1
Curriculum_vs_CPU,Curriculum,CPU,2986,2,0,p1
Curriculum_vs_CPU,Curriculum,CPU,2987,2,0,p1
Curriculum_vs_CPU,Curriculum,CPU,2988,2,0,p1
Curriculum_vs_CPU,Curriculum,CPU,2989,1,2,p2
Curriculum_vs_CPU,Curriculum,CPU,2990,1,2,p2
Curriculum_vs_CPU,Curriculum,CPU,2991,2,0,p1
Curriculum_vs_CPU,Curriculum,CPU,2992,2,0,p1
Curriculum_vs_CPU,Curriculum,CPU,2993,2,0,p1
Curriculum_vs_CPU,Curriculum,CPU,2994,2,1,p1
Curriculum_vs_CPU,Curriculum,CPU,2995,1,2,p2
Curriculum_vs_CPU,Curriculum,CPU,2996,2,0,p1
Curriculum_vs_CPU,Curriculum,CPU,2997,2,0,p1
Curriculum_vs_CPU,Curriculum,CPU,2998,2,0,p1
Curriculum_vs_CPU,Curriculum,CPU,2999,2,0,p1
Curriculum_vs_CPU,Curriculum,CPU,3000,2,0,p1
Curriculum_vs_CPU,Curriculum,CPU,1001,2,0,p1
Curriculum_vs_CPU,Curriculum,CPU,1002,2,0,p1
Curriculum_vs_CPU,Curriculum,CPU,1003,1,2,p2
Curriculum_vs_CPU,Curriculum,CPU,1004,2,0,p1
Curriculum_vs_CPU,Curriculum,CPU,1005,2,1,p1
Curriculum_vs_CPU,Curriculum,CPU,1006,1,2,p2
Curriculum_vs_CPU,Curriculum,CPU,1007,1,2,p2
Curriculum_vs_CPU,Curriculum,CPU,1008,2,0,p1
Curriculum_vs_CPU,Curriculum,CPU,1009,2,0,p1
Curriculum_vs_CPU,Curriculum,CPU,1010,2,0,p1
Curriculum_vs_CPU,Curriculum,CPU,1011,2,0,p1
Curriculum_vs_CPU,Curriculum,CPU,1012,1,1,draw
Curriculum_vs_CPU,Curriculum,CPU,1013,2,0,p1
Curriculum_vs_CPU,Curriculum,CPU,1014,1,2,p2
Curriculum_vs_CPU,Curriculum,CPU,1015,2,0,p1
Curriculum_vs_CPU,Curriculum,CPU,1016,2,0,p1
Curriculum_vs_CPU,Curriculum,CPU,1017,2,1,p1
Curriculum_vs_CPU,Curriculum,CPU,1018,2,0,p1
Curriculum_vs_CPU,Curriculum,CPU,1019,2,1,p1
Curriculum_vs_CPU,Curriculum,CPU,1020,2,0,p1
Curriculum_vs_CPU,Curriculum,CPU,1021,2,0,p1
Curriculum_vs_CPU,Curriculum,CPU,1022,2,0,p1
Curriculum_vs_CPU,Curriculum,CPU,1023,1,2,p2
Curriculum_vs_CPU,Curriculum,CPU,1024,1,2,p2
Curriculum_vs_CPU,Curriculum,CPU,1025,1,2,p2
Curriculum_vs_CPU,Curriculum,CPU,1026,2,0,p1
Curriculum_vs_CPU,Curriculum,CPU,1027,2,1,p1
Curriculum_vs_CPU,Curriculum,CPU,1028,2,1,p1
Curriculum_vs_CPU,Curriculum,CPU,1029,1,2,p2
Curriculum_vs_CPU,Curriculum,CPU,1030,2,0,p1
Curriculum_vs_CPU,Curriculum,CPU,1031,2,1,p1
Curriculum_vs_CPU,Curriculum,CPU,1032,2,0,p1
Curriculum_vs_CPU,Curriculum,CPU,1033,2,1,p1
Curriculum_vs_CPU,Curriculum,CPU,1034,2,0,p1
Curriculum_vs_CPU,Curriculum,CPU,1035,2,0,p1
Curriculum_vs_CPU,Curriculum,CPU,1036,2,0,p1
Curriculum_vs_CPU,Curriculum,CPU,1037,2,0,p1
Curriculum_vs_CPU,Curriculum,CPU,1038,1,2,p2
Curriculum_vs_CPU,Curriculum,CPU,1039,2,1,p1
Curriculum_vs_CPU,Curriculum,CPU,1040,2,0,p1
Curriculum_vs_CPU,Curriculum,CPU,1041,2,0,p1
Curriculum_vs_CPU,Curriculum,CPU,1042,2,0,p1
Curriculum_vs_CPU,Curriculum,CPU,1043,2,0,p1
Curriculum_vs_CPU,Curriculum,CPU,1044,2,1,p1
Curriculum_vs_CPU,Curriculum,CPU,1045,2,0,p1
Curriculum_vs_CPU,Curriculum,CPU,1046,2,0,p1
Curriculum_vs_CPU,Curriculum,CPU,1047,2,0,p1
Curriculum_vs_CPU,Curriculum,CPU,1048,2,0,p1
Curriculum_vs_CPU,Curriculum,CPU,1049,2,1,p1
Curriculum_vs_CPU,Curriculum,CPU,1050,2,1,p1
Curriculum_vs_CPU,Curriculum,CPU,1051,2,0,p1
Curriculum_vs_CPU,Curriculum,CPU,1052,2,1,p1
Curriculum_vs_CPU,Curriculum,CPU,1053,2,1,p1
Curriculum_vs_CPU,Curriculum,CPU,1054,1,2,p2
Curriculum_vs_CPU,Curriculum,CPU,1055,2,0,p1
Curriculum_vs_CPU,Curriculum,CPU,1056,2,1,p1
Curriculum_vs_CPU,Curriculum,CPU,1057,2,0,p1
Curriculum_vs_CPU,Curriculum,CPU,1058,2,0,p1
Curriculum_vs_CPU,Curriculum,CPU,1059,2,0,p1
Curriculum_vs_CPU,Curriculum,CPU,1060,2,0,p1
Curriculum_vs_CPU,Curriculum,CPU,1061,2,1,p1
Curriculum_vs_CPU,Curriculum,CPU,1062,2,1,p1
Curriculum_vs_CPU,Curriculum,CPU,1063,2,1,p1
Curriculum_vs_CPU,Curriculum,CPU,1064,2,0,p1
Curriculum_vs_CPU,Curriculum,CPU,1065,2,0,p1
Curriculum_vs_CPU,Curriculum,CPU,1066,2,0,p1
Curriculum_vs_CPU,Curriculum,CPU,1067,2,1,p1
Curriculum_vs_CPU,Curriculum,CPU,1068,2,0,p1
Curriculum_vs_CPU,Curriculum,CPU,1069,2,0,p1
Curriculum_vs_CPU,Curriculum,CPU,1070,2,0,p1
Curriculum_vs_CPU,Curriculum,CPU,1071,1,2,p2
Curriculum_vs_CPU,Curriculum,CPU,1072,1,2,p2
Curriculum_vs_CPU,Curriculum,CPU,1073,2,1,p1
Curriculum_vs_CPU,Curriculum,CPU,1074,2,1,p1
Curriculum_vs_CPU,Curriculum,CPU,1075,2,0,p1
Curriculum_vs_CPU,Curriculum,CPU,1076,2,0,p1
Curriculum_vs_CPU,Curriculum,CPU,1077,2,1,p1
Curriculum_vs_CPU,Curriculum,CPU,1078,1,2,p2
Curriculum_vs_CPU,Curriculum,CPU,1079,2,0,p1
Curriculum_vs_CPU,Curriculum,CPU,1080,2,0,p1
Curriculum_vs_CPU,Curriculum,CPU,1081,2,0,p1
Curriculum_vs_CPU,Curriculum,CPU,1082,2,1,p1
Curriculum_vs_CPU,Curriculum,CPU,1083,2,1,p1
Curriculum_vs_CPU,Curriculum,CPU,1084,1,2,p2
Curriculum_vs_CPU,Curriculum,CPU,1085,2,1,p1
Curriculum_vs_CPU,Curriculum,CPU,1086,2,0,p1
Curriculum_vs_CPU,Curriculum,CPU,1087,2,1,p1
Curriculum_vs_CPU,Curriculum,CPU,1088,2,1,p1
Curriculum_vs_CPU,Curriculum,CPU,1089,2,1,p1
Curriculum_vs_CPU,Curriculum,CPU,1090,2,0,p1
Curriculum_vs_CPU,Curriculum,CPU,1091,2,0,p1
Curriculum_vs_CPU,Curriculum,CPU,1092,2,0,p1
Curriculum_vs_CPU,Curriculum,CPU,1093,2,0,p1
Curriculum_vs_CPU,Curriculum,CPU,1094,2,1,p1
Curriculum_vs_CPU,Curriculum,CPU,1095,2,0,p1
Curriculum_vs_CPU,Curriculum,CPU,1096,2,0,p1
Curriculum_vs_CPU,Curriculum,CPU,1097,2,0,p1
Curriculum_vs_CPU,Curriculum,CPU,1098,2,0,p1
Curriculum_vs_CPU,Curriculum,CPU,1099,2,0,p1
Curriculum_vs_CPU,Curriculum,CPU,1100,2,0,p1
Curriculum_vs_CPU,Curriculum,CPU,1101,2,0,p1
Curriculum_vs_CPU,Curriculum,CPU,1102,2,0,p1
Curriculum_vs_CPU,Curriculum,CPU,1103,2,0,p1
Curriculum_vs_CPU,Curriculum,CPU,1104,2,0,p1
Curriculum_vs_CPU,Curriculum,CPU,1105,2,1,p1
Curriculum_vs_CPU,Curriculum,CPU,1106,2,0,p1
Curriculum_vs_CPU,Curriculum,CPU,1107,2,0,p1
Curriculum_vs_CPU,Curriculum,CPU,1108,2,0,p1
Curriculum_vs_CPU,Curriculum,CPU,1109,2,0,p1
Curriculum_vs_CPU,Curriculum,CPU,1110,2,1,p1
Curriculum_vs_CPU,Curriculum,CPU,1111,2,0,p1
Curriculum_vs_CPU,Curriculum,CPU,1112,1,1,draw
Curriculum_vs_CPU,Curriculum,CPU,1113,2,1,p1
Curriculum_vs_CPU,Curriculum,CPU,1114,2,1,p1
Curriculum_vs_CPU,Curriculum,CPU,1115,2,0,p1
Curriculum_vs_CPU,Curriculum,CPU,1116,2,0,p1
Curriculum_vs_CPU,Curriculum,CPU,1117,2,1,p1
Curriculum_vs_CPU,Curriculum,CPU,1118,2,0,p1
Curriculum_vs_CPU,Curriculum,CPU,1119,2,0,p1
Curriculum_vs_CPU,Curriculum,CPU,1120,1,2,p2
Curriculum_vs_CPU,Curriculum,CPU,1121,2,1,p1
Curriculum_vs_CPU,Curriculum,CPU,1122,2,0,p1
Curriculum_vs_CPU,Curriculum,CPU,1123,2,0,p1
Curriculum_vs_CPU,Curriculum,CPU,1124,2,0,p1
Curriculum_vs_CPU,Curriculum,CPU,1125,2,0,p1
Curriculum_vs_CPU,Curriculum,CPU,1126,1,1,draw
Curriculum_vs_CPU,Curriculum,CPU,1127,2,1,p1
Curriculum_vs_CPU,Curriculum,CPU,1128,2,0,p1
Curriculum_vs_CPU,Curriculum,CPU,1129,2,0,p1
Curriculum_vs_CPU,Curriculum,CPU,1130,1,2,p2
Curriculum_vs_CPU,Curriculum,CPU,1131,2,0,p1
Curriculum_vs_CPU,Curriculum,CPU,1132,2,1,p1
Curriculum_vs_CPU,Curriculum,CPU,1133,1,2,p2
Curriculum_vs_CPU,Curriculum,CPU,1134,2,0,p1
Curriculum_vs_CPU,Curriculum,CPU,1135,2,0,p1
Curriculum_vs_CPU,Curriculum,CPU,1136,2,1,p1
Curriculum_vs_CPU,Curriculum,CPU,1137,2,0,p1
Curriculum_vs_CPU,Curriculum,CPU,1138,1,2,p2
Curriculum_vs_CPU,Curriculum,CPU,1139,2,0,p1
Curriculum_vs_CPU,Curriculum,CPU,1140,2,0,p1
Curriculum_vs_CPU,Curriculum,CPU,1141,1,2,p2
Curriculum_vs_CPU,Curriculum,CPU,1142,2,0,p1
Curriculum_vs_CPU,Curriculum,CPU,1143,2,0,p1
Curriculum_vs_CPU,Curriculum,CPU,1144,2,0,p1
Curriculum_vs_CPU,Curriculum,CPU,1145,2,0,p1
Curriculum_vs_CPU,Curriculum,CPU,1146,2,0,p1
Curriculum_vs_CPU,Curriculum,CPU,1147,2,0,p1
Curriculum_vs_CPU,Curriculum,CPU,1148,2,0,p1
Curriculum_vs_CPU,Curriculum,CPU,1149,2,1,p1
Curriculum_vs_CPU,Curriculum,CPU,1150,2,1,p1
Curriculum_vs_CPU,Curriculum,CPU,1151,2,0,p1
Curriculum_vs_CPU,Curriculum,CPU,1152,2,1,p1
Curriculum_vs_CPU,Curriculum,CPU,1153,2,0,p1
Curriculum_vs_CPU,Curriculum,CPU,1154,2,0,p1
Curriculum_vs_CPU,Curriculum,CPU,1155,1,2,p2
Curriculum_vs_CPU,Curriculum,CPU,1156,2,1,p1
Curriculum_vs_CPU,Curriculum,CPU,1157,2,1,p1
Curriculum_vs_CPU,Curriculum,CPU,1158,2,0,p1
Curriculum_vs_CPU,Curriculum,CPU,1159,2,1,p1
Curriculum_vs_CPU,Curriculum,CPU,1160,2,0,p1
Curriculum_vs_CPU,Curriculum,CPU,1161,2,0,p1
Curriculum_vs_CPU,Curriculum,CPU,1162,2,0,p1
Curriculum_vs_CPU,Curriculum,CPU,1163,2,1,p1
Curriculum_vs_CPU,Curriculum,CPU,1164,2,0,p1
Curriculum_vs_CPU,Curriculum,CPU,1165,1,2,p2
Curriculum_vs_CPU,Curriculum,CPU,1166,2,1,p1
Curriculum_vs_CPU,Curriculum,CPU,1167,2,0,p1
Curriculum_vs_CPU,Curriculum,CPU,1168,1,2,p2
Curriculum_vs_CPU,Curriculum,CPU,1169,1,2,p2
Curriculum_vs_CPU,Curriculum,CPU,1170,1,2,p2
Curriculum_vs_CPU,Curriculum,CPU,1171,2,0,p1
Curriculum_vs_CPU,Curriculum,CPU,1172,1,2,p2
Curriculum_vs_CPU,Curriculum,CPU,1173,2,1,p1
Curriculum_vs_CPU,Curriculum,CPU,1174,2,0,p1
Curriculum_vs_CPU,Curriculum,CPU,1175,2,1,p1
Curriculum_vs_CPU,Curriculum,CPU,1176,2,0,p1
Curriculum_vs_CPU,Curriculum,CPU,1177,2,1,p1
Curriculum_vs_CPU,Curriculum,CPU,1178,2,0,p1
Curriculum_vs_CPU,Curriculum,CPU,1179,2,0,p1
Curriculum_vs_CPU,Curriculum,CPU,1180,2,1,p1
Curriculum_vs_CPU,Curriculum,CPU,1181,2,0,p1
Curriculum_vs_CPU,Curriculum,CPU,1182,2,0,p1
Curriculum_vs_CPU,Curriculum,CPU,1183,2,0,p1
Curriculum_vs_CPU,Curriculum,CPU,1184,2,0,p1
Curriculum_vs_CPU,Curriculum,CPU,1185,2,0,p1
Curriculum_vs_CPU,Curriculum,CPU,1186,2,0,p1
Curriculum_vs_CPU,Curriculum,CPU,1187,2,0,p1
Curriculum_vs_CPU,Curriculum,CPU,1188,2,0,p1
Curriculum_vs_CPU,Curriculum,CPU,1189,2,0,p1
Curriculum_vs_CPU,Curriculum,CPU,1190,1,2,p2
Curriculum_vs_CPU,Curriculum,CPU,1191,2,0,p1
Curriculum_vs_CPU,Curriculum,CPU,1192,1,2,p2
Curriculum_vs_CPU,Curriculum,CPU,1193,2,1,p1
Curriculum_vs_CPU,Curriculum,CPU,1194,2,0,p1
Curriculum_vs_CPU,Curriculum,CPU,1195,2,0,p1
Curriculum_vs_CPU,Curriculum,CPU,1196,1,2,p2
Curriculum_vs_CPU,Curriculum,CPU,1197,2,0,p1
Curriculum_vs_CPU,Curriculum,CPU,1198,2,0,p1
Curriculum_vs_CPU,Curriculum,CPU,1199,2,0,p1
Curriculum_vs_CPU,Curriculum,CPU,1200,2,0,p1
Curriculum_vs_CPU,Curriculum,CPU,1201,2,0,p1
Curriculum_vs_CPU,Curriculum,CPU,1202,2,0,p1
Curriculum_vs_CPU,Curriculum,CPU,1203,2,0,p1
Curriculum_vs_CPU,Curriculum,CPU,1204,2,0,p1
Curriculum_vs_CPU,Curriculum,CPU,1205,1,2,p2
Curriculum_vs_CPU,Curriculum,CPU,1206,2,0,p1
Curriculum_vs_CPU,Curriculum,CPU,1207,2,0,p1
Curriculum_vs_CPU,Curriculum,CPU,1208,2,0,p1
Curriculum_vs_CPU,Curriculum,CPU,1209,2,0,p1
Curriculum_vs_CPU,Curriculum,CPU,1210,2,0,p1
Curriculum_vs_CPU,Curriculum,CPU,1211,2,0,p1
Curriculum_vs_CPU,Curriculum,CPU,1212,2,0,p1
Curriculum_vs_CPU,Curriculum,CPU,1213,2,0,p1
Curriculum_vs_CPU,Curriculum,CPU,1214,2,0,p1
Curriculum_vs_CPU,Curriculum,CPU,1215,2,0,p1
Curriculum_vs_CPU,Curriculum,CPU,1216,2,0,p1
Curriculum_vs_CPU,Curriculum,CPU,1217,2,0,p1
Curriculum_vs_CPU,Curriculum,CPU,1218,1,2,p2
Curriculum_vs_CPU,Curriculum,CPU,1219,2,0,p1
Curriculum_vs_CPU,Curriculum,CPU,1220,2,0,p1
Curriculum_vs_CPU,Curriculum,CPU,1221,2,1,p1
Curriculum_vs_CPU,Curriculum,CPU,1222,2,0,p1
Curriculum_vs_CPU,Curriculum,CPU,1223,2,0,p1
Curriculum_vs_CPU,Curriculum,CPU,1224,2,0,p1
Curriculum_vs_CPU,Curriculum,CPU,1225,2,0,p1
Curriculum_vs_CPU,Curriculum,CPU,1226,2,1,p1
Curriculum_vs_CPU,Curriculum,CPU,1227,2,0,p1
Curriculum_vs_CPU,Curriculum,CPU,1228,1,2,p2
Curriculum_vs_CPU,Curriculum,CPU,1229,2,0,p1
Curriculum_vs_CPU,Curriculum,CPU,1230,2,0,p1
Curriculum_vs_CPU,Curriculum,CPU,1231,2,0,p1
Curriculum_vs_CPU,Curriculum,CPU,1232,1,1,draw
Curriculum_vs_CPU,Curriculum,CPU,1233,2,1,p1
Curriculum_vs_CPU,Curriculum,CPU,1234,2,0,p1
Curriculum_vs_CPU,Curriculum,CPU,1235,2,1,p1
Curriculum_vs_CPU,Curriculum,CPU,1236,2,0,p1
Curriculum_vs_CPU,Curriculum,CPU,1237,2,0,p1
Curriculum_vs_CPU,Curriculum,CPU,1238,2,0,p1
Curriculum_vs_CPU,Curriculum,CPU,1239,2,0,p1
Curriculum_vs_CPU,Curriculum,CPU,1240,1,2,p2
Curriculum_vs_CPU,Curriculum,CPU,1241,2,0,p1
Curriculum_vs_CPU,Curriculum,CPU,1242,2,0,p1
Curriculum_vs_CPU,Curriculum,CPU,1243,2,0,p1
Curriculum_vs_CPU,Curriculum,CPU,1244,2,0,p1
Curriculum_vs_CPU,Curriculum,CPU,1245,2,0,p1
Curriculum_vs_CPU,Curriculum,CPU,1246,2,0,p1
Curriculum_vs_CPU,Curriculum,CPU,1247,2,1,p1
Curriculum_vs_CPU,Curriculum,CPU,1248,2,1,p1
Curriculum_vs_CPU,Curriculum,CPU,1249,2,1,p1
Curriculum_vs_CPU,Curriculum,CPU,1250,2,0,p1
Curriculum_vs_CPU,Curriculum,CPU,1251,2,0,p1
Curriculum_vs_CPU,Curriculum,CPU,1252,2,0,p1
Curriculum_vs_CPU,Curriculum,CPU,1253,2,1,p1
Curriculum_vs_CPU,Curriculum,CPU,1254,2,0,p1
Curriculum_vs_CPU,Curriculum,CPU,1255,2,0,p1
Curriculum_vs_CPU,Curriculum,CPU,1256,2,0,p1
Curriculum_vs_CPU,Curriculum,CPU,1257,1,2,p2
Curriculum_vs_CPU,Curriculum,CPU,1258,2,0,p1
Curriculum_vs_CPU,Curriculum,CPU,1259,2,1,p1
Curriculum_vs_CPU,Curriculum,CPU,1260,2,0,p1
Curriculum_vs_CPU,Curriculum,CPU,1261,2,0,p1
Curriculum_vs_CPU,Curriculum,CPU,1262,2,0,p1
Curriculum_vs_CPU,Curriculum,CPU,1263,2,0,p1
Curriculum_vs_CPU,Curriculum,CPU,1264,2,0,p1
Curriculum_vs_CPU,Curriculum,CPU,1265,2,0,p1
Curriculum_vs_CPU,Curriculum,CPU,1266,2,0,p1
Curriculum_vs_CPU,Curriculum,CPU,1267,2,0,p1
Curriculum_vs_CPU,Curriculum,CPU,1268,2,0,p1
Curriculum_vs_CPU,Curriculum,CPU,1269,2,1,p1
Curriculum_vs_CPU,Curriculum,CPU,1270,1,2,p2
Curriculum_vs_CPU,Curriculum,CPU,1271,2,1,p1
Curriculum_vs_CPU,Curriculum,CPU,1272,2,0,p1
Curriculum_vs_CPU,Curriculum,CPU,1273,2,0,p1
Curriculum_vs_CPU,Curriculum,CPU,1274,2,0,p1
Curriculum_vs_CPU,Curriculum,CPU,1275,2,1,p1
Curriculum_vs_CPU,Curriculum,CPU,1276,1,2,p2
Curriculum_vs_CPU,Curriculum,CPU,1277,2,0,p1
Curriculum_vs_CPU,Curriculum,CPU,1278,2,0,p1
Curriculum_vs_CPU,Curriculum,CPU,1279,2,0,p1
Curriculum_vs_CPU,Curriculum,CPU,1280,2,0,p1
Curriculum_vs_CPU,Curriculum,CPU,1281,2,0,p1
Curriculum_vs_CPU,Curriculum,CPU,1282,2,0,p1
Curriculum_vs_CPU,Curriculum,CPU,1283,2,0,p1
Curriculum_vs_CPU,Curriculum,CPU,1284,2,0,p1
Curriculum_vs_CPU,Curriculum,CPU,1285,2,0,p1
Curriculum_vs_CPU,Curriculum,CPU,1286,2,1,p1
Curriculum_vs_CPU,Curriculum,CPU,1287,2,0,p1
Curriculum_vs_CPU,Curriculum,CPU,1288,2,0,p1
Curriculum_vs_CPU,Curriculum,CPU,1289,2,0,p1
Curriculum_vs_CPU,Curriculum,CPU,1290,2,0,p1
Curriculum_vs_CPU,Curriculum,CPU,1291,2,0,p1
Curriculum_vs_CPU,Curriculum,CPU,1292,2,0,p1
Curriculum_vs_CPU,Curriculum,CPU,1293,2,0,p1
Curriculum_vs_CPU,Curriculum,CPU,1294,2,1,p1
Curriculum_vs_CPU,Curriculum,CPU,1295,2,0,p1
Curriculum_vs_CPU,Curriculum,CPU,1296,2,0,p1
Curriculum_vs_CPU,Curriculum,CPU,1297,2,0,p1
Curriculum_vs_CPU,Curriculum,CPU,1298,2,1,p1
Curriculum_vs_CPU,Curriculum,CPU,1299,2,0,p1
Curriculum_vs_CPU,Curriculum,CPU,1300,2,0,p1
Curriculum_vs_CPU,Curriculum,CPU,1301,2,0,p1
Curriculum_vs_CPU,Curriculum,CPU,1302,2,0,p1
Curriculum_vs_CPU,Curriculum,CPU,1303,2,1,p1
Curriculum_vs_CPU,Curriculum,CPU,1304,2,0,p1
Curriculum_vs_CPU,Curriculum,CPU,1305,2,1,p1
Curriculum_vs_CPU,Curriculum,CPU,1306,2,0,p1
Curriculum_vs_CPU,Curriculum,CPU,1307,2,0,p1
Curriculum_vs_CPU,Curriculum,CPU,1308,2,0,p1
Curriculum_vs_CPU,Curriculum,CPU,1309,2,0,p1
Curriculum_vs_CPU,Curriculum,CPU,1310,2,0,p1
Curriculum_vs_CPU,Curriculum,CPU,1311,2,0,p1
Curriculum_vs_CPU,Curriculum,CPU,1312,2,0,p1
Curriculum_vs_CPU,Curriculum,CPU,1313,2,0,p1
Curriculum_vs_CPU,Curriculum,CPU,1314,2,0,p1
Curriculum_vs_CPU,Curriculum,CPU,1315,2,0,p1
Curriculum_vs_CPU,Curriculum,CPU,1316,2,0,p1
Curriculum_vs_CPU,Curriculum,CPU,1317,1,2,p2
Curriculum_vs_CPU,Curriculum,CPU,1318,2,1,p1
Curriculum_vs_CPU,Curriculum,CPU,1319,2,1,p1
Curriculum_vs_CPU,Curriculum,CPU,1320,2,1,p1
Curriculum_vs_CPU,Curriculum,CPU,1321,1,2,p2
Curriculum_vs_CPU,Curriculum,CPU,1322,2,0,p1
Curriculum_vs_CPU,Curriculum,CPU,1323,2,1,p1
Curriculum_vs_CPU,Curriculum,CPU,1324,2,0,p1
Curriculum_vs_CPU,Curriculum,CPU,1325,2,1,p1
Curriculum_vs_CPU,Curriculum,CPU,1326,2,1,p1
Curriculum_vs_CPU,Curriculum,CPU,1327,1,2,p2
Curriculum_vs_CPU,Curriculum,CPU,1328,1,2,p2
Curriculum_vs_CPU,Curriculum,CPU,1329,2,0,p1
Curriculum_vs_CPU,Curriculum,CPU,1330,2,0,p1
Curriculum_vs_CPU,Curriculum,CPU,1331,2,1,p1
Curriculum_vs_CPU,Curriculum,CPU,1332,2,0,p1
Curriculum_vs_CPU,Curriculum,CPU,1333,2,1,p1
Curriculum_vs_CPU,Curriculum,CPU,1334,2,0,p1
Curriculum_vs_CPU,Curriculum,CPU,1335,2,0,p1
Curriculum_vs_CPU,Curriculum,CPU,1336,2,0,p1
Curriculum_vs_CPU,Curriculum,CPU,1337,2,0,p1
Curriculum_vs_CPU,Curriculum,CPU,1338,2,1,p1
Curriculum_vs_CPU,Curriculum,CPU,1339,2,0,p1
Curriculum_vs_CPU,Curriculum,CPU,1340,2,0,p1
Curriculum_vs_CPU,Curriculum,CPU,1341,1,2,p2
Curriculum_vs_CPU,Curriculum,CPU,1342,2,0,p1
Curriculum_vs_CPU,Curriculum,CPU,1343,2,0,p1
Curriculum_vs_CPU,Curriculum,CPU,1344,2,1,p1
Curriculum_vs_CPU,Curriculum,CPU,1345,2,1,p1
Curriculum_vs_CPU,Curriculum,CPU,1346,2,0,p1
Curriculum_vs_CPU,Curriculum,CPU,1347,2,1,p1
Curriculum_vs_CPU,Curriculum,CPU,1348,2,0,p1
Curriculum_vs_CPU,Curriculum,CPU,1349,2,0,p1
Curriculum_vs_CPU,Curriculum,CPU,1350,2,0,p1
Curriculum_vs_CPU,Curriculum,CPU,1351,2,1,p1
Curriculum_vs_CPU,Curriculum,CPU,1352,2,0,p1
Curriculum_vs_CPU,Curriculum,CPU,1353,2,0,p1
Curriculum_vs_CPU,Curriculum,CPU,1354,2,0,p1
Curriculum_vs_CPU,Curriculum,CPU,1355,2,0,p1
Curriculum_vs_CPU,Curriculum,CPU,1356,2,0,p1
Curriculum_vs_CPU,Curriculum,CPU,1357,2,1,p1
Curriculum_vs_CPU,Curriculum,CPU,1358,2,0,p1
Curriculum_vs_CPU,Curriculum,CPU,1359,2,0,p1
Curriculum_vs_CPU,Curriculum,CPU,1360,2,0,p1
Curriculum_vs_CPU,Curriculum,CPU,1361,2,0,p1
Curriculum_vs_CPU,Curriculum,CPU,1362,2,0,p1
Curriculum_vs_CPU,Curriculum,CPU,1363,2,0,p1
Curriculum_vs_CPU,Curriculum,CPU,1364,1,2,p2
Curriculum_vs_CPU,Curriculum,CPU,1365,2,0,p1
Curriculum_vs_CPU,Curriculum,CPU,1366,2,1,p1
Curriculum_vs_CPU,Curriculum,CPU,1367,2,1,p1
Curriculum_vs_CPU,Curriculum,CPU,1368,2,0,p1
Curriculum_vs_CPU,Curriculum,CPU,1369,2,0,p1
Curriculum_vs_CPU,Curriculum,CPU,1370,2,0,p1
Curriculum_vs_CPU,Curriculum,CPU,1371,2,1,p1
Curriculum_vs_CPU,Curriculum,CPU,1372,2,0,p1
Curriculum_vs_CPU,Curriculum,CPU,1373,2,0,p1
Curriculum_vs_CPU,Curriculum,CPU,1374,1,2,p2
Curriculum_vs_CPU,Curriculum,CPU,1375,2,0,p1
Curriculum_vs_CPU,Curriculum,CPU,1376,2,1,p1
Curriculum_vs_CPU,Curriculum,CPU,1377,2,1,p1
Curriculum_vs_CPU,Curriculum,CPU,1378,2,1,p1
Curriculum_vs_CPU,Curriculum,CPU,1379,2,0,p1
Curriculum_vs_CPU,Curriculum,CPU,1380,2,1,p1
Curriculum_vs_CPU,Curriculum,CPU,1381,2,0,p1
Curriculum_vs_CPU,Curriculum,CPU,1382,2,0,p1
Curriculum_vs_CPU,Curriculum,CPU,1383,2,0,p1
Curriculum_vs_CPU,Curriculum,CPU,1384,2,0,p1
Curriculum_vs_CPU,Curriculum,CPU,1385,2,0,p1
Curriculum_vs_CPU,Curriculum,CPU,1386,2,0,p1
Curriculum_vs_CPU,Curriculum,CPU,1387,1,2,p2
Curriculum_vs_CPU,Curriculum,CPU,1388,2,1,p1
Curriculum_vs_CPU,Curriculum,CPU,1389,2,0,p1
Curriculum_vs_CPU,Curriculum,CPU,1390,2,0,p1
Curriculum_vs_CPU,Curriculum,CPU,1391,2,0,p1
Curriculum_vs_CPU,Curriculum,CPU,1392,2,0,p1
Curriculum_vs_CPU,Curriculum,CPU,1393,2,1,p1
Curriculum_vs_CPU,Curriculum,CPU,1394,2,0,p1
Curriculum_vs_CPU,Curriculum,CPU,1395,2,1,p1
Curriculum_vs_CPU,Curriculum,CPU,1396,2,1,p1
Curriculum_vs_CPU,Curriculum,CPU,1397,2,0,p1
Curriculum_vs_CPU,Curriculum,CPU,1398,2,0,p1
Curriculum_vs_CPU,Curriculum,CPU,1399,2,0,p1
Curriculum_vs_CPU,Curriculum,CPU,1400,2,0,p1
Curriculum_vs_CPU,Curriculum,CPU,1401,2,0,p1
Curriculum_vs_CPU,Curriculum,CPU,1402,2,0,p1
Curriculum_vs_CPU,Curriculum,CPU,1403,2,0,p1
Curriculum_vs_CPU,Curriculum,CPU,1404,2,0,p1
Curriculum_vs_CPU,Curriculum,CPU,1405,2,0,p1
Curriculum_vs_CPU,Curriculum,CPU,1406,2,1,p1
Curriculum_vs_CPU,Curriculum,CPU,1407,2,0,p1
Curriculum_vs_CPU,Curriculum,CPU,1408,2,0,p1
Curriculum_vs_CPU,Curriculum,CPU,1409,2,0,p1
Curriculum_vs_CPU,Curriculum,CPU,1410,2,0,p1
Curriculum_vs_CPU,Curriculum,CPU,1411,2,0,p1
Curriculum_vs_CPU,Curriculum,CPU,1412,2,0,p1
Curriculum_vs_CPU,Curriculum,CPU,1413,2,0,p1
Curriculum_vs_CPU,Curriculum,CPU,1414,2,0,p1
Curriculum_vs_CPU,Curriculum,CPU,1415,2,0,p1
Curriculum_vs_CPU,Curriculum,CPU,1416,2,0,p1
Curriculum_vs_CPU,Curriculum,CPU,1417,2,0,p1
Curriculum_vs_CPU,Curriculum,CPU,1418,2,0,p1
Curriculum_vs_CPU,Curriculum,CPU,1419,2,0,p1
Curriculum_vs_CPU,Curriculum,CPU,1420,2,0,p1
Curriculum_vs_CPU,Curriculum,CPU,1421,1,2,p2
Curriculum_vs_CPU,Curriculum,CPU,1422,2,1,p1
Curriculum_vs_CPU,Curriculum,CPU,1423,2,1,p1
Curriculum_vs_CPU,Curriculum,CPU,1424,1,2,p2
Curriculum_vs_CPU,Curriculum,CPU,1425,2,0,p1
Curriculum_vs_CPU,Curriculum,CPU,1426,2,0,p1
Curriculum_vs_CPU,Curriculum,CPU,1427,2,0,p1
Curriculum_vs_CPU,Curriculum,CPU,1428,2,1,p1
Curriculum_vs_CPU,Curriculum,CPU,1429,0,2,p2
Curriculum_vs_CPU,Curriculum,CPU,1430,2,0,p1
Curriculum_vs_CPU,Curriculum,CPU,1431,1,2,p2
Curriculum_vs_CPU,Curriculum,CPU,1432,2,0,p1
Curriculum_vs_CPU,Curriculum,CPU,1433,2,0,p1
Curriculum_vs_CPU,Curriculum,CPU,1434,2,0,p1
Curriculum_vs_CPU,Curriculum,CPU,1435,2,0,p1
Curriculum_vs_CPU,Curriculum,CPU,1436,2,0,p1
Curriculum_vs_CPU,Curriculum,CPU,1437,2,0,p1
Curriculum_vs_CPU,Curriculum,CPU,1438,2,1,p1
Curriculum_vs_CPU,Curriculum,CPU,1439,2,0,p1
Curriculum_vs_CPU,Curriculum,CPU,1440,2,0,p1
Curriculum_vs_CPU,Curriculum,CPU,1441,1,2,p2
Curriculum_vs_CPU,Curriculum,CPU,1442,2,0,p1
Curriculum_vs_CPU,Curriculum,CPU,1443,2,0,p1
Curriculum_vs_CPU,Curriculum,CPU,1444,2,1,p1
Curriculum_vs_CPU,Curriculum,CPU,1445,2,1,p1
Curriculum_vs_CPU,Curriculum,CPU,1446,2,0,p1
Curriculum_vs_CPU,Curriculum,CPU,1447,2,1,p1
Curriculum_vs_CPU,Curriculum,CPU,1448,2,0,p1
Curriculum_vs_CPU,Curriculum,CPU,1449,2,0,p1
Curriculum_vs_CPU,Curriculum,CPU,1450,2,1,p1
Curriculum_vs_CPU,Curriculum,CPU,1451,2,0,p1
Curriculum_vs_CPU,Curriculum,CPU,1452,2,1,p1
Curriculum_vs_CPU,Curriculum,CPU,1453,2,0,p1
Curriculum_vs_CPU,Curriculum,CPU,1454,2,1,p1
Curriculum_vs_CPU,Curriculum,CPU,1455,2,0,p1
Curriculum_vs_CPU,Curriculum,CPU,1456,2,0,p1
Curriculum_vs_CPU,Curriculum,CPU,1457,2,0,p1
Curriculum_vs_CPU,Curriculum,CPU,1458,2,0,p1
Curriculum_vs_CPU,Curriculum,CPU,1459,2,0,p1
Curriculum_vs_CPU,Curriculum,CPU,1460,2,0,p1
Curriculum_vs_CPU,Curriculum,CPU,1461,2,0,p1
Curriculum_vs_CPU,Curriculum,CPU,1462,2,1,p1
Curriculum_vs_CPU,Curriculum,CPU,1463,2,0,p1
Curriculum_vs_CPU,Curriculum,CPU,1464,2,0,p1
Curriculum_vs_CPU,Curriculum,CPU,1465,2,0,p1
Curriculum_vs_CPU,Curriculum,CPU,1466,1,2,p2
Curriculum_vs_CPU,Curriculum,CPU,1467,2,0,p1
Curriculum_vs_CPU,Curriculum,CPU,1468,2,0,p1
Curriculum_vs_CPU,Curriculum,CPU,1469,2,0,p1
Curriculum_vs_CPU,Curriculum,CPU,1470,2,1,p1
Curriculum_vs_CPU,Curriculum,CPU,1471,2,0,p1
Curriculum_vs_CPU,Curriculum,CPU,1472,2,1,p1
Curriculum_vs_CPU,Curriculum,CPU,1473,2,0,p1
Curriculum_vs_CPU,Curriculum,CPU,1474,2,0,p1
Curriculum_vs_CPU,Curriculum,CPU,1475,2,0,p1
Curriculum_vs_CPU,Curriculum,CPU,1476,2,0,p1
Curriculum_vs_CPU,Curriculum,CPU,1477,1,2,p2
Curriculum_vs_CPU,Curriculum,CPU,1478,2,0,p1
Curriculum_vs_CPU,Curriculum,CPU,1479,2,0,p1
Curriculum_vs_CPU,Curriculum,CPU,1480,2,0,p1
Curriculum_vs_CPU,Curriculum,CPU,1481,2,0,p1
Curriculum_vs_CPU,Curriculum,CPU,1482,1,2,p2
Curriculum_vs_CPU,Curriculum,CPU,1483,1,2,p2
Curriculum_vs_CPU,Curriculum,CPU,1484,2,0,p1
Curriculum_vs_CPU,Curriculum,CPU,1485,2,1,p1
Curriculum_vs_CPU,Curriculum,CPU,1486,2,0,p1
Curriculum_vs_CPU,Curriculum,CPU,1487,2,0,p1
Curriculum_vs_CPU,Curriculum,CPU,1488,2,0,p1
Curriculum_vs_CPU,Curriculum,CPU,1489,2,0,p1
Curriculum_vs_CPU,Curriculum,CPU,1490,2,0,p1
Curriculum_vs_CPU,Curriculum,CPU,1491,2,0,p1
Curriculum_vs_CPU,Curriculum,CPU,1492,2,0,p1
Curriculum_vs_CPU,Curriculum,CPU,1493,2,1,p1
Curriculum_vs_CPU,Curriculum,CPU,1494,2,0,p1
Curriculum_vs_CPU,Curriculum,CPU,1495,2,0,p1
Curriculum_vs_CPU,Curriculum,CPU,1496,2,1,p1
Curriculum_vs_CPU,Curriculum,CPU,1497,2,0,p1
Curriculum_vs_CPU,Curriculum,CPU,1498,2,0,p1
Curriculum_vs_CPU,Curriculum,CPU,1499,2,0,p1
Curriculum_vs_CPU,Curriculum,CPU,1500,2,0,p1
Curriculum_vs_CPU,Curriculum,CPU,1501,2,0,p1
Curriculum_vs_CPU,Curriculum,CPU,1502,2,0,p1
Curriculum_vs_CPU,Curriculum,CPU,1503,2,1,p1
Curriculum_vs_CPU,Curriculum,CPU,1504,1,2,p2
Curriculum_vs_CPU,Curriculum,CPU,1505,2,0,p1
Curriculum_vs_CPU,Curriculum,CPU,1506,2,0,p1
Curriculum_vs_CPU,Curriculum,CPU,1507,2,0,p1
Curriculum_vs_CPU,Curriculum,CPU,1508,2,0,p1
Curriculum_vs_CPU,Curriculum,CPU,1509,2,0,p1
Curriculum_vs_CPU,Curriculum,CPU,1510,2,0,p1
Curriculum_vs_CPU,Curriculum,CPU,1511,2,0,p1
Curriculum_vs_CPU,Curriculum,CPU,1512,2,1,p1
Curriculum_vs_CPU,Curriculum,CPU,1513,2,1,p1
Curriculum_vs_CPU,Curriculum,CPU,1514,2,0,p1
Curriculum_vs_CPU,Curriculum,CPU,1515,2,0,p1
Curriculum_vs_CPU,Curriculum,CPU,1516,2,1,p1
Curriculum_vs_CPU,Curriculum,CPU,1517,2,0,p1
Curriculum_vs_CPU,Curriculum,CPU,1518,1,2,p2
Curriculum_vs_CPU,Curriculum,CPU,1519,2,1,p1
Curriculum_vs_CPU,Curriculum,CPU,1520,2,1,p1
Curriculum_vs_CPU,Curriculum,CPU,1521,2,0,p1
Curriculum_vs_CPU,Curriculum,CPU,1522,2,0,p1
Curriculum_vs_CPU,Curriculum,CPU,1523,2,0,p1
Curriculum_vs_CPU,Curriculum,CPU,1524,2,0,p1
Curriculum_vs_CPU,Curriculum,CPU,1525,2,1,p1
Curriculum_vs_CPU,Curriculum,CPU,1526,2,0,p1
Curriculum_vs_CPU,Curriculum,CPU,1527,2,1,p1
Curriculum_vs_CPU,Curriculum,CPU,1528,2,1,p1
Curriculum_vs_CPU,Curriculum,CPU,1529,2,0,p1
Curriculum_vs_CPU,Curriculum,CPU,1530,2,0,p1
Curriculum_vs_CPU,Curriculum,CPU,1531,2,0,p1
Curriculum_vs_CPU,Curriculum,CPU,1532,2,0,p1
Curriculum_vs_CPU,Curriculum,CPU,1533,2,0,p1
Curriculum_vs_CPU,Curriculum,CPU,1534,2,0,p1
Curriculum_vs_CPU,Curriculum,CPU,1535,2,0,p1
Curriculum_vs_CPU,Curriculum,CPU,1536,2,1,p1
Curriculum_vs_CPU,Curriculum,CPU,1537,2,0,p1
Curriculum_vs_CPU,Curriculum,CPU,1538,2,0,p1
Curriculum_vs_CPU,Curriculum,CPU,1539,2,0,p1
Curriculum_vs_CPU,Curriculum,CPU,1540,2,0,p1
Curriculum_vs_CPU,Curriculum,CPU,1541,2,1,p1
Curriculum_vs_CPU,Curriculum,CPU,1542,2,0,p1
Curriculum_vs_CPU,Curriculum,CPU,1543,2,0,p1
Curriculum_vs_CPU,Curriculum,CPU,1544,2,0,p1
Curriculum_vs_CPU,Curriculum,CPU,1545,2,0,p1
Curriculum_vs_CPU,Curriculum,CPU,1546,2,0,p1
Curriculum_vs_CPU,Curriculum,CPU,1547,1,2,p2
Curriculum_vs_CPU,Curriculum,CPU,1548,2,0,p1
Curriculum_vs_CPU,Curriculum,CPU,1549,2,0,p1
Curriculum_vs_CPU,Curriculum,CPU,1550,1,2,p2
Curriculum_vs_CPU,Curriculum,CPU,1551,2,0,p1
Curriculum_vs_CPU,Curriculum,CPU,1552,2,0,p1
Curriculum_vs_CPU,Curriculum,CPU,1553,2,0,p1
Curriculum_vs_CPU,Curriculum,CPU,1554,2,1,p1
Curriculum_vs_CPU,Curriculum,CPU,1555,2,0,p1
Curriculum_vs_CPU,Curriculum,CPU,1556,1,2,p2
Curriculum_vs_CPU,Curriculum,CPU,1557,2,0,p1
Curriculum_vs_CPU,Curriculum,CPU,1558,1,2,p2
Curriculum_vs_CPU,Curriculum,CPU,1559,2,0,p1
Curriculum_vs_CPU,Curriculum,CPU,1560,2,0,p1
Curriculum_vs_CPU,Curriculum,CPU,1561,2,0,p1
Curriculum_vs_CPU,Curriculum,CPU,1562,2,0,p1
Curriculum_vs_CPU,Curriculum,CPU,1563,2,0,p1
Curriculum_vs_CPU,Curriculum,CPU,1564,2,0,p1
Curriculum_vs_CPU,Curriculum,CPU,1565,2,1,p1
Curriculum_vs_CPU,Curriculum,CPU,1566,1,2,p2
Curriculum_vs_CPU,Curriculum,CPU,1567,2,0,p1
Curriculum_vs_CPU,Curriculum,CPU,1568,2,1,p1
Curriculum_vs_CPU,Curriculum,CPU,1569,2,1,p1
Curriculum_vs_CPU,Curriculum,CPU,1570,1,2,p2
Curriculum_vs_CPU,Curriculum,CPU,1571,2,0,p1
Curriculum_vs_CPU,Curriculum,CPU,1572,2,0,p1
Curriculum_vs_CPU,Curriculum,CPU,1573,2,0,p1
Curriculum_vs_CPU,Curriculum,CPU,1574,2,1,p1
Curriculum_vs_CPU,Curriculum,CPU,1575,2,0,p1
Curriculum_vs_CPU,Curriculum,CPU,1576,2,0,p1
Curriculum_vs_CPU,Curriculum,CPU,1577,2,1,p1
Curriculum_vs_CPU,Curriculum,CPU,1578,2,0,p1
Curriculum_vs_CPU,Curriculum,CPU,1579,2,0,p1
Curriculum_vs_CPU,Curriculum,CPU,1580,2,0,p1
Curriculum_vs_CPU,Curriculum,CPU,1581,2,0,p1
Curriculum_vs_CPU,Curriculum,CPU,1582,2,1,p1
Curriculum_vs_CPU,Curriculum,CPU,1583,2,0,p1
Curriculum_vs_CPU,Curriculum,CPU,1584,2,0,p1
Curriculum_vs_CPU,Curriculum,CPU,1585,2,0,p1
Curriculum_vs_CPU,Curriculum,CPU,1586,2,0,p1
Curriculum_vs_CPU,Curriculum,CPU,1587,2,0,p1
Curriculum_vs_CPU,Curriculum,CPU,1588,1,2,p2
Curriculum_vs_CPU,Curriculum,CPU,1589,2,0,p1
Curriculum_vs_CPU,Curriculum,CPU,1590,2,0,p1
Curriculum_vs_CPU,Curriculum,CPU,1591,2,0,p1
Curriculum_vs_CPU,Curriculum,CPU,1592,2,1,p1
Curriculum_vs_CPU,Curriculum,CPU,1593,2,0,p1
Curriculum_vs_CPU,Curriculum,CPU,1594,2,0,p1
Curriculum_vs_CPU,Curriculum,CPU,1595,1,2,p2
Curriculum_vs_CPU,Curriculum,CPU,1596,2,1,p1
Curriculum_vs_CPU,Curriculum,CPU,1597,2,1,p1
Curriculum_vs_CPU,Curriculum,CPU,1598,2,0,p1
Curriculum_vs_CPU,Curriculum,CPU,1599,2,1,p1
Curriculum_vs_CPU,Curriculum,CPU,1600,2,1,p1
Curriculum_vs_CPU,Curriculum,CPU,1601,2,0,p1
Curriculum_vs_CPU,Curriculum,CPU,1602,2,0,p1
Curriculum_vs_CPU,Curriculum,CPU,1603,2,0,p1
Curriculum_vs_CPU,Curriculum,CPU,1604,2,1,p1
Curriculum_vs_CPU,Curriculum,CPU,1605,2,0,p1
Curriculum_vs_CPU,Curriculum,CPU,1606,2,1,p1
Curriculum_vs_CPU,Curriculum,CPU,1607,2,1,p1
Curriculum_vs_CPU,Curriculum,CPU,1608,2,0,p1
Curriculum_vs_CPU,Curriculum,CPU,1609,2,0,p1
Curriculum_vs_CPU,Curriculum,CPU,1610,2,1,p1
Curriculum_vs_CPU,Curriculum,CPU,1611,2,0,p1
Curriculum_vs_CPU,Curriculum,CPU,1612,2,0,p1
Curriculum_vs_CPU,Curriculum,CPU,1613,1,2,p2
Curriculum_vs_CPU,Curriculum,CPU,1614,1,2,p2
Curriculum_vs_CPU,Curriculum,CPU,1615,2,0,p1
Curriculum_vs_CPU,Curriculum,CPU,1616,2,0,p1
Curriculum_vs_CPU,Curriculum,CPU,1617,2,0,p1
Curriculum_vs_CPU,Curriculum,CPU,1618,1,2,p2
Curriculum_vs_CPU,Curriculum,CPU,1619,2,1,p1
Curriculum_vs_CPU,Curriculum,CPU,1620,2,1,p1
Curriculum_vs_CPU,Curriculum,CPU,1621,2,0,p1
Curriculum_vs_CPU,Curriculum,CPU,1622,2,0,p1
Curriculum_vs_CPU,Curriculum,CPU,1623,2,0,p1
Curriculum_vs_CPU,Curriculum,CPU,1624,1,2,p2
Curriculum_vs_CPU,Curriculum,CPU,1625,2,0,p1
Curriculum_vs_CPU,Curriculum,CPU,1626,1,2,p2
Curriculum_vs_CPU,Curriculum,CPU,1627,2,0,p1
Curriculum_vs_CPU,Curriculum,CPU,1628,2,1,p1
Curriculum_vs_CPU,Curriculum,CPU,1629,2,0,p1
Curriculum_vs_CPU,Curriculum,CPU,1630,2,1,p1
Curriculum_vs_CPU,Curriculum,CPU,1631,2,0,p1
Curriculum_vs_CPU,Curriculum,CPU,1632,2,0,p1
Curriculum_vs_CPU,Curriculum,CPU,1633,1,2,p2
Curriculum_vs_CPU,Curriculum,CPU,1634,2,0,p1
Curriculum_vs_CPU,Curriculum,CPU,1635,2,0,p1
Curriculum_vs_CPU,Curriculum,CPU,1636,1,2,p2
Curriculum_vs_CPU,Curriculum,CPU,1637,2,0,p1
Curriculum_vs_CPU,Curriculum,CPU,1638,1,2,p2
Curriculum_vs_CPU,Curriculum,CPU,1639,1,2,p2
Curriculum_vs_CPU,Curriculum,CPU,1640,2,0,p1
Curriculum_vs_CPU,Curriculum,CPU,1641,2,0,p1
Curriculum_vs_CPU,Curriculum,CPU,1642,2,0,p1
Curriculum_vs_CPU,Curriculum,CPU,1643,2,1,p1
Curriculum_vs_CPU,Curriculum,CPU,1644,2,0,p1
Curriculum_vs_CPU,Curriculum,CPU,1645,2,1,p1
Curriculum_vs_CPU,Curriculum,CPU,1646,2,0,p1
Curriculum_vs_CPU,Curriculum,CPU,1647,1,2,p2
Curriculum_vs_CPU,Curriculum,CPU,1648,2,1,p1
Curriculum_vs_CPU,Curriculum,CPU,1649,2,0,p1
Curriculum_vs_CPU,Curriculum,CPU,1650,2,0,p1
Curriculum_vs_CPU,Curriculum,CPU,1651,2,0,p1
Curriculum_vs_CPU,Curriculum,CPU,1652,2,1,p1
Curriculum_vs_CPU,Curriculum,CPU,1653,2,0,p1
Curriculum_vs_CPU,Curriculum,CPU,1654,2,0,p1
Curriculum_vs_CPU,Curriculum,CPU,1655,2,0,p1
Curriculum_vs_CPU,Curriculum,CPU,1656,1,2,p2
Curriculum_vs_CPU,Curriculum,CPU,1657,2,0,p1
Curriculum_vs_CPU,Curriculum,CPU,1658,2,0,p1
Curriculum_vs_CPU,Curriculum,CPU,1659,2,0,p1
Curriculum_vs_CPU,Curriculum,CPU,1660,2,0,p1
Curriculum_vs_CPU,Curriculum,CPU,1661,2,0,p1
Curriculum_vs_CPU,Curriculum,CPU,1662,2,1,p1
Curriculum_vs_CPU,Curriculum,CPU,1663,2,0,p1
Curriculum_vs_CPU,Curriculum,CPU,1664,2,0,p1
Curriculum_vs_CPU,Curriculum,CPU,1665,2,1,p1
Curriculum_vs_CPU,Curriculum,CPU,1666,1,2,p2
Curriculum_vs_CPU,Curriculum,CPU,1667,2,0,p1
Curriculum_vs_CPU,Curriculum,CPU,1668,2,0,p1
Curriculum_vs_CPU,Curriculum,CPU,1669,2,1,p1
Curriculum_vs_CPU,Curriculum,CPU,1670,2,0,p1
Curriculum_vs_CPU,Curriculum,CPU,1671,2,1,p1
Curriculum_vs_CPU,Curriculum,CPU,1672,2,1,p1
Curriculum_vs_CPU,Curriculum,CPU,1673,2,0,p1
Curriculum_vs_CPU,Curriculum,CPU,1674,2,1,p1
Curriculum_vs_CPU,Curriculum,CPU,1675,2,0,p1
Curriculum_vs_CPU,Curriculum,CPU,1676,2,0,p1
Curriculum_vs_CPU,Curriculum,CPU,1677,1,2,p2
Curriculum_vs_CPU,Curriculum,CPU,1678,1,2,p2
Curriculum_vs_CPU,Curriculum,CPU,1679,2,0,p1
Curriculum_vs_CPU,Curriculum,CPU,1680,2,0,p1
Curriculum_vs_CPU,Curriculum,CPU,1681,1,2,p2
Curriculum_vs_CPU,Curriculum,CPU,1682,2,1,p1
Curriculum_vs_CPU,Curriculum,CPU,1683,2,0,p1
Curriculum_vs_CPU,Curriculum,CPU,1684,2,0,p1
Curriculum_vs_CPU,Curriculum,CPU,1685,2,1,p1
Curriculum_vs_CPU,Curriculum,CPU,1686,2,0,p1
Curriculum_vs_CPU,Curriculum,CPU,1687,2,0,p1
Curriculum_vs_CPU,Curriculum,CPU,1688,2,0,p1
Curriculum_vs_CPU,Curriculum,CPU,1689,2,0,p1
Curriculum_vs_CPU,Curriculum,CPU,1690,2,0,p1
Curriculum_vs_CPU,Curriculum,CPU,1691,2,0,p1
Curriculum_vs_CPU,Curriculum,CPU,1692,2,0,p1
Curriculum_vs_CPU,Curriculum,CPU,1693,2,0,p1
Curriculum_vs_CPU,Curriculum,CPU,1694,2,1,p1
Curriculum_vs_CPU,Curriculum,CPU,1695,2,1,p1
Curriculum_vs_CPU,Curriculum,CPU,1696,2,0,p1
Curriculum_vs_CPU,Curriculum,CPU,1697,2,0,p1
Curriculum_vs_CPU,Curriculum,CPU,1698,2,0,p1
Curriculum_vs_CPU,Curriculum,CPU,1699,2,0,p1
Curriculum_vs_CPU,Curriculum,CPU,1700,2,0,p1
Curriculum_vs_CPU,Curriculum,CPU,1701,2,0,p1
Curriculum_vs_CPU,Curriculum,CPU,1702,2,0,p1
Curriculum_vs_CPU,Curriculum,CPU,1703,2,0,p1
Curriculum_vs_CPU,Curriculum,CPU,1704,2,0,p1
Curriculum_vs_CPU,Curriculum,CPU,1705,2,1,p1
Curriculum_vs_CPU,Curriculum,CPU,1706,2,0,p1
Curriculum_vs_CPU,Curriculum,CPU,1707,2,0,p1
Curriculum_vs_CPU,Curriculum,CPU,1708,1,2,p2
Curriculum_vs_CPU,Curriculum,CPU,1709,2,0,p1
Curriculum_vs_CPU,Curriculum,CPU,1710,2,0,p1
Curriculum_vs_CPU,Curriculum,CPU,1711,2,0,p1
Curriculum_vs_CPU,Curriculum,CPU,1712,2,0,p1
Curriculum_vs_CPU,Curriculum,CPU,1713,2,1,p1
Curriculum_vs_CPU,Curriculum,CPU,1714,2,0,p1
Curriculum_vs_CPU,Curriculum,CPU,1715,2,0,p1
Curriculum_vs_CPU,Curriculum,CPU,1716,2,1,p1
Curriculum_vs_CPU,Curriculum,CPU,1717,2,0,p1
Curriculum_vs_CPU,Curriculum,CPU,1718,2,1,p1
Curriculum_vs_CPU,Curriculum,CPU,1719,1,1,draw
Curriculum_vs_CPU,Curriculum,CPU,1720,2,0,p1
Curriculum_vs_CPU,Curriculum,CPU,1721,2,0,p1
Curriculum_vs_CPU,Curriculum,CPU,1722,2,0,p1
Curriculum_vs_CPU,Curriculum,CPU,1723,2,0,p1
Curriculum_vs_CPU,Curriculum,CPU,1724,2,1,p1
Curriculum_vs_CPU,Curriculum,CPU,1725,1,2,p2
Curriculum_vs_CPU,Curriculum,CPU,1726,2,0,p1
Curriculum_vs_CPU,Curriculum,CPU,1727,2,0,p1
Curriculum_vs_CPU,Curriculum,CPU,1728,1,2,p2
Curriculum_vs_CPU,Curriculum,CPU,1729,1,2,p2
Curriculum_vs_CPU,Curriculum,CPU,1730,2,0,p1
Curriculum_vs_CPU,Curriculum,CPU,1731,2,0,p1
Curriculum_vs_CPU,Curriculum,CPU,1732,2,0,p1
Curriculum_vs_CPU,Curriculum,CPU,1733,2,0,p1
Curriculum_vs_CPU,Curriculum,CPU,1734,2,0,p1
Curriculum_vs_CPU,Curriculum,CPU,1735,2,0,p1
Curriculum_vs_CPU,Curriculum,CPU,1736,2,0,p1
Curriculum_vs_CPU,Curriculum,CPU,1737,2,1,p1
Curriculum_vs_CPU,Curriculum,CPU,1738,2,0,p1
Curriculum_vs_CPU,Curriculum,CPU,1739,2,0,p1
Curriculum_vs_CPU,Curriculum,CPU,1740,2,1,p1
Curriculum_vs_CPU,Curriculum,CPU,1741,2,0,p1
Curriculum_vs_CPU,Curriculum,CPU,1742,2,0,p1
Curriculum_vs_CPU,Curriculum,CPU,1743,2,0,p1
Curriculum_vs_CPU,Curriculum,CPU,1744,2,0,p1
Curriculum_vs_CPU,Curriculum,CPU,1745,2,0,p1
Curriculum_vs_CPU,Curriculum,CPU,1746,2,0,p1
Curriculum_vs_CPU,Curriculum,CPU,1747,2,0,p1
Curriculum_vs_CPU,Curriculum,CPU,1748,2,1,p1
Curriculum_vs_CPU,Curriculum,CPU,1749,2,0,p1
Curriculum_vs_CPU,Curriculum,CPU,1750,2,1,p1
Curriculum_vs_CPU,Curriculum,CPU,1751,2,0,p1
Curriculum_vs_CPU,Curriculum,CPU,1752,2,0,p1
Curriculum_vs_CPU,Curriculum,CPU,1753,2,0,p1
Curriculum_vs_CPU,Curriculum,CPU,1754,2,1,p1
Curriculum_vs_CPU,Curriculum,CPU,1755,2,1,p1
Curriculum_vs_CPU,Curriculum,CPU,1756,1,2,p2
Curriculum_vs_CPU,Curriculum,CPU,1757,2,0,p1
Curriculum_vs_CPU,Curriculum,CPU,1758,2,0,p1
Curriculum_vs_CPU,Curriculum,CPU,1759,2,0,p1
Curriculum_vs_CPU,Curriculum,CPU,1760,2,1,p1
Curriculum_vs_CPU,Curriculum,CPU,1761,2,1,p1
Curriculum_vs_CPU,Curriculum,CPU,1762,2,0,p1
Curriculum_vs_CPU,Curriculum,CPU,1763,2,0,p1
Curriculum_vs_CPU,Curriculum,CPU,1764,2,0,p1
Curriculum_vs_CPU,Curriculum,CPU,1765,1,2,p2
Curriculum_vs_CPU,Curriculum,CPU,1766,2,0,p1
Curriculum_vs_CPU,Curriculum,CPU,1767,2,1,p1
Curriculum_vs_CPU,Curriculum,CPU,1768,1,2,p2
Curriculum_vs_CPU,Curriculum,CPU,1769,2,1,p1
Curriculum_vs_CPU,Curriculum,CPU,1770,1,2,p2
Curriculum_vs_CPU,Curriculum,CPU,1771,2,1,p1
Curriculum_vs_CPU,Curriculum,CPU,1772,2,0,p1
Curriculum_vs_CPU,Curriculum,CPU,1773,2,0,p1
Curriculum_vs_CPU,Curriculum,CPU,1774,2,0,p1
Curriculum_vs_CPU,Curriculum,CPU,1775,1,2,p2
Curriculum_vs_CPU,Curriculum,CPU,1776,2,0,p1
Curriculum_vs_CPU,Curriculum,CPU,1777,2,0,p1
Curriculum_vs_CPU,Curriculum,CPU,1778,2,0,p1
Curriculum_vs_CPU,Curriculum,CPU,1779,2,0,p1
Curriculum_vs_CPU,Curriculum,CPU,1780,2,0,p1
Curriculum_vs_CPU,Curriculum,CPU,1781,2,0,p1
Curriculum_vs_CPU,Curriculum,CPU,1782,2,0,p1
Curriculum_vs_CPU,Curriculum,CPU,1783,2,1,p1
Curriculum_vs_CPU,Curriculum,CPU,1784,2,1,p1
Curriculum_vs_CPU,Curriculum,CPU,1785,2,0,p1
Curriculum_vs_CPU,Curriculum,CPU,1786,2,0,p1
Curriculum_vs_CPU,Curriculum,CPU,1787,2,1,p1
Curriculum_vs_CPU,Curriculum,CPU,1788,2,1,p1
Curriculum_vs_CPU,Curriculum,CPU,1789,2,0,p1
Curriculum_vs_CPU,Curriculum,CPU,1790,2,0,p1
Curriculum_vs_CPU,Curriculum,CPU,1791,2,0,p1
Curriculum_vs_CPU,Curriculum,CPU,1792,2,0,p1
Curriculum_vs_CPU,Curriculum,CPU,1793,2,0,p1
Curriculum_vs_CPU,Curriculum,CPU,1794,2,0,p1
Curriculum_vs_CPU,Curriculum,CPU,1795,2,0,p1
Curriculum_vs_CPU,Curriculum,CPU,1796,2,0,p1
Curriculum_vs_CPU,Curriculum,CPU,1797,2,0,p1
Curriculum_vs_CPU,Curriculum,CPU,1798,2,0,p1
Curriculum_vs_CPU,Curriculum,CPU,1799,2,0,p1
Curriculum_vs_CPU,Curriculum,CPU,1800,2,0,p1
Curriculum_vs_CPU,Curriculum,CPU,1801,2,1,p1
Curriculum_vs_CPU,Curriculum,CPU,1802,2,1,p1
Curriculum_vs_CPU,Curriculum,CPU,1803,2,0,p1
Curriculum_vs_CPU,Curriculum,CPU,1804,2,0,p1
Curriculum_vs_CPU,Curriculum,CPU,1805,2,0,p1
Curriculum_vs_CPU,Curriculum,CPU,1806,2,0,p1
Curriculum_vs_CPU,Curriculum,CPU,1807,2,0,p1
Curriculum_vs_CPU,Curriculum,CPU,1808,2,0,p1
Curriculum_vs_CPU,Curriculum,CPU,1809,1,1,draw
Curriculum_vs_CPU,Curriculum,CPU,1810,1,2,p2
Curriculum_vs_CPU,Curriculum,CPU,1811,2,0,p1
Curriculum_vs_CPU,Curriculum,CPU,1812,2,1,p1
Curriculum_vs_CPU,Curriculum,CPU,1813,2,0,p1
Curriculum_vs_CPU,Curriculum,CPU,1814,2,0,p1
Curriculum_vs_CPU,Curriculum,CPU,1815,2,0,p1
Curriculum_vs_CPU,Curriculum,CPU,1816,2,0,p1
Curriculum_vs_CPU,Curriculum,CPU,1817,2,0,p1
Curriculum_vs_CPU,Curriculum,CPU,1818,2,0,p1
Curriculum_vs_CPU,Curriculum,CPU,1819,2,0,p1
Curriculum_vs_CPU,Curriculum,CPU,1820,2,0,p1
Curriculum_vs_CPU,Curriculum,CPU,1821,2,0,p1
Curriculum_vs_CPU,Curriculum,CPU,1822,2,0,p1
Curriculum_vs_CPU,Curriculum,CPU,1823,2,1,p1
Curriculum_vs_CPU,Curriculum,CPU,1824,2,0,p1
Curriculum_vs_CPU,Curriculum,CPU,1825,2,0,p1
Curriculum_vs_CPU,Curriculum,CPU,1826,2,0,p1
Curriculum_vs_CPU,Curriculum,CPU,1827,2,0,p1
Curriculum_vs_CPU,Curriculum,CPU,1828,2,0,p1
Curriculum_vs_CPU,Curriculum,CPU,1829,2,1,p1
Curriculum_vs_CPU,Curriculum,CPU,1830,1,2,p2
Curriculum_vs_CPU,Curriculum,CPU,1831,2,0,p1
Curriculum_vs_CPU,Curriculum,CPU,1832,2,0,p1
Curriculum_vs_CPU,Curriculum,CPU,1833,2,0,p1
Curriculum_vs_CPU,Curriculum,CPU,1834,2,0,p1
Curriculum_vs_CPU,Curriculum,CPU,1835,2,0,p1
Curriculum_vs_CPU,Curriculum,CPU,1836,1,2,p2
Curriculum_vs_CPU,Curriculum,CPU,1837,2,0,p1
Curriculum_vs_CPU,Curriculum,CPU,1838,2,0,p1
Curriculum_vs_CPU,Curriculum,CPU,1839,2,0,p1
Curriculum_vs_CPU,Curriculum,CPU,1840,2,1,p1
Curriculum_vs_CPU,Curriculum,CPU,1841,2,0,p1
Curriculum_vs_CPU,Curriculum,CPU,1842,1,2,p2
Curriculum_vs_CPU,Curriculum,CPU,1843,2,0,p1
Curriculum_vs_CPU,Curriculum,CPU,1844,2,0,p1
Curriculum_vs_CPU,Curriculum,CPU,1845,2,0,p1
Curriculum_vs_CPU,Curriculum,CPU,1846,1,2,p2
Curriculum_vs_CPU,Curriculum,CPU,1847,2,0,p1
Curriculum_vs_CPU,Curriculum,CPU,1848,2,0,p1
Curriculum_vs_CPU,Curriculum,CPU,1849,2,1,p1
Curriculum_vs_CPU,Curriculum,CPU,1850,2,1,p1
Curriculum_vs_CPU,Curriculum,CPU,1851,2,0,p1
Curriculum_vs_CPU,Curriculum,CPU,1852,2,0,p1
Curriculum_vs_CPU,Curriculum,CPU,1853,2,0,p1
Curriculum_vs_CPU,Curriculum,CPU,1854,2,1,p1
Curriculum_vs_CPU,Curriculum,CPU,1855,2,0,p1
Curriculum_vs_CPU,Curriculum,CPU,1856,1,2,p2
Curriculum_vs_CPU,Curriculum,CPU,1857,2,1,p1
Curriculum_vs_CPU,Curriculum,CPU,1858,2,0,p1
Curriculum_vs_CPU,Curriculum,CPU,1859,1,2,p2
Curriculum_vs_CPU,Curriculum,CPU,1860,1,2,p2
Curriculum_vs_CPU,Curriculum,CPU,1861,2,0,p1
Curriculum_vs_CPU,Curriculum,CPU,1862,2,0,p1
Curriculum_vs_CPU,Curriculum,CPU,1863,1,2,p2
Curriculum_vs_CPU,Curriculum,CPU,1864,2,0,p1
Curriculum_vs_CPU,Curriculum,CPU,1865,2,0,p1
Curriculum_vs_CPU,Curriculum,CPU,1866,2,1,p1
Curriculum_vs_CPU,Curriculum,CPU,1867,1,2,p2
Curriculum_vs_CPU,Curriculum,CPU,1868,2,0,p1
Curriculum_vs_CPU,Curriculum,CPU,1869,2,0,p1
Curriculum_vs_CPU,Curriculum,CPU,1870,2,0,p1
Curriculum_vs_CPU,Curriculum,CPU,1871,2,0,p1
Curriculum_vs_CPU,Curriculum,CPU,1872,2,0,p1
Curriculum_vs_CPU,Curriculum,CPU,1873,2,0,p1
Curriculum_vs_CPU,Curriculum,CPU,1874,2,0,p1
Curriculum_vs_CPU,Curriculum,CPU,1875,1,1,draw
Curriculum_vs_CPU,Curriculum,CPU,1876,2,0,p1
Curriculum_vs_CPU,Curriculum,CPU,1877,2,0,p1
Curriculum_vs_CPU,Curriculum,CPU,1878,2,1,p1
Curriculum_vs_CPU,Curriculum,CPU,1879,2,0,p1
Curriculum_vs_CPU,Curriculum,CPU,1880,2,1,p1
Curriculum_vs_CPU,Curriculum,CPU,1881,2,0,p1
Curriculum_vs_CPU,Curriculum,CPU,1882,2,0,p1
Curriculum_vs_CPU,Curriculum,CPU,1883,2,0,p1
Curriculum_vs_CPU,Curriculum,CPU,1884,2,0,p1
Curriculum_vs_CPU,Curriculum,CPU,1885,2,0,p1
Curriculum_vs_CPU,Curriculum,CPU,1886,2,0,p1
Curriculum_vs_CPU,Curriculum,CPU,1887,2,0,p1
Curriculum_vs_CPU,Curriculum,CPU,1888,2,1,p1
Curriculum_vs_CPU,Curriculum,CPU,1889,2,0,p1
Curriculum_vs_CPU,Curriculum,CPU,1890,1,2,p2
Curriculum_vs_CPU,Curriculum,CPU,1891,2,0,p1
Curriculum_vs_CPU,Curriculum,CPU,1892,2,0,p1
Curriculum_vs_CPU,Curriculum,CPU,1893,2,0,p1
Curriculum_vs_CPU,Curriculum,CPU,1894,2,0,p1
Curriculum_vs_CPU,Curriculum,CPU,1895,2,1,p1
Curriculum_vs_CPU,Curriculum,CPU,1896,2,1,p1
Curriculum_vs_CPU,Curriculum,CPU,1897,2,0,p1
Curriculum_vs_CPU,Curriculum,CPU,1898,2,1,p1
Curriculum_vs_CPU,Curriculum,CPU,1899,2,1,p1
Curriculum_vs_CPU,Curriculum,CPU,1900,2,0,p1
Curriculum_vs_CPU,Curriculum,CPU,1901,1,2,p2
Curriculum_vs_CPU,Curriculum,CPU,1902,2,0,p1
Curriculum_vs_CPU,Curriculum,CPU,1903,2,0,p1
Curriculum_vs_CPU,Curriculum,CPU,1904,2,0,p1
Curriculum_vs_CPU,Curriculum,CPU,1905,2,0,p1
Curriculum_vs_CPU,Curriculum,CPU,1906,2,0,p1
Curriculum_vs_CPU,Curriculum,CPU,1907,2,1,p1
Curriculum_vs_CPU,Curriculum,CPU,1908,2,0,p1
Curriculum_vs_CPU,Curriculum,CPU,1909,2,0,p1
Curriculum_vs_CPU,Curriculum,CPU,1910,2,0,p1
Curriculum_vs_CPU,Curriculum,CPU,1911,2,1,p1
Curriculum_vs_CPU,Curriculum,CPU,1912,2,0,p1
Curriculum_vs_CPU,Curriculum,CPU,1913,2,1,p1
Curriculum_vs_CPU,Curriculum,CPU,1914,2,0,p1
Curriculum_vs_CPU,Curriculum,CPU,1915,2,0,p1
Curriculum_vs_CPU,Curriculum,CPU,1916,2,0,p1
Curriculum_vs_CPU,Curriculum,CPU,1917,2,0,p1
Curriculum_vs_CPU,Curriculum,CPU,1918,2,0,p1
Curriculum_vs_CPU,Curriculum,CPU,1919,2,0,p1
Curriculum_vs_CPU,Curriculum,CPU,1920,1,2,p2
Curriculum_vs_CPU,Curriculum,CPU,1921,2,0,p1
Curriculum_vs_CPU,Curriculum,CPU,1922,2,0,p1
Curriculum_vs_CPU,Curriculum,CPU,1923,2,0,p1
Curriculum_vs_CPU,Curriculum,CPU,1924,2,0,p1
Curriculum_vs_CPU,Curriculum,CPU,1925,2,0,p1
Curriculum_vs_CPU,Curriculum,CPU,1926,2,0,p1
Curriculum_vs_CPU,Curriculum,CPU,1927,2,0,p1
Curriculum_vs_CPU,Curriculum,CPU,1928,2,1,p1
Curriculum_vs_CPU,Curriculum,CPU,1929,2,0,p1
Curriculum_vs_CPU,Curriculum,CPU,1930,2,0,p1
Curriculum_vs_CPU,Curriculum,CPU,1931,2,0,p1
Curriculum_vs_CPU,Curriculum,CPU,1932,2,0,p1
Curriculum_vs_CPU,Curriculum,CPU,1933,1,2,p2
Curriculum_vs_CPU,Curriculum,CPU,1934,2,1,p1
Curriculum_vs_CPU,Curriculum,CPU,1935,2,0,p1
Curriculum_vs_CPU,Curriculum,CPU,1936,2,0,p1
Curriculum_vs_CPU,Curriculum,CPU,1937,2,0,p1
Curriculum_vs_CPU,Curriculum,CPU,1938,2,1,p1
Curriculum_vs_CPU,Curriculum,CPU,1939,1,2,p2
Curriculum_vs_CPU,Curriculum,CPU,1940,2,0,p1
Curriculum_vs_CPU,Curriculum,CPU,1941,2,1,p1
Curriculum_vs_CPU,Curriculum,CPU,1942,2,0,p1
Curriculum_vs_CPU,Curriculum,CPU,1943,1,2,p2
Curriculum_vs_CPU,Curriculum,CPU,1944,2,0,p1
Curriculum_vs_CPU,Curriculum,CPU,1945,1,2,p2
Curriculum_vs_CPU,Curriculum,CPU,1946,2,1,p1
Curriculum_vs_CPU,Curriculum,CPU,1947,1,2,p2
Curriculum_vs_CPU,Curriculum,CPU,1948,2,0,p1
Curriculum_vs_CPU,Curriculum,CPU,1949,2,1,p1
Curriculum_vs_CPU,Curriculum,CPU,1950,2,0,p1
Curriculum_vs_CPU,Curriculum,CPU,1951,2,0,p1
Curriculum_vs_CPU,Curriculum,CPU,1952,2,0,p1
Curriculum_vs_CPU,Curriculum,CPU,1953,2,1,p1
Curriculum_vs_CPU,Curriculum,CPU,1954,2,0,p1
Curriculum_vs_CPU,Curriculum,CPU,1955,2,0,p1
Curriculum_vs_CPU,Curriculum,CPU,1956,2,1,p1
Curriculum_vs_CPU,Curriculum,CPU,1957,2,0,p1
Curriculum_vs_CPU,Curriculum,CPU,1958,2,0,p1
Curriculum_vs_CPU,Curriculum,CPU,1959,2,1,p1
Curriculum_vs_CPU,Curriculum,CPU,1960,2,0,p1
Curriculum_vs_CPU,Curriculum,CPU,1961,2,0,p1
Curriculum_vs_CPU,Curriculum,CPU,1962,2,0,p1
Curriculum_vs_CPU,Curriculum,CPU,1963,2,1,p1
Curriculum_vs_CPU,Curriculum,CPU,1964,2,0,p1
Curriculum_vs_CPU,Curriculum,CPU,1965,2,0,p1
Curriculum_vs_CPU,Curriculum,CPU,1966,1,2,p2
Curriculum_vs_CPU,Curriculum,CPU,1967,2,0,p1
Curriculum_vs_CPU,Curriculum,CPU,1968,2,0,p1
Curriculum_vs_CPU,Curriculum,CPU,1969,2,0,p1
Curriculum_vs_CPU,Curriculum,CPU,1970,2,1,p1
Curriculum_vs_CPU,Curriculum,CPU,1971,2,0,p1
Curriculum_vs_CPU,Curriculum,CPU,1972,2,0,p1
Curriculum_vs_CPU,Curriculum,CPU,1973,1,2,p2
Curriculum_vs_CPU,Curriculum,CPU,1974,2,0,p1
Curriculum_vs_CPU,Curriculum,CPU,1975,2,0,p1
Curriculum_vs_CPU,Curriculum,CPU,1976,1,2,p2
Curriculum_vs_CPU,Curriculum,CPU,1977,2,0,p1
Curriculum_vs_CPU,Curriculum,CPU,1978,2,0,p1
Curriculum_vs_CPU,Curriculum,CPU,1979,1,2,p2
Curriculum_vs_CPU,Curriculum,CPU,1980,2,0,p1
Curriculum_vs_CPU,Curriculum,CPU,1981,2,0,p1
Curriculum_vs_CPU,Curriculum,CPU,1982,2,0,p1
Curriculum_vs_CPU,Curriculum,CPU,1983,2,0,p1
Curriculum_vs_CPU,Curriculum,CPU,1984,2,0,p1
Curriculum_vs_CPU,Curriculum,CPU,1985,2,1,p1
Curriculum_vs_CPU,Curriculum,CPU,1986,2,0,p1
Curriculum_vs_CPU,Curriculum,CPU,1987,2,0,p1
Curriculum_vs_CPU,Curriculum,CPU,1988,2,0,p1
Curriculum_vs_CPU,Curriculum,CPU,1989,2,0,p1
Curriculum_vs_CPU,Curriculum,CPU,1990,2,0,p1
Curriculum_vs_CPU,Curriculum,CPU,1991,2,1,p1
Curriculum_vs_CPU,Curriculum,CPU,1992,2,0,p1
Curriculum_vs_CPU,Curriculum,CPU,1993,2,0,p1
Curriculum_vs_CPU,Curriculum,CPU,1994,2,1,p1
Curriculum_vs_CPU,Curriculum,CPU,1995,2,0,p1
Curriculum_vs_CPU,Curriculum,CPU,1996,2,0,p1
Curriculum_vs_CPU,Curriculum,CPU,1997,2,0,p1
Curriculum_vs_CPU,Curriculum,CPU,1998,2,1,p1
Curriculum_vs_CPU,Curriculum,CPU,1999,2,0,p1
Curriculum_vs_CPU,Curriculum,CPU,2000,2,0,p1
Rewards_vs_CPU,Rewards,CPU,1,2,0,p1
Rewards_vs_CPU,Rewards,CPU,2,1,2,p2
Rewards_vs_CPU,Rewards,CPU,3,2,0,p1
Rewards_vs_CPU,Rewards,CPU,4,2,0,p1
Rewards_vs_CPU,Rewards,CPU,5,2,0,p1
Rewards_vs_CPU,Rewards,CPU,6,2,1,p1
Rewards_vs_CPU,Rewards,CPU,7,2,0,p1
Rewards_vs_CPU,Rewards,CPU,8,2,0,p1
Rewards_vs_CPU,Rewards,CPU,9,2,0,p1
Rewards_vs_CPU,Rewards,CPU,10,2,0,p1
Rewards_vs_CPU,Rewards,CPU,11,1,1,draw
Rewards_vs_CPU,Rewards,CPU,12,2,1,p1
Rewards_vs_CPU,Rewards,CPU,13,2,0,p1
Rewards_vs_CPU,Rewards,CPU,14,2,0,p1
Rewards_vs_CPU,Rewards,CPU,15,2,0,p1
Rewards_vs_CPU,Rewards,CPU,16,2,0,p1
Rewards_vs_CPU,Rewards,CPU,17,1,2,p2
Rewards_vs_CPU,Rewards,CPU,18,2,0,p1
Rewards_vs_CPU,Rewards,CPU,19,2,0,p1
Rewards_vs_CPU,Rewards,CPU,20,2,0,p1
Rewards_vs_CPU,Rewards,CPU,21,2,0,p1
Rewards_vs_CPU,Rewards,CPU,22,2,0,p1
Rewards_vs_CPU,Rewards,CPU,23,1,2,p2
Rewards_vs_CPU,Rewards,CPU,24,1,2,p2
Rewards_vs_CPU,Rewards,CPU,25,2,0,p1
Rewards_vs_CPU,Rewards,CPU,26,2,1,p1
Rewards_vs_CPU,Rewards,CPU,27,2,0,p1
Rewards_vs_CPU,Rewards,CPU,28,1,2,p2
Rewards_vs_CPU,Rewards,CPU,29,2,0,p1
Rewards_vs_CPU,Rewards,CPU,30,2,0,p1
Rewards_vs_CPU,Rewards,CPU,31,2,0,p1
Rewards_vs_CPU,Rewards,CPU,32,2,1,p1
Rewards_vs_CPU,Rewards,CPU,33,1,2,p2
Rewards_vs_CPU,Rewards,CPU,34,2,0,p1
Rewards_vs_CPU,Rewards,CPU,35,2,0,p1
Rewards_vs_CPU,Rewards,CPU,36,2,0,p1
Rewards_vs_CPU,Rewards,CPU,37,1,2,p2
Rewards_vs_CPU,Rewards,CPU,38,1,2,p2
Rewards_vs_CPU,Rewards,CPU,39,2,0,p1
Rewards_vs_CPU,Rewards,CPU,40,1,2,p2
Rewards_vs_CPU,Rewards,CPU,41,2,1,p1
Rewards_vs_CPU,Rewards,CPU,42,2,0,p1
Rewards_vs_CPU,Rewards,CPU,43,1,2,p2
Rewards_vs_CPU,Rewards,CPU,44,2,1,p1
Rewards_vs_CPU,Rewards,CPU,45,2,0,p1
Rewards_vs_CPU,Rewards,CPU,46,2,0,p1
Rewards_vs_CPU,Rewards,CPU,47,2,0,p1
Rewards_vs_CPU,Rewards,CPU,48,2,0,p1
Rewards_vs_CPU,Rewards,CPU,49,2,0,p1
Rewards_vs_CPU,Rewards,CPU,50,2,0,p1
Rewards_vs_CPU,Rewards,CPU,51,1,2,p2
Rewards_vs_CPU,Rewards,CPU,52,2,1,p1
Rewards_vs_CPU,Rewards,CPU,53,2,0,p1
Rewards_vs_CPU,Rewards,CPU,54,2,0,p1
Rewards_vs_CPU,Rewards,CPU,55,2,0,p1
Rewards_vs_CPU,Rewards,CPU,56,2,1,p1
Rewards_vs_CPU,Rewards,CPU,57,2,1,p1
Rewards_vs_CPU,Rewards,CPU,58,2,1,p1
Rewards_vs_CPU,Rewards,CPU,59,2,0,p1
Rewards_vs_CPU,Rewards,CPU,60,2,0,p1
Rewards_vs_CPU,Rewards,CPU,61,2,1,p1
Rewards_vs_CPU,Rewards,CPU,62,2,1,p1
Rewards_vs_CPU,Rewards,CPU,63,1,2,p2
Rewards_vs_CPU,Rewards,CPU,64,2,1,p1
Rewards_vs_CPU,Rewards,CPU,65,2,0,p1
Rewards_vs_CPU,Rewards,CPU,66,1,2,p2
Rewards_vs_CPU,Rewards,CPU,67,2,0,p1
Rewards_vs_CPU,Rewards,CPU,68,2,0,p1
Rewards_vs_CPU,Rewards,CPU,69,1,2,p2
Rewards_vs_CPU,Rewards,CPU,70,2,0,p1
Rewards_vs_CPU,Rewards,CPU,71,2,1,p1
Rewards_vs_CPU,Rewards,CPU,72,2,0,p1
Rewards_vs_CPU,Rewards,CPU,73,2,0,p1
Rewards_vs_CPU,Rewards,CPU,74,2,0,p1
Rewards_vs_CPU,Rewards,CPU,75,1,2,p2
Rewards_vs_CPU,Rewards,CPU,76,2,0,p1
Rewards_vs_CPU,Rewards,CPU,77,2,0,p1
Rewards_vs_CPU,Rewards,CPU,78,2,1,p1
Rewards_vs_CPU,Rewards,CPU,79,2,1,p1
Rewards_vs_CPU,Rewards,CPU,80,2,1,p1
Rewards_vs_CPU,Rewards,CPU,81,2,0,p1
Rewards_vs_CPU,Rewards,CPU,82,1,2,p2
Rewards_vs_CPU,Rewards,CPU,83,1,2,p2
Rewards_vs_CPU,Rewards,CPU,84,2,0,p1
Rewards_vs_CPU,Rewards,CPU,85,2,0,p1
Rewards_vs_CPU,Rewards,CPU,86,2,0,p1
Rewards_vs_CPU,Rewards,CPU,87,2,0,p1
Rewards_vs_CPU,Rewards,CPU,88,2,0,p1
Rewards_vs_CPU,Rewards,CPU,89,2,0,p1
Rewards_vs_CPU,Rewards,CPU,90,2,0,p1
Rewards_vs_CPU,Rewards,CPU,91,2,0,p1
Rewards_vs_CPU,Rewards,CPU,92,2,0,p1
Rewards_vs_CPU,Rewards,CPU,93,2,0,p1
Rewards_vs_CPU,Rewards,CPU,94,2,0,p1
Rewards_vs_CPU,Rewards,CPU,95,2,0,p1
Rewards_vs_CPU,Rewards,CPU,96,2,0,p1
Rewards_vs_CPU,Rewards,CPU,97,2,0,p1
Rewards_vs_CPU,Rewards,CPU,98,2,0,p1
Rewards_vs_CPU,Rewards,CPU,99,1,1,draw
Rewards_vs_CPU,Rewards,CPU,100,2,0,p1
Rewards_vs_CPU,Rewards,CPU,101,1,2,p2
Rewards_vs_CPU,Rewards,CPU,102,1,1,draw
Rewards_vs_CPU,Rewards,CPU,103,2,0,p1
Rewards_vs_CPU,Rewards,CPU,104,2,1,p1
Rewards_vs_CPU,Rewards,CPU,105,2,0,p1
Rewards_vs_CPU,Rewards,CPU,106,2,0,p1
Rewards_vs_CPU,Rewards,CPU,107,2,1,p1
Rewards_vs_CPU,Rewards,CPU,108,2,0,p1
Rewards_vs_CPU,Rewards,CPU,109,2,0,p1
Rewards_vs_CPU,Rewards,CPU,110,2,0,p1
Rewards_vs_CPU,Rewards,CPU,111,2,0,p1
Rewards_vs_CPU,Rewards,CPU,112,2,0,p1
Rewards_vs_CPU,Rewards,CPU,113,1,2,p2
Rewards_vs_CPU,Rewards,CPU,114,2,0,p1
Rewards_vs_CPU,Rewards,CPU,115,2,0,p1
Rewards_vs_CPU,Rewards,CPU,116,2,0,p1
Rewards_vs_CPU,Rewards,CPU,117,1,2,p2
Rewards_vs_CPU,Rewards,CPU,118,2,0,p1
Rewards_vs_CPU,Rewards,CPU,119,2,1,p1
Rewards_vs_CPU,Rewards,CPU,120,2,0,p1
Rewards_vs_CPU,Rewards,CPU,121,2,0,p1
Rewards_vs_CPU,Rewards,CPU,122,2,1,p1
Rewards_vs_CPU,Rewards,CPU,123,2,0,p1
Rewards_vs_CPU,Rewards,CPU,124,2,0,p1
Rewards_vs_CPU,Rewards,CPU,125,2,1,p1
Rewards_vs_CPU,Rewards,CPU,126,2,0,p1
Rewards_vs_CPU,Rewards,CPU,127,2,1,p1
Rewards_vs_CPU,Rewards,CPU,128,2,0,p1
Rewards_vs_CPU,Rewards,CPU,129,1,2,p2
Rewards_vs_CPU,Rewards,CPU,130,2,0,p1
Rewards_vs_CPU,Rewards,CPU,131,2,0,p1
Rewards_vs_CPU,Rewards,CPU,132,2,0,p1
Rewards_vs_CPU,Rewards,CPU,133,2,0,p1
Rewards_vs_CPU,Rewards,CPU,134,2,0,p1
Rewards_vs_CPU,Rewards,CPU,135,2,0,p1
Rewards_vs_CPU,Rewards,CPU,136,1,2,p2
Rewards_vs_CPU,Rewards,CPU,137,1,2,p2
Rewards_vs_CPU,Rewards,CPU,138,1,2,p2
Rewards_vs_CPU,Rewards,CPU,139,2,0,p1
Rewards_vs_CPU,Rewards,CPU,140,2,0,p1
Rewards_vs_CPU,Rewards,CPU,141,1,2,p2
Rewards_vs_CPU,Rewards,CPU,142,2,1,p1
Rewards_vs_CPU,Rewards,CPU,143,2,0,p1
Rewards_vs_CPU,Rewards,CPU,144,2,0,p1
Rewards_vs_CPU,Rewards,CPU,145,2,1,p1
Rewards_vs_CPU,Rewards,CPU,146,2,0,p1
Rewards_vs_CPU,Rewards,CPU,147,2,1,p1
Rewards_vs_CPU,Rewards,CPU,148,2,0,p1
Rewards_vs_CPU,Rewards,CPU,149,2,0,p1
Rewards_vs_CPU,Rewards,CPU,150,1,2,p2
Rewards_vs_CPU,Rewards,CPU,151,2,0,p1
Rewards_vs_CPU,Rewards,CPU,152,1,2,p2
Rewards_vs_CPU,Rewards,CPU,153,1,2,p2
Rewards_vs_CPU,Rewards,CPU,154,2,1,p1
Rewards_vs_CPU,Rewards,CPU,155,2,0,p1
Rewards_vs_CPU,Rewards,CPU,156,2,0,p1
Rewards_vs_CPU,Rewards,CPU,157,2,0,p1
Rewards_vs_CPU,Rewards,CPU,158,2,0,p1
Rewards_vs_CPU,Rewards,CPU,159,2,1,p1
Rewards_vs_CPU,Rewards,CPU,160,2,1,p1
Rewards_vs_CPU,Rewards,CPU,161,2,1,p1
Rewards_vs_CPU,Rewards,CPU,162,2,0,p1
Rewards_vs_CPU,Rewards,CPU,163,2,0,p1
Rewards_vs_CPU,Rewards,CPU,164,2,0,p1
Rewards_vs_CPU,Rewards,CPU,165,2,0,p1
Rewards_vs_CPU,Rewards,CPU,166,2,0,p1
Rewards_vs_CPU,Rewards,CPU,167,1,2,p2
Rewards_vs_CPU,Rewards,CPU,168,2,0,p1
Rewards_vs_CPU,Rewards,CPU,169,2,0,p1
Rewards_vs_CPU,Rewards,CPU,170,2,0,p1
Rewards_vs_CPU,Rewards,CPU,171,2,0,p1
Rewards_vs_CPU,Rewards,CPU,172,2,1,p1
Rewards_vs_CPU,Rewards,CPU,173,2,0,p1
Rewards_vs_CPU,Rewards,CPU,174,2,1,p1
Rewards_vs_CPU,Rewards,CPU,175,2,1,p1
Rewards_vs_CPU,Rewards,CPU,176,2,1,p1
Rewards_vs_CPU,Rewards,CPU,177,2,0,p1
Rewards_vs_CPU,Rewards,CPU,178,2,0,p1
Rewards_vs_CPU,Rewards,CPU,179,2,0,p1
Rewards_vs_CPU,Rewards,CPU,180,2,0,p1
Rewards_vs_CPU,Rewards,CPU,181,2,0,p1
Rewards_vs_CPU,Rewards,CPU,182,2,0,p1
Rewards_vs_CPU,Rewards,CPU,183,2,0,p1
Rewards_vs_CPU,Rewards,CPU,184,2,1,p1
Rewards_vs_CPU,Rewards,CPU,185,2,0,p1
Rewards_vs_CPU,Rewards,CPU,186,2,0,p1
Rewards_vs_CPU,Rewards,CPU,187,1,2,p2
Rewards_vs_CPU,Rewards,CPU,188,1,2,p2
Rewards_vs_CPU,Rewards,CPU,189,2,0,p1
Rewards_vs_CPU,Rewards,CPU,190,2,0,p1
Rewards_vs_CPU,Rewards,CPU,191,2,0,p1
Rewards_vs_CPU,Rewards,CPU,192,1,2,p2
Rewards_vs_CPU,Rewards,CPU,193,2,0,p1
Rewards_vs_CPU,Rewards,CPU,194,2,0,p1
Rewards_vs_CPU,Rewards,CPU,195,2,0,p1
Rewards_vs_CPU,Rewards,CPU,196,2,0,p1
Rewards_vs_CPU,Rewards,CPU,197,2,0,p1
Rewards_vs_CPU,Rewards,CPU,198,2,1,p1
Rewards_vs_CPU,Rewards,CPU,199,1,2,p2
Rewards_vs_CPU,Rewards,CPU,200,2,0,p1
Rewards_vs_CPU,Rewards,CPU,201,0,2,p2
Rewards_vs_CPU,Rewards,CPU,202,2,1,p1
Rewards_vs_CPU,Rewards,CPU,203,1,2,p2
Rewards_vs_CPU,Rewards,CPU,204,2,1,p1
Rewards_vs_CPU,Rewards,CPU,205,2,0,p1
Rewards_vs_CPU,Rewards,CPU,206,2,0,p1
Rewards_vs_CPU,Rewards,CPU,207,2,0,p1
Rewards_vs_CPU,Rewards,CPU,208,2,0,p1
Rewards_vs_CPU,Rewards,CPU,209,1,2,p2
Rewards_vs_CPU,Rewards,CPU,210,2,0,p1
Rewards_vs_CPU,Rewards,CPU,211,2,0,p1
Rewards_vs_CPU,Rewards,CPU,212,2,0,p1
Rewards_vs_CPU,Rewards,CPU,213,2,1,p1
Rewards_vs_CPU,Rewards,CPU,214,2,0,p1
Rewards_vs_CPU,Rewards,CPU,215,2,1,p1
Rewards_vs_CPU,Rewards,CPU,216,2,0,p1
Rewards_vs_CPU,Rewards,CPU,217,2,0,p1
Rewards_vs_CPU,Rewards,CPU,218,2,1,p1
Rewards_vs_CPU,Rewards,CPU,219,2,1,p1
Rewards_vs_CPU,Rewards,CPU,220,2,0,p1
Rewards_vs_CPU,Rewards,CPU,221,2,0,p1
Rewards_vs_CPU,Rewards,CPU,222,2,0,p1
Rewards_vs_CPU,Rewards,CPU,223,2,0,p1
Rewards_vs_CPU,Rewards,CPU,224,2,1,p1
Rewards_vs_CPU,Rewards,CPU,225,2,0,p1
Rewards_vs_CPU,Rewards,CPU,226,2,0,p1
Rewards_vs_CPU,Rewards,CPU,227,2,0,p1
Rewards_vs_CPU,Rewards,CPU,228,2,1,p1
Rewards_vs_CPU,Rewards,CPU,229,2,1,p1
Rewards_vs_CPU,Rewards,CPU,230,2,0,p1
Rewards_vs_CPU,Rewards,CPU,231,1,2,p2
Rewards_vs_CPU,Rewards,CPU,232,2,0,p1
Rewards_vs_CPU,Rewards,CPU,233,2,0,p1
Rewards_vs_CPU,Rewards,CPU,234,2,0,p1
Rewards_vs_CPU,Rewards,CPU,235,2,1,p1
Rewards_vs_CPU,Rewards,CPU,236,2,0,p1
Rewards_vs_CPU,Rewards,CPU,237,2,0,p1
Rewards_vs_CPU,Rewards,CPU,238,2,1,p1
Rewards_vs_CPU,Rewards,CPU,239,2,0,p1
Rewards_vs_CPU,Rewards,CPU,240,2,0,p1
Rewards_vs_CPU,Rewards,CPU,241,2,1,p1
Rewards_vs_CPU,Rewards,CPU,242,2,0,p1
Rewards_vs_CPU,Rewards,CPU,243,2,0,p1
Rewards_vs_CPU,Rewards,CPU,244,1,2,p2
Rewards_vs_CPU,Rewards,CPU,245,1,2,p2
Rewards_vs_CPU,Rewards,CPU,246,2,0,p1
Rewards_vs_CPU,Rewards,CPU,247,2,0,p1
Rewards_vs_CPU,Rewards,CPU,248,1,2,p2
Rewards_vs_CPU,Rewards,CPU,249,2,0,p1
Rewards_vs_CPU,Rewards,CPU,250,2,0,p1
Rewards_vs_CPU,Rewards,CPU,251,2,0,p1
Rewards_vs_CPU,Rewards,CPU,252,2,0,p1
Rewards_vs_CPU,Rewards,CPU,253,2,0,p1
Rewards_vs_CPU,Rewards,CPU,254,2,0,p1
Rewards_vs_CPU,Rewards,CPU,255,2,0,p1
Rewards_vs_CPU,Rewards,CPU,256,2,0,p1
Rewards_vs_CPU,Rewards,CPU,257,2,0,p1
Rewards_vs_CPU,Rewards,CPU,258,2,0,p1
Rewards_vs_CPU,Rewards,CPU,259,2,0,p1
Rewards_vs_CPU,Rewards,CPU,260,2,1,p1
Rewards_vs_CPU,Rewards,CPU,261,2,0,p1
Rewards_vs_CPU,Rewards,CPU,262,2,0,p1
Rewards_vs_CPU,Rewards,CPU,263,2,0,p1
Rewards_vs_CPU,Rewards,CPU,264,2,0,p1
Rewards_vs_CPU,Rewards,CPU,265,1,2,p2
Rewards_vs_CPU,Rewards,CPU,266,2,0,p1
Rewards_vs_CPU,Rewards,CPU,267,1,2,p2
Rewards_vs_CPU,Rewards,CPU,268,2,0,p1
Rewards_vs_CPU,Rewards,CPU,269,2,1,p1
Rewards_vs_CPU,Rewards,CPU,270,2,0,p1
Rewards_vs_CPU,Rewards,CPU,271,2,0,p1
Rewards_vs_CPU,Rewards,CPU,272,2,1,p1
Rewards_vs_CPU,Rewards,CPU,273,2,1,p1
Rewards_vs_CPU,Rewards,CPU,274,2,0,p1
Rewards_vs_CPU,Rewards,CPU,275,2,0,p1
Rewards_vs_CPU,Rewards,CPU,276,2,1,p1
Rewards_vs_CPU,Rewards,CPU,277,0,2,p2
Rewards_vs_CPU,Rewards,CPU,278,2,1,p1
Rewards_vs_CPU,Rewards,CPU,279,2,0,p1
Rewards_vs_CPU,Rewards,CPU,280,1,2,p2
Rewards_vs_CPU,Rewards,CPU,281,2,1,p1
Rewards_vs_CPU,Rewards,CPU,282,2,1,p1
Rewards_vs_CPU,Rewards,CPU,283,2,1,p1
Rewards_vs_CPU,Rewards,CPU,284,2,0,p1
Rewards_vs_CPU,Rewards,CPU,285,2,0,p1
Rewards_vs_CPU,Rewards,CPU,286,2,0,p1
Rewards_vs_CPU,Rewards,CPU,287,2,0,p1
Rewards_vs_CPU,Rewards,CPU,288,2,0,p1
Rewards_vs_CPU,Rewards,CPU,289,2,0,p1
Rewards_vs_CPU,Rewards,CPU,290,2,0,p1
Rewards_vs_CPU,Rewards,CPU,291,1,2,p2
Rewards_vs_CPU,Rewards,CPU,292,2,0,p1
Rewards_vs_CPU,Rewards,CPU,293,2,1,p1
Rewards_vs_CPU,Rewards,CPU,294,2,0,p1
Rewards_vs_CPU,Rewards,CPU,295,2,1,p1
Rewards_vs_CPU,Rewards,CPU,296,2,0,p1
Rewards_vs_CPU,Rewards,CPU,297,1,2,p2
Rewards_vs_CPU,Rewards,CPU,298,2,0,p1
Rewards_vs_CPU,Rewards,CPU,299,2,0,p1
Rewards_vs_CPU,Rewards,CPU,300,2,0,p1
Rewards_vs_CPU,Rewards,CPU,301,2,1,p1
Rewards_vs_CPU,Rewards,CPU,302,2,0,p1
Rewards_vs_CPU,Rewards,CPU,303,2,1,p1
Rewards_vs_CPU,Rewards,CPU,304,1,2,p2
Rewards_vs_CPU,Rewards,CPU,305,2,0,p1
Rewards_vs_CPU,Rewards,CPU,306,2,0,p1
Rewards_vs_CPU,Rewards,CPU,307,2,0,p1
Rewards_vs_CPU,Rewards,CPU,308,2,0,p1
Rewards_vs_CPU,Rewards,CPU,309,2,0,p1
Rewards_vs_CPU,Rewards,CPU,310,2,0,p1
Rewards_vs_CPU,Rewards,CPU,311,2,0,p1
Rewards_vs_CPU,Rewards,CPU,312,2,0,p1
Rewards_vs_CPU,Rewards,CPU,313,2,1,p1
Rewards_vs_CPU,Rewards,CPU,314,2,0,p1
Rewards_vs_CPU,Rewards,CPU,315,2,0,p1
Rewards_vs_CPU,Rewards,CPU,316,2,0,p1
Rewards_vs_CPU,Rewards,CPU,317,2,0,p1
Rewards_vs_CPU,Rewards,CPU,318,2,0,p1
Rewards_vs_CPU,Rewards,CPU,319,2,0,p1
Rewards_vs_CPU,Rewards,CPU,320,2,0,p1
Rewards_vs_CPU,Rewards,CPU,321,2,1,p1
Rewards_vs_CPU,Rewards,CPU,322,2,0,p1
Rewards_vs_CPU,Rewards,CPU,323,2,1,p1
Rewards_vs_CPU,Rewards,CPU,324,1,2,p2
Rewards_vs_CPU,Rewards,CPU,325,2,0,p1
Rewards_vs_CPU,Rewards,CPU,326,1,2,p2
Rewards_vs_CPU,Rewards,CPU,327,2,1,p1
Rewards_vs_CPU,Rewards,CPU,328,2,0,p1
Rewards_vs_CPU,Rewards,CPU,329,2,0,p1
Rewards_vs_CPU,Rewards,CPU,330,2,0,p1
Rewards_vs_CPU,Rewards,CPU,331,2,0,p1
Rewards_vs_CPU,Rewards,CPU,332,2,1,p1
Rewards_vs_CPU,Rewards,CPU,333,2,0,p1
Rewards_vs_CPU,Rewards,CPU,334,1,2,p2
Rewards_vs_CPU,Rewards,CPU,335,2,0,p1
Rewards_vs_CPU,Rewards,CPU,336,2,0,p1
Rewards_vs_CPU,Rewards,CPU,337,2,0,p1
Rewards_vs_CPU,Rewards,CPU,338,2,1,p1
Rewards_vs_CPU,Rewards,CPU,339,2,0,p1
Rewards_vs_CPU,Rewards,CPU,340,2,1,p1
Rewards_vs_CPU,Rewards,CPU,341,2,0,p1
Rewards_vs_CPU,Rewards,CPU,342,2,1,p1
Rewards_vs_CPU,Rewards,CPU,343,2,0,p1
Rewards_vs_CPU,Rewards,CPU,344,2,0,p1
Rewards_vs_CPU,Rewards,CPU,345,2,1,p1
Rewards_vs_CPU,Rewards,CPU,346,1,2,p2
Rewards_vs_CPU,Rewards,CPU,347,2,0,p1
Rewards_vs_CPU,Rewards,CPU,348,2,0,p1
Rewards_vs_CPU,Rewards,CPU,349,2,0,p1
Rewards_vs_CPU,Rewards,CPU,350,2,1,p1
Rewards_vs_CPU,Rewards,CPU,351,1,2,p2
Rewards_vs_CPU,Rewards,CPU,352,2,0,p1
Rewards_vs_CPU,Rewards,CPU,353,2,0,p1
Rewards_vs_CPU,Rewards,CPU,354,2,0,p1
Rewards_vs_CPU,Rewards,CPU,355,2,0,p1
Rewards_vs_CPU,Rewards,CPU,356,2,0,p1
Rewards_vs_CPU,Rewards,CPU,357,2,0,p1
Rewards_vs_CPU,Rewards,CPU,358,2,1,p1
Rewards_vs_CPU,Rewards,CPU,359,2,0,p1
Rewards_vs_CPU,Rewards,CPU,360,2,0,p1
Rewards_vs_CPU,Rewards,CPU,361,2,1,p1
Rewards_vs_CPU,Rewards,CPU,362,2,1,p1
Rewards_vs_CPU,Rewards,CPU,363,1,2,p2
Rewards_vs_CPU,Rewards,CPU,364,2,1,p1
Rewards_vs_CPU,Rewards,CPU,365,2,0,p1
Rewards_vs_CPU,Rewards,CPU,366,2,0,p1
Rewards_vs_CPU,Rewards,CPU,367,2,0,p1
Rewards_vs_CPU,Rewards,CPU,368,2,0,p1
Rewards_vs_CPU,Rewards,CPU,369,2,0,p1
Rewards_vs_CPU,Rewards,CPU,370,2,0,p1
Rewards_vs_CPU,Rewards,CPU,371,2,0,p1
Rewards_vs_CPU,Rewards,CPU,372,2,0,p1
Rewards_vs_CPU,Rewards,CPU,373,2,0,p1
Rewards_vs_CPU,Rewards,CPU,374,2,0,p1
Rewards_vs_CPU,Rewards,CPU,375,2,0,p1
Rewards_vs_CPU,Rewards,CPU,376,2,0,p1
Rewards_vs_CPU,Rewards,CPU,377,2,0,p1
Rewards_vs_CPU,Rewards,CPU,378,2,0,p1
Rewards_vs_CPU,Rewards,CPU,379,2,0,p1
Rewards_vs_CPU,Rewards,CPU,380,2,1,p1
Rewards_vs_CPU,Rewards,CPU,381,2,0,p1
Rewards_vs_CPU,Rewards,CPU,382,2,0,p1
Rewards_vs_CPU,Rewards,CPU,383,2,1,p1
Rewards_vs_CPU,Rewards,CPU,384,2,0,p1
Rewards_vs_CPU,Rewards,CPU,385,2,0,p1
Rewards_vs_CPU,Rewards,CPU,386,2,0,p1
Rewards_vs_CPU,Rewards,CPU,387,2,0,p1
Rewards_vs_CPU,Rewards,CPU,388,2,0,p1
Rewards_vs_CPU,Rewards,CPU,389,2,1,p1
Rewards_vs_CPU,Rewards,CPU,390,2,1,p1
Rewards_vs_CPU,Rewards,CPU,391,1,2,p2
Rewards_vs_CPU,Rewards,CPU,392,2,0,p1
Rewards_vs_CPU,Rewards,CPU,393,2,0,p1
Rewards_vs_CPU,Rewards,CPU,394,1,2,p2
Rewards_vs_CPU,Rewards,CPU,395,2,0,p1
Rewards_vs_CPU,Rewards,CPU,396,2,0,p1
Rewards_vs_CPU,Rewards,CPU,397,2,0,p1
Rewards_vs_CPU,Rewards,CPU,398,2,0,p1
Rewards_vs_CPU,Rewards,CPU,399,2,0,p1
Rewards_vs_CPU,Rewards,CPU,400,1,2,p2
Rewards_vs_CPU,Rewards,CPU,401,2,0,p1
Rewards_vs_CPU,Rewards,CPU,402,2,0,p1
Rewards_vs_CPU,Rewards,CPU,403,2,0,p1
Rewards_vs_CPU,Rewards,CPU,404,2,0,p1
Rewards_vs_CPU,Rewards,CPU,405,2,0,p1
Rewards_vs_CPU,Rewards,CPU,406,2,0,p1
Rewards_vs_CPU,Rewards,CPU,407,2,0,p1
Rewards_vs_CPU,Rewards,CPU,408,1,2,p2
Rewards_vs_CPU,Rewards,CPU,409,1,2,p2
Rewards_vs_CPU,Rewards,CPU,410,2,0,p1
Rewards_vs_CPU,Rewards,CPU,411,2,0,p1
Rewards_vs_CPU,Rewards,CPU,412,2,0,p1
Rewards_vs_CPU,Rewards,CPU,413,2,0,p1
Rewards_vs_CPU,Rewards,CPU,414,1,2,p2
Rewards_vs_CPU,Rewards,CPU,415,2,0,p1
Rewards_vs_CPU,Rewards,CPU,416,2,0,p1
Rewards_vs_CPU,Rewards,CPU,417,1,2,p2
Rewards_vs_CPU,Rewards,CPU,418,2,0,p1
Rewards_vs_CPU,Rewards,CPU,419,2,1,p1
Rewards_vs_CPU,Rewards,CPU,420,2,0,p1
Rewards_vs_CPU,Rewards,CPU,421,1,1,draw
Rewards_vs_CPU,Rewards,CPU,422,2,1,p1
Rewards_vs_CPU,Rewards,CPU,423,2,0,p1
Rewards_vs_CPU,Rewards,CPU,424,2,0,p1
Rewards_vs_CPU,Rewards,CPU,425,2,0,p1
Rewards_vs_CPU,Rewards,CPU,426,2,0,p1
Rewards_vs_CPU,Rewards,CPU,427,2,0,p1
Rewards_vs_CPU,Rewards,CPU,428,1,2,p2
Rewards_vs_CPU,Rewards,CPU,429,1,2,p2
Rewards_vs_CPU,Rewards,CPU,430,1,2,p2
Rewards_vs_CPU,Rewards,CPU,431,2,0,p1
Rewards_vs_CPU,Rewards,CPU,432,2,0,p1
Rewards_vs_CPU,Rewards,CPU,433,2,0,p1
Rewards_vs_CPU,Rewards,CPU,434,2,0,p1
Rewards_vs_CPU,Rewards,CPU,435,2,0,p1
Rewards_vs_CPU,Rewards,CPU,436,2,0,p1
Rewards_vs_CPU,Rewards,CPU,437,1,2,p2
Rewards_vs_CPU,Rewards,CPU,438,2,0,p1
Rewards_vs_CPU,Rewards,CPU,439,2,0,p1
Rewards_vs_CPU,Rewards,CPU,440,2,0,p1
Rewards_vs_CPU,Rewards,CPU,441,2,0,p1
Rewards_vs_CPU,Rewards,CPU,442,2,1,p1
Rewards_vs_CPU,Rewards,CPU,443,2,1,p1
Rewards_vs_CPU,Rewards,CPU,444,1,2,p2
Rewards_vs_CPU,Rewards,CPU,445,2,1,p1
Rewards_vs_CPU,Rewards,CPU,446,2,0,p1
Rewards_vs_CPU,Rewards,CPU,447,2,0,p1
Rewards_vs_CPU,Rewards,CPU,448,2,0,p1
Rewards_vs_CPU,Rewards,CPU,449,2,0,p1
Rewards_vs_CPU,Rewards,CPU,450,2,0,p1
Rewards_vs_CPU,Rewards,CPU,451,2,0,p1
Rewards_vs_CPU,Rewards,CPU,452,2,0,p1
Rewards_vs_CPU,Rewards,CPU,453,2,1,p1
Rewards_vs_CPU,Rewards,CPU,454,2,0,p1
Rewards_vs_CPU,Rewards,CPU,455,2,1,p1
Rewards_vs_CPU,Rewards,CPU,456,2,0,p1
Rewards_vs_CPU,Rewards,CPU,457,1,2,p2
Rewards_vs_CPU,Rewards,CPU,458,2,0,p1
Rewards_vs_CPU,Rewards,CPU,459,2,0,p1
Rewards_vs_CPU,Rewards,CPU,460,2,1,p1
Rewards_vs_CPU,Rewards,CPU,461,2,0,p1
Rewards_vs_CPU,Rewards,CPU,462,2,0,p1
Rewards_vs_CPU,Rewards,CPU,463,2,1,p1
Rewards_vs_CPU,Rewards,CPU,464,1,2,p2
Rewards_vs_CPU,Rewards,CPU,465,2,0,p1
Rewards_vs_CPU,Rewards,CPU,466,1,2,p2
Rewards_vs_CPU,Rewards,CPU,467,2,1,p1
Rewards_vs_CPU,Rewards,CPU,468,2,0,p1
Rewards_vs_CPU,Rewards,CPU,469,2,0,p1
Rewards_vs_CPU,Rewards,CPU,470,2,0,p1
Rewards_vs_CPU,Rewards,CPU,471,2,1,p1
Rewards_vs_CPU,Rewards,CPU,472,2,0,p1
Rewards_vs_CPU,Rewards,CPU,473,2,0,p1
Rewards_vs_CPU,Rewards,CPU,474,2,0,p1
Rewards_vs_CPU,Rewards,CPU,475,2,0,p1
Rewards_vs_CPU,Rewards,CPU,476,1,2,p2
Rewards_vs_CPU,Rewards,CPU,477,1,2,p2
Rewards_vs_CPU,Rewards,CPU,478,2,0,p1
Rewards_vs_CPU,Rewards,CPU,479,1,2,p2
Rewards_vs_CPU,Rewards,CPU,480,2,0,p1
Rewards_vs_CPU,Rewards,CPU,481,1,2,p2
Rewards_vs_CPU,Rewards,CPU,482,1,2,p2
Rewards_vs_CPU,Rewards,CPU,483,2,1,p1
Rewards_vs_CPU,Rewards,CPU,484,2,0,p1
Rewards_vs_CPU,Rewards,CPU,485,2,0,p1
Rewards_vs_CPU,Rewards,CPU,486,2,0,p1
Rewards_vs_CPU,Rewards,CPU,487,2,0,p1
Rewards_vs_CPU,Rewards,CPU,488,2,0,p1
Rewards_vs_CPU,Rewards,CPU,489,2,1,p1
Rewards_vs_CPU,Rewards,CPU,490,2,0,p1
Rewards_vs_CPU,Rewards,CPU,491,2,1,p1
Rewards_vs_CPU,Rewards,CPU,492,2,0,p1
Rewards_vs_CPU,Rewards,CPU,493,2,0,p1
Rewards_vs_CPU,Rewards,CPU,494,2,0,p1
Rewards_vs_CPU,Rewards,CPU,495,2,0,p1
Rewards_vs_CPU,Rewards,CPU,496,2,0,p1
Rewards_vs_CPU,Rewards,CPU,497,1,2,p2
Rewards_vs_CPU,Rewards,CPU,498,2,0,p1
Rewards_vs_CPU,Rewards,CPU,499,2,0,p1
Rewards_vs_CPU,Rewards,CPU,500,2,0,p1
Rewards_vs_CPU,Rewards,CPU,501,2,0,p1
Rewards_vs_CPU,Rewards,CPU,502,2,1,p1
Rewards_vs_CPU,Rewards,CPU,503,2,1,p1
Rewards_vs_CPU,Rewards,CPU,504,2,0,p1
Rewards_vs_CPU,Rewards,CPU,505,2,0,p1
Rewards_vs_CPU,Rewards,CPU,506,2,0,p1
Rewards_vs_CPU,Rewards,CPU,507,2,1,p1
Rewards_vs_CPU,Rewards,CPU,508,2,0,p1
Rewards_vs_CPU,Rewards,CPU,509,2,0,p1
Rewards_vs_CPU,Rewards,CPU,510,2,0,p1
Rewards_vs_CPU,Rewards,CPU,511,2,0,p1
Rewards_vs_CPU,Rewards,CPU,512,2,1,p1
Rewards_vs_CPU,Rewards,CPU,513,2,0,p1
Rewards_vs_CPU,Rewards,CPU,514,2,1,p1
Rewards_vs_CPU,Rewards,CPU,515,2,0,p1
Rewards_vs_CPU,Rewards,CPU,516,2,1,p1
Rewards_vs_CPU,Rewards,CPU,517,2,0,p1
Rewards_vs_CPU,Rewards,CPU,518,2,0,p1
Rewards_vs_CPU,Rewards,CPU,519,2,0,p1
Rewards_vs_CPU,Rewards,CPU,520,2,0,p1
Rewards_vs_CPU,Rewards,CPU,521,2,1,p1
Rewards_vs_CPU,Rewards,CPU,522,2,0,p1
Rewards_vs_CPU,Rewards,CPU,523,1,2,p2
Rewards_vs_CPU,Rewards,CPU,524,2,0,p1
Rewards_vs_CPU,Rewards,CPU,525,2,0,p1
Rewards_vs_CPU,Rewards,CPU,526,2,0,p1
Rewards_vs_CPU,Rewards,CPU,527,2,1,p1
Rewards_vs_CPU,Rewards,CPU,528,1,2,p2
Rewards_vs_CPU,Rewards,CPU,529,2,0,p1
Rewards_vs_CPU,Rewards,CPU,530,1,2,p2
Rewards_vs_CPU,Rewards,CPU,531,2,0,p1
Rewards_vs_CPU,Rewards,CPU,532,2,1,p1
Rewards_vs_CPU,Rewards,CPU,533,2,1,p1
Rewards_vs_CPU,Rewards,CPU,534,2,0,p1
Rewards_vs_CPU,Rewards,CPU,535,2,0,p1
Rewards_vs_CPU,Rewards,CPU,536,2,0,p1
Rewards_vs_CPU,Rewards,CPU,537,2,0,p1
Rewards_vs_CPU,Rewards,CPU,538,2,0,p1
Rewards_vs_CPU,Rewards,CPU,539,2,0,p1
Rewards_vs_CPU,Rewards,CPU,540,2,0,p1
Rewards_vs_CPU,Rewards,CPU,541,2,0,p1
Rewards_vs_CPU,Rewards,CPU,542,2,1,p1
Rewards_vs_CPU,Rewards,CPU,543,2,0,p1
Rewards_vs_CPU,Rewards,CPU,544,2,0,p1
Rewards_vs_CPU,Rewards,CPU,545,2,0,p1
Rewards_vs_CPU,Rewards,CPU,546,2,1,p1
Rewards_vs_CPU,Rewards,CPU,547,1,2,p2
Rewards_vs_CPU,Rewards,CPU,548,2,0,p1
Rewards_vs_CPU,Rewards,CPU,549,2,0,p1
Rewards_vs_CPU,Rewards,CPU,550,2,0,p1
Rewards_vs_CPU,Rewards,CPU,551,1,2,p2
Rewards_vs_CPU,Rewards,CPU,552,2,0,p1
Rewards_vs_CPU,Rewards,CPU,553,2,0,p1
Rewards_vs_CPU,Rewards,CPU,554,2,0,p1
Rewards_vs_CPU,Rewards,CPU,555,2,0,p1
Rewards_vs_CPU,Rewards,CPU,556,2,0,p1
Rewards_vs_CPU,Rewards,CPU,557,2,0,p1
Rewards_vs_CPU,Rewards,CPU,558,1,2,p2
Rewards_vs_CPU,Rewards,CPU,559,2,0,p1
Rewards_vs_CPU,Rewards,CPU,560,2,0,p1
Rewards_vs_CPU,Rewards,CPU,561,2,1,p1
Rewards_vs_CPU,Rewards,CPU,562,2,0,p1
Rewards_vs_CPU,Rewards,CPU,563,2,1,p1
Rewards_vs_CPU,Rewards,CPU,564,2,1,p1
Rewards_vs_CPU,Rewards,CPU,565,2,1,p1
Rewards_vs_CPU,Rewards,CPU,566,2,0,p1
Rewards_vs_CPU,Rewards,CPU,567,2,0,p1
Rewards_vs_CPU,Rewards,CPU,568,2,0,p1
Rewards_vs_CPU,Rewards,CPU,569,1,2,p2
Rewards_vs_CPU,Rewards,CPU,570,2,0,p1
Rewards_vs_CPU,Rewards,CPU,571,2,0,p1
Rewards_vs_CPU,Rewards,CPU,572,2,0,p1
Rewards_vs_CPU,Rewards,CPU,573,2,0,p1
Rewards_vs_CPU,Rewards,CPU,574,2,0,p1
Rewards_vs_CPU,Rewards,CPU,575,2,1,p1
Rewards_vs_CPU,Rewards,CPU,576,2,1,p1
Rewards_vs_CPU,Rewards,CPU,577,2,0,p1
Rewards_vs_CPU,Rewards,CPU,578,2,0,p1
Rewards_vs_CPU,Rewards,CPU,579,1,2,p2
Rewards_vs_CPU,Rewards,CPU,580,2,0,p1
Rewards_vs_CPU,Rewards,CPU,581,2,0,p1
Rewards_vs_CPU,Rewards,CPU,582,2,0,p1
Rewards_vs_CPU,Rewards,CPU,583,2,0,p1
Rewards_vs_CPU,Rewards,CPU,584,2,1,p1
Rewards_vs_CPU,Rewards,CPU,585,2,0,p1
Rewards_vs_CPU,Rewards,CPU,586,2,0,p1
Rewards_vs_CPU,Rewards,CPU,587,2,1,p1
Rewards_vs_CPU,Rewards,CPU,588,2,0,p1
Rewards_vs_CPU,Rewards,CPU,589,2,1,p1
Rewards_vs_CPU,Rewards,CPU,590,2,0,p1
Rewards_vs_CPU,Rewards,CPU,591,2,1,p1
Rewards_vs_CPU,Rewards,CPU,592,2,0,p1
Rewards_vs_CPU,Rewards,CPU,593,1,2,p2
Rewards_vs_CPU,Rewards,CPU,594,2,0,p1
Rewards_vs_CPU,Rewards,CPU,595,2,0,p1
Rewards_vs_CPU,Rewards,CPU,596,2,0,p1
Rewards_vs_CPU,Rewards,CPU,597,2,0,p1
Rewards_vs_CPU,Rewards,CPU,598,2,1,p1
Rewards_vs_CPU,Rewards,CPU,599,2,0,p1
Rewards_vs_CPU,Rewards,CPU,600,2,0,p1
Rewards_vs_CPU,Rewards,CPU,601,2,1,p1
Rewards_vs_CPU,Rewards,CPU,602,2,1,p1
Rewards_vs_CPU,Rewards,CPU,603,2,0,p1
Rewards_vs_CPU,Rewards,CPU,604,2,0,p1
Rewards_vs_CPU,Rewards,CPU,605,2,0,p1
Rewards_vs_CPU,Rewards,CPU,606,2,1,p1
Rewards_vs_CPU,Rewards,CPU,607,2,1,p1
Rewards_vs_CPU,Rewards,CPU,608,1,2,p2
Rewards_vs_CPU,Rewards,CPU,609,2,0,p1
Rewards_vs_CPU,Rewards,CPU,610,2,1,p1
Rewards_vs_CPU,Rewards,CPU,611,2,0,p1
Rewards_vs_CPU,Rewards,CPU,612,2,1,p1
Rewards_vs_CPU,Rewards,CPU,613,2,0,p1
Rewards_vs_CPU,Rewards,CPU,614,2,0,p1
Rewards_vs_CPU,Rewards,CPU,615,2,1,p1
Rewards_vs_CPU,Rewards,CPU,616,1,2,p2
Rewards_vs_CPU,Rewards,CPU,617,2,0,p1
Rewards_vs_CPU,Rewards,CPU,618,2,1,p1
Rewards_vs_CPU,Rewards,CPU,619,2,0,p1
Rewards_vs_CPU,Rewards,CPU,620,2,0,p1
Rewards_vs_CPU,Rewards,CPU,621,2,1,p1
Rewards_vs_CPU,Rewards,CPU,622,2,0,p1
Rewards_vs_CPU,Rewards,CPU,623,2,0,p1
Rewards_vs_CPU,Rewards,CPU,624,2,0,p1
Rewards_vs_CPU,Rewards,CPU,625,2,0,p1
Rewards_vs_CPU,Rewards,CPU,626,1,2,p2
Rewards_vs_CPU,Rewards,CPU,627,2,0,p1
Rewards_vs_CPU,Rewards,CPU,628,2,0,p1
Rewards_vs_CPU,Rewards,CPU,629,2,0,p1
Rewards_vs_CPU,Rewards,CPU,630,2,0,p1
Rewards_vs_CPU,Rewards,CPU,631,2,0,p1
Rewards_vs_CPU,Rewards,CPU,632,2,0,p1
Rewards_vs_CPU,Rewards,CPU,633,2,0,p1
Rewards_vs_CPU,Rewards,CPU,634,2,1,p1
Rewards_vs_CPU,Rewards,CPU,635,2,0,p1
Rewards_vs_CPU,Rewards,CPU,636,2,1,p1
Rewards_vs_CPU,Rewards,CPU,637,2,0,p1
Rewards_vs_CPU,Rewards,CPU,638,2,0,p1
Rewards_vs_CPU,Rewards,CPU,639,2,0,p1
Rewards_vs_CPU,Rewards,CPU,640,2,1,p1
Rewards_vs_CPU,Rewards,CPU,641,2,0,p1
Rewards_vs_CPU,Rewards,CPU,642,2,0,p1
Rewards_vs_CPU,Rewards,CPU,643,2,0,p1
Rewards_vs_CPU,Rewards,CPU,644,2,0,p1
Rewards_vs_CPU,Rewards,CPU,645,2,1,p1
Rewards_vs_CPU,Rewards,CPU,646,2,0,p1
Rewards_vs_CPU,Rewards,CPU,647,1,2,p2
Rewards_vs_CPU,Rewards,CPU,648,2,0,p1
Rewards_vs_CPU,Rewards,CPU,649,2,0,p1
Rewards_vs_CPU,Rewards,CPU,650,2,1,p1
Rewards_vs_CPU,Rewards,CPU,651,2,0,p1
Rewards_vs_CPU,Rewards,CPU,652,2,0,p1
Rewards_vs_CPU,Rewards,CPU,653,2,0,p1
Rewards_vs_CPU,Rewards,CPU,654,2,0,p1
Rewards_vs_CPU,Rewards,CPU,655,1,2,p2
Rewards_vs_CPU,Rewards,CPU,656,2,1,p1
Rewards_vs_CPU,Rewards,CPU,657,2,1,p1
Rewards_vs_CPU,Rewards,CPU,658,2,1,p1
Rewards_vs_CPU,Rewards,CPU,659,2,0,p1
Rewards_vs_CPU,Rewards,CPU,660,2,0,p1
Rewards_vs_CPU,Rewards,CPU,661,2,0,p1
Rewards_vs_CPU,Rewards,CPU,662,2,0,p1
Rewards_vs_CPU,Rewards,CPU,663,1,2,p2
Rewards_vs_CPU,Rewards,CPU,664,2,0,p1
Rewards_vs_CPU,Rewards,CPU,665,2,0,p1
Rewards_vs_CPU,Rewards,CPU,666,2,0,p1
Rewards_vs_CPU,Rewards,CPU,667,2,0,p1
Rewards_vs_CPU,Rewards,CPU,668,2,1,p1
Rewards_vs_CPU,Rewards,CPU,669,1,2,p2
Rewards_vs_CPU,Rewards,CPU,670,2,0,p1
Rewards_vs_CPU,Rewards,CPU,671,2,0,p1
Rewards_vs_CPU,Rewards,CPU,672,2,0,p1
Rewards_vs_CPU,Rewards,CPU,673,2,1,p1
Rewards_vs_CPU,Rewards,CPU,674,1,2,p2
Rewards_vs_CPU,Rewards,CPU,675,2,0,p1
Rewards_vs_CPU,Rewards,CPU,676,2,0,p1
Rewards_vs_CPU,Rewards,CPU,677,2,0,p1
Rewards_vs_CPU,Rewards,CPU,678,2,0,p1
Rewards_vs_CPU,Rewards,CPU,679,2,0,p1
Rewards_vs_CPU,Rewards,CPU,680,2,1,p1
Rewards_vs_CPU,Rewards,CPU,681,2,0,p1
Rewards_vs_CPU,Rewards,CPU,682,2,0,p1
Rewards_vs_CPU,Rewards,CPU,683,2,0,p1
Rewards_vs_CPU,Rewards,CPU,684,2,0,p1
Rewards_vs_CPU,Rewards,CPU,685,2,1,p1
Rewards_vs_CPU,Rewards,CPU,686,2,0,p1
Rewards_vs_CPU,Rewards,CPU,687,2,0,p1
Rewards_vs_CPU,Rewards,CPU,688,1,2,p2
Rewards_vs_CPU,Rewards,CPU,689,1,2,p2
Rewards_vs_CPU,Rewards,CPU,690,2,0,p1
Rewards_vs_CPU,Rewards,CPU,691,1,2,p2
Rewards_vs_CPU,Rewards,CPU,692,2,0,p1
Rewards_vs_CPU,Rewards,CPU,693,2,0,p1
Rewards_vs_CPU,Rewards,CPU,694,2,0,p1
Rewards_vs_CPU,Rewards,CPU,695,2,0,p1
Rewards_vs_CPU,Rewards,CPU,696,2,0,p1
Rewards_vs_CPU,Rewards,CPU,697,2,0,p1
Rewards_vs_CPU,Rewards,CPU,698,2,0,p1
Rewards_vs_CPU,Rewards,CPU,699,2,0,p1
Rewards_vs_CPU,Rewards,CPU,700,2,0,p1
Rewards_vs_CPU,Rewards,CPU,701,2,0,p1
Rewards_vs_CPU,Rewards,CPU,702,2,0,p1
Rewards_vs_CPU,Rewards,CPU,703,2,1,p1
Rewards_vs_CPU,Rewards,CPU,704,2,0,p1
Rewards_vs_CPU,Rewards,CPU,705,2,0,p1
Rewards_vs_CPU,Rewards,CPU,706,2,1,p1
Rewards_vs_CPU,Rewards,CPU,707,2,0,p1
Rewards_vs_CPU,Rewards,CPU,708,2,0,p1
Rewards_vs_CPU,Rewards,CPU,709,2,0,p1
Rewards_vs_CPU,Rewards,CPU,710,2,1,p1
Rewards_vs_CPU,Rewards,CPU,711,2,1,p1
Rewards_vs_CPU,Rewards,CPU,712,1,2,p2
Rewards_vs_CPU,Rewards,CPU,713,2,1,p1
Rewards_vs_CPU,Rewards,CPU,714,2,0,p1
Rewards_vs_CPU,Rewards,CPU,715,2,0,p1
Rewards_vs_CPU,Rewards,CPU,716,2,1,p1
Rewards_vs_CPU,Rewards,CPU,717,2,0,p1
Rewards_vs_CPU,Rewards,CPU,718,2,0,p1
Rewards_vs_CPU,Rewards,CPU,719,2,0,p1
Rewards_vs_CPU,Rewards,CPU,720,2,1,p1
Rewards_vs_CPU,Rewards,CPU,721,2,0,p1
Rewards_vs_CPU,Rewards,CPU,722,2,1,p1
Rewards_vs_CPU,Rewards,CPU,723,2,1,p1
Rewards_vs_CPU,Rewards,CPU,724,1,2,p2
Rewards_vs_CPU,Rewards,CPU,725,2,0,p1
Rewards_vs_CPU,Rewards,CPU,726,2,0,p1
Rewards_vs_CPU,Rewards,CPU,727,1,2,p2
Rewards_vs_CPU,Rewards,CPU,728,2,0,p1
Rewards_vs_CPU,Rewards,CPU,729,2,0,p1
Rewards_vs_CPU,Rewards,CPU,730,2,0,p1
Rewards_vs_CPU,Rewards,CPU,731,1,2,p2
Rewards_vs_CPU,Rewards,CPU,732,2,1,p1
Rewards_vs_CPU,Rewards,CPU,733,2,0,p1
Rewards_vs_CPU,Rewards,CPU,734,2,0,p1
Rewards_vs_CPU,Rewards,CPU,735,2,0,p1
Rewards_vs_CPU,Rewards,CPU,736,2,1,p1
Rewards_vs_CPU,Rewards,CPU,737,2,0,p1
Rewards_vs_CPU,Rewards,CPU,738,2,0,p1
Rewards_vs_CPU,Rewards,CPU,739,2,0,p1
Rewards_vs_CPU,Rewards,CPU,740,2,0,p1
Rewards_vs_CPU,Rewards,CPU,741,2,0,p1
Rewards_vs_CPU,Rewards,CPU,742,2,0,p1
Rewards_vs_CPU,Rewards,CPU,743,2,0,p1
Rewards_vs_CPU,Rewards,CPU,744,2,0,p1
Rewards_vs_CPU,Rewards,CPU,745,1,2,p2
Rewards_vs_CPU,Rewards,CPU,746,2,1,p1
Rewards_vs_CPU,Rewards,CPU,747,2,0,p1
Rewards_vs_CPU,Rewards,CPU,748,2,0,p1
Rewards_vs_CPU,Rewards,CPU,749,1,2,p2
Rewards_vs_CPU,Rewards,CPU,750,2,0,p1
Rewards_vs_CPU,Rewards,CPU,751,2,1,p1
Rewards_vs_CPU,Rewards,CPU,752,2,0,p1
Rewards_vs_CPU,Rewards,CPU,753,2,0,p1
Rewards_vs_CPU,Rewards,CPU,754,2,0,p1
Rewards_vs_CPU,Rewards,CPU,755,1,2,p2
Rewards_vs_CPU,Rewards,CPU,756,2,0,p1
Rewards_vs_CPU,Rewards,CPU,757,2,0,p1
Rewards_vs_CPU,Rewards,CPU,758,1,2,p2
Rewards_vs_CPU,Rewards,CPU,759,2,1,p1
Rewards_vs_CPU,Rewards,CPU,760,2,0,p1
Rewards_vs_CPU,Rewards,CPU,761,2,0,p1
Rewards_vs_CPU,Rewards,CPU,762,2,0,p1
Rewards_vs_CPU,Rewards,CPU,763,2,0,p1
Rewards_vs_CPU,Rewards,CPU,764,2,0,p1
Rewards_vs_CPU,Rewards,CPU,765,2,0,p1
Rewards_vs_CPU,Rewards,CPU,766,2,0,p1
Rewards_vs_CPU,Rewards,CPU,767,2,1,p1
Rewards_vs_CPU,Rewards,CPU,768,2,1,p1
Rewards_vs_CPU,Rewards,CPU,769,2,0,p1
Rewards_vs_CPU,Rewards,CPU,770,2,0,p1
Rewards_vs_CPU,Rewards,CPU,771,2,0,p1
Rewards_vs_CPU,Rewards,CPU,772,2,0,p1
Rewards_vs_CPU,Rewards,CPU,773,2,0,p1
Rewards_vs_CPU,Rewards,CPU,774,1,2,p2
Rewards_vs_CPU,Rewards,CPU,775,2,0,p1
Rewards_vs_CPU,Rewards,CPU,776,2,0,p1
Rewards_vs_CPU,Rewards,CPU,777,2,0,p1
Rewards_vs_CPU,Rewards,CPU,778,2,0,p1
Rewards_vs_CPU,Rewards,CPU,779,2,0,p1
Rewards_vs_CPU,Rewards,CPU,780,2,0,p1
Rewards_vs_CPU,Rewards,CPU,781,2,0,p1
Rewards_vs_CPU,Rewards,CPU,782,2,0,p1
Rewards_vs_CPU,Rewards,CPU,783,2,1,p1
Rewards_vs_CPU,Rewards,CPU,784,2,0,p1
Rewards_vs_CPU,Rewards,CPU,785,2,1,p1
Rewards_vs_CPU,Rewards,CPU,786,2,0,p1
Rewards_vs_CPU,Rewards,CPU,787,2,0,p1
Rewards_vs_CPU,Rewards,CPU,788,1,2,p2
Rewards_vs_CPU,Rewards,CPU,789,2,0,p1
Rewards_vs_CPU,Rewards,CPU,790,2,0,p1
Rewards_vs_CPU,Rewards,CPU,791,2,0,p1
Rewards_vs_CPU,Rewards,CPU,792,2,0,p1
Rewards_vs_CPU,Rewards,CPU,793,2,0,p1
Rewards_vs_CPU,Rewards,CPU,794,2,0,p1
Rewards_vs_CPU,Rewards,CPU,795,2,0,p1
Rewards_vs_CPU,Rewards,CPU,796,2,0,p1
Rewards_vs_CPU,Rewards,CPU,797,2,1,p1
Rewards_vs_CPU,Rewards,CPU,798,2,0,p1
Rewards_vs_CPU,Rewards,CPU,799,2,0,p1
Rewards_vs_CPU,Rewards,CPU,800,2,0,p1
Rewards_vs_CPU,Rewards,CPU,801,1,2,p2
Rewards_vs_CPU,Rewards,CPU,802,2,0,p1
Rewards_vs_CPU,Rewards,CPU,803,2,1,p1
Rewards_vs_CPU,Rewards,CPU,804,2,0,p1
Rewards_vs_CPU,Rewards,CPU,805,1,2,p2
Rewards_vs_CPU,Rewards,CPU,806,2,0,p1
Rewards_vs_CPU,Rewards,CPU,807,2,1,p1
Rewards_vs_CPU,Rewards,CPU,808,2,1,p1
Rewards_vs_CPU,Rewards,CPU,809,2,0,p1
Rewards_vs_CPU,Rewards,CPU,810,2,0,p1
Rewards_vs_CPU,Rewards,CPU,811,2,0,p1
Rewards_vs_CPU,Rewards,CPU,812,2,0,p1
Rewards_vs_CPU,Rewards,CPU,813,2,1,p1
Rewards_vs_CPU,Rewards,CPU,814,2,1,p1
Rewards_vs_CPU,Rewards,CPU,815,2,0,p1
Rewards_vs_CPU,Rewards,CPU,816,2,0,p1
Rewards_vs_CPU,Rewards,CPU,817,2,0,p1
Rewards_vs_CPU,Rewards,CPU,818,2,1,p1
Rewards_vs_CPU,Rewards,CPU,819,2,1,p1
Rewards_vs_CPU,Rewards,CPU,820,2,0,p1
Rewards_vs_CPU,Rewards,CPU,821,2,0,p1
Rewards_vs_CPU,Rewards,CPU,822,2,0,p1
Rewards_vs_CPU,Rewards,CPU,823,2,1,p1
Rewards_vs_CPU,Rewards,CPU,824,1,2,p2
Rewards_vs_CPU,Rewards,CPU,825,2,0,p1
Rewards_vs_CPU,Rewards,CPU,826,2,1,p1
Rewards_vs_CPU,Rewards,CPU,827,2,0,p1
Rewards_vs_CPU,Rewards,CPU,828,2,0,p1
Rewards_vs_CPU,Rewards,CPU,829,2,1,p1
Rewards_vs_CPU,Rewards,CPU,830,2,0,p1
Rewards_vs_CPU,Rewards,CPU,831,2,0,p1
Rewards_vs_CPU,Rewards,CPU,832,2,0,p1
Rewards_vs_CPU,Rewards,CPU,833,1,2,p2
Rewards_vs_CPU,Rewards,CPU,834,2,1,p1
Rewards_vs_CPU,Rewards,CPU,835,1,2,p2
Rewards_vs_CPU,Rewards,CPU,836,2,1,p1
Rewards_vs_CPU,Rewards,CPU,837,2,0,p1
Rewards_vs_CPU,Rewards,CPU,838,2,1,p1
Rewards_vs_CPU,Rewards,CPU,839,2,0,p1
Rewards_vs_CPU,Rewards,CPU,840,2,0,p1
Rewards_vs_CPU,Rewards,CPU,841,2,0,p1
Rewards_vs_CPU,Rewards,CPU,842,2,0,p1
Rewards_vs_CPU,Rewards,CPU,843,2,0,p1
Rewards_vs_CPU,Rewards,CPU,844,2,0,p1
Rewards_vs_CPU,Rewards,CPU,845,1,2,p2
Rewards_vs_CPU,Rewards,CPU,846,2,0,p1
Rewards_vs_CPU,Rewards,CPU,847,2,0,p1
Rewards_vs_CPU,Rewards,CPU,848,2,0,p1
Rewards_vs_CPU,Rewards,CPU,849,1,2,p2
Rewards_vs_CPU,Rewards,CPU,850,2,0,p1
Rewards_vs_CPU,Rewards,CPU,851,1,2,p2
Rewards_vs_CPU,Rewards,CPU,852,2,0,p1
Rewards_vs_CPU,Rewards,CPU,853,2,1,p1
Rewards_vs_CPU,Rewards,CPU,854,2,1,p1
Rewards_vs_CPU,Rewards,CPU,855,2,0,p1
Rewards_vs_CPU,Rewards,CPU,856,2,0,p1
Rewards_vs_CPU,Rewards,CPU,857,2,0,p1
Rewards_vs_CPU,Rewards,CPU,858,2,0,p1
Rewards_vs_CPU,Rewards,CPU,859,2,0,p1
Rewards_vs_CPU,Rewards,CPU,860,2,0,p1
Rewards_vs_CPU,Rewards,CPU,861,2,0,p1
Rewards_vs_CPU,Rewards,CPU,862,2,0,p1
Rewards_vs_CPU,Rewards,CPU,863,2,1,p1
Rewards_vs_CPU,Rewards,CPU,864,2,1,p1
Rewards_vs_CPU,Rewards,CPU,865,2,0,p1
Rewards_vs_CPU,Rewards,CPU,866,2,0,p1
Rewards_vs_CPU,Rewards,CPU,867,1,2,p2
Rewards_vs_CPU,Rewards,CPU,868,2,0,p1
Rewards_vs_CPU,Rewards,CPU,869,1,2,p2
Rewards_vs_CPU,Rewards,CPU,870,2,0,p1
Rewards_vs_CPU,Rewards,CPU,871,2,0,p1
Rewards_vs_CPU,Rewards,CPU,872,2,1,p1
Rewards_vs_CPU,Rewards,CPU,873,2,0,p1
Rewards_vs_CPU,Rewards,CPU,874,2,1,p1
Rewards_vs_CPU,Rewards,CPU,875,2,0,p1
Rewards_vs_CPU,Rewards,CPU,876,2,1,p1
Rewards_vs_CPU,Rewards,CPU,877,2,0,p1
Rewards_vs_CPU,Rewards,CPU,878,2,0,p1
Rewards_vs_CPU,Rewards,CPU,879,2,0,p1
Rewards_vs_CPU,Rewards,CPU,880,2,1,p1
Rewards_vs_CPU,Rewards,CPU,881,2,0,p1
Rewards_vs_CPU,Rewards,CPU,882,2,0,p1
Rewards_vs_CPU,Rewards,CPU,883,2,1,p1
Rewards_vs_CPU,Rewards,CPU,884,2,0,p1
Rewards_vs_CPU,Rewards,CPU,885,2,1,p1
Rewards_vs_CPU,Rewards,CPU,886,2,0,p1
Rewards_vs_CPU,Rewards,CPU,887,2,0,p1
Rewards_vs_CPU,Rewards,CPU,888,2,1,p1
Rewards_vs_CPU,Rewards,CPU,889,2,0,p1
Rewards_vs_CPU,Rewards,CPU,890,2,0,p1
Rewards_vs_CPU,Rewards,CPU,891,2,0,p1
Rewards_vs_CPU,Rewards,CPU,892,2,1,p1
Rewards_vs_CPU,Rewards,CPU,893,2,1,p1
Rewards_vs_CPU,Rewards,CPU,894,2,0,p1
Rewards_vs_CPU,Rewards,CPU,895,2,1,p1
Rewards_vs_CPU,Rewards,CPU,896,2,0,p1
Rewards_vs_CPU,Rewards,CPU,897,2,0,p1
Rewards_vs_CPU,Rewards,CPU,898,1,2,p2
Rewards_vs_CPU,Rewards,CPU,899,2,0,p1
Rewards_vs_CPU,Rewards,CPU,900,2,0,p1
Rewards_vs_CPU,Rewards,CPU,901,2,0,p1
Rewards_vs_CPU,Rewards,CPU,902,2,0,p1
Rewards_vs_CPU,Rewards,CPU,903,2,0,p1
Rewards_vs_CPU,Rewards,CPU,904,2,1,p1
Rewards_vs_CPU,Rewards,CPU,905,2,0,p1
Rewards_vs_CPU,Rewards,CPU,906,2,0,p1
Rewards_vs_CPU,Rewards,CPU,907,2,0,p1
Rewards_vs_CPU,Rewards,CPU,908,2,0,p1
Rewards_vs_CPU,Rewards,CPU,909,1,2,p2
Rewards_vs_CPU,Rewards,CPU,910,1,2,p2
Rewards_vs_CPU,Rewards,CPU,911,2,0,p1
Rewards_vs_CPU,Rewards,CPU,912,2,1,p1
Rewards_vs_CPU,Rewards,CPU,913,2,0,p1
Rewards_vs_CPU,Rewards,CPU,914,2,0,p1
Rewards_vs_CPU,Rewards,CPU,915,2,0,p1
Rewards_vs_CPU,Rewards,CPU,916,2,0,p1
Rewards_vs_CPU,Rewards,CPU,917,2,1,p1
Rewards_vs_CPU,Rewards,CPU,918,2,0,p1
Rewards_vs_CPU,Rewards,CPU,919,2,0,p1
Rewards_vs_CPU,Rewards,CPU,920,2,0,p1
Rewards_vs_CPU,Rewards,CPU,921,1,2,p2
Rewards_vs_CPU,Rewards,CPU,922,1,2,p2
Rewards_vs_CPU,Rewards,CPU,923,2,0,p1
Rewards_vs_CPU,Rewards,CPU,924,2,0,p1
Rewards_vs_CPU,Rewards,CPU,925,2,0,p1
Rewards_vs_CPU,Rewards,CPU,926,2,1,p1
Rewards_vs_CPU,Rewards,CPU,927,1,2,p2
Rewards_vs_CPU,Rewards,CPU,928,1,2,p2
Rewards_vs_CPU,Rewards,CPU,929,2,0,p1
Rewards_vs_CPU,Rewards,CPU,930,1,2,p2
Rewards_vs_CPU,Rewards,CPU,931,2,0,p1
Rewards_vs_CPU,Rewards,CPU,932,2,1,p1
Rewards_vs_CPU,Rewards,CPU,933,2,0,p1
Rewards_vs_CPU,Rewards,CPU,934,2,0,p1
Rewards_vs_CPU,Rewards,CPU,935,2,0,p1
Rewards_vs_CPU,Rewards,CPU,936,2,0,p1
Rewards_vs_CPU,Rewards,CPU,937,2,0,p1
Rewards_vs_CPU,Rewards,CPU,938,1,1,draw
Rewards_vs_CPU,Rewards,CPU,939,2,0,p1
Rewards_vs_CPU,Rewards,CPU,940,2,0,p1
Rewards_vs_CPU,Rewards,CPU,941,2,0,p1
Rewards_vs_CPU,Rewards,CPU,942,2,0,p1
Rewards_vs_CPU,Rewards,CPU,943,2,0,p1
Rewards_vs_CPU,Rewards,CPU,944,2,0,p1
Rewards_vs_CPU,Rewards,CPU,945,2,0,p1
Rewards_vs_CPU,Rewards,CPU,946,2,0,p1
Rewards_vs_CPU,Rewards,CPU,947,2,1,p1
Rewards_vs_CPU,Rewards,CPU,948,2,0,p1
Rewards_vs_CPU,Rewards,CPU,949,2,0,p1
Rewards_vs_CPU,Rewards,CPU,950,2,0,p1
Rewards_vs_CPU,Rewards,CPU,951,2,0,p1
Rewards_vs_CPU,Rewards,CPU,952,2,1,p1
Rewards_vs_CPU,Rewards,CPU,953,2,0,p1
Rewards_vs_CPU,Rewards,CPU,954,2,0,p1
Rewards_vs_CPU,Rewards,CPU,955,2,1,p1
Rewards_vs_CPU,Rewards,CPU,956,2,1,p1
Rewards_vs_CPU,Rewards,CPU,957,2,0,p1
Rewards_vs_CPU,Rewards,CPU,958,2,0,p1
Rewards_vs_CPU,Rewards,CPU,959,1,2,p2
Rewards_vs_CPU,Rewards,CPU,960,2,0,p1
Rewards_vs_CPU,Rewards,CPU,961,2,1,p1
Rewards_vs_CPU,Rewards,CPU,962,2,0,p1
Rewards_vs_CPU,Rewards,CPU,963,2,1,p1
Rewards_vs_CPU,Rewards,CPU,964,2,0,p1
Rewards_vs_CPU,Rewards,CPU,965,2,0,p1
Rewards_vs_CPU,Rewards,CPU,966,2,0,p1
Rewards_vs_CPU,Rewards,CPU,967,2,0,p1
Rewards_vs_CPU,Rewards,CPU,968,2,0,p1
Rewards_vs_CPU,Rewards,CPU,969,2,0,p1
Rewards_vs_CPU,Rewards,CPU,970,2,1,p1
Rewards_vs_CPU,Rewards,CPU,971,2,0,p1
Rewards_vs_CPU,Rewards,CPU,972,2,1,p1
Rewards_vs_CPU,Rewards,CPU,973,2,0,p1
Rewards_vs_CPU,Rewards,CPU,974,2,0,p1
Rewards_vs_CPU,Rewards,CPU,975,2,0,p1
Rewards_vs_CPU,Rewards,CPU,976,2,0,p1
Rewards_vs_CPU,Rewards,CPU,977,2,0,p1
Rewards_vs_CPU,Rewards,CPU,978,2,0,p1
Rewards_vs_CPU,Rewards,CPU,979,2,1,p1
Rewards_vs_CPU,Rewards,CPU,980,2,0,p1
Rewards_vs_CPU,Rewards,CPU,981,1,2,p2
Rewards_vs_CPU,Rewards,CPU,982,2,0,p1
Rewards_vs_CPU,Rewards,CPU,983,2,0,p1
Rewards_vs_CPU,Rewards,CPU,984,2,0,p1
Rewards_vs_CPU,Rewards,CPU,985,2,0,p1
Rewards_vs_CPU,Rewards,CPU,986,2,1,p1
Rewards_vs_CPU,Rewards,CPU,987,2,0,p1
Rewards_vs_CPU,Rewards,CPU,988,2,0,p1
Rewards_vs_CPU,Rewards,CPU,989,2,1,p1
Rewards_vs_CPU,Rewards,CPU,990,2,1,p1
Rewards_vs_CPU,Rewards,CPU,991,2,0,p1
Rewards_vs_CPU,Rewards,CPU,992,2,0,p1
Rewards_vs_CPU,Rewards,CPU,993,2,0,p1
Rewards_vs_CPU,Rewards,CPU,994,2,1,p1
Rewards_vs_CPU,Rewards,CPU,995,2,0,p1
Rewards_vs_CPU,Rewards,CPU,996,2,1,p1
Rewards_vs_CPU,Rewards,CPU,997,2,0,p1
Rewards_vs_CPU,Rewards,CPU,998,2,0,p1
Rewards_vs_CPU,Rewards,CPU,999,2,0,p1
Rewards_vs_CPU,Rewards,CPU,1000,1,2,p2
Rewards_vs_CPU,Rewards,CPU,2001,1,2,p2
Rewards_vs_CPU,Rewards,CPU,2002,2,0,p1
Rewards_vs_CPU,Rewards,CPU,2003,2,0,p1
Rewards_vs_CPU,Rewards,CPU,2004,2,0,p1
Rewards_vs_CPU,Rewards,CPU,2005,2,0,p1
Rewards_vs_CPU,Rewards,CPU,2006,2,0,p1
Rewards_vs_CPU,Rewards,CPU,2007,2,0,p1
Rewards_vs_CPU,Rewards,CPU,2008,2,0,p1
Rewards_vs_CPU,Rewards,CPU,2009,2,0,p1
Rewards_vs_CPU,Rewards,CPU,2010,2,0,p1
Rewards_vs_CPU,Rewards,CPU,2011,2,1,p1
Rewards_vs_CPU,Rewards,CPU,2012,2,0,p1
Rewards_vs_CPU,Rewards,CPU,2013,2,0,p1
Rewards_vs_CPU,Rewards,CPU,2014,2,1,p1
Rewards_vs_CPU,Rewards,CPU,2015,2,0,p1
Rewards_vs_CPU,Rewards,CPU,2016,2,1,p1
Rewards_vs_CPU,Rewards,CPU,2017,2,0,p1
Rewards_vs_CPU,Rewards,CPU,2018,2,0,p1
Rewards_vs_CPU,Rewards,CPU,2019,2,0,p1
Rewards_vs_CPU,Rewards,CPU,2020,2,0,p1
Rewards_vs_CPU,Rewards,CPU,2021,2,0,p1
Rewards_vs_CPU,Rewards,CPU,2022,0,2,p2
Rewards_vs_CPU,Rewards,CPU,2023,2,1,p1
Rewards_vs_CPU,Rewards,CPU,2024,2,0,p1
Rewards_vs_CPU,Rewards,CPU,2025,2,0,p1
Rewards_vs_CPU,Rewards,CPU,2026,1,2,p2
Rewards_vs_CPU,Rewards,CPU,2027,2,0,p1
Rewards_vs_CPU,Rewards,CPU,2028,2,0,p1
Rewards_vs_CPU,Rewards,CPU,2029,2,1,p1
Rewards_vs_CPU,Rewards,CPU,2030,2,0,p1
Rewards_vs_CPU,Rewards,CPU,2031,1,2,p2
Rewards_vs_CPU,Rewards,CPU,2032,2,0,p1
Rewards_vs_CPU,Rewards,CPU,2033,2,1,p1
Rewards_vs_CPU,Rewards,CPU,2034,2,0,p1
Rewards_vs_CPU,Rewards,CPU,2035,2,1,p1
Rewards_vs_CPU,Rewards,CPU,2036,2,0,p1
Rewards_vs_CPU,Rewards,CPU,2037,2,0,p1
Rewards_vs_CPU,Rewards,CPU,2038,2,0,p1
Rewards_vs_CPU,Rewards,CPU,2039,2,0,p1
Rewards_vs_CPU,Rewards,CPU,2040,2,0,p1
Rewards_vs_CPU,Rewards,CPU,2041,2,1,p1
Rewards_vs_CPU,Rewards,CPU,2042,2,0,p1
Rewards_vs_CPU,Rewards,CPU,2043,2,1,p1
Rewards_vs_CPU,Rewards,CPU,2044,2,0,p1
Rewards_vs_CPU,Rewards,CPU,2045,2,0,p1
Rewards_vs_CPU,Rewards,CPU,2046,2,0,p1
Rewards_vs_CPU,Rewards,CPU,2047,2,0,p1
Rewards_vs_CPU,Rewards,CPU,2048,2,1,p1
Rewards_vs_CPU,Rewards,CPU,2049,2,0,p1
Rewards_vs_CPU,Rewards,CPU,2050,2,0,p1
Rewards_vs_CPU,Rewards,CPU,2051,2,0,p1
Rewards_vs_CPU,Rewards,CPU,2052,2,1,p1
Rewards_vs_CPU,Rewards,CPU,2053,2,0,p1
Rewards_vs_CPU,Rewards,CPU,2054,1,2,p2
Rewards_vs_CPU,Rewards,CPU,2055,2,0,p1
Rewards_vs_CPU,Rewards,CPU,2056,2,0,p1
Rewards_vs_CPU,Rewards,CPU,2057,1,2,p2
Rewards_vs_CPU,Rewards,CPU,2058,2,0,p1
Rewards_vs_CPU,Rewards,CPU,2059,2,0,p1
Rewards_vs_CPU,Rewards,CPU,2060,2,1,p1
Rewards_vs_CPU,Rewards,CPU,2061,2,1,p1
Rewards_vs_CPU,Rewards,CPU,2062,2,0,p1
Rewards_vs_CPU,Rewards,CPU,2063,2,1,p1
Rewards_vs_CPU,Rewards,CPU,2064,2,0,p1
Rewards_vs_CPU,Rewards,CPU,2065,1,2,p2
Rewards_vs_CPU,Rewards,CPU,2066,2,0,p1
Rewards_vs_CPU,Rewards,CPU,2067,1,2,p2
Rewards_vs_CPU,Rewards,CPU,2068,2,0,p1
Rewards_vs_CPU,Rewards,CPU,2069,2,0,p1
Rewards_vs_CPU,Rewards,CPU,2070,2,1,p1
Rewards_vs_CPU,Rewards,CPU,2071,2,0,p1
Rewards_vs_CPU,Rewards,CPU,2072,2,0,p1
Rewards_vs_CPU,Rewards,CPU,2073,2,0,p1
Rewards_vs_CPU,Rewards,CPU,2074,1,2,p2
Rewards_vs_CPU,Rewards,CPU,2075,2,1,p1
Rewards_vs_CPU,Rewards,CPU,2076,2,0,p1
Rewards_vs_CPU,Rewards,CPU,2077,2,0,p1
Rewards_vs_CPU,Rewards,CPU,2078,1,2,p2
Rewards_vs_CPU,Rewards,CPU,2079,2,0,p1
Rewards_vs_CPU,Rewards,CPU,2080,2,1,p1
Rewards_vs_CPU,Rewards,CPU,2081,2,0,p1
Rewards_vs_CPU,Rewards,CPU,2082,2,0,p1
Rewards_vs_CPU,Rewards,CPU,2083,2,0,p1
Rewards_vs_CPU,Rewards,CPU,2084,2,1,p1
Rewards_vs_CPU,Rewards,CPU,2085,2,0,p1
Rewards_vs_CPU,Rewards,CPU,2086,2,1,p1
Rewards_vs_CPU,Rewards,CPU,2087,2,0,p1
Rewards_vs_CPU,Rewards,CPU,2088,2,0,p1
Rewards_vs_CPU,Rewards,CPU,2089,2,0,p1
Rewards_vs_CPU,Rewards,CPU,2090,0,2,p2
Rewards_vs_CPU,Rewards,CPU,2091,2,1,p1
Rewards_vs_CPU,Rewards,CPU,2092,2,1,p1
Rewards_vs_CPU,Rewards,CPU,2093,2,1,p1
Rewards_vs_CPU,Rewards,CPU,2094,2,0,p1
Rewards_vs_CPU,Rewards,CPU,2095,2,0,p1
Rewards_vs_CPU,Rewards,CPU,2096,2,0,p1
Rewards_vs_CPU,Rewards,CPU,2097,2,0,p1
Rewards_vs_CPU,Rewards,CPU,2098,2,0,p1
Rewards_vs_CPU,Rewards,CPU,2099,1,2,p2
Rewards_vs_CPU,Rewards,CPU,2100,2,0,p1
Rewards_vs_CPU,Rewards,CPU,2101,2,1,p1
Rewards_vs_CPU,Rewards,CPU,2102,2,0,p1
Rewards_vs_CPU,Rewards,CPU,2103,2,1,p1
Rewards_vs_CPU,Rewards,CPU,2104,1,2,p2
Rewards_vs_CPU,Rewards,CPU,2105,2,0,p1
Rewards_vs_CPU,Rewards,CPU,2106,2,1,p1
Rewards_vs_CPU,Rewards,CPU,2107,2,0,p1
Rewards_vs_CPU,Rewards,CPU,2108,2,0,p1
Rewards_vs_CPU,Rewards,CPU,2109,1,2,p2
Rewards_vs_CPU,Rewards,CPU,2110,2,0,p1
Rewards_vs_CPU,Rewards,CPU,2111,2,1,p1
Rewards_vs_CPU,Rewards,CPU,2112,1,2,p2
Rewards_vs_CPU,Rewards,CPU,2113,2,0,p1
Rewards_vs_CPU,Rewards,CPU,2114,2,0,p1
Rewards_vs_CPU,Rewards,CPU,2115,2,0,p1
Rewards_vs_CPU,Rewards,CPU,2116,1,2,p2
Rewards_vs_CPU,Rewards,CPU,2117,2,0,p1
Rewards_vs_CPU,Rewards,CPU,2118,1,2,p2
Rewards_vs_CPU,Rewards,CPU,2119,1,2,p2
Rewards_vs_CPU,Rewards,CPU,2120,2,1,p1
Rewards_vs_CPU,Rewards,CPU,2121,1,2,p2
Rewards_vs_CPU,Rewards,CPU,2122,2,0,p1
Rewards_vs_CPU,Rewards,CPU,2123,2,0,p1
Rewards_vs_CPU,Rewards,CPU,2124,2,0,p1
Rewards_vs_CPU,Rewards,CPU,2125,2,0,p1
Rewards_vs_CPU,Rewards,CPU,2126,2,0,p1
Rewards_vs_CPU,Rewards,CPU,2127,2,0,p1
Rewards_vs_CPU,Rewards,CPU,2128,2,0,p1
Rewards_vs_CPU,Rewards,CPU,2129,2,0,p1
Rewards_vs_CPU,Rewards,CPU,2130,2,0,p1
Rewards_vs_CPU,Rewards,CPU,2131,2,0,p1
Rewards_vs_CPU,Rewards,CPU,2132,2,0,p1
Rewards_vs_CPU,Rewards,CPU,2133,2,0,p1
Rewards_vs_CPU,Rewards,CPU,2134,2,0,p1
Rewards_vs_CPU,Rewards,CPU,2135,2,0,p1
Rewards_vs_CPU,Rewards,CPU,2136,2,1,p1
Rewards_vs_CPU,Rewards,CPU,2137,2,0,p1
Rewards_vs_CPU,Rewards,CPU,2138,2,1,p1
Rewards_vs_CPU,Rewards,CPU,2139,2,0,p1
Rewards_vs_CPU,Rewards,CPU,2140,2,0,p1
Rewards_vs_CPU,Rewards,CPU,2141,1,2,p2
Rewards_vs_CPU,Rewards,CPU,2142,2,0,p1
Rewards_vs_CPU,Rewards,CPU,2143,2,1,p1
Rewards_vs_CPU,Rewards,CPU,2144,2,0,p1
Rewards_vs_CPU,Rewards,CPU,2145,2,1,p1
Rewards_vs_CPU,Rewards,CPU,2146,2,1,p1
Rewards_vs_CPU,Rewards,CPU,2147,2,0,p1
Rewards_vs_CPU,Rewards,CPU,2148,2,0,p1
Rewards_vs_CPU,Rewards,CPU,2149,2,0,p1
Rewards_vs_CPU,Rewards,CPU,2150,2,0,p1
Rewards_vs_CPU,Rewards,CPU,2151,2,1,p1
Rewards_vs_CPU,Rewards,CPU,2152,2,0,p1
Rewards_vs_CPU,Rewards,CPU,2153,1,2,p2
Rewards_vs_CPU,Rewards,CPU,2154,2,0,p1
Rewards_vs_CPU,Rewards,CPU,2155,2,0,p1
Rewards_vs_CPU,Rewards,CPU,2156,2,1,p1
Rewards_vs_CPU,Rewards,CPU,2157,2,0,p1
Rewards_vs_CPU,Rewards,CPU,2158,2,0,p1
Rewards_vs_CPU,Rewards,CPU,2159,2,0,p1
Rewards_vs_CPU,Rewards,CPU,2160,2,1,p1
Rewards_vs_CPU,Rewards,CPU,2161,1,2,p2
Rewards_vs_CPU,Rewards,CPU,2162,2,0,p1
Rewards_vs_CPU,Rewards,CPU,2163,1,2,p2
Rewards_vs_CPU,Rewards,CPU,2164,2,0,p1
Rewards_vs_CPU,Rewards,CPU,2165,2,0,p1
Rewards_vs_CPU,Rewards,CPU,2166,2,1,p1
Rewards_vs_CPU,Rewards,CPU,2167,1,2,p2
Rewards_vs_CPU,Rewards,CPU,2168,2,1,p1
Rewards_vs_CPU,Rewards,CPU,2169,2,1,p1
Rewards_vs_CPU,Rewards,CPU,2170,2,1,p1
Rewards_vs_CPU,Rewards,CPU,2171,2,0,p1
Rewards_vs_CPU,Rewards,CPU,2172,1,2,p2
Rewards_vs_CPU,Rewards,CPU,2173,2,0,p1
Rewards_vs_CPU,Rewards,CPU,2174,2,1,p1
Rewards_vs_CPU,Rewards,CPU,2175,2,0,p1
Rewards_vs_CPU,Rewards,CPU,2176,2,0,p1
Rewards_vs_CPU,Rewards,CPU,2177,1,2,p2
Rewards_vs_CPU,Rewards,CPU,2178,2,0,p1
Rewards_vs_CPU,Rewards,CPU,2179,2,0,p1
Rewards_vs_CPU,Rewards,CPU,2180,2,0,p1
Rewards_vs_CPU,Rewards,CPU,2181,2,1,p1
Rewards_vs_CPU,Rewards,CPU,2182,2,0,p1
Rewards_vs_CPU,Rewards,CPU,2183,2,0,p1
Rewards_vs_CPU,Rewards,CPU,2184,2,0,p1
Rewards_vs_CPU,Rewards,CPU,2185,2,0,p1
Rewards_vs_CPU,Rewards,CPU,2186,1,2,p2
Rewards_vs_CPU,Rewards,CPU,2187,2,1,p1
Rewards_vs_CPU,Rewards,CPU,2188,1,2,p2
Rewards_vs_CPU,Rewards,CPU,2189,2,0,p1
Rewards_vs_CPU,Rewards,CPU,2190,2,0,p1
Rewards_vs_CPU,Rewards,CPU,2191,2,1,p1
Rewards_vs_CPU,Rewards,CPU,2192,2,0,p1
Rewards_vs_CPU,Rewards,CPU,2193,2,0,p1
Rewards_vs_CPU,Rewards,CPU,2194,2,0,p1
Rewards_vs_CPU,Rewards,CPU,2195,1,2,p2
Rewards_vs_CPU,Rewards,CPU,2196,2,0,p1
Rewards_vs_CPU,Rewards,CPU,2197,1,2,p2
Rewards_vs_CPU,Rewards,CPU,2198,2,0,p1
Rewards_vs_CPU,Rewards,CPU,2199,2,1,p1
Rewards_vs_CPU,Rewards,CPU,2200,2,0,p1
Rewards_vs_CPU,Rewards,CPU,2201,2,0,p1
Rewards_vs_CPU,Rewards,CPU,2202,2,0,p1
Rewards_vs_CPU,Rewards,CPU,2203,2,1,p1
Rewards_vs_CPU,Rewards,CPU,2204,2,0,p1
Rewards_vs_CPU,Rewards,CPU,2205,1,2,p2
Rewards_vs_CPU,Rewards,CPU,2206,2,0,p1
Rewards_vs_CPU,Rewards,CPU,2207,2,1,p1
Rewards_vs_CPU,Rewards,CPU,2208,2,0,p1
Rewards_vs_CPU,Rewards,CPU,2209,2,1,p1
Rewards_vs_CPU,Rewards,CPU,2210,2,0,p1
Rewards_vs_CPU,Rewards,CPU,2211,2,0,p1
Rewards_vs_CPU,Rewards,CPU,2212,1,2,p2
Rewards_vs_CPU,Rewards,CPU,2213,2,1,p1
Rewards_vs_CPU,Rewards,CPU,2214,2,0,p1
Rewards_vs_CPU,Rewards,CPU,2215,2,0,p1
Rewards_vs_CPU,Rewards,CPU,2216,2,0,p1
Rewards_vs_CPU,Rewards,CPU,2217,1,2,p2
Rewards_vs_CPU,Rewards,CPU,2218,2,0,p1
Rewards_vs_CPU,Rewards,CPU,2219,0,2,p2
Rewards_vs_CPU,Rewards,CPU,2220,1,2,p2
Rewards_vs_CPU,Rewards,CPU,2221,1,2,p2
Rewards_vs_CPU,Rewards,CPU,2222,2,0,p1
Rewards_vs_CPU,Rewards,CPU,2223,1,2,p2
Rewards_vs_CPU,Rewards,CPU,2224,2,0,p1
Rewards_vs_CPU,Rewards,CPU,2225,1,2,p2
Rewards_vs_CPU,Rewards,CPU,2226,1,2,p2
Rewards_vs_CPU,Rewards,CPU,2227,2,0,p1
Rewards_vs_CPU,Rewards,CPU,2228,2,0,p1
Rewards_vs_CPU,Rewards,CPU,2229,2,0,p1
Rewards_vs_CPU,Rewards,CPU,2230,2,0,p1
Rewards_vs_CPU,Rewards,CPU,2231,2,0,p1
Rewards_vs_CPU,Rewards,CPU,2232,2,0,p1
Rewards_vs_CPU,Rewards,CPU,2233,2,0,p1
Rewards_vs_CPU,Rewards,CPU,2234,2,0,p1
Rewards_vs_CPU,Rewards,CPU,2235,2,0,p1
Rewards_vs_CPU,Rewards,CPU,2236,2,0,p1
Rewards_vs_CPU,Rewards,CPU,2237,2,0,p1
Rewards_vs_CPU,Rewards,CPU,2238,2,0,p1
Rewards_vs_CPU,Rewards,CPU,2239,2,0,p1
Rewards_vs_CPU,Rewards,CPU,2240,2,0,p1
Rewards_vs_CPU,Rewards,CPU,2241,2,0,p1
Rewards_vs_CPU,Rewards,CPU,2242,2,0,p1
Rewards_vs_CPU,Rewards,CPU,2243,2,1,p1
Rewards_vs_CPU,Rewards,CPU,2244,2,0,p1
Rewards_vs_CPU,Rewards,CPU,2245,2,0,p1
Rewards_vs_CPU,Rewards,CPU,2246,2,1,p1
Rewards_vs_CPU,Rewards,CPU,2247,0,2,p2
Rewards_vs_CPU,Rewards,CPU,2248,1,2,p2
Rewards_vs_CPU,Rewards,CPU,2249,1,2,p2
Rewards_vs_CPU,Rewards,CPU,2250,2,0,p1
Rewards_vs_CPU,Rewards,CPU,2251,2,0,p1
Rewards_vs_CPU,Rewards,CPU,2252,1,2,p2
Rewards_vs_CPU,Rewards,CPU,2253,2,1,p1
Rewards_vs_CPU,Rewards,CPU,2254,1,2,p2
Rewards_vs_CPU,Rewards,CPU,2255,2,0,p1
Rewards_vs_CPU,Rewards,CPU,2256,2,0,p1
Rewards_vs_CPU,Rewards,CPU,2257,2,0,p1
Rewards_vs_CPU,Rewards,CPU,2258,2,0,p1
Rewards_vs_CPU,Rewards,CPU,2259,2,0,p1
Rewards_vs_CPU,Rewards,CPU,2260,2,0,p1
Rewards_vs_CPU,Rewards,CPU,2261,2,1,p1
Rewards_vs_CPU,Rewards,CPU,2262,2,0,p1
Rewards_vs_CPU,Rewards,CPU,2263,1,2,p2
Rewards_vs_CPU,Rewards,CPU,2264,2,1,p1
Rewards_vs_CPU,Rewards,CPU,2265,1,2,p2
Rewards_vs_CPU,Rewards,CPU,2266,1,2,p2
Rewards_vs_CPU,Rewards,CPU,2267,2,0,p1
Rewards_vs_CPU,Rewards,CPU,2268,2,0,p1
Rewards_vs_CPU,Rewards,CPU,2269,2,1,p1
Rewards_vs_CPU,Rewards,CPU,2270,2,0,p1
Rewards_vs_CPU,Rewards,CPU,2271,2,1,p1
Rewards_vs_CPU,Rewards,CPU,2272,2,0,p1
Rewards_vs_CPU,Rewards,CPU,2273,2,0,p1
Rewards_vs_CPU,Rewards,CPU,2274,2,0,p1
Rewards_vs_CPU,Rewards,CPU,2275,2,1,p1
Rewards_vs_CPU,Rewards,CPU,2276,2,1,p1
Rewards_vs_CPU,Rewards,CPU,2277,2,0,p1
Rewards_vs_CPU,Rewards,CPU,2278,2,0,p1
Rewards_vs_CPU,Rewards,CPU,2279,2,0,p1
Rewards_vs_CPU,Rewards,CPU,2280,2,0,p1
Rewards_vs_CPU,Rewards,CPU,2281,2,0,p1
Rewards_vs_CPU,Rewards,CPU,2282,2,0,p1
Rewards_vs_CPU,Rewards,CPU,2283,2,0,p1
Rewards_vs_CPU,Rewards,CPU,2284,2,0,p1
Rewards_vs_CPU,Rewards,CPU,2285,2,0,p1
Rewards_vs_CPU,Rewards,CPU,2286,2,0,p1
Rewards_vs_CPU,Rewards,CPU,2287,1,2,p2
Rewards_vs_CPU,Rewards,CPU,2288,2,0,p1
Rewards_vs_CPU,Rewards,CPU,2289,2,0,p1
Rewards_vs_CPU,Rewards,CPU,2290,1,2,p2
Rewards_vs_CPU,Rewards,CPU,2291,2,0,p1
Rewards_vs_CPU,Rewards,CPU,2292,1,2,p2
Rewards_vs_CPU,Rewards,CPU,2293,2,1,p1
Rewards_vs_CPU,Rewards,CPU,2294,2,0,p1
Rewards_vs_CPU,Rewards,CPU,2295,2,1,p1
Rewards_vs_CPU,Rewards,CPU,2296,2,1,p1
Rewards_vs_CPU,Rewards,CPU,2297,2,0,p1
Rewards_vs_CPU,Rewards,CPU,2298,2,0,p1
Rewards_vs_CPU,Rewards,CPU,2299,2,0,p1
Rewards_vs_CPU,Rewards,CPU,2300,2,0,p1
Rewards_vs_CPU,Rewards,CPU,2301,2,0,p1
Rewards_vs_CPU,Rewards,CPU,2302,2,0,p1
Rewards_vs_CPU,Rewards,CPU,2303,2,0,p1
Rewards_vs_CPU,Rewards,CPU,2304,2,1,p1
Rewards_vs_CPU,Rewards,CPU,2305,2,1,p1
Rewards_vs_CPU,Rewards,CPU,2306,2,0,p1
Rewards_vs_CPU,Rewards,CPU,2307,2,1,p1
Rewards_vs_CPU,Rewards,CPU,2308,2,0,p1
Rewards_vs_CPU,Rewards,CPU,2309,2,1,p1
Rewards_vs_CPU,Rewards,CPU,2310,2,0,p1
Rewards_vs_CPU,Rewards,CPU,2311,2,1,p1
Rewards_vs_CPU,Rewards,CPU,2312,2,1,p1
Rewards_vs_CPU,Rewards,CPU,2313,2,0,p1
Rewards_vs_CPU,Rewards,CPU,2314,2,0,p1
Rewards_vs_CPU,Rewards,CPU,2315,2,0,p1
Rewards_vs_CPU,Rewards,CPU,2316,2,1,p1
Rewards_vs_CPU,Rewards,CPU,2317,2,0,p1
Rewards_vs_CPU,Rewards,CPU,2318,2,0,p1
Rewards_vs_CPU,Rewards,CPU,2319,2,0,p1
Rewards_vs_CPU,Rewards,CPU,2320,2,0,p1
Rewards_vs_CPU,Rewards,CPU,2321,2,0,p1
Rewards_vs_CPU,Rewards,CPU,2322,2,0,p1
Rewards_vs_CPU,Rewards,CPU,2323,1,2,p2
Rewards_vs_CPU,Rewards,CPU,2324,2,0,p1
Rewards_vs_CPU,Rewards,CPU,2325,2,0,p1
Rewards_vs_CPU,Rewards,CPU,2326,2,1,p1
Rewards_vs_CPU,Rewards,CPU,2327,1,2,p2
Rewards_vs_CPU,Rewards,CPU,2328,2,0,p1
Rewards_vs_CPU,Rewards,CPU,2329,2,1,p1
Rewards_vs_CPU,Rewards,CPU,2330,2,0,p1
Rewards_vs_CPU,Rewards,CPU,2331,2,0,p1
Rewards_vs_CPU,Rewards,CPU,2332,2,0,p1
Rewards_vs_CPU,Rewards,CPU,2333,1,2,p2
Rewards_vs_CPU,Rewards,CPU,2334,2,0,p1
Rewards_vs_CPU,Rewards,CPU,2335,2,0,p1
Rewards_vs_CPU,Rewards,CPU,2336,2,0,p1
Rewards_vs_CPU,Rewards,CPU,2337,2,0,p1
Rewards_vs_CPU,Rewards,CPU,2338,1,2,p2
Rewards_vs_CPU,Rewards,CPU,2339,2,0,p1
Rewards_vs_CPU,Rewards,CPU,2340,1,1,draw
Rewards_vs_CPU,Rewards,CPU,2341,2,0,p1
Rewards_vs_CPU,Rewards,CPU,2342,2,1,p1
Rewards_vs_CPU,Rewards,CPU,2343,2,0,p1
Rewards_vs_CPU,Rewards,CPU,2344,2,0,p1
Rewards_vs_CPU,Rewards,CPU,2345,2,1,p1
Rewards_vs_CPU,Rewards,CPU,2346,2,1,p1
Rewards_vs_CPU,Rewards,CPU,2347,2,1,p1
Rewards_vs_CPU,Rewards,CPU,2348,2,0,p1
Rewards_vs_CPU,Rewards,CPU,2349,2,1,p1
Rewards_vs_CPU,Rewards,CPU,2350,2,0,p1
Rewards_vs_CPU,Rewards,CPU,2351,2,0,p1
Rewards_vs_CPU,Rewards,CPU,2352,2,0,p1
Rewards_vs_CPU,Rewards,CPU,2353,0,2,p2
Rewards_vs_CPU,Rewards,CPU,2354,2,1,p1
Rewards_vs_CPU,Rewards,CPU,2355,2,0,p1
Rewards_vs_CPU,Rewards,CPU,2356,2,0,p1
Rewards_vs_CPU,Rewards,CPU,2357,2,0,p1
Rewards_vs_CPU,Rewards,CPU,2358,2,0,p1
Rewards_vs_CPU,Rewards,CPU,2359,2,1,p1
Rewards_vs_CPU,Rewards,CPU,2360,2,1,p1
Rewards_vs_CPU,Rewards,CPU,2361,2,0,p1
Rewards_vs_CPU,Rewards,CPU,2362,2,0,p1
Rewards_vs_CPU,Rewards,CPU,2363,2,0,p1
Rewards_vs_CPU,Rewards,CPU,2364,2,1,p1
Rewards_vs_CPU,Rewards,CPU,2365,2,0,p1
Rewards_vs_CPU,Rewards,CPU,2366,2,1,p1
Rewards_vs_CPU,Rewards,CPU,2367,2,0,p1
Rewards_vs_CPU,Rewards,CPU,2368,2,1,p1
Rewards_vs_CPU,Rewards,CPU,2369,2,0,p1
Rewards_vs_CPU,Rewards,CPU,2370,2,0,p1
Rewards_vs_CPU,Rewards,CPU,2371,2,0,p1
Rewards_vs_CPU,Rewards,CPU,2372,2,0,p1
Rewards_vs_CPU,Rewards,CPU,2373,2,0,p1
Rewards_vs_CPU,Rewards,CPU,2374,2,0,p1
Rewards_vs_CPU,Rewards,CPU,2375,1,2,p2
Rewards_vs_CPU,Rewards,CPU,2376,2,0,p1
Rewards_vs_CPU,Rewards,CPU,2377,2,0,p1
Rewards_vs_CPU,Rewards,CPU,2378,2,0,p1
Rewards_vs_CPU,Rewards,CPU,2379,2,0,p1
Rewards_vs_CPU,Rewards,CPU,2380,2,0,p1
Rewards_vs_CPU,Rewards,CPU,2381,2,0,p1
Rewards_vs_CPU,Rewards,CPU,2382,1,2,p2
Rewards_vs_CPU,Rewards,CPU,2383,2,0,p1
Rewards_vs_CPU,Rewards,CPU,2384,2,0,p1
Rewards_vs_CPU,Rewards,CPU,2385,2,0,p1
Rewards_vs_CPU,Rewards,CPU,2386,2,0,p1
Rewards_vs_CPU,Rewards,CPU,2387,2,1,p1
Rewards_vs_CPU,Rewards,CPU,2388,2,1,p1
Rewards_vs_CPU,Rewards,CPU,2389,2,0,p1
Rewards_vs_CPU,Rewards,CPU,2390,1,2,p2
Rewards_vs_CPU,Rewards,CPU,2391,2,0,p1
Rewards_vs_CPU,Rewards,CPU,2392,2,0,p1
Rewards_vs_CPU,Rewards,CPU,2393,2,1,p1
Rewards_vs_CPU,Rewards,CPU,2394,2,1,p1
Rewards_vs_CPU,Rewards,CPU,2395,2,0,p1
Rewards_vs_CPU,Rewards,CPU,2396,2,0,p1
Rewards_vs_CPU,Rewards,CPU,2397,2,0,p1
Rewards_vs_CPU,Rewards,CPU,2398,2,0,p1
Rewards_vs_CPU,Rewards,CPU,2399,2,1,p1
Rewards_vs_CPU,Rewards,CPU,2400,2,0,p1
Rewards_vs_CPU,Rewards,CPU,2401,2,0,p1
Rewards_vs_CPU,Rewards,CPU,2402,2,0,p1
Rewards_vs_CPU,Rewards,CPU,2403,2,1,p1
Rewards_vs_CPU,Rewards,CPU,2404,2,0,p1
Rewards_vs_CPU,Rewards,CPU,2405,2,1,p1
Rewards_vs_CPU,Rewards,CPU,2406,2,0,p1
Rewards_vs_CPU,Rewards,CPU,2407,1,2,p2
Rewards_vs_CPU,Rewards,CPU,2408,2,0,p1
Rewards_vs_CPU,Rewards,CPU,2409,2,1,p1
Rewards_vs_CPU,Rewards,CPU,2410,2,1,p1
Rewards_vs_CPU,Rewards,CPU,2411,2,0,p1
Rewards_vs_CPU,Rewards,CPU,2412,2,0,p1
Rewards_vs_CPU,Rewards,CPU,2413,2,0,p1
Rewards_vs_CPU,Rewards,CPU,2414,2,0,p1
Rewards_vs_CPU,Rewards,CPU,2415,1,2,p2
Rewards_vs_CPU,Rewards,CPU,2416,2,1,p1
Rewards_vs_CPU,Rewards,CPU,2417,2,0,p1
Rewards_vs_CPU,Rewards,CPU,2418,2,0,p1
Rewards_vs_CPU,Rewards,CPU,2419,2,0,p1
Rewards_vs_CPU,Rewards,CPU,2420,2,1,p1
Rewards_vs_CPU,Rewards,CPU,2421,2,0,p1
Rewards_vs_CPU,Rewards,CPU,2422,2,0,p1
Rewards_vs_CPU,Rewards,CPU,2423,2,1,p1
Rewards_vs_CPU,Rewards,CPU,2424,2,0,p1
Rewards_vs_CPU,Rewards,CPU,2425,1,2,p2
Rewards_vs_CPU,Rewards,CPU,2426,2,0,p1
Rewards_vs_CPU,Rewards,CPU,2427,2,1,p1
Rewards_vs_CPU,Rewards,CPU,2428,2,0,p1
Rewards_vs_CPU,Rewards,CPU,2429,2,0,p1
Rewards_vs_CPU,Rewards,CPU,2430,2,1,p1
Rewards_vs_CPU,Rewards,CPU,2431,1,2,p2
Rewards_vs_CPU,Rewards,CPU,2432,2,0,p1
Rewards_vs_CPU,Rewards,CPU,2433,2,0,p1
Rewards_vs_CPU,Rewards,CPU,2434,2,0,p1
Rewards_vs_CPU,Rewards,CPU,2435,2,0,p1
Rewards_vs_CPU,Rewards,CPU,2436,2,0,p1
Rewards_vs_CPU,Rewards,CPU,2437,2,0,p1
Rewards_vs_CPU,Rewards,CPU,2438,2,1,p1
Rewards_vs_CPU,Rewards,CPU,2439,0,2,p2
Rewards_vs_CPU,Rewards,CPU,2440,2,0,p1
Rewards_vs_CPU,Rewards,CPU,2441,2,0,p1
Rewards_vs_CPU,Rewards,CPU,2442,2,0,p1
Rewards_vs_CPU,Rewards,CPU,2443,2,0,p1
Rewards_vs_CPU,Rewards,CPU,2444,2,0,p1
Rewards_vs_CPU,Rewards,CPU,2445,2,1,p1
Rewards_vs_CPU,Rewards,CPU,2446,2,0,p1
Rewards_vs_CPU,Rewards,CPU,2447,2,0,p1
Rewards_vs_CPU,Rewards,CPU,2448,2,0,p1
Rewards_vs_CPU,Rewards,CPU,2449,1,2,p2
Rewards_vs_CPU,Rewards,CPU,2450,2,0,p1
Rewards_vs_CPU,Rewards,CPU,2451,2,1,p1
Rewards_vs_CPU,Rewards,CPU,2452,2,0,p1
Rewards_vs_CPU,Rewards,CPU,2453,2,0,p1
Rewards_vs_CPU,Rewards,CPU,2454,2,0,p1
Rewards_vs_CPU,Rewards,CPU,2455,2,1,p1
Rewards_vs_CPU,Rewards,CPU,2456,2,0,p1
Rewards_vs_CPU,Rewards,CPU,2457,2,1,p1
Rewards_vs_CPU,Rewards,CPU,2458,2,0,p1
Rewards_vs_CPU,Rewards,CPU,2459,2,0,p1
Rewards_vs_CPU,Rewards,CPU,2460,2,0,p1
Rewards_vs_CPU,Rewards,CPU,2461,2,0,p1
Rewards_vs_CPU,Rewards,CPU,2462,2,0,p1
Rewards_vs_CPU,Rewards,CPU,2463,1,2,p2
Rewards_vs_CPU,Rewards,CPU,2464,2,0,p1
Rewards_vs_CPU,Rewards,CPU,2465,2,0,p1
Rewards_vs_CPU,Rewards,CPU,2466,1,2,p2
Rewards_vs_CPU,Rewards,CPU,2467,2,0,p1
Rewards_vs_CPU,Rewards,CPU,2468,2,1,p1
Rewards_vs_CPU,Rewards,CPU,2469,2,1,p1
Rewards_vs_CPU,Rewards,CPU,2470,2,0,p1
Rewards_vs_CPU,Rewards,CPU,2471,2,0,p1
Rewards_vs_CPU,Rewards,CPU,2472,2,0,p1
Rewards_vs_CPU,Rewards,CPU,2473,2,0,p1
Rewards_vs_CPU,Rewards,CPU,2474,2,0,p1
Rewards_vs_CPU,Rewards,CPU,2475,2,0,p1
Rewards_vs_CPU,Rewards,CPU,2476,2,0,p1
Rewards_vs_CPU,Rewards,CPU,2477,2,0,p1
Rewards_vs_CPU,Rewards,CPU,2478,2,0,p1
Rewards_vs_CPU,Rewards,CPU,2479,2,0,p1
Rewards_vs_CPU,Rewards,CPU,2480,1,2,p2
Rewards_vs_CPU,Rewards,CPU,2481,2,0,p1
Rewards_vs_CPU,Rewards,CPU,2482,1,2,p2
Rewards_vs_CPU,Rewards,CPU,2483,2,0,p1
Rewards_vs_CPU,Rewards,CPU,2484,2,0,p1
Rewards_vs_CPU,Rewards,CPU,2485,2,0,p1
Rewards_vs_CPU,Rewards,CPU,2486,2,0,p1
Rewards_vs_CPU,Rewards,CPU,2487,2,0,p1
Rewards_vs_CPU,Rewards,CPU,2488,2,1,p1
Rewards_vs_CPU,Rewards,CPU,2489,2,0,p1
Rewards_vs_CPU,Rewards,CPU,2490,2,0,p1
Rewards_vs_CPU,Rewards,CPU,2491,2,1,p1
Rewards_vs_CPU,Rewards,CPU,2492,2,0,p1
Rewards_vs_CPU,Rewards,CPU,2493,2,0,p1
Rewards_vs_CPU,Rewards,CPU,2494,2,0,p1
Rewards_vs_CPU,Rewards,CPU,2495,2,0,p1
Rewards_vs_CPU,Rewards,CPU,2496,2,0,p1
Rewards_vs_CPU,Rewards,CPU,2497,2,0,p1
Rewards_vs_CPU,Rewards,CPU,2498,2,0,p1
Rewards_vs_CPU,Rewards,CPU,2499,2,0,p1
Rewards_vs_CPU,Rewards,CPU,2500,2,0,p1
Rewards_vs_CPU,Rewards,CPU,2501,2,0,p1
Rewards_vs_CPU,Rewards,CPU,2502,2,0,p1
Rewards_vs_CPU,Rewards,CPU,2503,2,0,p1
Rewards_vs_CPU,Rewards,CPU,2504,2,0,p1
Rewards_vs_CPU,Rewards,CPU,2505,2,0,p1
Rewards_vs_CPU,Rewards,CPU,2506,2,1,p1
Rewards_vs_CPU,Rewards,CPU,2507,2,0,p1
Rewards_vs_CPU,Rewards,CPU,2508,2,0,p1
Rewards_vs_CPU,Rewards,CPU,2509,2,0,p1
Rewards_vs_CPU,Rewards,CPU,2510,2,0,p1
Rewards_vs_CPU,Rewards,CPU,2511,2,0,p1
Rewards_vs_CPU,Rewards,CPU,2512,2,0,p1
Rewards_vs_CPU,Rewards,CPU,2513,2,0,p1
Rewards_vs_CPU,Rewards,CPU,2514,2,0,p1
Rewards_vs_CPU,Rewards,CPU,2515,1,2,p2
Rewards_vs_CPU,Rewards,CPU,2516,2,0,p1
Rewards_vs_CPU,Rewards,CPU,2517,2,0,p1
Rewards_vs_CPU,Rewards,CPU,2518,2,0,p1
Rewards_vs_CPU,Rewards,CPU,2519,2,0,p1
Rewards_vs_CPU,Rewards,CPU,2520,2,0,p1
Rewards_vs_CPU,Rewards,CPU,2521,2,0,p1
Rewards_vs_CPU,Rewards,CPU,2522,2,0,p1
Rewards_vs_CPU,Rewards,CPU,2523,2,1,p1
Rewards_vs_CPU,Rewards,CPU,2524,2,0,p1
Rewards_vs_CPU,Rewards,CPU,2525,2,1,p1
Rewards_vs_CPU,Rewards,CPU,2526,2,0,p1
Rewards_vs_CPU,Rewards,CPU,2527,2,0,p1
Rewards_vs_CPU,Rewards,CPU,2528,2,0,p1
Rewards_vs_CPU,Rewards,CPU,2529,2,1,p1
Rewards_vs_CPU,Rewards,CPU,2530,2,1,p1
Rewards_vs_CPU,Rewards,CPU,2531,2,1,p1
Rewards_vs_CPU,Rewards,CPU,2532,2,0,p1
Rewards_vs_CPU,Rewards,CPU,2533,2,1,p1
Rewards_vs_CPU,Rewards,CPU,2534,2,1,p1
Rewards_vs_CPU,Rewards,CPU,2535,2,0,p1
Rewards_vs_CPU,Rewards,CPU,2536,2,0,p1
Rewards_vs_CPU,Rewards,CPU,2537,2,0,p1
Rewards_vs_CPU,Rewards,CPU,2538,2,0,p1
Rewards_vs_CPU,Rewards,CPU,2539,2,0,p1
Rewards_vs_CPU,Rewards,CPU,2540,2,0,p1
Rewards_vs_CPU,Rewards,CPU,2541,2,1,p1
Rewards_vs_CPU,Rewards,CPU,2542,2,1,p1
Rewards_vs_CPU,Rewards,CPU,2543,2,1,p1
Rewards_vs_CPU,Rewards,CPU,2544,2,1,p1
Rewards_vs_CPU,Rewards,CPU,2545,2,0,p1
Rewards_vs_CPU,Rewards,CPU,2546,1,2,p2
Rewards_vs_CPU,Rewards,CPU,2547,2,0,p1
Rewards_vs_CPU,Rewards,CPU,2548,1,2,p2
Rewards_vs_CPU,Rewards,CPU,2549,2,0,p1
Rewards_vs_CPU,Rewards,CPU,2550,2,0,p1
Rewards_vs_CPU,Rewards,CPU,2551,2,0,p1
Rewards_vs_CPU,Rewards,CPU,2552,2,0,p1
Rewards_vs_CPU,Rewards,CPU,2553,2,1,p1
Rewards_vs_CPU,Rewards,CPU,2554,2,0,p1
Rewards_vs_CPU,Rewards,CPU,2555,2,0,p1
Rewards_vs_CPU,Rewards,CPU,2556,2,0,p1
Rewards_vs_CPU,Rewards,CPU,2557,2,0,p1
Rewards_vs_CPU,Rewards,CPU,2558,2,1,p1
Rewards_vs_CPU,Rewards,CPU,2559,2,0,p1
Rewards_vs_CPU,Rewards,CPU,2560,2,0,p1
Rewards_vs_CPU,Rewards,CPU,2561,1,2,p2
Rewards_vs_CPU,Rewards,CPU,2562,2,0,p1
Rewards_vs_CPU,Rewards,CPU,2563,2,0,p1
Rewards_vs_CPU,Rewards,CPU,2564,2,0,p1
Rewards_vs_CPU,Rewards,CPU,2565,2,1,p1
Rewards_vs_CPU,Rewards,CPU,2566,2,0,p1
Rewards_vs_CPU,Rewards,CPU,2567,2,1,p1
Rewards_vs_CPU,Rewards,CPU,2568,2,1,p1
Rewards_vs_CPU,Rewards,CPU,2569,1,2,p2
Rewards_vs_CPU,Rewards,CPU,2570,2,1,p1
Rewards_vs_CPU,Rewards,CPU,2571,2,0,p1
Rewards_vs_CPU,Rewards,CPU,2572,2,1,p1
Rewards_vs_CPU,Rewards,CPU,2573,2,0,p1
Rewards_vs_CPU,Rewards,CPU,2574,2,1,p1
Rewards_vs_CPU,Rewards,CPU,2575,2,0,p1
Rewards_vs_CPU,Rewards,CPU,2576,2,1,p1
Rewards_vs_CPU,Rewards,CPU,2577,2,1,p1
Rewards_vs_CPU,Rewards,CPU,2578,1,2,p2
Rewards_vs_CPU,Rewards,CPU,2579,2,1,p1
Rewards_vs_CPU,Rewards,CPU,2580,2,0,p1
Rewards_vs_CPU,Rewards,CPU,2581,2,0,p1
Rewards_vs_CPU,Rewards,CPU,2582,2,0,p1
Rewards_vs_CPU,Rewards,CPU,2583,2,0,p1
Rewards_vs_CPU,Rewards,CPU,2584,2,1,p1
Rewards_vs_CPU,Rewards,CPU,2585,2,1,p1
Rewards_vs_CPU,Rewards,CPU,2586,2,1,p1
Rewards_vs_CPU,Rewards,CPU,2587,2,0,p1
Rewards_vs_CPU,Rewards,CPU,2588,2,1,p1
Rewards_vs_CPU,Rewards,CPU,2589,2,1,p1
Rewards_vs_CPU,Rewards,CPU,2590,2,0,p1
Rewards_vs_CPU,Rewards,CPU,2591,2,0,p1
Rewards_vs_CPU,Rewards,CPU,2592,2,0,p1
Rewards_vs_CPU,Rewards,CPU,2593,2,1,p1
Rewards_vs_CPU,Rewards,CPU,2594,1,2,p2
Rewards_vs_CPU,Rewards,CPU,2595,2,0,p1
Rewards_vs_CPU,Rewards,CPU,2596,2,1,p1
Rewards_vs_CPU,Rewards,CPU,2597,2,1,p1
Rewards_vs_CPU,Rewards,CPU,2598,2,0,p1
Rewards_vs_CPU,Rewards,CPU,2599,2,0,p1
Rewards_vs_CPU,Rewards,CPU,2600,2,0,p1
Rewards_vs_CPU,Rewards,CPU,2601,1,2,p2
Rewards_vs_CPU,Rewards,CPU,2602,2,0,p1
Rewards_vs_CPU,Rewards,CPU,2603,2,0,p1
Rewards_vs_CPU,Rewards,CPU,2604,2,0,p1
Rewards_vs_CPU,Rewards,CPU,2605,2,0,p1
Rewards_vs_CPU,Rewards,CPU,2606,2,0,p1
Rewards_vs_CPU,Rewards,CPU,2607,2,0,p1
Rewards_vs_CPU,Rewards,CPU,2608,2,0,p1
Rewards_vs_CPU,Rewards,CPU,2609,2,0,p1
Rewards_vs_CPU,Rewards,CPU,2610,2,0,p1
Rewards_vs_CPU,Rewards,CPU,2611,2,0,p1
Rewards_vs_CPU,Rewards,CPU,2612,2,0,p1
Rewards_vs_CPU,Rewards,CPU,2613,2,0,p1
Rewards_vs_CPU,Rewards,CPU,2614,2,1,p1
Rewards_vs_CPU,Rewards,CPU,2615,2,0,p1
Rewards_vs_CPU,Rewards,CPU,2616,2,0,p1
Rewards_vs_CPU,Rewards,CPU,2617,2,0,p1
Rewards_vs_CPU,Rewards,CPU,2618,2,0,p1
Rewards_vs_CPU,Rewards,CPU,2619,2,1,p1
Rewards_vs_CPU,Rewards,CPU,2620,2,0,p1
Rewards_vs_CPU,Rewards,CPU,2621,1,2,p2
Rewards_vs_CPU,Rewards,CPU,2622,2,1,p1
Rewards_vs_CPU,Rewards,CPU,2623,2,0,p1
Rewards_vs_CPU,Rewards,CPU,2624,2,0,p1
Rewards_vs_CPU,Rewards,CPU,2625,2,0,p1
Rewards_vs_CPU,Rewards,CPU,2626,2,0,p1
Rewards_vs_CPU,Rewards,CPU,2627,2,0,p1
Rewards_vs_CPU,Rewards,CPU,2628,2,0,p1
Rewards_vs_CPU,Rewards,CPU,2629,2,1,p1
Rewards_vs_CPU,Rewards,CPU,2630,2,0,p1
Rewards_vs_CPU,Rewards,CPU,2631,2,0,p1
Rewards_vs_CPU,Rewards,CPU,2632,2,0,p1
Rewards_vs_CPU,Rewards,CPU,2633,1,2,p2
Rewards_vs_CPU,Rewards,CPU,2634,2,0,p1
Rewards_vs_CPU,Rewards,CPU,2635,2,0,p1
Rewards_vs_CPU,Rewards,CPU,2636,2,1,p1
Rewards_vs_CPU,Rewards,CPU,2637,2,0,p1
Rewards_vs_CPU,Rewards,CPU,2638,2,0,p1
Rewards_vs_CPU,Rewards,CPU,2639,2,0,p1
Rewards_vs_CPU,Rewards,CPU,2640,2,0,p1
Rewards_vs_CPU,Rewards,CPU,2641,2,0,p1
Rewards_vs_CPU,Rewards,CPU,2642,2,0,p1
Rewards_vs_CPU,Rewards,CPU,2643,2,1,p1
Rewards_vs_CPU,Rewards,CPU,2644,2,0,p1
Rewards_vs_CPU,Rewards,CPU,2645,2,0,p1
Rewards_vs_CPU,Rewards,CPU,2646,2,0,p1
Rewards_vs_CPU,Rewards,CPU,2647,2,1,p1
Rewards_vs_CPU,Rewards,CPU,2648,2,0,p1
Rewards_vs_CPU,Rewards,CPU,2649,2,0,p1
Rewards_vs_CPU,Rewards,CPU,2650,2,0,p1
Rewards_vs_CPU,Rewards,CPU,2651,2,0,p1
Rewards_vs_CPU,Rewards,CPU,2652,2,0,p1
Rewards_vs_CPU,Rewards,CPU,2653,2,0,p1
Rewards_vs_CPU,Rewards,CPU,2654,2,0,p1
Rewards_vs_CPU,Rewards,CPU,2655,2,0,p1
Rewards_vs_CPU,Rewards,CPU,2656,2,0,p1
Rewards_vs_CPU,Rewards,CPU,2657,2,0,p1
Rewards_vs_CPU,Rewards,CPU,2658,2,0,p1
Rewards_vs_CPU,Rewards,CPU,2659,2,0,p1
Rewards_vs_CPU,Rewards,CPU,2660,1,2,p2
Rewards_vs_CPU,Rewards,CPU,2661,2,0,p1
Rewards_vs_CPU,Rewards,CPU,2662,2,0,p1
Rewards_vs_CPU,Rewards,CPU,2663,2,0,p1
Rewards_vs_CPU,Rewards,CPU,2664,2,0,p1
Rewards_vs_CPU,Rewards,CPU,2665,2,0,p1
Rewards_vs_CPU,Rewards,CPU,2666,2,0,p1
Rewards_vs_CPU,Rewards,CPU,2667,1,2,p2
Rewards_vs_CPU,Rewards,CPU,2668,2,1,p1
Rewards_vs_CPU,Rewards,CPU,2669,1,2,p2
Rewards_vs_CPU,Rewards,CPU,2670,2,0,p1
Rewards_vs_CPU,Rewards,CPU,2671,2,0,p1
Rewards_vs_CPU,Rewards,CPU,2672,2,0,p1
Rewards_vs_CPU,Rewards,CPU,2673,2,0,p1
Rewards_vs_CPU,Rewards,CPU,2674,2,1,p1
Rewards_vs_CPU,Rewards,CPU,2675,1,2,p2
Rewards_vs_CPU,Rewards,CPU,2676,2,0,p1
Rewards_vs_CPU,Rewards,CPU,2677,2,0,p1
Rewards_vs_CPU,Rewards,CPU,2678,2,0,p1
Rewards_vs_CPU,Rewards,CPU,2679,2,1,p1
Rewards_vs_CPU,Rewards,CPU,2680,2,0,p1
Rewards_vs_CPU,Rewards,CPU,2681,2,0,p1
Rewards_vs_CPU,Rewards,CPU,2682,1,2,p2
Rewards_vs_CPU,Rewards,CPU,2683,2,0,p1
Rewards_vs_CPU,Rewards,CPU,2684,2,0,p1
Rewards_vs_CPU,Rewards,CPU,2685,1,2,p2
Rewards_vs_CPU,Rewards,CPU,2686,2,0,p1
Rewards_vs_CPU,Rewards,CPU,2687,2,0,p1
Rewards_vs_CPU,Rewards,CPU,2688,2,1,p1
Rewards_vs_CPU,Rewards,CPU,2689,1,2,p2
Rewards_vs_CPU,Rewards,CPU,2690,2,0,p1
Rewards_vs_CPU,Rewards,CPU,2691,2,1,p1
Rewards_vs_CPU,Rewards,CPU,2692,2,0,p1
Rewards_vs_CPU,Rewards,CPU,2693,2,0,p1
Rewards_vs_CPU,Rewards,CPU,2694,2,0,p1
Rewards_vs_CPU,Rewards,CPU,2695,2,0,p1
Rewards_vs_CPU,Rewards,CPU,2696,2,1,p1
Rewards_vs_CPU,Rewards,CPU,2697,2,1,p1
Rewards_vs_CPU,Rewards,CPU,2698,2,0,p1
Rewards_vs_CPU,Rewards,CPU,2699,2,0,p1
Rewards_vs_CPU,Rewards,CPU,2700,2,0,p1
Rewards_vs_CPU,Rewards,CPU,2701,2,0,p1
Rewards_vs_CPU,Rewards,CPU,2702,1,2,p2
Rewards_vs_CPU,Rewards,CPU,2703,2,0,p1
Rewards_vs_CPU,Rewards,CPU,2704,2,1,p1
Rewards_vs_CPU,Rewards,CPU,2705,2,0,p1
Rewards_vs_CPU,Rewards,CPU,2706,1,1,draw
Rewards_vs_CPU,Rewards,CPU,2707,2,0,p1
Rewards_vs_CPU,Rewards,CPU,2708,2,0,p1
Rewards_vs_CPU,Rewards,CPU,2709,2,0,p1
Rewards_vs_CPU,Rewards,CPU,2710,2,0,p1
Rewards_vs_CPU,Rewards,CPU,2711,2,0,p1
Rewards_vs_CPU,Rewards,CPU,2712,2,0,p1
Rewards_vs_CPU,Rewards,CPU,2713,2,0,p1
Rewards_vs_CPU,Rewards,CPU,2714,2,0,p1
Rewards_vs_CPU,Rewards,CPU,2715,2,0,p1
Rewards_vs_CPU,Rewards,CPU,2716,2,0,p1
Rewards_vs_CPU,Rewards,CPU,2717,2,0,p1
Rewards_vs_CPU,Rewards,CPU,2718,1,2,p2
Rewards_vs_CPU,Rewards,CPU,2719,2,1,p1
Rewards_vs_CPU,Rewards,CPU,2720,2,0,p1
Rewards_vs_CPU,Rewards,CPU,2721,2,0,p1
Rewards_vs_CPU,Rewards,CPU,2722,2,0,p1
Rewards_vs_CPU,Rewards,CPU,2723,2,0,p1
Rewards_vs_CPU,Rewards,CPU,2724,2,1,p1
Rewards_vs_CPU,Rewards,CPU,2725,2,0,p1
Rewards_vs_CPU,Rewards,CPU,2726,2,0,p1
Rewards_vs_CPU,Rewards,CPU,2727,2,0,p1
Rewards_vs_CPU,Rewards,CPU,2728,2,0,p1
Rewards_vs_CPU,Rewards,CPU,2729,2,0,p1
Rewards_vs_CPU,Rewards,CPU,2730,2,0,p1
Rewards_vs_CPU,Rewards,CPU,2731,2,0,p1
Rewards_vs_CPU,Rewards,CPU,2732,2,0,p1
Rewards_vs_CPU,Rewards,CPU,2733,2,1,p1
Rewards_vs_CPU,Rewards,CPU,2734,2,0,p1
Rewards_vs_CPU,Rewards,CPU,2735,2,0,p1
Rewards_vs_CPU,Rewards,CPU,2736,2,0,p1
Rewards_vs_CPU,Rewards,CPU,2737,2,0,p1
Rewards_vs_CPU,Rewards,CPU,2738,2,0,p1
Rewards_vs_CPU,Rewards,CPU,2739,2,0,p1
Rewards_vs_CPU,Rewards,CPU,2740,2,1,p1
Rewards_vs_CPU,Rewards,CPU,2741,2,0,p1
Rewards_vs_CPU,Rewards,CPU,2742,2,0,p1
Rewards_vs_CPU,Rewards,CPU,2743,1,2,p2
Rewards_vs_CPU,Rewards,CPU,2744,2,1,p1
Rewards_vs_CPU,Rewards,CPU,2745,2,0,p1
Rewards_vs_CPU,Rewards,CPU,2746,2,1,p1
Rewards_vs_CPU,Rewards,CPU,2747,1,2,p2
Rewards_vs_CPU,Rewards,CPU,2748,2,1,p1
Rewards_vs_CPU,Rewards,CPU,2749,1,2,p2
Rewards_vs_CPU,Rewards,CPU,2750,2,0,p1
Rewards_vs_CPU,Rewards,CPU,2751,2,1,p1
Rewards_vs_CPU,Rewards,CPU,2752,2,0,p1
Rewards_vs_CPU,Rewards,CPU,2753,2,0,p1
Rewards_vs_CPU,Rewards,CPU,2754,2,1,p1
Rewards_vs_CPU,Rewards,CPU,2755,2,0,p1
Rewards_vs_CPU,Rewards,CPU,2756,2,0,p1
Rewards_vs_CPU,Rewards,CPU,2757,1,2,p2
Rewards_vs_CPU,Rewards,CPU,2758,2,0,p1
Rewards_vs_CPU,Rewards,CPU,2759,2,0,p1
Rewards_vs_CPU,Rewards,CPU,2760,2,0,p1
Rewards_vs_CPU,Rewards,CPU,2761,1,2,p2
Rewards_vs_CPU,Rewards,CPU,2762,2,0,p1
Rewards_vs_CPU,Rewards,CPU,2763,2,1,p1
Rewards_vs_CPU,Rewards,CPU,2764,2,1,p1
Rewards_vs_CPU,Rewards,CPU,2765,2,0,p1
Rewards_vs_CPU,Rewards,CPU,2766,2,0,p1
Rewards_vs_CPU,Rewards,CPU,2767,2,0,p1
Rewards_vs_CPU,Rewards,CPU,2768,2,1,p1
Rewards_vs_CPU,Rewards,CPU,2769,2,0,p1
Rewards_vs_CPU,Rewards,CPU,2770,2,0,p1
Rewards_vs_CPU,Rewards,CPU,2771,2,0,p1
Rewards_vs_CPU,Rewards,CPU,2772,2,0,p1
Rewards_vs_CPU,Rewards,CPU,2773,2,0,p1
Rewards_vs_CPU,Rewards,CPU,2774,2,1,p1
Rewards_vs_CPU,Rewards,CPU,2775,2,0,p1
Rewards_vs_CPU,Rewards,CPU,2776,2,1,p1
Rewards_vs_CPU,Rewards,CPU,2777,2,1,p1
Rewards_vs_CPU,Rewards,CPU,2778,2,0,p1
Rewards_vs_CPU,Rewards,CPU,2779,2,0,p1
Rewards_vs_CPU,Rewards,CPU,2780,2,0,p1
Rewards_vs_CPU,Rewards,CPU,2781,2,1,p1
Rewards_vs_CPU,Rewards,CPU,2782,2,0,p1
Rewards_vs_CPU,Rewards,CPU,2783,2,0,p1
Rewards_vs_CPU,Rewards,CPU,2784,2,0,p1
Rewards_vs_CPU,Rewards,CPU,2785,2,0,p1
Rewards_vs_CPU,Rewards,CPU,2786,2,1,p1
Rewards_vs_CPU,Rewards,CPU,2787,2,0,p1
Rewards_vs_CPU,Rewards,CPU,2788,2,0,p1
Rewards_vs_CPU,Rewards,CPU,2789,2,0,p1
Rewards_vs_CPU,Rewards,CPU,2790,2,0,p1
Rewards_vs_CPU,Rewards,CPU,2791,2,0,p1
Rewards_vs_CPU,Rewards,CPU,2792,2,0,p1
Rewards_vs_CPU,Rewards,CPU,2793,2,1,p1
Rewards_vs_CPU,Rewards,CPU,2794,1,2,p2
Rewards_vs_CPU,Rewards,CPU,2795,2,0,p1
Rewards_vs_CPU,Rewards,CPU,2796,2,0,p1
Rewards_vs_CPU,Rewards,CPU,2797,2,1,p1
Rewards_vs_CPU,Rewards,CPU,2798,2,1,p1
Rewards_vs_CPU,Rewards,CPU,2799,2,0,p1
Rewards_vs_CPU,Rewards,CPU,2800,2,0,p1
Rewards_vs_CPU,Rewards,CPU,2801,2,0,p1
Rewards_vs_CPU,Rewards,CPU,2802,2,1,p1
Rewards_vs_CPU,Rewards,CPU,2803,2,0,p1
Rewards_vs_CPU,Rewards,CPU,2804,2,1,p1
Rewards_vs_CPU,Rewards,CPU,2805,2,1,p1
Rewards_vs_CPU,Rewards,CPU,2806,2,0,p1
Rewards_vs_CPU,Rewards,CPU,2807,2,0,p1
Rewards_vs_CPU,Rewards,CPU,2808,2,0,p1
Rewards_vs_CPU,Rewards,CPU,2809,1,2,p2
Rewards_vs_CPU,Rewards,CPU,2810,2,0,p1
Rewards_vs_CPU,Rewards,CPU,2811,2,1,p1
Rewards_vs_CPU,Rewards,CPU,2812,2,1,p1
Rewards_vs_CPU,Rewards,CPU,2813,2,0,p1
Rewards_vs_CPU,Rewards,CPU,2814,2,0,p1
Rewards_vs_CPU,Rewards,CPU,2815,2,1,p1
Rewards_vs_CPU,Rewards,CPU,2816,1,2,p2
Rewards_vs_CPU,Rewards,CPU,2817,2,0,p1
Rewards_vs_CPU,Rewards,CPU,2818,2,0,p1
Rewards_vs_CPU,Rewards,CPU,2819,1,2,p2
Rewards_vs_CPU,Rewards,CPU,2820,2,0,p1
Rewards_vs_CPU,Rewards,CPU,2821,2,0,p1
Rewards_vs_CPU,Rewards,CPU,2822,2,0,p1
Rewards_vs_CPU,Rewards,CPU,2823,2,0,p1
Rewards_vs_CPU,Rewards,CPU,2824,2,0,p1
Rewards_vs_CPU,Rewards,CPU,2825,2,0,p1
Rewards_vs_CPU,Rewards,CPU,2826,2,0,p1
Rewards_vs_CPU,Rewards,CPU,2827,2,0,p1
Rewards_vs_CPU,Rewards,CPU,2828,2,1,p1
Rewards_vs_CPU,Rewards,CPU,2829,2,0,p1
Rewards_vs_CPU,Rewards,CPU,2830,2,0,p1
Rewards_vs_CPU,Rewards,CPU,2831,2,0,p1
Rewards_vs_CPU,Rewards,CPU,2832,2,0,p1
Rewards_vs_CPU,Rewards,CPU,2833,2,0,p1
Rewards_vs_CPU,Rewards,CPU,2834,2,0,p1
Rewards_vs_CPU,Rewards,CPU,2835,2,1,p1
Rewards_vs_CPU,Rewards,CPU,2836,2,0,p1
Rewards_vs_CPU,Rewards,CPU,2837,2,0,p1
Rewards_vs_CPU,Rewards,CPU,2838,2,0,p1
Rewards_vs_CPU,Rewards,CPU,2839,1,2,p2
Rewards_vs_CPU,Rewards,CPU,2840,2,0,p1
Rewards_vs_CPU,Rewards,CPU,2841,2,0,p1
Rewards_vs_CPU,Rewards,CPU,2842,2,1,p1
Rewards_vs_CPU,Rewards,CPU,2843,1,2,p2
Rewards_vs_CPU,Rewards,CPU,2844,2,0,p1
Rewards_vs_CPU,Rewards,CPU,2845,2,1,p1
Rewards_vs_CPU,Rewards,CPU,2846,2,1,p1
Rewards_vs_CPU,Rewards,CPU,2847,2,0,p1
Rewards_vs_CPU,Rewards,CPU,2848,2,0,p1
Rewards_vs_CPU,Rewards,CPU,2849,2,0,p1
Rewards_vs_CPU,Rewards,CPU,2850,2,0,p1
Rewards_vs_CPU,Rewards,CPU,2851,2,0,p1
Rewards_vs_CPU,Rewards,CPU,2852,2,0,p1
Rewards_vs_CPU,Rewards,CPU,2853,2,1,p1
Rewards_vs_CPU,Rewards,CPU,2854,2,1,p1
Rewards_vs_CPU,Rewards,CPU,2855,2,0,p1
Rewards_vs_CPU,Rewards,CPU,2856,1,2,p2
Rewards_vs_CPU,Rewards,CPU,2857,2,0,p1
Rewards_vs_CPU,Rewards,CPU,2858,1,2,p2
Rewards_vs_CPU,Rewards,CPU,2859,2,0,p1
Rewards_vs_CPU,Rewards,CPU,2860,2,1,p1
Rewards_vs_CPU,Rewards,CPU,2861,2,0,p1
Rewards_vs_CPU,Rewards,CPU,2862,2,1,p1
Rewards_vs_CPU,Rewards,CPU,2863,2,0,p1
Rewards_vs_CPU,Rewards,CPU,2864,2,0,p1
Rewards_vs_CPU,Rewards,CPU,2865,2,0,p1
Rewards_vs_CPU,Rewards,CPU,2866,2,0,p1
Rewards_vs_CPU,Rewards,CPU,2867,2,0,p1
Rewards_vs_CPU,Rewards,CPU,2868,2,1,p1
Rewards_vs_CPU,Rewards,CPU,2869,2,1,p1
Rewards_vs_CPU,Rewards,CPU,2870,2,0,p1
Rewards_vs_CPU,Rewards,CPU,2871,2,0,p1
Rewards_vs_CPU,Rewards,CPU,2872,2,0,p1
Rewards_vs_CPU,Rewards,CPU,2873,2,0,p1
Rewards_vs_CPU,Rewards,CPU,2874,2,0,p1
Rewards_vs_CPU,Rewards,CPU,2875,2,0,p1
Rewards_vs_CPU,Rewards,CPU,2876,2,0,p1
Rewards_vs_CPU,Rewards,CPU,2877,2,0,p1
Rewards_vs_CPU,Rewards,CPU,2878,2,1,p1
Rewards_vs_CPU,Rewards,CPU,2879,2,0,p1
Rewards_vs_CPU,Rewards,CPU,2880,2,0,p1
Rewards_vs_CPU,Rewards,CPU,2881,2,0,p1
Rewards_vs_CPU,Rewards,CPU,2882,1,2,p2
Rewards_vs_CPU,Rewards,CPU,2883,1,2,p2
Rewards_vs_CPU,Rewards,CPU,2884,2,0,p1
Rewards_vs_CPU,Rewards,CPU,2885,2,1,p1
Rewards_vs_CPU,Rewards,CPU,2886,2,1,p1
Rewards_vs_CPU,Rewards,CPU,2887,2,0,p1
Rewards_vs_CPU,Rewards,CPU,2888,2,0,p1
Rewards_vs_CPU,Rewards,CPU,2889,2,0,p1
Rewards_vs_CPU,Rewards,CPU,2890,1,2,p2
Rewards_vs_CPU,Rewards,CPU,2891,2,0,p1
Rewards_vs_CPU,Rewards,CPU,2892,2,0,p1
Rewards_vs_CPU,Rewards,CPU,2893,2,1,p1
Rewards_vs_CPU,Rewards,CPU,2894,2,1,p1
Rewards_vs_CPU,Rewards,CPU,2895,2,0,p1
Rewards_vs_CPU,Rewards,CPU,2896,2,0,p1
Rewards_vs_CPU,Rewards,CPU,2897,2,1,p1
Rewards_vs_CPU,Rewards,CPU,2898,2,0,p1
Rewards_vs_CPU,Rewards,CPU,2899,2,0,p1
Rewards_vs_CPU,Rewards,CPU,2900,2,0,p1
Rewards_vs_CPU,Rewards,CPU,2901,2,0,p1
Rewards_vs_CPU,Rewards,CPU,2902,2,0,p1
Rewards_vs_CPU,Rewards,CPU,2903,2,1,p1
Rewards_vs_CPU,Rewards,CPU,2904,2,0,p1
Rewards_vs_CPU,Rewards,CPU,2905,1,2,p2
Rewards_vs_CPU,Rewards,CPU,2906,2,0,p1
Rewards_vs_CPU,Rewards,CPU,2907,2,1,p1
Rewards_vs_CPU,Rewards,CPU,2908,2,0,p1
Rewards_vs_CPU,Rewards,CPU,2909,2,0,p1
Rewards_vs_CPU,Rewards,CPU,2910,2,0,p1
Rewards_vs_CPU,Rewards,CPU,2911,2,0,p1
Rewards_vs_CPU,Rewards,CPU,2912,2,0,p1
Rewards_vs_CPU,Rewards,CPU,2913,2,0,p1
Rewards_vs_CPU,Rewards,CPU,2914,2,1,p1
Rewards_vs_CPU,Rewards,CPU,2915,2,1,p1
Rewards_vs_CPU,Rewards,CPU,2916,2,0,p1
Rewards_vs_CPU,Rewards,CPU,2917,2,0,p1
Rewards_vs_CPU,Rewards,CPU,2918,2,0,p1
Rewards_vs_CPU,Rewards,CPU,2919,1,2,p2
Rewards_vs_CPU,Rewards,CPU,2920,2,0,p1
Rewards_vs_CPU,Rewards,CPU,2921,2,0,p1
Rewards_vs_CPU,Rewards,CPU,2922,2,1,p1
Rewards_vs_CPU,Rewards,CPU,2923,0,2,p2
Rewards_vs_CPU,Rewards,CPU,2924,2,0,p1
Rewards_vs_CPU,Rewards,CPU,2925,2,0,p1
Rewards_vs_CPU,Rewards,CPU,2926,2,1,p1
Rewards_vs_CPU,Rewards,CPU,2927,2,0,p1
Rewards_vs_CPU,Rewards,CPU,2928,2,0,p1
Rewards_vs_CPU,Rewards,CPU,2929,2,0,p1
Rewards_vs_CPU,Rewards,CPU,2930,2,0,p1
Rewards_vs_CPU,Rewards,CPU,2931,1,1,draw
Rewards_vs_CPU,Rewards,CPU,2932,2,0,p1
Rewards_vs_CPU,Rewards,CPU,2933,2,0,p1
Rewards_vs_CPU,Rewards,CPU,2934,2,0,p1
Rewards_vs_CPU,Rewards,CPU,2935,2,1,p1
Rewards_vs_CPU,Rewards,CPU,2936,2,0,p1
Rewards_vs_CPU,Rewards,CPU,2937,2,1,p1
Rewards_vs_CPU,Rewards,CPU,2938,2,0,p1
Rewards_vs_CPU,Rewards,CPU,2939,2,1,p1
Rewards_vs_CPU,Rewards,CPU,2940,2,1,p1
Rewards_vs_CPU,Rewards,CPU,2941,2,0,p1
Rewards_vs_CPU,Rewards,CPU,2942,1,2,p2
Rewards_vs_CPU,Rewards,CPU,2943,2,0,p1
Rewards_vs_CPU,Rewards,CPU,2944,2,0,p1
Rewards_vs_CPU,Rewards,CPU,2945,2,0,p1
Rewards_vs_CPU,Rewards,CPU,2946,2,1,p1
Rewards_vs_CPU,Rewards,CPU,2947,2,1,p1
Rewards_vs_CPU,Rewards,CPU,2948,2,0,p1
Rewards_vs_CPU,Rewards,CPU,2949,2,0,p1
Rewards_vs_CPU,Rewards,CPU,2950,2,0,p1
Rewards_vs_CPU,Rewards,CPU,2951,2,1,p1
Rewards_vs_CPU,Rewards,CPU,2952,2,0,p1
Rewards_vs_CPU,Rewards,CPU,2953,2,1,p1
Rewards_vs_CPU,Rewards,CPU,2954,2,0,p1
Rewards_vs_CPU,Rewards,CPU,2955,2,0,p1
Rewards_vs_CPU,Rewards,CPU,2956,1,2,p2
Rewards_vs_CPU,Rewards,CPU,2957,2,0,p1
Rewards_vs_CPU,Rewards,CPU,2958,2,1,p1
Rewards_vs_CPU,Rewards,CPU,2959,2,0,p1
Rewards_vs_CPU,Rewards,CPU,2960,2,0,p1
Rewards_vs_CPU,Rewards,CPU,2961,2,0,p1
Rewards_vs_CPU,Rewards,CPU,2962,2,0,p1
Rewards_vs_CPU,Rewards,CPU,2963,2,1,p1
Rewards_vs_CPU,Rewards,CPU,2964,2,0,p1
Rewards_vs_CPU,Rewards,CPU,2965,2,0,p1
Rewards_vs_CPU,Rewards,CPU,2966,2,0,p1
Rewards_vs_CPU,Rewards,CPU,2967,2,0,p1
Rewards_vs_CPU,Rewards,CPU,2968,2,0,p1
Rewards_vs_CPU,Rewards,CPU,2969,2,0,p1
Rewards_vs_CPU,Rewards,CPU,2970,2,0,p1
Rewards_vs_CPU,Rewards,CPU,2971,2,0,p1
Rewards_vs_CPU,Rewards,CPU,2972,2,0,p1
Rewards_vs_CPU,Rewards,CPU,2973,2,0,p1
Rewards_vs_CPU,Rewards,CPU,2974,2,0,p1
Rewards_vs_CPU,Rewards,CPU,2975,1,2,p2
Rewards_vs_CPU,Rewards,CPU,2976,2,0,p1
Rewards_vs_CPU,Rewards,CPU,2977,2,0,p1
Rewards_vs_CPU,Rewards,CPU,2978,2,1,p1
Rewards_vs_CPU,Rewards,CPU,2979,2,0,p1
Rewards_vs_CPU,Rewards,CPU,2980,2,0,p1
Rewards_vs_CPU,Rewards,CPU,2981,2,0,p1
Rewards_vs_CPU,Rewards,CPU,2982,2,0,p1
Rewards_vs_CPU,Rewards,CPU,2983,2,0,p1
Rewards_vs_CPU,Rewards,CPU,2984,2,0,p1
Rewards_vs_CPU,Rewards,CPU,2985,2,0,p1
Rewards_vs_CPU,Rewards,CPU,2986,1,2,p2
Rewards_vs_CPU,Rewards,CPU,2987,2,1,p1
Rewards_vs_CPU,Rewards,CPU,2988,2,1,p1
Rewards_vs_CPU,Rewards,CPU,2989,2,0,p1
Rewards_vs_CPU,Rewards,CPU,2990,2,0,p1
Rewards_vs_CPU,Rewards,CPU,2991,2,0,p1
Rewards_vs_CPU,Rewards,CPU,2992,2,0,p1
Rewards_vs_CPU,Rewards,CPU,2993,2,1,p1
Rewards_vs_CPU,Rewards,CPU,2994,2,0,p1
Rewards_vs_CPU,Rewards,CPU,2995,2,0,p1
Rewards_vs_CPU,Rewards,CPU,2996,2,0,p1
Rewards_vs_CPU,Rewards,CPU,2997,2,0,p1
Rewards_vs_CPU,Rewards,CPU,2998,2,0,p1
Rewards_vs_CPU,Rewards,CPU,2999,2,0,p1
Rewards_vs_CPU,Rewards,CPU,3000,2,0,p1
Rewards_vs_CPU,Rewards,CPU,1001,2,0,p1
Rewards_vs_CPU,Rewards,CPU,1002,1,2,p2
Rewards_vs_CPU,Rewards,CPU,1003,2,0,p1
Rewards_vs_CPU,Rewards,CPU,1004,2,0,p1
Rewards_vs_CPU,Rewards,CPU,1005,2,0,p1
Rewards_vs_CPU,Rewards,CPU,1006,2,0,p1
Rewards_vs_CPU,Rewards,CPU,1007,1,2,p2
Rewards_vs_CPU,Rewards,CPU,1008,2,0,p1
Rewards_vs_CPU,Rewards,CPU,1009,2,0,p1
Rewards_vs_CPU,Rewards,CPU,1010,2,0,p1
Rewards_vs_CPU,Rewards,CPU,1011,2,0,p1
Rewards_vs_CPU,Rewards,CPU,1012,2,0,p1
Rewards_vs_CPU,Rewards,CPU,1013,2,1,p1
Rewards_vs_CPU,Rewards,CPU,1014,2,1,p1
Rewards_vs_CPU,Rewards,CPU,1015,2,0,p1
Rewards_vs_CPU,Rewards,CPU,1016,1,2,p2
Rewards_vs_CPU,Rewards,CPU,1017,2,1,p1
Rewards_vs_CPU,Rewards,CPU,1018,2,0,p1
Rewards_vs_CPU,Rewards,CPU,1019,2,0,p1
Rewards_vs_CPU,Rewards,CPU,1020,2,0,p1
Rewards_vs_CPU,Rewards,CPU,1021,2,1,p1
Rewards_vs_CPU,Rewards,CPU,1022,2,1,p1
Rewards_vs_CPU,Rewards,CPU,1023,2,0,p1
Rewards_vs_CPU,Rewards,CPU,1024,2,1,p1
Rewards_vs_CPU,Rewards,CPU,1025,1,2,p2
Rewards_vs_CPU,Rewards,CPU,1026,2,1,p1
Rewards_vs_CPU,Rewards,CPU,1027,2,1,p1
Rewards_vs_CPU,Rewards,CPU,1028,2,0,p1
Rewards_vs_CPU,Rewards,CPU,1029,2,0,p1
Rewards_vs_CPU,Rewards,CPU,1030,2,0,p1
Rewards_vs_CPU,Rewards,CPU,1031,2,0,p1
Rewards_vs_CPU,Rewards,CPU,1032,2,1,p1
Rewards_vs_CPU,Rewards,CPU,1033,2,0,p1
Rewards_vs_CPU,Rewards,CPU,1034,2,0,p1
Rewards_vs_CPU,Rewards,CPU,1035,2,0,p1
Rewards_vs_CPU,Rewards,CPU,1036,2,0,p1
Rewards_vs_CPU,Rewards,CPU,1037,2,0,p1
Rewards_vs_CPU,Rewards,CPU,1038,2,0,p1
Rewards_vs_CPU,Rewards,CPU,1039,1,2,p2
Rewards_vs_CPU,Rewards,CPU,1040,2,0,p1
Rewards_vs_CPU,Rewards,CPU,1041,2,0,p1
Rewards_vs_CPU,Rewards,CPU,1042,2,0,p1
Rewards_vs_CPU,Rewards,CPU,1043,2,0,p1
Rewards_vs_CPU,Rewards,CPU,1044,2,0,p1
Rewards_vs_CPU,Rewards,CPU,1045,2,0,p1
Rewards_vs_CPU,Rewards,CPU,1046,2,0,p1
Rewards_vs_CPU,Rewards,CPU,1047,1,2,p2
Rewards_vs_CPU,Rewards,CPU,1048,2,0,p1
Rewards_vs_CPU,Rewards,CPU,1049,2,0,p1
Rewards_vs_CPU,Rewards,CPU,1050,2,1,p1
Rewards_vs_CPU,Rewards,CPU,1051,2,0,p1
Rewards_vs_CPU,Rewards,CPU,1052,2,0,p1
Rewards_vs_CPU,Rewards,CPU,1053,2,0,p1
Rewards_vs_CPU,Rewards,CPU,1054,2,1,p1
Rewards_vs_CPU,Rewards,CPU,1055,2,1,p1
Rewards_vs_CPU,Rewards,CPU,1056,2,0,p1
Rewards_vs_CPU,Rewards,CPU,1057,2,0,p1
Rewards_vs_CPU,Rewards,CPU,1058,2,0,p1
Rewards_vs_CPU,Rewards,CPU,1059,2,0,p1
Rewards_vs_CPU,Rewards,CPU,1060,2,0,p1
Rewards_vs_CPU,Rewards,CPU,1061,2,0,p1
Rewards_vs_CPU,Rewards,CPU,1062,2,0,p1
Rewards_vs_CPU,Rewards,CPU,1063,2,1,p1
Rewards_vs_CPU,Rewards,CPU,1064,2,0,p1
Rewards_vs_CPU,Rewards,CPU,1065,2,0,p1
Rewards_vs_CPU,Rewards,CPU,1066,2,0,p1
Rewards_vs_CPU,Rewards,CPU,1067,1,2,p2
Rewards_vs_CPU,Rewards,CPU,1068,2,0,p1
Rewards_vs_CPU,Rewards,CPU,1069,2,0,p1
Rewards_vs_CPU,Rewards,CPU,1070,2,0,p1
Rewards_vs_CPU,Rewards,CPU,1071,2,1,p1
Rewards_vs_CPU,Rewards,CPU,1072,2,0,p1
Rewards_vs_CPU,Rewards,CPU,1073,2,0,p1
Rewards_vs_CPU,Rewards,CPU,1074,2,0,p1
Rewards_vs_CPU,Rewards,CPU,1075,1,2,p2
Rewards_vs_CPU,Rewards,CPU,1076,2,0,p1
Rewards_vs_CPU,Rewards,CPU,1077,2,0,p1
Rewards_vs_CPU,Rewards,CPU,1078,2,0,p1
Rewards_vs_CPU,Rewards,CPU,1079,1,2,p2
Rewards_vs_CPU,Rewards,CPU,1080,2,0,p1
Rewards_vs_CPU,Rewards,CPU,1081,2,0,p1
Rewards_vs_CPU,Rewards,CPU,1082,1,2,p2
Rewards_vs_CPU,Rewards,CPU,1083,2,0,p1
Rewards_vs_CPU,Rewards,CPU,1084,2,0,p1
Rewards_vs_CPU,Rewards,CPU,1085,2,0,p1
Rewards_vs_CPU,Rewards,CPU,1086,2,0,p1
Rewards_vs_CPU,Rewards,CPU,1087,2,0,p1
Rewards_vs_CPU,Rewards,CPU,1088,2,0,p1
Rewards_vs_CPU,Rewards,CPU,1089,1,2,p2
Rewards_vs_CPU,Rewards,CPU,1090,2,0,p1
Rewards_vs_CPU,Rewards,CPU,1091,2,0,p1
Rewards_vs_CPU,Rewards,CPU,1092,2,1,p1
Rewards_vs_CPU,Rewards,CPU,1093,2,0,p1
Rewards_vs_CPU,Rewards,CPU,1094,2,0,p1
Rewards_vs_CPU,Rewards,CPU,1095,2,0,p1
Rewards_vs_CPU,Rewards,CPU,1096,1,2,p2
Rewards_vs_CPU,Rewards,CPU,1097,2,1,p1
Rewards_vs_CPU,Rewards,CPU,1098,2,0,p1
Rewards_vs_CPU,Rewards,CPU,1099,1,2,p2
Rewards_vs_CPU,Rewards,CPU,1100,2,0,p1
Rewards_vs_CPU,Rewards,CPU,1101,2,0,p1
Rewards_vs_CPU,Rewards,CPU,1102,2,0,p1
Rewards_vs_CPU,Rewards,CPU,1103,2,0,p1
Rewards_vs_CPU,Rewards,CPU,1104,2,0,p1
Rewards_vs_CPU,Rewards,CPU,1105,2,0,p1
Rewards_vs_CPU,Rewards,CPU,1106,2,0,p1
Rewards_vs_CPU,Rewards,CPU,1107,2,0,p1
Rewards_vs_CPU,Rewards,CPU,1108,2,0,p1
Rewards_vs_CPU,Rewards,CPU,1109,2,0,p1
Rewards_vs_CPU,Rewards,CPU,1110,1,2,p2
Rewards_vs_CPU,Rewards,CPU,1111,1,2,p2
Rewards_vs_CPU,Rewards,CPU,1112,2,0,p1
Rewards_vs_CPU,Rewards,CPU,1113,2,0,p1
Rewards_vs_CPU,Rewards,CPU,1114,1,2,p2
Rewards_vs_CPU,Rewards,CPU,1115,2,0,p1
Rewards_vs_CPU,Rewards,CPU,1116,2,0,p1
Rewards_vs_CPU,Rewards,CPU,1117,2,0,p1
Rewards_vs_CPU,Rewards,CPU,1118,2,0,p1
Rewards_vs_CPU,Rewards,CPU,1119,2,0,p1
Rewards_vs_CPU,Rewards,CPU,1120,2,1,p1
Rewards_vs_CPU,Rewards,CPU,1121,2,0,p1
Rewards_vs_CPU,Rewards,CPU,1122,1,2,p2
Rewards_vs_CPU,Rewards,CPU,1123,2,0,p1
Rewards_vs_CPU,Rewards,CPU,1124,2,0,p1
Rewards_vs_CPU,Rewards,CPU,1125,1,2,p2
Rewards_vs_CPU,Rewards,CPU,1126,2,1,p1
Rewards_vs_CPU,Rewards,CPU,1127,2,0,p1
Rewards_vs_CPU,Rewards,CPU,1128,2,0,p1
Rewards_vs_CPU,Rewards,CPU,1129,2,0,p1
Rewards_vs_CPU,Rewards,CPU,1130,2,1,p1
Rewards_vs_CPU,Rewards,CPU,1131,2,0,p1
Rewards_vs_CPU,Rewards,CPU,1132,2,0,p1
Rewards_vs_CPU,Rewards,CPU,1133,2,0,p1
Rewards_vs_CPU,Rewards,CPU,1134,2,1,p1
Rewards_vs_CPU,Rewards,CPU,1135,2,0,p1
Rewards_vs_CPU,Rewards,CPU,1136,2,0,p1
Rewards_vs_CPU,Rewards,CPU,1137,1,2,p2
Rewards_vs_CPU,Rewards,CPU,1138,2,0,p1
Rewards_vs_CPU,Rewards,CPU,1139,2,0,p1
Rewards_vs_CPU,Rewards,CPU,1140,2,0,p1
Rewards_vs_CPU,Rewards,CPU,1141,1,2,p2
Rewards_vs_CPU,Rewards,CPU,1142,2,1,p1
Rewards_vs_CPU,Rewards,CPU,1143,2,0,p1
Rewards_vs_CPU,Rewards,CPU,1144,1,2,p2
Rewards_vs_CPU,Rewards,CPU,1145,2,0,p1
Rewards_vs_CPU,Rewards,CPU,1146,2,0,p1
Rewards_vs_CPU,Rewards,CPU,1147,2,0,p1
Rewards_vs_CPU,Rewards,CPU,1148,2,0,p1
Rewards_vs_CPU,Rewards,CPU,1149,2,1,p1
Rewards_vs_CPU,Rewards,CPU,1150,2,0,p1
Rewards_vs_CPU,Rewards,CPU,1151,2,0,p1
Rewards_vs_CPU,Rewards,CPU,1152,2,1,p1
Rewards_vs_CPU,Rewards,CPU,1153,2,0,p1
Rewards_vs_CPU,Rewards,CPU,1154,2,0,p1
Rewards_vs_CPU,Rewards,CPU,1155,2,0,p1
Rewards_vs_CPU,Rewards,CPU,1156,2,0,p1
Rewards_vs_CPU,Rewards,CPU,1157,2,0,p1
Rewards_vs_CPU,Rewards,CPU,1158,2,0,p1
Rewards_vs_CPU,Rewards,CPU,1159,2,0,p1
Rewards_vs_CPU,Rewards,CPU,1160,2,0,p1
Rewards_vs_CPU,Rewards,CPU,1161,2,0,p1
Rewards_vs_CPU,Rewards,CPU,1162,2,1,p1
Rewards_vs_CPU,Rewards,CPU,1163,1,2,p2
Rewards_vs_CPU,Rewards,CPU,1164,2,0,p1
Rewards_vs_CPU,Rewards,CPU,1165,2,0,p1
Rewards_vs_CPU,Rewards,CPU,1166,2,0,p1
Rewards_vs_CPU,Rewards,CPU,1167,2,1,p1
Rewards_vs_CPU,Rewards,CPU,1168,2,0,p1
Rewards_vs_CPU,Rewards,CPU,1169,2,0,p1
Rewards_vs_CPU,Rewards,CPU,1170,2,0,p1
Rewards_vs_CPU,Rewards,CPU,1171,2,0,p1
Rewards_vs_CPU,Rewards,CPU,1172,1,2,p2
Rewards_vs_CPU,Rewards,CPU,1173,2,0,p1
Rewards_vs_CPU,Rewards,CPU,1174,2,0,p1
Rewards_vs_CPU,Rewards,CPU,1175,2,0,p1
Rewards_vs_CPU,Rewards,CPU,1176,2,0,p1
Rewards_vs_CPU,Rewards,CPU,1177,2,0,p1
Rewards_vs_CPU,Rewards,CPU,1178,2,0,p1
Rewards_vs_CPU,Rewards,CPU,1179,2,1,p1
Rewards_vs_CPU,Rewards,CPU,1180,2,0,p1
Rewards_vs_CPU,Rewards,CPU,1181,2,0,p1
Rewards_vs_CPU,Rewards,CPU,1182,2,0,p1
Rewards_vs_CPU,Rewards,CPU,1183,2,0,p1
Rewards_vs_CPU,Rewards,CPU,1184,1,2,p2
Rewards_vs_CPU,Rewards,CPU,1185,2,0,p1
Rewards_vs_CPU,Rewards,CPU,1186,1,2,p2
Rewards_vs_CPU,Rewards,CPU,1187,2,1,p1
Rewards_vs_CPU,Rewards,CPU,1188,2,0,p1
Rewards_vs_CPU,Rewards,CPU,1189,2,0,p1
Rewards_vs_CPU,Rewards,CPU,1190,2,0,p1
Rewards_vs_CPU,Rewards,CPU,1191,2,0,p1
Rewards_vs_CPU,Rewards,CPU,1192,2,1,p1
Rewards_vs_CPU,Rewards,CPU,1193,2,0,p1
Rewards_vs_CPU,Rewards,CPU,1194,1,2,p2
Rewards_vs_CPU,Rewards,CPU,1195,2,0,p1
Rewards_vs_CPU,Rewards,CPU,1196,2,0,p1
Rewards_vs_CPU,Rewards,CPU,1197,2,0,p1
Rewards_vs_CPU,Rewards,CPU,1198,2,0,p1
Rewards_vs_CPU,Rewards,CPU,1199,2,0,p1
Rewards_vs_CPU,Rewards,CPU,1200,1,2,p2
Rewards_vs_CPU,Rewards,CPU,1201,2,0,p1
Rewards_vs_CPU,Rewards,CPU,1202,2,0,p1
Rewards_vs_CPU,Rewards,CPU,1203,2,0,p1
Rewards_vs_CPU,Rewards,CPU,1204,2,0,p1
Rewards_vs_CPU,Rewards,CPU,1205,1,2,p2
Rewards_vs_CPU,Rewards,CPU,1206,1,2,p2
Rewards_vs_CPU,Rewards,CPU,1207,2,0,p1
Rewards_vs_CPU,Rewards,CPU,1208,2,0,p1
Rewards_vs_CPU,Rewards,CPU,1209,2,1,p1
Rewards_vs_CPU,Rewards,CPU,1210,1,2,p2
Rewards_vs_CPU,Rewards,CPU,1211,2,0,p1
Rewards_vs_CPU,Rewards,CPU,1212,2,0,p1
Rewards_vs_CPU,Rewards,CPU,1213,2,0,p1
Rewards_vs_CPU,Rewards,CPU,1214,2,0,p1
Rewards_vs_CPU,Rewards,CPU,1215,2,0,p1
Rewards_vs_CPU,Rewards,CPU,1216,2,1,p1
Rewards_vs_CPU,Rewards,CPU,1217,2,0,p1
Rewards_vs_CPU,Rewards,CPU,1218,1,2,p2
Rewards_vs_CPU,Rewards,CPU,1219,2,0,p1
Rewards_vs_CPU,Rewards,CPU,1220,2,0,p1
Rewards_vs_CPU,Rewards,CPU,1221,2,0,p1
Rewards_vs_CPU,Rewards,CPU,1222,2,0,p1
Rewards_vs_CPU,Rewards,CPU,1223,2,1,p1
Rewards_vs_CPU,Rewards,CPU,1224,1,2,p2
Rewards_vs_CPU,Rewards,CPU,1225,2,0,p1
Rewards_vs_CPU,Rewards,CPU,1226,1,2,p2
Rewards_vs_CPU,Rewards,CPU,1227,2,0,p1
Rewards_vs_CPU,Rewards,CPU,1228,2,0,p1
Rewards_vs_CPU,Rewards,CPU,1229,2,0,p1
Rewards_vs_CPU,Rewards,CPU,1230,2,0,p1
Rewards_vs_CPU,Rewards,CPU,1231,2,0,p1
Rewards_vs_CPU,Rewards,CPU,1232,2,1,p1
Rewards_vs_CPU,Rewards,CPU,1233,2,0,p1
Rewards_vs_CPU,Rewards,CPU,1234,0,2,p2
Rewards_vs_CPU,Rewards,CPU,1235,2,1,p1
Rewards_vs_CPU,Rewards,CPU,1236,2,0,p1
Rewards_vs_CPU,Rewards,CPU,1237,2,1,p1
Rewards_vs_CPU,Rewards,CPU,1238,2,0,p1
Rewards_vs_CPU,Rewards,CPU,1239,2,0,p1
Rewards_vs_CPU,Rewards,CPU,1240,2,0,p1
Rewards_vs_CPU,Rewards,CPU,1241,2,1,p1
Rewards_vs_CPU,Rewards,CPU,1242,2,0,p1
Rewards_vs_CPU,Rewards,CPU,1243,2,0,p1
Rewards_vs_CPU,Rewards,CPU,1244,2,0,p1
Rewards_vs_CPU,Rewards,CPU,1245,2,1,p1
Rewards_vs_CPU,Rewards,CPU,1246,2,0,p1
Rewards_vs_CPU,Rewards,CPU,1247,2,1,p1
Rewards_vs_CPU,Rewards,CPU,1248,2,0,p1
Rewards_vs_CPU,Rewards,CPU,1249,2,0,p1
Rewards_vs_CPU,Rewards,CPU,1250,2,1,p1
Rewards_vs_CPU,Rewards,CPU,1251,2,0,p1
Rewards_vs_CPU,Rewards,CPU,1252,2,0,p1
Rewards_vs_CPU,Rewards,CPU,1253,1,2,p2
Rewards_vs_CPU,Rewards,CPU,1254,2,0,p1
Rewards_vs_CPU,Rewards,CPU,1255,2,0,p1
Rewards_vs_CPU,Rewards,CPU,1256,2,0,p1
Rewards_vs_CPU,Rewards,CPU,1257,2,0,p1
Rewards_vs_CPU,Rewards,CPU,1258,2,0,p1
Rewards_vs_CPU,Rewards,CPU,1259,2,0,p1
Rewards_vs_CPU,Rewards,CPU,1260,2,0,p1
Rewards_vs_CPU,Rewards,CPU,1261,2,0,p1
Rewards_vs_CPU,Rewards,CPU,1262,2,0,p1
Rewards_vs_CPU,Rewards,CPU,1263,2,0,p1
Rewards_vs_CPU,Rewards,CPU,1264,1,1,draw
Rewards_vs_CPU,Rewards,CPU,1265,2,0,p1
Rewards_vs_CPU,Rewards,CPU,1266,2,0,p1
Rewards_vs_CPU,Rewards,CPU,1267,2,0,p1
Rewards_vs_CPU,Rewards,CPU,1268,2,0,p1
Rewards_vs_CPU,Rewards,CPU,1269,1,2,p2
Rewards_vs_CPU,Rewards,CPU,1270,2,1,p1
Rewards_vs_CPU,Rewards,CPU,1271,2,0,p1
Rewards_vs_CPU,Rewards,CPU,1272,2,0,p1
Rewards_vs_CPU,Rewards,CPU,1273,2,0,p1
Rewards_vs_CPU,Rewards,CPU,1274,1,2,p2
Rewards_vs_CPU,Rewards,CPU,1275,2,0,p1
Rewards_vs_CPU,Rewards,CPU,1276,2,0,p1
Rewards_vs_CPU,Rewards,CPU,1277,2,1,p1
Rewards_vs_CPU,Rewards,CPU,1278,2,0,p1
Rewards_vs_CPU,Rewards,CPU,1279,2,0,p1
Rewards_vs_CPU,Rewards,CPU,1280,2,0,p1
Rewards_vs_CPU,Rewards,CPU,1281,2,0,p1
Rewards_vs_CPU,Rewards,CPU,1282,2,0,p1
Rewards_vs_CPU,Rewards,CPU,1283,1,2,p2
Rewards_vs_CPU,Rewards,CPU,1284,2,0,p1
Rewards_vs_CPU,Rewards,CPU,1285,2,0,p1
Rewards_vs_CPU,Rewards,CPU,1286,2,0,p1
Rewards_vs_CPU,Rewards,CPU,1287,2,1,p1
Rewards_vs_CPU,Rewards,CPU,1288,2,1,p1
Rewards_vs_CPU,Rewards,CPU,1289,2,0,p1
Rewards_vs_CPU,Rewards,CPU,1290,1,2,p2
Rewards_vs_CPU,Rewards,CPU,1291,2,1,p1
Rewards_vs_CPU,Rewards,CPU,1292,2,0,p1
Rewards_vs_CPU,Rewards,CPU,1293,2,0,p1
Rewards_vs_CPU,Rewards,CPU,1294,2,0,p1
Rewards_vs_CPU,Rewards,CPU,1295,2,0,p1
Rewards_vs_CPU,Rewards,CPU,1296,2,0,p1
Rewards_vs_CPU,Rewards,CPU,1297,2,0,p1
Rewards_vs_CPU,Rewards,CPU,1298,2,0,p1
Rewards_vs_CPU,Rewards,CPU,1299,2,0,p1
Rewards_vs_CPU,Rewards,CPU,1300,2,0,p1
Rewards_vs_CPU,Rewards,CPU,1301,2,0,p1
Rewards_vs_CPU,Rewards,CPU,1302,1,2,p2
Rewards_vs_CPU,Rewards,CPU,1303,2,0,p1
Rewards_vs_CPU,Rewards,CPU,1304,2,0,p1
Rewards_vs_CPU,Rewards,CPU,1305,1,2,p2
Rewards_vs_CPU,Rewards,CPU,1306,2,1,p1
Rewards_vs_CPU,Rewards,CPU,1307,2,0,p1
Rewards_vs_CPU,Rewards,CPU,1308,2,0,p1
Rewards_vs_CPU,Rewards,CPU,1309,2,0,p1
Rewards_vs_CPU,Rewards,CPU,1310,2,1,p1
Rewards_vs_CPU,Rewards,CPU,1311,2,0,p1
Rewards_vs_CPU,Rewards,CPU,1312,2,0,p1
Rewards_vs_CPU,Rewards,CPU,1313,2,0,p1
Rewards_vs_CPU,Rewards,CPU,1314,2,0,p1
Rewards_vs_CPU,Rewards,CPU,1315,2,0,p1
Rewards_vs_CPU,Rewards,CPU,1316,2,1,p1
Rewards_vs_CPU,Rewards,CPU,1317,2,0,p1
Rewards_vs_CPU,Rewards,CPU,1318,1,2,p2
Rewards_vs_CPU,Rewards,CPU,1319,2,0,p1
Rewards_vs_CPU,Rewards,CPU,1320,2,1,p1
Rewards_vs_CPU,Rewards,CPU,1321,2,0,p1
Rewards_vs_CPU,Rewards,CPU,1322,2,1,p1
Rewards_vs_CPU,Rewards,CPU,1323,1,2,p2
Rewards_vs_CPU,Rewards,CPU,1324,2,0,p1
Rewards_vs_CPU,Rewards,CPU,1325,2,1,p1
Rewards_vs_CPU,Rewards,CPU,1326,2,0,p1
Rewards_vs_CPU,Rewards,CPU,1327,1,2,p2
Rewards_vs_CPU,Rewards,CPU,1328,2,0,p1
Rewards_vs_CPU,Rewards,CPU,1329,2,0,p1
Rewards_vs_CPU,Rewards,CPU,1330,1,2,p2
Rewards_vs_CPU,Rewards,CPU,1331,2,0,p1
Rewards_vs_CPU,Rewards,CPU,1332,1,2,p2
Rewards_vs_CPU,Rewards,CPU,1333,2,1,p1
Rewards_vs_CPU,Rewards,CPU,1334,2,1,p1
Rewards_vs_CPU,Rewards,CPU,1335,2,0,p1
Rewards_vs_CPU,Rewards,CPU,1336,2,0,p1
Rewards_vs_CPU,Rewards,CPU,1337,2,0,p1
Rewards_vs_CPU,Rewards,CPU,1338,2,1,p1
Rewards_vs_CPU,Rewards,CPU,1339,2,0,p1
Rewards_vs_CPU,Rewards,CPU,1340,2,0,p1
Rewards_vs_CPU,Rewards,CPU,1341,2,0,p1
Rewards_vs_CPU,Rewards,CPU,1342,2,0,p1
Rewards_vs_CPU,Rewards,CPU,1343,2,0,p1
Rewards_vs_CPU,Rewards,CPU,1344,2,0,p1
Rewards_vs_CPU,Rewards,CPU,1345,2,0,p1
Rewards_vs_CPU,Rewards,CPU,1346,2,0,p1
Rewards_vs_CPU,Rewards,CPU,1347,2,0,p1
Rewards_vs_CPU,Rewards,CPU,1348,2,0,p1
Rewards_vs_CPU,Rewards,CPU,1349,2,0,p1
Rewards_vs_CPU,Rewards,CPU,1350,1,2,p2
Rewards_vs_CPU,Rewards,CPU,1351,2,1,p1
Rewards_vs_CPU,Rewards,CPU,1352,2,0,p1
Rewards_vs_CPU,Rewards,CPU,1353,2,0,p1
Rewards_vs_CPU,Rewards,CPU,1354,2,0,p1
Rewards_vs_CPU,Rewards,CPU,1355,2,0,p1
Rewards_vs_CPU,Rewards,CPU,1356,2,0,p1
Rewards_vs_CPU,Rewards,CPU,1357,2,0,p1
Rewards_vs_CPU,Rewards,CPU,1358,2,0,p1
Rewards_vs_CPU,Rewards,CPU,1359,2,0,p1
Rewards_vs_CPU,Rewards,CPU,1360,2,0,p1
Rewards_vs_CPU,Rewards,CPU,1361,2,0,p1
Rewards_vs_CPU,Rewards,CPU,1362,1,2,p2
Rewards_vs_CPU,Rewards,CPU,1363,2,0,p1
Rewards_vs_CPU,Rewards,CPU,1364,2,0,p1
Rewards_vs_CPU,Rewards,CPU,1365,2,0,p1
Rewards_vs_CPU,Rewards,CPU,1366,2,1,p1
Rewards_vs_CPU,Rewards,CPU,1367,2,0,p1
Rewards_vs_CPU,Rewards,CPU,1368,2,0,p1
Rewards_vs_CPU,Rewards,CPU,1369,2,0,p1
Rewards_vs_CPU,Rewards,CPU,1370,2,0,p1
Rewards_vs_CPU,Rewards,CPU,1371,2,0,p1
Rewards_vs_CPU,Rewards,CPU,1372,1,2,p2
Rewards_vs_CPU,Rewards,CPU,1373,2,1,p1
Rewards_vs_CPU,Rewards,CPU,1374,1,2,p2
Rewards_vs_CPU,Rewards,CPU,1375,2,0,p1
Rewards_vs_CPU,Rewards,CPU,1376,2,0,p1
Rewards_vs_CPU,Rewards,CPU,1377,2,0,p1
Rewards_vs_CPU,Rewards,CPU,1378,2,0,p1
Rewards_vs_CPU,Rewards,CPU,1379,2,1,p1
Rewards_vs_CPU,Rewards,CPU,1380,2,0,p1
Rewards_vs_CPU,Rewards,CPU,1381,2,1,p1
Rewards_vs_CPU,Rewards,CPU,1382,2,0,p1
Rewards_vs_CPU,Rewards,CPU,1383,2,0,p1
Rewards_vs_CPU,Rewards,CPU,1384,2,0,p1
Rewards_vs_CPU,Rewards,CPU,1385,2,0,p1
Rewards_vs_CPU,Rewards,CPU,1386,2,0,p1
Rewards_vs_CPU,Rewards,CPU,1387,2,0,p1
Rewards_vs_CPU,Rewards,CPU,1388,2,0,p1
Rewards_vs_CPU,Rewards,CPU,1389,2,0,p1
Rewards_vs_CPU,Rewards,CPU,1390,2,0,p1
Rewards_vs_CPU,Rewards,CPU,1391,2,0,p1
Rewards_vs_CPU,Rewards,CPU,1392,2,1,p1
Rewards_vs_CPU,Rewards,CPU,1393,2,0,p1
Rewards_vs_CPU,Rewards,CPU,1394,2,1,p1
Rewards_vs_CPU,Rewards,CPU,1395,2,0,p1
Rewards_vs_CPU,Rewards,CPU,1396,2,0,p1
Rewards_vs_CPU,Rewards,CPU,1397,2,1,p1
Rewards_vs_CPU,Rewards,CPU,1398,2,1,p1
Rewards_vs_CPU,Rewards,CPU,1399,2,0,p1
Rewards_vs_CPU,Rewards,CPU,1400,2,0,p1
Rewards_vs_CPU,Rewards,CPU,1401,2,0,p1
Rewards_vs_CPU,Rewards,CPU,1402,2,0,p1
Rewards_vs_CPU,Rewards,CPU,1403,2,0,p1
Rewards_vs_CPU,Rewards,CPU,1404,2,1,p1
Rewards_vs_CPU,Rewards,CPU,1405,2,1,p1
Rewards_vs_CPU,Rewards,CPU,1406,2,0,p1
Rewards_vs_CPU,Rewards,CPU,1407,2,0,p1
Rewards_vs_CPU,Rewards,CPU,1408,2,0,p1
Rewards_vs_CPU,Rewards,CPU,1409,2,0,p1
Rewards_vs_CPU,Rewards,CPU,1410,1,2,p2
Rewards_vs_CPU,Rewards,CPU,1411,2,0,p1
Rewards_vs_CPU,Rewards,CPU,1412,1,2,p2
Rewards_vs_CPU,Rewards,CPU,1413,1,2,p2
Rewards_vs_CPU,Rewards,CPU,1414,2,1,p1
Rewards_vs_CPU,Rewards,CPU,1415,1,2,p2
Rewards_vs_CPU,Rewards,CPU,1416,2,1,p1
Rewards_vs_CPU,Rewards,CPU,1417,2,0,p1
Rewards_vs_CPU,Rewards,CPU,1418,2,0,p1
Rewards_vs_CPU,Rewards,CPU,1419,2,0,p1
Rewards_vs_CPU,Rewards,CPU,1420,2,1,p1
Rewards_vs_CPU,Rewards,CPU,1421,2,0,p1
Rewards_vs_CPU,Rewards,CPU,1422,2,0,p1
Rewards_vs_CPU,Rewards,CPU,1423,2,0,p1
Rewards_vs_CPU,Rewards,CPU,1424,1,2,p2
Rewards_vs_CPU,Rewards,CPU,1425,2,0,p1
Rewards_vs_CPU,Rewards,CPU,1426,2,0,p1
Rewards_vs_CPU,Rewards,CPU,1427,2,1,p1
Rewards_vs_CPU,Rewards,CPU,1428,2,0,p1
Rewards_vs_CPU,Rewards,CPU,1429,2,0,p1
Rewards_vs_CPU,Rewards,CPU,1430,2,0,p1
Rewards_vs_CPU,Rewards,CPU,1431,1,2,p2
Rewards_vs_CPU,Rewards,CPU,1432,2,0,p1
Rewards_vs_CPU,Rewards,CPU,1433,2,0,p1
Rewards_vs_CPU,Rewards,CPU,1434,2,0,p1
Rewards_vs_CPU,Rewards,CPU,1435,2,0,p1
Rewards_vs_CPU,Rewards,CPU,1436,2,1,p1
Rewards_vs_CPU,Rewards,CPU,1437,2,0,p1
Rewards_vs_CPU,Rewards,CPU,1438,2,0,p1
Rewards_vs_CPU,Rewards,CPU,1439,2,1,p1
Rewards_vs_CPU,Rewards,CPU,1440,2,0,p1
Rewards_vs_CPU,Rewards,CPU,1441,2,0,p1
Rewards_vs_CPU,Rewards,CPU,1442,2,0,p1
Rewards_vs_CPU,Rewards,CPU,1443,2,0,p1
Rewards_vs_CPU,Rewards,CPU,1444,2,0,p1
Rewards_vs_CPU,Rewards,CPU,1445,2,0,p1
Rewards_vs_CPU,Rewards,CPU,1446,2,0,p1
Rewards_vs_CPU,Rewards,CPU,1447,2,0,p1
Rewards_vs_CPU,Rewards,CPU,1448,2,0,p1
Rewards_vs_CPU,Rewards,CPU,1449,2,1,p1
Rewards_vs_CPU,Rewards,CPU,1450,2,0,p1
Rewards_vs_CPU,Rewards,CPU,1451,2,0,p1
Rewards_vs_CPU,Rewards,CPU,1452,2,0,p1
Rewards_vs_CPU,Rewards,CPU,1453,2,0,p1
Rewards_vs_CPU,Rewards,CPU,1454,2,0,p1
Rewards_vs_CPU,Rewards,CPU,1455,2,0,p1
Rewards_vs_CPU,Rewards,CPU,1456,2,0,p1
Rewards_vs_CPU,Rewards,CPU,1457,2,0,p1
Rewards_vs_CPU,Rewards,CPU,1458,2,0,p1
Rewards_vs_CPU,Rewards,CPU,1459,2,0,p1
Rewards_vs_CPU,Rewards,CPU,1460,2,0,p1
Rewards_vs_CPU,Rewards,CPU,1461,2,1,p1
Rewards_vs_CPU,Rewards,CPU,1462,2,1,p1
Rewards_vs_CPU,Rewards,CPU,1463,2,0,p1
Rewards_vs_CPU,Rewards,CPU,1464,2,1,p1
Rewards_vs_CPU,Rewards,CPU,1465,2,0,p1
Rewards_vs_CPU,Rewards,CPU,1466,2,1,p1
Rewards_vs_CPU,Rewards,CPU,1467,2,0,p1
Rewards_vs_CPU,Rewards,CPU,1468,2,1,p1
Rewards_vs_CPU,Rewards,CPU,1469,2,0,p1
Rewards_vs_CPU,Rewards,CPU,1470,2,1,p1
Rewards_vs_CPU,Rewards,CPU,1471,2,0,p1
Rewards_vs_CPU,Rewards,CPU,1472,1,2,p2
Rewards_vs_CPU,Rewards,CPU,1473,2,0,p1
Rewards_vs_CPU,Rewards,CPU,1474,2,1,p1
Rewards_vs_CPU,Rewards,CPU,1475,2,0,p1
Rewards_vs_CPU,Rewards,CPU,1476,2,1,p1
Rewards_vs_CPU,Rewards,CPU,1477,2,1,p1
Rewards_vs_CPU,Rewards,CPU,1478,2,0,p1
Rewards_vs_CPU,Rewards,CPU,1479,2,0,p1
Rewards_vs_CPU,Rewards,CPU,1480,2,0,p1
Rewards_vs_CPU,Rewards,CPU,1481,2,0,p1
Rewards_vs_CPU,Rewards,CPU,1482,2,0,p1
Rewards_vs_CPU,Rewards,CPU,1483,2,0,p1
Rewards_vs_CPU,Rewards,CPU,1484,2,1,p1
Rewards_vs_CPU,Rewards,CPU,1485,2,1,p1
Rewards_vs_CPU,Rewards,CPU,1486,2,1,p1
Rewards_vs_CPU,Rewards,CPU,1487,2,0,p1
Rewards_vs_CPU,Rewards,CPU,1488,2,1,p1
Rewards_vs_CPU,Rewards,CPU,1489,2,0,p1
Rewards_vs_CPU,Rewards,CPU,1490,2,1,p1
Rewards_vs_CPU,Rewards,CPU,1491,2,0,p1
Rewards_vs_CPU,Rewards,CPU,1492,2,0,p1
Rewards_vs_CPU,Rewards,CPU,1493,2,0,p1
Rewards_vs_CPU,Rewards,CPU,1494,2,0,p1
Rewards_vs_CPU,Rewards,CPU,1495,2,0,p1
Rewards_vs_CPU,Rewards,CPU,1496,2,0,p1
Rewards_vs_CPU,Rewards,CPU,1497,2,0,p1
Rewards_vs_CPU,Rewards,CPU,1498,2,0,p1
Rewards_vs_CPU,Rewards,CPU,1499,2,1,p1
Rewards_vs_CPU,Rewards,CPU,1500,2,0,p1
Rewards_vs_CPU,Rewards,CPU,1501,2,0,p1
Rewards_vs_CPU,Rewards,CPU,1502,2,0,p1
Rewards_vs_CPU,Rewards,CPU,1503,2,0,p1
Rewards_vs_CPU,Rewards,CPU,1504,2,1,p1
Rewards_vs_CPU,Rewards,CPU,1505,2,0,p1
Rewards_vs_CPU,Rewards,CPU,1506,2,0,p1
Rewards_vs_CPU,Rewards,CPU,1507,2,0,p1
Rewards_vs_CPU,Rewards,CPU,1508,2,1,p1
Rewards_vs_CPU,Rewards,CPU,1509,2,0,p1
Rewards_vs_CPU,Rewards,CPU,1510,0,2,p2
Rewards_vs_CPU,Rewards,CPU,1511,2,0,p1
Rewards_vs_CPU,Rewards,CPU,1512,1,2,p2
Rewards_vs_CPU,Rewards,CPU,1513,2,0,p1
Rewards_vs_CPU,Rewards,CPU,1514,1,2,p2
Rewards_vs_CPU,Rewards,CPU,1515,2,0,p1
Rewards_vs_CPU,Rewards,CPU,1516,2,0,p1
Rewards_vs_CPU,Rewards,CPU,1517,2,0,p1
Rewards_vs_CPU,Rewards,CPU,1518,2,1,p1
Rewards_vs_CPU,Rewards,CPU,1519,2,0,p1
Rewards_vs_CPU,Rewards,CPU,1520,2,0,p1
Rewards_vs_CPU,Rewards,CPU,1521,2,0,p1
Rewards_vs_CPU,Rewards,CPU,1522,1,2,p2
Rewards_vs_CPU,Rewards,CPU,1523,2,0,p1
Rewards_vs_CPU,Rewards,CPU,1524,2,0,p1
Rewards_vs_CPU,Rewards,CPU,1525,2,0,p1
Rewards_vs_CPU,Rewards,CPU,1526,2,0,p1
Rewards_vs_CPU,Rewards,CPU,1527,2,1,p1
Rewards_vs_CPU,Rewards,CPU,1528,2,0,p1
Rewards_vs_CPU,Rewards,CPU,1529,2,1,p1
Rewards_vs_CPU,Rewards,CPU,1530,1,2,p2
Rewards_vs_CPU,Rewards,CPU,1531,2,0,p1
Rewards_vs_CPU,Rewards,CPU,1532,2,0,p1
Rewards_vs_CPU,Rewards,CPU,1533,0,2,p2
Rewards_vs_CPU,Rewards,CPU,1534,2,0,p1
Rewards_vs_CPU,Rewards,CPU,1535,2,0,p1
Rewards_vs_CPU,Rewards,CPU,1536,2,0,p1
Rewards_vs_CPU,Rewards,CPU,1537,2,0,p1
Rewards_vs_CPU,Rewards,CPU,1538,1,2,p2
Rewards_vs_CPU,Rewards,CPU,1539,2,1,p1
Rewards_vs_CPU,Rewards,CPU,1540,2,0,p1
Rewards_vs_CPU,Rewards,CPU,1541,2,0,p1
Rewards_vs_CPU,Rewards,CPU,1542,2,0,p1
Rewards_vs_CPU,Rewards,CPU,1543,2,0,p1
Rewards_vs_CPU,Rewards,CPU,1544,2,1,p1
Rewards_vs_CPU,Rewards,CPU,1545,2,0,p1
Rewards_vs_CPU,Rewards,CPU,1546,2,0,p1
Rewards_vs_CPU,Rewards,CPU,1547,2,0,p1
Rewards_vs_CPU,Rewards,CPU,1548,2,0,p1
Rewards_vs_CPU,Rewards,CPU,1549,2,0,p1
Rewards_vs_CPU,Rewards,CPU,1550,2,0,p1
Rewards_vs_CPU,Rewards,CPU,1551,1,2,p2
Rewards_vs_CPU,Rewards,CPU,1552,2,1,p1
Rewards_vs_CPU,Rewards,CPU,1553,2,0,p1
Rewards_vs_CPU,Rewards,CPU,1554,2,0,p1
Rewards_vs_CPU,Rewards,CPU,1555,2,0,p1
Rewards_vs_CPU,Rewards,CPU,1556,0,2,p2
Rewards_vs_CPU,Rewards,CPU,1557,1,2,p2
Rewards_vs_CPU,Rewards,CPU,1558,1,2,p2
Rewards_vs_CPU,Rewards,CPU,1559,2,1,p1
Rewards_vs_CPU,Rewards,CPU,1560,1,2,p2
Rewards_vs_CPU,Rewards,CPU,1561,2,1,p1
Rewards_vs_CPU,Rewards,CPU,1562,2,0,p1
Rewards_vs_CPU,Rewards,CPU,1563,1,2,p2
Rewards_vs_CPU,Rewards,CPU,1564,1,2,p2
Rewards_vs_CPU,Rewards,CPU,1565,2,0,p1
Rewards_vs_CPU,Rewards,CPU,1566,1,2,p2
Rewards_vs_CPU,Rewards,CPU,1567,2,0,p1
Rewards_vs_CPU,Rewards,CPU,1568,2,0,p1
Rewards_vs_CPU,Rewards,CPU,1569,1,2,p2
Rewards_vs_CPU,Rewards,CPU,1570,2,1,p1
Rewards_vs_CPU,Rewards,CPU,1571,2,0,p1
Rewards_vs_CPU,Rewards,CPU,1572,2,0,p1
Rewards_vs_CPU,Rewards,CPU,1573,2,0,p1
Rewards_vs_CPU,Rewards,CPU,1574,2,0,p1
Rewards_vs_CPU,Rewards,CPU,1575,2,0,p1
Rewards_vs_CPU,Rewards,CPU,1576,2,0,p1
Rewards_vs_CPU,Rewards,CPU,1577,2,1,p1
Rewards_vs_CPU,Rewards,CPU,1578,2,0,p1
Rewards_vs_CPU,Rewards,CPU,1579,2,0,p1
Rewards_vs_CPU,Rewards,CPU,1580,2,0,p1
Rewards_vs_CPU,Rewards,CPU,1581,2,1,p1
Rewards_vs_CPU,Rewards,CPU,1582,2,0,p1
Rewards_vs_CPU,Rewards,CPU,1583,1,2,p2
Rewards_vs_CPU,Rewards,CPU,1584,2,0,p1
Rewards_vs_CPU,Rewards,CPU,1585,2,0,p1
Rewards_vs_CPU,Rewards,CPU,1586,1,2,p2
Rewards_vs_CPU,Rewards,CPU,1587,2,0,p1
Rewards_vs_CPU,Rewards,CPU,1588,2,0,p1
Rewards_vs_CPU,Rewards,CPU,1589,2,0,p1
Rewards_vs_CPU,Rewards,CPU,1590,2,1,p1
Rewards_vs_CPU,Rewards,CPU,1591,2,0,p1
Rewards_vs_CPU,Rewards,CPU,1592,1,2,p2
Rewards_vs_CPU,Rewards,CPU,1593,2,0,p1
Rewards_vs_CPU,Rewards,CPU,1594,2,1,p1
Rewards_vs_CPU,Rewards,CPU,1595,2,1,p1
Rewards_vs_CPU,Rewards,CPU,1596,2,0,p1
Rewards_vs_CPU,Rewards,CPU,1597,2,0,p1
Rewards_vs_CPU,Rewards,CPU,1598,0,2,p2
Rewards_vs_CPU,Rewards,CPU,1599,2,0,p1
Rewards_vs_CPU,Rewards,CPU,1600,2,0,p1
Rewards_vs_CPU,Rewards,CPU,1601,2,0,p1
Rewards_vs_CPU,Rewards,CPU,1602,2,0,p1
Rewards_vs_CPU,Rewards,CPU,1603,2,1,p1
Rewards_vs_CPU,Rewards,CPU,1604,0,2,p2
Rewards_vs_CPU,Rewards,CPU,1605,2,0,p1
Rewards_vs_CPU,Rewards,CPU,1606,2,0,p1
Rewards_vs_CPU,Rewards,CPU,1607,2,0,p1
Rewards_vs_CPU,Rewards,CPU,1608,2,1,p1
Rewards_vs_CPU,Rewards,CPU,1609,2,0,p1
Rewards_vs_CPU,Rewards,CPU,1610,2,0,p1
Rewards_vs_CPU,Rewards,CPU,1611,2,0,p1
Rewards_vs_CPU,Rewards,CPU,1612,2,0,p1
Rewards_vs_CPU,Rewards,CPU,1613,2,0,p1
Rewards_vs_CPU,Rewards,CPU,1614,1,2,p2
Rewards_vs_CPU,Rewards,CPU,1615,2,0,p1
Rewards_vs_CPU,Rewards,CPU,1616,2,0,p1
Rewards_vs_CPU,Rewards,CPU,1617,2,0,p1
Rewards_vs_CPU,Rewards,CPU,1618,2,0,p1
Rewards_vs_CPU,Rewards,CPU,1619,2,0,p1
Rewards_vs_CPU,Rewards,CPU,1620,2,1,p1
Rewards_vs_CPU,Rewards,CPU,1621,2,1,p1
Rewards_vs_CPU,Rewards,CPU,1622,1,2,p2
Rewards_vs_CPU,Rewards,CPU,1623,2,0,p1
Rewards_vs_CPU,Rewards,CPU,1624,1,2,p2
Rewards_vs_CPU,Rewards,CPU,1625,2,0,p1
Rewards_vs_CPU,Rewards,CPU,1626,2,0,p1
Rewards_vs_CPU,Rewards,CPU,1627,2,1,p1
Rewards_vs_CPU,Rewards,CPU,1628,2,0,p1
Rewards_vs_CPU,Rewards,CPU,1629,2,0,p1
Rewards_vs_CPU,Rewards,CPU,1630,2,1,p1
Rewards_vs_CPU,Rewards,CPU,1631,2,0,p1
Rewards_vs_CPU,Rewards,CPU,1632,2,0,p1
Rewards_vs_CPU,Rewards,CPU,1633,2,1,p1
Rewards_vs_CPU,Rewards,CPU,1634,2,0,p1
Rewards_vs_CPU,Rewards,CPU,1635,1,2,p2
Rewards_vs_CPU,Rewards,CPU,1636,2,1,p1
Rewards_vs_CPU,Rewards,CPU,1637,2,1,p1
Rewards_vs_CPU,Rewards,CPU,1638,2,0,p1
Rewards_vs_CPU,Rewards,CPU,1639,2,0,p1
Rewards_vs_CPU,Rewards,CPU,1640,2,0,p1
Rewards_vs_CPU,Rewards,CPU,1641,2,0,p1
Rewards_vs_CPU,Rewards,CPU,1642,1,2,p2
Rewards_vs_CPU,Rewards,CPU,1643,2,1,p1
Rewards_vs_CPU,Rewards,CPU,1644,2,1,p1
Rewards_vs_CPU,Rewards,CPU,1645,2,0,p1
Rewards_vs_CPU,Rewards,CPU,1646,2,1,p1
Rewards_vs_CPU,Rewards,CPU,1647,2,0,p1
Rewards_vs_CPU,Rewards,CPU,1648,2,0,p1
Rewards_vs_CPU,Rewards,CPU,1649,2,0,p1
Rewards_vs_CPU,Rewards,CPU,1650,1,2,p2
Rewards_vs_CPU,Rewards,CPU,1651,2,0,p1
Rewards_vs_CPU,Rewards,CPU,1652,2,0,p1
Rewards_vs_CPU,Rewards,CPU,1653,2,0,p1
Rewards_vs_CPU,Rewards,CPU,1654,2,0,p1
Rewards_vs_CPU,Rewards,CPU,1655,2,1,p1
Rewards_vs_CPU,Rewards,CPU,1656,2,0,p1
Rewards_vs_CPU,Rewards,CPU,1657,2,0,p1
Rewards_vs_CPU,Rewards,CPU,1658,2,1,p1
Rewards_vs_CPU,Rewards,CPU,1659,2,0,p1
Rewards_vs_CPU,Rewards,CPU,1660,2,0,p1
Rewards_vs_CPU,Rewards,CPU,1661,2,0,p1
Rewards_vs_CPU,Rewards,CPU,1662,2,0,p1
Rewards_vs_CPU,Rewards,CPU,1663,2,1,p1
Rewards_vs_CPU,Rewards,CPU,1664,2,0,p1
Rewards_vs_CPU,Rewards,CPU,1665,2,0,p1
Rewards_vs_CPU,Rewards,CPU,1666,2,0,p1
Rewards_vs_CPU,Rewards,CPU,1667,2,0,p1
Rewards_vs_CPU,Rewards,CPU,1668,2,0,p1
Rewards_vs_CPU,Rewards,CPU,1669,2,0,p1
Rewards_vs_CPU,Rewards,CPU,1670,2,0,p1
Rewards_vs_CPU,Rewards,CPU,1671,0,2,p2
Rewards_vs_CPU,Rewards,CPU,1672,2,0,p1
Rewards_vs_CPU,Rewards,CPU,1673,2,0,p1
Rewards_vs_CPU,Rewards,CPU,1674,2,0,p1
Rewards_vs_CPU,Rewards,CPU,1675,1,2,p2
Rewards_vs_CPU,Rewards,CPU,1676,2,0,p1
Rewards_vs_CPU,Rewards,CPU,1677,1,2,p2
Rewards_vs_CPU,Rewards,CPU,1678,2,0,p1
Rewards_vs_CPU,Rewards,CPU,1679,2,0,p1
Rewards_vs_CPU,Rewards,CPU,1680,2,0,p1
Rewards_vs_CPU,Rewards,CPU,1681,2,0,p1
Rewards_vs_CPU,Rewards,CPU,1682,2,1,p1
Rewards_vs_CPU,Rewards,CPU,1683,2,0,p1
Rewards_vs_CPU,Rewards,CPU,1684,2,0,p1
Rewards_vs_CPU,Rewards,CPU,1685,2,0,p1
Rewards_vs_CPU,Rewards,CPU,1686,2,0,p1
Rewards_vs_CPU,Rewards,CPU,1687,2,0,p1
Rewards_vs_CPU,Rewards,CPU,1688,1,2,p2
Rewards_vs_CPU,Rewards,CPU,1689,1,2,p2
Rewards_vs_CPU,Rewards,CPU,1690,1,2,p2
Rewards_vs_CPU,Rewards,CPU,1691,2,1,p1
Rewards_vs_CPU,Rewards,CPU,1692,2,1,p1
Rewards_vs_CPU,Rewards,CPU,1693,2,0,p1
Rewards_vs_CPU,Rewards,CPU,1694,2,0,p1
Rewards_vs_CPU,Rewards,CPU,1695,1,2,p2
Rewards_vs_CPU,Rewards,CPU,1696,2,0,p1
Rewards_vs_CPU,Rewards,CPU,1697,0,2,p2
Rewards_vs_CPU,Rewards,CPU,1698,2,0,p1
Rewards_vs_CPU,Rewards,CPU,1699,2,0,p1
Rewards_vs_CPU,Rewards,CPU,1700,2,0,p1
Rewards_vs_CPU,Rewards,CPU,1701,2,0,p1
Rewards_vs_CPU,Rewards,CPU,1702,2,0,p1
Rewards_vs_CPU,Rewards,CPU,1703,2,0,p1
Rewards_vs_CPU,Rewards,CPU,1704,2,0,p1
Rewards_vs_CPU,Rewards,CPU,1705,2,0,p1
Rewards_vs_CPU,Rewards,CPU,1706,1,2,p2
Rewards_vs_CPU,Rewards,CPU,1707,1,2,p2
Rewards_vs_CPU,Rewards,CPU,1708,1,2,p2
Rewards_vs_CPU,Rewards,CPU,1709,2,0,p1
Rewards_vs_CPU,Rewards,CPU,1710,2,0,p1
Rewards_vs_CPU,Rewards,CPU,1711,2,0,p1
Rewards_vs_CPU,Rewards,CPU,1712,2,1,p1
Rewards_vs_CPU,Rewards,CPU,1713,2,0,p1
Rewards_vs_CPU,Rewards,CPU,1714,1,2,p2
Rewards_vs_CPU,Rewards,CPU,1715,2,0,p1
Rewards_vs_CPU,Rewards,CPU,1716,2,1,p1
Rewards_vs_CPU,Rewards,CPU,1717,2,0,p1
Rewards_vs_CPU,Rewards,CPU,1718,2,0,p1
Rewards_vs_CPU,Rewards,CPU,1719,2,1,p1
Rewards_vs_CPU,Rewards,CPU,1720,2,0,p1
Rewards_vs_CPU,Rewards,CPU,1721,2,0,p1
Rewards_vs_CPU,Rewards,CPU,1722,2,0,p1
Rewards_vs_CPU,Rewards,CPU,1723,2,1,p1
Rewards_vs_CPU,Rewards,CPU,1724,2,1,p1
Rewards_vs_CPU,Rewards,CPU,1725,2,0,p1
Rewards_vs_CPU,Rewards,CPU,1726,2,0,p1
Rewards_vs_CPU,Rewards,CPU,1727,2,1,p1
Rewards_vs_CPU,Rewards,CPU,1728,2,1,p1
Rewards_vs_CPU,Rewards,CPU,1729,1,2,p2
Rewards_vs_CPU,Rewards,CPU,1730,2,0,p1
Rewards_vs_CPU,Rewards,CPU,1731,2,1,p1
Rewards_vs_CPU,Rewards,CPU,1732,2,1,p1
Rewards_vs_CPU,Rewards,CPU,1733,2,0,p1
Rewards_vs_CPU,Rewards,CPU,1734,2,0,p1
Rewards_vs_CPU,Rewards,CPU,1735,2,0,p1
Rewards_vs_CPU,Rewards,CPU,1736,2,0,p1
Rewards_vs_CPU,Rewards,CPU,1737,2,1,p1
Rewards_vs_CPU,Rewards,CPU,1738,2,0,p1
Rewards_vs_CPU,Rewards,CPU,1739,2,0,p1
Rewards_vs_CPU,Rewards,CPU,1740,2,0,p1
Rewards_vs_CPU,Rewards,CPU,1741,1,2,p2
Rewards_vs_CPU,Rewards,CPU,1742,2,0,p1
Rewards_vs_CPU,Rewards,CPU,1743,2,1,p1
Rewards_vs_CPU,Rewards,CPU,1744,1,2,p2
Rewards_vs_CPU,Rewards,CPU,1745,2,0,p1
Rewards_vs_CPU,Rewards,CPU,1746,2,1,p1
Rewards_vs_CPU,Rewards,CPU,1747,2,0,p1
Rewards_vs_CPU,Rewards,CPU,1748,1,2,p2
Rewards_vs_CPU,Rewards,CPU,1749,2,0,p1
Rewards_vs_CPU,Rewards,CPU,1750,2,0,p1
Rewards_vs_CPU,Rewards,CPU,1751,2,0,p1
Rewards_vs_CPU,Rewards,CPU,1752,2,1,p1
Rewards_vs_CPU,Rewards,CPU,1753,2,0,p1
Rewards_vs_CPU,Rewards,CPU,1754,2,0,p1
Rewards_vs_CPU,Rewards,CPU,1755,2,1,p1
Rewards_vs_CPU,Rewards,CPU,1756,2,0,p1
Rewards_vs_CPU,Rewards,CPU,1757,2,0,p1
Rewards_vs_CPU,Rewards,CPU,1758,2,0,p1
Rewards_vs_CPU,Rewards,CPU,1759,2,0,p1
Rewards_vs_CPU,Rewards,CPU,1760,2,1,p1
Rewards_vs_CPU,Rewards,CPU,1761,2,1,p1
Rewards_vs_CPU,Rewards,CPU,1762,2,0,p1
Rewards_vs_CPU,Rewards,CPU,1763,1,2,p2
Rewards_vs_CPU,Rewards,CPU,1764,2,1,p1
Rewards_vs_CPU,Rewards,CPU,1765,2,0,p1
Rewards_vs_CPU,Rewards,CPU,1766,2,0,p1
Rewards_vs_CPU,Rewards,CPU,1767,2,0,p1
Rewards_vs_CPU,Rewards,CPU,1768,2,0,p1
Rewards_vs_CPU,Rewards,CPU,1769,2,0,p1
Rewards_vs_CPU,Rewards,CPU,1770,2,0,p1
Rewards_vs_CPU,Rewards,CPU,1771,0,2,p2
Rewards_vs_CPU,Rewards,CPU,1772,2,0,p1
Rewards_vs_CPU,Rewards,CPU,1773,2,0,p1
Rewards_vs_CPU,Rewards,CPU,1774,2,0,p1
Rewards_vs_CPU,Rewards,CPU,1775,2,0,p1
Rewards_vs_CPU,Rewards,CPU,1776,2,0,p1
Rewards_vs_CPU,Rewards,CPU,1777,2,0,p1
Rewards_vs_CPU,Rewards,CPU,1778,1,2,p2
Rewards_vs_CPU,Rewards,CPU,1779,2,0,p1
Rewards_vs_CPU,Rewards,CPU,1780,1,2,p2
Rewards_vs_CPU,Rewards,CPU,1781,2,0,p1
Rewards_vs_CPU,Rewards,CPU,1782,2,0,p1
Rewards_vs_CPU,Rewards,CPU,1783,2,0,p1
Rewards_vs_CPU,Rewards,CPU,1784,2,1,p1
Rewards_vs_CPU,Rewards,CPU,1785,1,2,p2
Rewards_vs_CPU,Rewards,CPU,1786,2,1,p1
Rewards_vs_CPU,Rewards,CPU,1787,1,2,p2
Rewards_vs_CPU,Rewards,CPU,1788,1,2,p2
Rewards_vs_CPU,Rewards,CPU,1789,2,1,p1
Rewards_vs_CPU,Rewards,CPU,1790,2,0,p1
Rewards_vs_CPU,Rewards,CPU,1791,2,0,p1
Rewards_vs_CPU,Rewards,CPU,1792,2,1,p1
Rewards_vs_CPU,Rewards,CPU,1793,2,0,p1
Rewards_vs_CPU,Rewards,CPU,1794,2,0,p1
Rewards_vs_CPU,Rewards,CPU,1795,2,0,p1
Rewards_vs_CPU,Rewards,CPU,1796,2,0,p1
Rewards_vs_CPU,Rewards,CPU,1797,2,0,p1
Rewards_vs_CPU,Rewards,CPU,1798,2,0,p1
Rewards_vs_CPU,Rewards,CPU,1799,2,0,p1
Rewards_vs_CPU,Rewards,CPU,1800,2,0,p1
Rewards_vs_CPU,Rewards,CPU,1801,2,1,p1
Rewards_vs_CPU,Rewards,CPU,1802,2,0,p1
Rewards_vs_CPU,Rewards,CPU,1803,2,0,p1
Rewards_vs_CPU,Rewards,CPU,1804,2,0,p1
Rewards_vs_CPU,Rewards,CPU,1805,2,0,p1
Rewards_vs_CPU,Rewards,CPU,1806,2,0,p1
Rewards_vs_CPU,Rewards,CPU,1807,2,0,p1
Rewards_vs_CPU,Rewards,CPU,1808,2,0,p1
Rewards_vs_CPU,Rewards,CPU,1809,2,1,p1
Rewards_vs_CPU,Rewards,CPU,1810,2,1,p1
Rewards_vs_CPU,Rewards,CPU,1811,2,0,p1
Rewards_vs_CPU,Rewards,CPU,1812,2,1,p1
Rewards_vs_CPU,Rewards,CPU,1813,2,1,p1
Rewards_vs_CPU,Rewards,CPU,1814,2,0,p1
Rewards_vs_CPU,Rewards,CPU,1815,2,0,p1
Rewards_vs_CPU,Rewards,CPU,1816,2,0,p1
Rewards_vs_CPU,Rewards,CPU,1817,2,0,p1
Rewards_vs_CPU,Rewards,CPU,1818,1,2,p2
Rewards_vs_CPU,Rewards,CPU,1819,2,0,p1
Rewards_vs_CPU,Rewards,CPU,1820,2,0,p1
Rewards_vs_CPU,Rewards,CPU,1821,2,1,p1
Rewards_vs_CPU,Rewards,CPU,1822,2,0,p1
Rewards_vs_CPU,Rewards,CPU,1823,2,0,p1
Rewards_vs_CPU,Rewards,CPU,1824,2,0,p1
Rewards_vs_CPU,Rewards,CPU,1825,2,0,p1
Rewards_vs_CPU,Rewards,CPU,1826,2,0,p1
Rewards_vs_CPU,Rewards,CPU,1827,2,0,p1
Rewards_vs_CPU,Rewards,CPU,1828,2,0,p1
Rewards_vs_CPU,Rewards,CPU,1829,2,1,p1
Rewards_vs_CPU,Rewards,CPU,1830,2,0,p1
Rewards_vs_CPU,Rewards,CPU,1831,2,0,p1
Rewards_vs_CPU,Rewards,CPU,1832,2,1,p1
Rewards_vs_CPU,Rewards,CPU,1833,2,1,p1
Rewards_vs_CPU,Rewards,CPU,1834,2,1,p1
Rewards_vs_CPU,Rewards,CPU,1835,2,0,p1
Rewards_vs_CPU,Rewards,CPU,1836,2,0,p1
Rewards_vs_CPU,Rewards,CPU,1837,0,2,p2
Rewards_vs_CPU,Rewards,CPU,1838,1,2,p2
Rewards_vs_CPU,Rewards,CPU,1839,1,2,p2
Rewards_vs_CPU,Rewards,CPU,1840,2,1,p1
Rewards_vs_CPU,Rewards,CPU,1841,2,1,p1
Rewards_vs_CPU,Rewards,CPU,1842,2,0,p1
Rewards_vs_CPU,Rewards,CPU,1843,1,2,p2
Rewards_vs_CPU,Rewards,CPU,1844,2,0,p1
Rewards_vs_CPU,Rewards,CPU,1845,2,1,p1
Rewards_vs_CPU,Rewards,CPU,1846,2,0,p1
Rewards_vs_CPU,Rewards,CPU,1847,2,0,p1
Rewards_vs_CPU,Rewards,CPU,1848,2,0,p1
Rewards_vs_CPU,Rewards,CPU,1849,2,1,p1
Rewards_vs_CPU,Rewards,CPU,1850,2,0,p1
Rewards_vs_CPU,Rewards,CPU,1851,2,1,p1
Rewards_vs_CPU,Rewards,CPU,1852,2,0,p1
Rewards_vs_CPU,Rewards,CPU,1853,2,1,p1
Rewards_vs_CPU,Rewards,CPU,1854,2,0,p1
Rewards_vs_CPU,Rewards,CPU,1855,2,0,p1
Rewards_vs_CPU,Rewards,CPU,1856,1,2,p2
Rewards_vs_CPU,Rewards,CPU,1857,2,0,p1
Rewards_vs_CPU,Rewards,CPU,1858,2,0,p1
Rewards_vs_CPU,Rewards,CPU,1859,2,0,p1
Rewards_vs_CPU,Rewards,CPU,1860,2,0,p1
Rewards_vs_CPU,Rewards,CPU,1861,1,2,p2
Rewards_vs_CPU,Rewards,CPU,1862,2,0,p1
Rewards_vs_CPU,Rewards,CPU,1863,2,0,p1
Rewards_vs_CPU,Rewards,CPU,1864,2,0,p1
Rewards_vs_CPU,Rewards,CPU,1865,2,1,p1
Rewards_vs_CPU,Rewards,CPU,1866,2,0,p1
Rewards_vs_CPU,Rewards,CPU,1867,2,0,p1
Rewards_vs_CPU,Rewards,CPU,1868,2,0,p1
Rewards_vs_CPU,Rewards,CPU,1869,2,1,p1
Rewards_vs_CPU,Rewards,CPU,1870,1,2,p2
Rewards_vs_CPU,Rewards,CPU,1871,2,0,p1
Rewards_vs_CPU,Rewards,CPU,1872,2,1,p1
Rewards_vs_CPU,Rewards,CPU,1873,2,1,p1
Rewards_vs_CPU,Rewards,CPU,1874,2,1,p1
Rewards_vs_CPU,Rewards,CPU,1875,2,0,p1
Rewards_vs_CPU,Rewards,CPU,1876,2,0,p1
Rewards_vs_CPU,Rewards,CPU,1877,1,2,p2
Rewards_vs_CPU,Rewards,CPU,1878,2,1,p1
Rewards_vs_CPU,Rewards,CPU,1879,2,0,p1
Rewards_vs_CPU,Rewards,CPU,1880,2,0,p1
Rewards_vs_CPU,Rewards,CPU,1881,2,0,p1
Rewards_vs_CPU,Rewards,CPU,1882,2,0,p1
Rewards_vs_CPU,Rewards,CPU,1883,2,0,p1
Rewards_vs_CPU,Rewards,CPU,1884,2,0,p1
Rewards_vs_CPU,Rewards,CPU,1885,2,0,p1
Rewards_vs_CPU,Rewards,CPU,1886,1,2,p2
Rewards_vs_CPU,Rewards,CPU,1887,2,0,p1
Rewards_vs_CPU,Rewards,CPU,1888,2,0,p1
Rewards_vs_CPU,Rewards,CPU,1889,2,0,p1
Rewards_vs_CPU,Rewards,CPU,1890,2,1,p1
Rewards_vs_CPU,Rewards,CPU,1891,1,1,draw
Rewards_vs_CPU,Rewards,CPU,1892,1,2,p2
Rewards_vs_CPU,Rewards,CPU,1893,2,0,p1
Rewards_vs_CPU,Rewards,CPU,1894,2,1,p1
Rewards_vs_CPU,Rewards,CPU,1895,2,0,p1
Rewards_vs_CPU,Rewards,CPU,1896,1,2,p2
Rewards_vs_CPU,Rewards,CPU,1897,2,0,p1
Rewards_vs_CPU,Rewards,CPU,1898,2,0,p1
Rewards_vs_CPU,Rewards,CPU,1899,2,0,p1
Rewards_vs_CPU,Rewards,CPU,1900,2,0,p1
Rewards_vs_CPU,Rewards,CPU,1901,2,1,p1
Rewards_vs_CPU,Rewards,CPU,1902,1,2,p2
Rewards_vs_CPU,Rewards,CPU,1903,2,1,p1
Rewards_vs_CPU,Rewards,CPU,1904,2,0,p1
Rewards_vs_CPU,Rewards,CPU,1905,2,0,p1
Rewards_vs_CPU,Rewards,CPU,1906,2,1,p1
Rewards_vs_CPU,Rewards,CPU,1907,2,0,p1
Rewards_vs_CPU,Rewards,CPU,1908,2,0,p1
Rewards_vs_CPU,Rewards,CPU,1909,2,1,p1
Rewards_vs_CPU,Rewards,CPU,1910,1,2,p2
Rewards_vs_CPU,Rewards,CPU,1911,2,0,p1
Rewards_vs_CPU,Rewards,CPU,1912,2,0,p1
Rewards_vs_CPU,Rewards,CPU,1913,2,0,p1
Rewards_vs_CPU,Rewards,CPU,1914,1,2,p2
Rewards_vs_CPU,Rewards,CPU,1915,2,0,p1
Rewards_vs_CPU,Rewards,CPU,1916,1,2,p2
Rewards_vs_CPU,Rewards,CPU,1917,2,0,p1
Rewards_vs_CPU,Rewards,CPU,1918,2,0,p1
Rewards_vs_CPU,Rewards,CPU,1919,2,0,p1
Rewards_vs_CPU,Rewards,CPU,1920,2,0,p1
Rewards_vs_CPU,Rewards,CPU,1921,2,0,p1
Rewards_vs_CPU,Rewards,CPU,1922,2,1,p1
Rewards_vs_CPU,Rewards,CPU,1923,2,1,p1
Rewards_vs_CPU,Rewards,CPU,1924,1,2,p2
Rewards_vs_CPU,Rewards,CPU,1925,2,0,p1
Rewards_vs_CPU,Rewards,CPU,1926,2,1,p1
Rewards_vs_CPU,Rewards,CPU,1927,2,0,p1
Rewards_vs_CPU,Rewards,CPU,1928,2,1,p1
Rewards_vs_CPU,Rewards,CPU,1929,2,1,p1
Rewards_vs_CPU,Rewards,CPU,1930,2,0,p1
Rewards_vs_CPU,Rewards,CPU,1931,2,0,p1
Rewards_vs_CPU,Rewards,CPU,1932,1,2,p2
Rewards_vs_CPU,Rewards,CPU,1933,1,2,p2
Rewards_vs_CPU,Rewards,CPU,1934,2,0,p1
Rewards_vs_CPU,Rewards,CPU,1935,2,0,p1
Rewards_vs_CPU,Rewards,CPU,1936,2,0,p1
Rewards_vs_CPU,Rewards,CPU,1937,2,1,p1
Rewards_vs_CPU,Rewards,CPU,1938,2,1,p1
Rewards_vs_CPU,Rewards,CPU,1939,2,0,p1
Rewards_vs_CPU,Rewards,CPU,1940,2,1,p1
Rewards_vs_CPU,Rewards,CPU,1941,2,0,p1
Rewards_vs_CPU,Rewards,CPU,1942,2,0,p1
Rewards_vs_CPU,Rewards,CPU,1943,2,0,p1
Rewards_vs_CPU,Rewards,CPU,1944,2,0,p1
Rewards_vs_CPU,Rewards,CPU,1945,2,1,p1
Rewards_vs_CPU,Rewards,CPU,1946,2,1,p1
Rewards_vs_CPU,Rewards,CPU,1947,2,0,p1
Rewards_vs_CPU,Rewards,CPU,1948,2,0,p1
Rewards_vs_CPU,Rewards,CPU,1949,2,0,p1
Rewards_vs_CPU,Rewards,CPU,1950,2,0,p1
Rewards_vs_CPU,Rewards,CPU,1951,2,0,p1
Rewards_vs_CPU,Rewards,CPU,1952,1,2,p2
Rewards_vs_CPU,Rewards,CPU,1953,2,0,p1
Rewards_vs_CPU,Rewards,CPU,1954,2,0,p1
Rewards_vs_CPU,Rewards,CPU,1955,2,0,p1
Rewards_vs_CPU,Rewards,CPU,1956,2,0,p1
Rewards_vs_CPU,Rewards,CPU,1957,2,0,p1
Rewards_vs_CPU,Rewards,CPU,1958,1,2,p2
Rewards_vs_CPU,Rewards,CPU,1959,2,1,p1
Rewards_vs_CPU,Rewards,CPU,1960,2,0,p1
Rewards_vs_CPU,Rewards,CPU,1961,2,0,p1
Rewards_vs_CPU,Rewards,CPU,1962,2,0,p1
Rewards_vs_CPU,Rewards,CPU,1963,2,0,p1
Rewards_vs_CPU,Rewards,CPU,1964,2,0,p1
Rewards_vs_CPU,Rewards,CPU,1965,2,0,p1
Rewards_vs_CPU,Rewards,CPU,1966,2,0,p1
Rewards_vs_CPU,Rewards,CPU,1967,2,0,p1
Rewards_vs_CPU,Rewards,CPU,1968,2,0,p1
Rewards_vs_CPU,Rewards,CPU,1969,2,0,p1
Rewards_vs_CPU,Rewards,CPU,1970,2,1,p1
Rewards_vs_CPU,Rewards,CPU,1971,2,1,p1
Rewards_vs_CPU,Rewards,CPU,1972,2,0,p1
Rewards_vs_CPU,Rewards,CPU,1973,2,0,p1
Rewards_vs_CPU,Rewards,CPU,1974,0,2,p2
Rewards_vs_CPU,Rewards,CPU,1975,2,1,p1
Rewards_vs_CPU,Rewards,CPU,1976,2,1,p1
Rewards_vs_CPU,Rewards,CPU,1977,2,0,p1
Rewards_vs_CPU,Rewards,CPU,1978,2,1,p1
Rewards_vs_CPU,Rewards,CPU,1979,2,1,p1
Rewards_vs_CPU,Rewards,CPU,1980,2,0,p1
Rewards_vs_CPU,Rewards,CPU,1981,2,0,p1
Rewards_vs_CPU,Rewards,CPU,1982,2,0,p1
Rewards_vs_CPU,Rewards,CPU,1983,2,0,p1
Rewards_vs_CPU,Rewards,CPU,1984,2,0,p1
Rewards_vs_CPU,Rewards,CPU,1985,1,2,p2
Rewards_vs_CPU,Rewards,CPU,1986,2,0,p1
Rewards_vs_CPU,Rewards,CPU,1987,2,0,p1
Rewards_vs_CPU,Rewards,CPU,1988,2,0,p1
Rewards_vs_CPU,Rewards,CPU,1989,2,0,p1
Rewards_vs_CPU,Rewards,CPU,1990,2,0,p1
Rewards_vs_CPU,Rewards,CPU,1991,2,0,p1
Rewards_vs_CPU,Rewards,CPU,1992,2,0,p1
Rewards_vs_CPU,Rewards,CPU,1993,2,0,p1
Rewards_vs_CPU,Rewards,CPU,1994,2,0,p1
Rewards_vs_CPU,Rewards,CPU,1995,2,0,p1
Rewards_vs_CPU,Rewards,CPU,1996,2,0,p1
Rewards_vs_CPU,Rewards,CPU,1997,2,0,p1
Rewards_vs_CPU,Rewards,CPU,1998,2,0,p1
Rewards_vs_CPU,Rewards,CPU,1999,2,0,p1
Rewards_vs_CPU,Rewards,CPU,2000,2,0,p1
Curriculum_vs_Rewards,Curriculum,Rewards,1001,2,0,p1
Curriculum_vs_Rewards,Curriculum,Rewards,1002,2,0,p1
Curriculum_vs_Rewards,Curriculum,Rewards,1003,2,0,p1
Curriculum_vs_Rewards,Curriculum,Rewards,1004,2,0,p1
Curriculum_vs_Rewards,Curriculum,Rewards,1005,2,0,p1
Curriculum_vs_Rewards,Curriculum,Rewards,1006,2,0,p1
Curriculum_vs_Rewards,Curriculum,Rewards,1007,2,0,p1
Curriculum_vs_Rewards,Curriculum,Rewards,1008,2,0,p1
Curriculum_vs_Rewards,Curriculum,Rewards,1009,2,0,p1
Curriculum_vs_Rewards,Curriculum,Rewards,1010,2,1,p1
Curriculum_vs_Rewards,Curriculum,Rewards,1011,2,0,p1
Curriculum_vs_Rewards,Curriculum,Rewards,1012,2,0,p1
Curriculum_vs_Rewards,Curriculum,Rewards,1013,2,0,p1
Curriculum_vs_Rewards,Curriculum,Rewards,1014,2,0,p1
Curriculum_vs_Rewards,Curriculum,Rewards,1015,2,1,p1
Curriculum_vs_Rewards,Curriculum,Rewards,1016,2,0,p1
Curriculum_vs_Rewards,Curriculum,Rewards,1017,2,0,p1
Curriculum_vs_Rewards,Curriculum,Rewards,1018,2,0,p1
Curriculum_vs_Rewards,Curriculum,Rewards,1019,2,0,p1
Curriculum_vs_Rewards,Curriculum,Rewards,1020,2,0,p1
Curriculum_vs_Rewards,Curriculum,Rewards,1021,2,1,p1
Curriculum_vs_Rewards,Curriculum,Rewards,1022,2,0,p1
Curriculum_vs_Rewards,Curriculum,Rewards,1023,2,0,p1
Curriculum_vs_Rewards,Curriculum,Rewards,1024,2,0,p1
Curriculum_vs_Rewards,Curriculum,Rewards,1025,2,0,p1
Curriculum_vs_Rewards,Curriculum,Rewards,1026,2,1,p1
Curriculum_vs_Rewards,Curriculum,Rewards,1027,2,0,p1
Curriculum_vs_Rewards,Curriculum,Rewards,1028,2,0,p1
Curriculum_vs_Rewards,Curriculum,Rewards,1029,2,0,p1
Curriculum_vs_Rewards,Curriculum,Rewards,1030,2,0,p1
Curriculum_vs_Rewards,Curriculum,Rewards,1031,2,0,p1
Curriculum_vs_Rewards,Curriculum,Rewards,1032,1,0,p1
Curriculum_vs_Rewards,Curriculum,Rewards,1033,2,0,p1
Curriculum_vs_Rewards,Curriculum,Rewards,1034,2,1,p1
Curriculum_vs_Rewards,Curriculum,Rewards,1035,0,2,p2
Curriculum_vs_Rewards,Curriculum,Rewards,1036,2,0,p1
Curriculum_vs_Rewards,Curriculum,Rewards,1037,2,0,p1
Curriculum_vs_Rewards,Curriculum,Rewards,1038,2,0,p1
Curriculum_vs_Rewards,Curriculum,Rewards,1039,2,0,p1
Curriculum_vs_Rewards,Curriculum,Rewards,1040,2,0,p1
Curriculum_vs_Rewards,Curriculum,Rewards,1041,2,1,p1
Curriculum_vs_Rewards,Curriculum,Rewards,1042,2,1,p1
Curriculum_vs_Rewards,Curriculum,Rewards,1043,1,1,draw
Curriculum_vs_Rewards,Curriculum,Rewards,1044,2,0,p1
Curriculum_vs_Rewards,Curriculum,Rewards,1045,2,0,p1
Curriculum_vs_Rewards,Curriculum,Rewards,1046,2,0,p1
Curriculum_vs_Rewards,Curriculum,Rewards,1047,2,0,p1
Curriculum_vs_Rewards,Curriculum,Rewards,1048,2,0,p1
Curriculum_vs_Rewards,Curriculum,Rewards,1049,2,0,p1
Curriculum_vs_Rewards,Curriculum,Rewards,1050,2,0,p1
Curriculum_vs_Rewards,Curriculum,Rewards,1051,2,0,p1
Curriculum_vs_Rewards,Curriculum,Rewards,1052,2,0,p1
Curriculum_vs_Rewards,Curriculum,Rewards,1053,2,1,p1
Curriculum_vs_Rewards,Curriculum,Rewards,1054,2,0,p1
Curriculum_vs_Rewards,Curriculum,Rewards,1055,2,0,p1
Curriculum_vs_Rewards,Curriculum,Rewards,1056,2,0,p1
Curriculum_vs_Rewards,Curriculum,Rewards,1057,2,0,p1
Curriculum_vs_Rewards,Curriculum,Rewards,1058,2,0,p1
Curriculum_vs_Rewards,Curriculum,Rewards,1059,2,0,p1
Curriculum_vs_Rewards,Curriculum,Rewards,1060,2,1,p1
Curriculum_vs_Rewards,Curriculum,Rewards,1061,2,0,p1
Curriculum_vs_Rewards,Curriculum,Rewards,1062,2,1,p1
Curriculum_vs_Rewards,Curriculum,Rewards,1063,2,0,p1
Curriculum_vs_Rewards,Curriculum,Rewards,1064,2,0,p1
Curriculum_vs_Rewards,Curriculum,Rewards,1065,2,1,p1
Curriculum_vs_Rewards,Curriculum,Rewards,1066,2,1,p1
Curriculum_vs_Rewards,Curriculum,Rewards,1067,2,0,p1
Curriculum_vs_Rewards,Curriculum,Rewards,1068,2,0,p1
Curriculum_vs_Rewards,Curriculum,Rewards,1069,2,0,p1
Curriculum_vs_Rewards,Curriculum,Rewards,1070,2,0,p1
Curriculum_vs_Rewards,Curriculum,Rewards,1071,2,0,p1
Curriculum_vs_Rewards,Curriculum,Rewards,1072,2,0,p1
Curriculum_vs_Rewards,Curriculum,Rewards,1073,2,0,p1
Curriculum_vs_Rewards,Curriculum,Rewards,1074,2,0,p1
Curriculum_vs_Rewards,Curriculum,Rewards,1075,1,2,p2
Curriculum_vs_Rewards,Curriculum,Rewards,1076,2,0,p1
Curriculum_vs_Rewards,Curriculum,Rewards,1077,2,0,p1
Curriculum_vs_Rewards,Curriculum,Rewards,1078,2,0,p1
Curriculum_vs_Rewards,Curriculum,Rewards,1079,2,0,p1
Curriculum_vs_Rewards,Curriculum,Rewards,1080,2,0,p1
Curriculum_vs_Rewards,Curriculum,Rewards,1081,2,1,p1
Curriculum_vs_Rewards,Curriculum,Rewards,1082,2,0,p1
Curriculum_vs_Rewards,Curriculum,Rewards,1083,2,0,p1
Curriculum_vs_Rewards,Curriculum,Rewards,1084,2,0,p1
Curriculum_vs_Rewards,Curriculum,Rewards,1085,2,0,p1
Curriculum_vs_Rewards,Curriculum,Rewards,1086,2,1,p1
Curriculum_vs_Rewards,Curriculum,Rewards,1087,2,0,p1
Curriculum_vs_Rewards,Curriculum,Rewards,1088,2,0,p1
Curriculum_vs_Rewards,Curriculum,Rewards,1089,2,0,p1
Curriculum_vs_Rewards,Curriculum,Rewards,1090,2,0,p1
Curriculum_vs_Rewards,Curriculum,Rewards,1091,2,0,p1
Curriculum_vs_Rewards,Curriculum,Rewards,1092,2,0,p1
Curriculum_vs_Rewards,Curriculum,Rewards,1093,2,0,p1
Curriculum_vs_Rewards,Curriculum,Rewards,1094,2,0,p1
Curriculum_vs_Rewards,Curriculum,Rewards,1095,2,0,p1
Curriculum_vs_Rewards,Curriculum,Rewards,1096,2,1,p1
Curriculum_vs_Rewards,Curriculum,Rewards,1097,2,0,p1
Curriculum_vs_Rewards,Curriculum,Rewards,1098,2,0,p1
Curriculum_vs_Rewards,Curriculum,Rewards,1099,2,0,p1
Curriculum_vs_Rewards,Curriculum,Rewards,1100,2,0,p1
Curriculum_vs_Rewards,Curriculum,Rewards,1101,2,0,p1
Curriculum_vs_Rewards,Curriculum,Rewards,1102,2,0,p1
Curriculum_vs_Rewards,Curriculum,Rewards,1103,0,2,p2
Curriculum_vs_Rewards,Curriculum,Rewards,1104,2,0,p1
Curriculum_vs_Rewards,Curriculum,Rewards,1105,2,0,p1
Curriculum_vs_Rewards,Curriculum,Rewards,1106,2,0,p1
Curriculum_vs_Rewards,Curriculum,Rewards,1107,2,0,p1
Curriculum_vs_Rewards,Curriculum,Rewards,1108,2,0,p1
Curriculum_vs_Rewards,Curriculum,Rewards,1109,2,0,p1
Curriculum_vs_Rewards,Curriculum,Rewards,1110,2,0,p1
Curriculum_vs_Rewards,Curriculum,Rewards,1111,2,0,p1
Curriculum_vs_Rewards,Curriculum,Rewards,1112,2,0,p1
Curriculum_vs_Rewards,Curriculum,Rewards,1113,2,0,p1
Curriculum_vs_Rewards,Curriculum,Rewards,1114,2,0,p1
Curriculum_vs_Rewards,Curriculum,Rewards,1115,2,0,p1
Curriculum_vs_Rewards,Curriculum,Rewards,1116,2,0,p1
Curriculum_vs_Rewards,Curriculum,Rewards,1117,2,0,p1
Curriculum_vs_Rewards,Curriculum,Rewards,1118,2,0,p1
Curriculum_vs_Rewards,Curriculum,Rewards,1119,2,0,p1
Curriculum_vs_Rewards,Curriculum,Rewards,1120,2,0,p1
Curriculum_vs_Rewards,Curriculum,Rewards,1121,2,0,p1
Curriculum_vs_Rewards,Curriculum,Rewards,1122,2,1,p1
Curriculum_vs_Rewards,Curriculum,Rewards,1123,2,1,p1
Curriculum_vs_Rewards,Curriculum,Rewards,1124,2,0,p1
Curriculum_vs_Rewards,Curriculum,Rewards,1125,2,0,p1
Curriculum_vs_Rewards,Curriculum,Rewards,1126,2,0,p1
Curriculum_vs_Rewards,Curriculum,Rewards,1127,2,0,p1
Curriculum_vs_Rewards,Curriculum,Rewards,1128,2,1,p1
Curriculum_vs_Rewards,Curriculum,Rewards,1129,2,0,p1
Curriculum_vs_Rewards,Curriculum,Rewards,1130,2,1,p1
Curriculum_vs_Rewards,Curriculum,Rewards,1131,2,1,p1
Curriculum_vs_Rewards,Curriculum,Rewards,1132,2,1,p1
Curriculum_vs_Rewards,Curriculum,Rewards,1133,2,0,p1
Curriculum_vs_Rewards,Curriculum,Rewards,1134,2,1,p1
Curriculum_vs_Rewards,Curriculum,Rewards,1135,2,0,p1
Curriculum_vs_Rewards,Curriculum,Rewards,1136,2,1,p1
Curriculum_vs_Rewards,Curriculum,Rewards,1137,2,1,p1
Curriculum_vs_Rewards,Curriculum,Rewards,1138,2,1,p1
Curriculum_vs_Rewards,Curriculum,Rewards,1139,2,1,p1
Curriculum_vs_Rewards,Curriculum,Rewards,1140,2,0,p1
Curriculum_vs_Rewards,Curriculum,Rewards,1141,2,0,p1
Curriculum_vs_Rewards,Curriculum,Rewards,1142,2,0,p1
Curriculum_vs_Rewards,Curriculum,Rewards,1143,0,2,p2
Curriculum_vs_Rewards,Curriculum,Rewards,1144,2,1,p1
Curriculum_vs_Rewards,Curriculum,Rewards,1145,2,1,p1
Curriculum_vs_Rewards,Curriculum,Rewards,1146,2,0,p1
Curriculum_vs_Rewards,Curriculum,Rewards,1147,2,1,p1
Curriculum_vs_Rewards,Curriculum,Rewards,1148,2,0,p1
Curriculum_vs_Rewards,Curriculum,Rewards,1149,2,1,p1
Curriculum_vs_Rewards,Curriculum,Rewards,1150,2,1,p1
Curriculum_vs_Rewards,Curriculum,Rewards,1151,2,0,p1
Curriculum_vs_Rewards,Curriculum,Rewards,1152,2,0,p1
Curriculum_vs_Rewards,Curriculum,Rewards,1153,2,0,p1
Curriculum_vs_Rewards,Curriculum,Rewards,1154,2,0,p1
Curriculum_vs_Rewards,Curriculum,Rewards,1155,2,0,p1
Curriculum_vs_Rewards,Curriculum,Rewards,1156,2,0,p1
Curriculum_vs_Rewards,Curriculum,Rewards,1157,2,0,p1
Curriculum_vs_Rewards,Curriculum,Rewards,1158,2,0,p1
Curriculum_vs_Rewards,Curriculum,Rewards,1159,2,0,p1
Curriculum_vs_Rewards,Curriculum,Rewards,1160,2,0,p1
Curriculum_vs_Rewards,Curriculum,Rewards,1161,2,0,p1
Curriculum_vs_Rewards,Curriculum,Rewards,1162,2,0,p1
Curriculum_vs_Rewards,Curriculum,Rewards,1163,2,0,p1
Curriculum_vs_Rewards,Curriculum,Rewards,1164,2,0,p1
Curriculum_vs_Rewards,Curriculum,Rewards,1165,2,0,p1
Curriculum_vs_Rewards,Curriculum,Rewards,1166,2,0,p1
Curriculum_vs_Rewards,Curriculum,Rewards,1167,0,2,p2
Curriculum_vs_Rewards,Curriculum,Rewards,1168,2,1,p1
Curriculum_vs_Rewards,Curriculum,Rewards,1169,2,0,p1
Curriculum_vs_Rewards,Curriculum,Rewards,1170,2,1,p1
Curriculum_vs_Rewards,Curriculum,Rewards,1171,2,0,p1
Curriculum_vs_Rewards,Curriculum,Rewards,1172,0,2,p2
Curriculum_vs_Rewards,Curriculum,Rewards,1173,2,0,p1
Curriculum_vs_Rewards,Curriculum,Rewards,1174,2,0,p1
Curriculum_vs_Rewards,Curriculum,Rewards,1175,2,0,p1
Curriculum_vs_Rewards,Curriculum,Rewards,1176,2,0,p1
Curriculum_vs_Rewards,Curriculum,Rewards,1177,2,0,p1
Curriculum_vs_Rewards,Curriculum,Rewards,1178,2,0,p1
Curriculum_vs_Rewards,Curriculum,Rewards,1179,2,1,p1
Curriculum_vs_Rewards,Curriculum,Rewards,1180,2,1,p1
Curriculum_vs_Rewards,Curriculum,Rewards,1181,2,0,p1
Curriculum_vs_Rewards,Curriculum,Rewards,1182,2,0,p1
Curriculum_vs_Rewards,Curriculum,Rewards,1183,2,0,p1
Curriculum_vs_Rewards,Curriculum,Rewards,1184,2,0,p1
Curriculum_vs_Rewards,Curriculum,Rewards,1185,2,0,p1
Curriculum_vs_Rewards,Curriculum,Rewards,1186,2,0,p1
Curriculum_vs_Rewards,Curriculum,Rewards,1187,2,0,p1
Curriculum_vs_Rewards,Curriculum,Rewards,1188,2,0,p1
Curriculum_vs_Rewards,Curriculum,Rewards,1189,2,0,p1
Curriculum_vs_Rewards,Curriculum,Rewards,1190,2,0,p1
Curriculum_vs_Rewards,Curriculum,Rewards,1191,2,0,p1
Curriculum_vs_Rewards,Curriculum,Rewards,1192,2,0,p1
Curriculum_vs_Rewards,Curriculum,Rewards,1193,2,0,p1
Curriculum_vs_Rewards,Curriculum,Rewards,1194,2,0,p1
Curriculum_vs_Rewards,Curriculum,Rewards,1195,2,0,p1
Curriculum_vs_Rewards,Curriculum,Rewards,1196,2,1,p1
Curriculum_vs_Rewards,Curriculum,Rewards,1197,2,0,p1
Curriculum_vs_Rewards,Curriculum,Rewards,1198,2,0,p1
Curriculum_vs_Rewards,Curriculum,Rewards,1199,2,0,p1
Curriculum_vs_Rewards,Curriculum,Rewards,1200,2,0,p1
Curriculum_vs_Rewards,Curriculum,Rewards,1201,2,0,p1
Curriculum_vs_Rewards,Curriculum,Rewards,1202,2,0,p1
Curriculum_vs_Rewards,Curriculum,Rewards,1203,2,0,p1
Curriculum_vs_Rewards,Curriculum,Rewards,1204,2,0,p1
Curriculum_vs_Rewards,Curriculum,Rewards,1205,2,0,p1
Curriculum_vs_Rewards,Curriculum,Rewards,1206,2,0,p1
Curriculum_vs_Rewards,Curriculum,Rewards,1207,2,0,p1
Curriculum_vs_Rewards,Curriculum,Rewards,1208,2,0,p1
Curriculum_vs_Rewards,Curriculum,Rewards,1209,2,0,p1
Curriculum_vs_Rewards,Curriculum,Rewards,1210,2,0,p1
Curriculum_vs_Rewards,Curriculum,Rewards,1211,2,1,p1
Curriculum_vs_Rewards,Curriculum,Rewards,1212,2,0,p1
Curriculum_vs_Rewards,Curriculum,Rewards,1213,2,0,p1
Curriculum_vs_Rewards,Curriculum,Rewards,1214,2,0,p1
Curriculum_vs_Rewards,Curriculum,Rewards,1215,2,1,p1
Curriculum_vs_Rewards,Curriculum,Rewards,1216,2,0,p1
Curriculum_vs_Rewards,Curriculum,Rewards,1217,2,0,p1
Curriculum_vs_Rewards,Curriculum,Rewards,1218,2,0,p1
Curriculum_vs_Rewards,Curriculum,Rewards,1219,2,1,p1
Curriculum_vs_Rewards,Curriculum,Rewards,1220,2,0,p1
Curriculum_vs_Rewards,Curriculum,Rewards,1221,1,2,p2
Curriculum_vs_Rewards,Curriculum,Rewards,1222,2,1,p1
Curriculum_vs_Rewards,Curriculum,Rewards,1223,2,0,p1
Curriculum_vs_Rewards,Curriculum,Rewards,1224,2,0,p1
Curriculum_vs_Rewards,Curriculum,Rewards,1225,0,2,p2
Curriculum_vs_Rewards,Curriculum,Rewards,1226,2,1,p1
Curriculum_vs_Rewards,Curriculum,Rewards,1227,2,0,p1
Curriculum_vs_Rewards,Curriculum,Rewards,1228,2,0,p1
Curriculum_vs_Rewards,Curriculum,Rewards,1229,2,1,p1
Curriculum_vs_Rewards,Curriculum,Rewards,1230,2,0,p1
Curriculum_vs_Rewards,Curriculum,Rewards,1231,2,0,p1
Curriculum_vs_Rewards,Curriculum,Rewards,1232,2,0,p1
Curriculum_vs_Rewards,Curriculum,Rewards,1233,2,0,p1
Curriculum_vs_Rewards,Curriculum,Rewards,1234,2,0,p1
Curriculum_vs_Rewards,Curriculum,Rewards,1235,2,0,p1
Curriculum_vs_Rewards,Curriculum,Rewards,1236,2,0,p1
Curriculum_vs_Rewards,Curriculum,Rewards,1237,2,0,p1
Curriculum_vs_Rewards,Curriculum,Rewards,1238,2,0,p1
Curriculum_vs_Rewards,Curriculum,Rewards,1239,2,1,p1
Curriculum_vs_Rewards,Curriculum,Rewards,1240,2,0,p1
Curriculum_vs_Rewards,Curriculum,Rewards,1241,2,0,p1
Curriculum_vs_Rewards,Curriculum,Rewards,1242,2,0,p1
Curriculum_vs_Rewards,Curriculum,Rewards,1243,2,0,p1
Curriculum_vs_Rewards,Curriculum,Rewards,1244,0,2,p2
Curriculum_vs_Rewards,Curriculum,Rewards,1245,2,0,p1
Curriculum_vs_Rewards,Curriculum,Rewards,1246,2,0,p1
Curriculum_vs_Rewards,Curriculum,Rewards,1247,2,1,p1
Curriculum_vs_Rewards,Curriculum,Rewards,1248,1,2,p2
Curriculum_vs_Rewards,Curriculum,Rewards,1249,2,0,p1
Curriculum_vs_Rewards,Curriculum,Rewards,1250,2,0,p1
Curriculum_vs_Rewards,Curriculum,Rewards,1251,1,2,p2
Curriculum_vs_Rewards,Curriculum,Rewards,1252,2,1,p1
Curriculum_vs_Rewards,Curriculum,Rewards,1253,2,0,p1
Curriculum_vs_Rewards,Curriculum,Rewards,1254,2,0,p1
Curriculum_vs_Rewards,Curriculum,Rewards,1255,2,0,p1
Curriculum_vs_Rewards,Curriculum,Rewards,1256,2,0,p1
Curriculum_vs_Rewards,Curriculum,Rewards,1257,2,0,p1
Curriculum_vs_Rewards,Curriculum,Rewards,1258,2,0,p1
Curriculum_vs_Rewards,Curriculum,Rewards,1259,2,0,p1
Curriculum_vs_Rewards,Curriculum,Rewards,1260,0,2,p2
Curriculum_vs_Rewards,Curriculum,Rewards,1261,2,0,p1
Curriculum_vs_Rewards,Curriculum,Rewards,1262,2,0,p1
Curriculum_vs_Rewards,Curriculum,Rewards,1263,2,0,p1
Curriculum_vs_Rewards,Curriculum,Rewards,1264,2,0,p1
Curriculum_vs_Rewards,Curriculum,Rewards,1265,2,1,p1
Curriculum_vs_Rewards,Curriculum,Rewards,1266,2,0,p1
Curriculum_vs_Rewards,Curriculum,Rewards,1267,2,0,p1
Curriculum_vs_Rewards,Curriculum,Rewards,1268,2,0,p1
Curriculum_vs_Rewards,Curriculum,Rewards,1269,2,0,p1
Curriculum_vs_Rewards,Curriculum,Rewards,1270,1,2,p2
Curriculum_vs_Rewards,Curriculum,Rewards,1271,2,0,p1
Curriculum_vs_Rewards,Curriculum,Rewards,1272,2,0,p1
Curriculum_vs_Rewards,Curriculum,Rewards,1273,2,0,p1
Curriculum_vs_Rewards,Curriculum,Rewards,1274,2,0,p1
Curriculum_vs_Rewards,Curriculum,Rewards,1275,2,0,p1
Curriculum_vs_Rewards,Curriculum,Rewards,1276,2,0,p1
Curriculum_vs_Rewards,Curriculum,Rewards,1277,2,0,p1
Curriculum_vs_Rewards,Curriculum,Rewards,1278,2,0,p1
Curriculum_vs_Rewards,Curriculum,Rewards,1279,2,0,p1
Curriculum_vs_Rewards,Curriculum,Rewards,1280,2,0,p1
Curriculum_vs_Rewards,Curriculum,Rewards,1281,2,0,p1
Curriculum_vs_Rewards,Curriculum,Rewards,1282,0,2,p2
Curriculum_vs_Rewards,Curriculum,Rewards,1283,2,0,p1
Curriculum_vs_Rewards,Curriculum,Rewards,1284,2,1,p1
Curriculum_vs_Rewards,Curriculum,Rewards,1285,2,0,p1
Curriculum_vs_Rewards,Curriculum,Rewards,1286,2,0,p1
Curriculum_vs_Rewards,Curriculum,Rewards,1287,2,0,p1
Curriculum_vs_Rewards,Curriculum,Rewards,1288,1,2,p2
Curriculum_vs_Rewards,Curriculum,Rewards,1289,2,0,p1
Curriculum_vs_Rewards,Curriculum,Rewards,1290,2,0,p1
Curriculum_vs_Rewards,Curriculum,Rewards,1291,1,2,p2
Curriculum_vs_Rewards,Curriculum,Rewards,1292,2,0,p1
Curriculum_vs_Rewards,Curriculum,Rewards,1293,2,0,p1
Curriculum_vs_Rewards,Curriculum,Rewards,1294,2,0,p1
Curriculum_vs_Rewards,Curriculum,Rewards,1295,2,1,p1
Curriculum_vs_Rewards,Curriculum,Rewards,1296,2,0,p1
Curriculum_vs_Rewards,Curriculum,Rewards,1297,2,0,p1
Curriculum_vs_Rewards,Curriculum,Rewards,1298,2,0,p1
Curriculum_vs_Rewards,Curriculum,Rewards,1299,2,0,p1
Curriculum_vs_Rewards,Curriculum,Rewards,1300,2,0,p1
Curriculum_vs_Rewards,Curriculum,Rewards,1301,2,0,p1
Curriculum_vs_Rewards,Curriculum,Rewards,1302,2,0,p1
Curriculum_vs_Rewards,Curriculum,Rewards,1303,2,0,p1
Curriculum_vs_Rewards,Curriculum,Rewards,1304,2,0,p1
Curriculum_vs_Rewards,Curriculum,Rewards,1305,2,1,p1
Curriculum_vs_Rewards,Curriculum,Rewards,1306,2,1,p1
Curriculum_vs_Rewards,Curriculum,Rewards,1307,2,1,p1
Curriculum_vs_Rewards,Curriculum,Rewards,1308,2,1,p1
Curriculum_vs_Rewards,Curriculum,Rewards,1309,2,0,p1
Curriculum_vs_Rewards,Curriculum,Rewards,1310,2,0,p1
Curriculum_vs_Rewards,Curriculum,Rewards,1311,2,0,p1
Curriculum_vs_Rewards,Curriculum,Rewards,1312,2,0,p1
Curriculum_vs_Rewards,Curriculum,Rewards,1313,2,0,p1
Curriculum_vs_Rewards,Curriculum,Rewards,1314,2,0,p1
Curriculum_vs_Rewards,Curriculum,Rewards,1315,2,1,p1
Curriculum_vs_Rewards,Curriculum,Rewards,1316,2,0,p1
Curriculum_vs_Rewards,Curriculum,Rewards,1317,2,1,p1
Curriculum_vs_Rewards,Curriculum,Rewards,1318,1,2,p2
Curriculum_vs_Rewards,Curriculum,Rewards,1319,2,0,p1
Curriculum_vs_Rewards,Curriculum,Rewards,1320,2,0,p1
Curriculum_vs_Rewards,Curriculum,Rewards,1321,2,0,p1
Curriculum_vs_Rewards,Curriculum,Rewards,1322,2,0,p1
Curriculum_vs_Rewards,Curriculum,Rewards,1323,2,0,p1
Curriculum_vs_Rewards,Curriculum,Rewards,1324,2,1,p1
Curriculum_vs_Rewards,Curriculum,Rewards,1325,2,0,p1
Curriculum_vs_Rewards,Curriculum,Rewards,1326,2,0,p1
Curriculum_vs_Rewards,Curriculum,Rewards,1327,2,0,p1
Curriculum_vs_Rewards,Curriculum,Rewards,1328,2,0,p1
Curriculum_vs_Rewards,Curriculum,Rewards,1329,2,0,p1
Curriculum_vs_Rewards,Curriculum,Rewards,1330,2,0,p1
Curriculum_vs_Rewards,Curriculum,Rewards,1331,2,1,p1
Curriculum_vs_Rewards,Curriculum,Rewards,1332,2,0,p1
Curriculum_vs_Rewards,Curriculum,Rewards,1333,2,0,p1
Curriculum_vs_Rewards,Curriculum,Rewards,1334,2,0,p1
Curriculum_vs_Rewards,Curriculum,Rewards,1335,2,1,p1
Curriculum_vs_Rewards,Curriculum,Rewards,1336,2,0,p1
Curriculum_vs_Rewards,Curriculum,Rewards,1337,2,1,p1
Curriculum_vs_Rewards,Curriculum,Rewards,1338,2,1,p1
Curriculum_vs_Rewards,Curriculum,Rewards,1339,0,2,p2
Curriculum_vs_Rewards,Curriculum,Rewards,1340,2,0,p1
Curriculum_vs_Rewards,Curriculum,Rewards,1341,2,0,p1
Curriculum_vs_Rewards,Curriculum,Rewards,1342,2,0,p1
Curriculum_vs_Rewards,Curriculum,Rewards,1343,2,0,p1
Curriculum_vs_Rewards,Curriculum,Rewards,1344,2,0,p1
Curriculum_vs_Rewards,Curriculum,Rewards,1345,2,0,p1
Curriculum_vs_Rewards,Curriculum,Rewards,1346,2,1,p1
Curriculum_vs_Rewards,Curriculum,Rewards,1347,2,0,p1
Curriculum_vs_Rewards,Curriculum,Rewards,1348,2,0,p1
Curriculum_vs_Rewards,Curriculum,Rewards,1349,2,0,p1
Curriculum_vs_Rewards,Curriculum,Rewards,1350,2,0,p1
Curriculum_vs_Rewards,Curriculum,Rewards,1351,2,0,p1
Curriculum_vs_Rewards,Curriculum,Rewards,1352,2,0,p1
Curriculum_vs_Rewards,Curriculum,Rewards,1353,2,0,p1
Curriculum_vs_Rewards,Curriculum,Rewards,1354,2,0,p1
Curriculum_vs_Rewards,Curriculum,Rewards,1355,2,1,p1
Curriculum_vs_Rewards,Curriculum,Rewards,1356,2,0,p1
Curriculum_vs_Rewards,Curriculum,Rewards,1357,2,1,p1
Curriculum_vs_Rewards,Curriculum,Rewards,1358,2,0,p1
Curriculum_vs_Rewards,Curriculum,Rewards,1359,2,1,p1
Curriculum_vs_Rewards,Curriculum,Rewards,1360,0,2,p2
Curriculum_vs_Rewards,Curriculum,Rewards,1361,1,2,p2
Curriculum_vs_Rewards,Curriculum,Rewards,1362,2,0,p1
Curriculum_vs_Rewards,Curriculum,Rewards,1363,2,0,p1
Curriculum_vs_Rewards,Curriculum,Rewards,1364,2,0,p1
Curriculum_vs_Rewards,Curriculum,Rewards,1365,2,0,p1
Curriculum_vs_Rewards,Curriculum,Rewards,1366,2,0,p1
Curriculum_vs_Rewards,Curriculum,Rewards,1367,2,0,p1
Curriculum_vs_Rewards,Curriculum,Rewards,1368,2,0,p1
Curriculum_vs_Rewards,Curriculum,Rewards,1369,2,1,p1
Curriculum_vs_Rewards,Curriculum,Rewards,1370,2,0,p1
Curriculum_vs_Rewards,Curriculum,Rewards,1371,2,0,p1
Curriculum_vs_Rewards,Curriculum,Rewards,1372,2,1,p1
Curriculum_vs_Rewards,Curriculum,Rewards,1373,2,0,p1
Curriculum_vs_Rewards,Curriculum,Rewards,1374,2,0,p1
Curriculum_vs_Rewards,Curriculum,Rewards,1375,2,0,p1
Curriculum_vs_Rewards,Curriculum,Rewards,1376,2,0,p1
Curriculum_vs_Rewards,Curriculum,Rewards,1377,2,1,p1
Curriculum_vs_Rewards,Curriculum,Rewards,1378,2,0,p1
Curriculum_vs_Rewards,Curriculum,Rewards,1379,2,0,p1
Curriculum_vs_Rewards,Curriculum,Rewards,1380,2,0,p1
Curriculum_vs_Rewards,Curriculum,Rewards,1381,2,0,p1
Curriculum_vs_Rewards,Curriculum,Rewards,1382,0,2,p2
Curriculum_vs_Rewards,Curriculum,Rewards,1383,2,0,p1
Curriculum_vs_Rewards,Curriculum,Rewards,1384,2,0,p1
Curriculum_vs_Rewards,Curriculum,Rewards,1385,2,1,p1
Curriculum_vs_Rewards,Curriculum,Rewards,1386,2,0,p1
Curriculum_vs_Rewards,Curriculum,Rewards,1387,2,0,p1
Curriculum_vs_Rewards,Curriculum,Rewards,1388,2,0,p1
Curriculum_vs_Rewards,Curriculum,Rewards,1389,2,0,p1
Curriculum_vs_Rewards,Curriculum,Rewards,1390,1,2,p2
Curriculum_vs_Rewards,Curriculum,Rewards,1391,2,0,p1
Curriculum_vs_Rewards,Curriculum,Rewards,1392,2,0,p1
Curriculum_vs_Rewards,Curriculum,Rewards,1393,2,0,p1
Curriculum_vs_Rewards,Curriculum,Rewards,1394,1,1,draw
Curriculum_vs_Rewards,Curriculum,Rewards,1395,2,0,p1
Curriculum_vs_Rewards,Curriculum,Rewards,1396,2,0,p1
Curriculum_vs_Rewards,Curriculum,Rewards,1397,2,0,p1
Curriculum_vs_Rewards,Curriculum,Rewards,1398,2,0,p1
Curriculum_vs_Rewards,Curriculum,Rewards,1399,2,0,p1
Curriculum_vs_Rewards,Curriculum,Rewards,1400,2,0,p1
Curriculum_vs_Rewards,Curriculum,Rewards,1401,2,0,p1
Curriculum_vs_Rewards,Curriculum,Rewards,1402,2,1,p1
Curriculum_vs_Rewards,Curriculum,Rewards,1403,2,1,p1
Curriculum_vs_Rewards,Curriculum,Rewards,1404,2,0,p1
Curriculum_vs_Rewards,Curriculum,Rewards,1405,2,0,p1
Curriculum_vs_Rewards,Curriculum,Rewards,1406,2,0,p1
Curriculum_vs_Rewards,Curriculum,Rewards,1407,2,0,p1
Curriculum_vs_Rewards,Curriculum,Rewards,1408,2,1,p1
Curriculum_vs_Rewards,Curriculum,Rewards,1409,2,0,p1
Curriculum_vs_Rewards,Curriculum,Rewards,1410,1,2,p2
Curriculum_vs_Rewards,Curriculum,Rewards,1411,2,0,p1
Curriculum_vs_Rewards,Curriculum,Rewards,1412,2,1,p1
Curriculum_vs_Rewards,Curriculum,Rewards,1413,2,0,p1
Curriculum_vs_Rewards,Curriculum,Rewards,1414,2,0,p1
Curriculum_vs_Rewards,Curriculum,Rewards,1415,2,0,p1
Curriculum_vs_Rewards,Curriculum,Rewards,1416,2,0,p1
Curriculum_vs_Rewards,Curriculum,Rewards,1417,2,0,p1
Curriculum_vs_Rewards,Curriculum,Rewards,1418,2,0,p1
Curriculum_vs_Rewards,Curriculum,Rewards,1419,2,0,p1
Curriculum_vs_Rewards,Curriculum,Rewards,1420,2,0,p1
Curriculum_vs_Rewards,Curriculum,Rewards,1421,2,1,p1
Curriculum_vs_Rewards,Curriculum,Rewards,1422,1,0,p1
Curriculum_vs_Rewards,Curriculum,Rewards,1423,2,0,p1
Curriculum_vs_Rewards,Curriculum,Rewards,1424,2,1,p1
Curriculum_vs_Rewards,Curriculum,Rewards,1425,2,0,p1
Curriculum_vs_Rewards,Curriculum,Rewards,1426,2,0,p1
Curriculum_vs_Rewards,Curriculum,Rewards,1427,1,2,p2
Curriculum_vs_Rewards,Curriculum,Rewards,1428,2,0,p1
Curriculum_vs_Rewards,Curriculum,Rewards,1429,2,0,p1
Curriculum_vs_Rewards,Curriculum,Rewards,1430,2,1,p1
Curriculum_vs_Rewards,Curriculum,Rewards,1431,2,1,p1
Curriculum_vs_Rewards,Curriculum,Rewards,1432,2,0,p1
Curriculum_vs_Rewards,Curriculum,Rewards,1433,2,0,p1
Curriculum_vs_Rewards,Curriculum,Rewards,1434,2,0,p1
Curriculum_vs_Rewards,Curriculum,Rewards,1435,2,1,p1
Curriculum_vs_Rewards,Curriculum,Rewards,1436,2,0,p1
Curriculum_vs_Rewards,Curriculum,Rewards,1437,2,0,p1
Curriculum_vs_Rewards,Curriculum,Rewards,1438,2,0,p1
Curriculum_vs_Rewards,Curriculum,Rewards,1439,2,0,p1
Curriculum_vs_Rewards,Curriculum,Rewards,1440,2,0,p1
Curriculum_vs_Rewards,Curriculum,Rewards,1441,2,1,p1
Curriculum_vs_Rewards,Curriculum,Rewards,1442,2,0,p1
Curriculum_vs_Rewards,Curriculum,Rewards,1443,2,0,p1
Curriculum_vs_Rewards,Curriculum,Rewards,1444,2,1,p1
Curriculum_vs_Rewards,Curriculum,Rewards,1445,2,0,p1
Curriculum_vs_Rewards,Curriculum,Rewards,1446,2,0,p1
Curriculum_vs_Rewards,Curriculum,Rewards,1447,2,0,p1
Curriculum_vs_Rewards,Curriculum,Rewards,1448,2,0,p1
Curriculum_vs_Rewards,Curriculum,Rewards,1449,2,0,p1
Curriculum_vs_Rewards,Curriculum,Rewards,1450,2,1,p1
Curriculum_vs_Rewards,Curriculum,Rewards,1451,2,1,p1
Curriculum_vs_Rewards,Curriculum,Rewards,1452,2,0,p1
Curriculum_vs_Rewards,Curriculum,Rewards,1453,2,0,p1
Curriculum_vs_Rewards,Curriculum,Rewards,1454,2,1,p1
Curriculum_vs_Rewards,Curriculum,Rewards,1455,2,0,p1
Curriculum_vs_Rewards,Curriculum,Rewards,1456,2,1,p1
Curriculum_vs_Rewards,Curriculum,Rewards,1457,2,0,p1
Curriculum_vs_Rewards,Curriculum,Rewards,1458,2,0,p1
Curriculum_vs_Rewards,Curriculum,Rewards,1459,1,2,p2
Curriculum_vs_Rewards,Curriculum,Rewards,1460,2,0,p1
Curriculum_vs_Rewards,Curriculum,Rewards,1461,2,1,p1
Curriculum_vs_Rewards,Curriculum,Rewards,1462,2,1,p1
Curriculum_vs_Rewards,Curriculum,Rewards,1463,2,0,p1
Curriculum_vs_Rewards,Curriculum,Rewards,1464,2,0,p1
Curriculum_vs_Rewards,Curriculum,Rewards,1465,2,0,p1
Curriculum_vs_Rewards,Curriculum,Rewards,1466,2,0,p1
Curriculum_vs_Rewards,Curriculum,Rewards,1467,2,0,p1
Curriculum_vs_Rewards,Curriculum,Rewards,1468,2,0,p1
Curriculum_vs_Rewards,Curriculum,Rewards,1469,2,0,p1
Curriculum_vs_Rewards,Curriculum,Rewards,1470,2,0,p1
Curriculum_vs_Rewards,Curriculum,Rewards,1471,0,2,p2
Curriculum_vs_Rewards,Curriculum,Rewards,1472,2,1,p1
Curriculum_vs_Rewards,Curriculum,Rewards,1473,2,0,p1
Curriculum_vs_Rewards,Curriculum,Rewards,1474,2,1,p1
Curriculum_vs_Rewards,Curriculum,Rewards,1475,2,0,p1
Curriculum_vs_Rewards,Curriculum,Rewards,1476,2,0,p1
Curriculum_vs_Rewards,Curriculum,Rewards,1477,2,0,p1
Curriculum_vs_Rewards,Curriculum,Rewards,1478,2,1,p1
Curriculum_vs_Rewards,Curriculum,Rewards,1479,2,0,p1
Curriculum_vs_Rewards,Curriculum,Rewards,1480,2,0,p1
Curriculum_vs_Rewards,Curriculum,Rewards,1481,2,0,p1
Curriculum_vs_Rewards,Curriculum,Rewards,1482,2,0,p1
Curriculum_vs_Rewards,Curriculum,Rewards,1483,2,0,p1
Curriculum_vs_Rewards,Curriculum,Rewards,1484,2,1,p1
Curriculum_vs_Rewards,Curriculum,Rewards,1485,2,0,p1
Curriculum_vs_Rewards,Curriculum,Rewards,1486,2,0,p1
Curriculum_vs_Rewards,Curriculum,Rewards,1487,0,2,p2
Curriculum_vs_Rewards,Curriculum,Rewards,1488,2,0,p1
Curriculum_vs_Rewards,Curriculum,Rewards,1489,2,0,p1
Curriculum_vs_Rewards,Curriculum,Rewards,1490,2,1,p1
Curriculum_vs_Rewards,Curriculum,Rewards,1491,2,0,p1
Curriculum_vs_Rewards,Curriculum,Rewards,1492,2,0,p1
Curriculum_vs_Rewards,Curriculum,Rewards,1493,2,1,p1
Curriculum_vs_Rewards,Curriculum,Rewards,1494,2,1,p1
Curriculum_vs_Rewards,Curriculum,Rewards,1495,2,1,p1
Curriculum_vs_Rewards,Curriculum,Rewards,1496,2,0,p1
Curriculum_vs_Rewards,Curriculum,Rewards,1497,2,1,p1
Curriculum_vs_Rewards,Curriculum,Rewards,1498,2,0,p1
Curriculum_vs_Rewards,Curriculum,Rewards,1499,2,1,p1
Curriculum_vs_Rewards,Curriculum,Rewards,1500,2,1,p1
Curriculum_vs_Rewards,Curriculum,Rewards,1501,2,0,p1
Curriculum_vs_Rewards,Curriculum,Rewards,1502,1,2,p2
Curriculum_vs_Rewards,Curriculum,Rewards,1503,2,1,p1
Curriculum_vs_Rewards,Curriculum,Rewards,1504,2,0,p1
Curriculum_vs_Rewards,Curriculum,Rewards,1505,2,0,p1
Curriculum_vs_Rewards,Curriculum,Rewards,1506,2,0,p1
Curriculum_vs_Rewards,Curriculum,Rewards,1507,2,0,p1
Curriculum_vs_Rewards,Curriculum,Rewards,1508,2,0,p1
Curriculum_vs_Rewards,Curriculum,Rewards,1509,2,0,p1
Curriculum_vs_Rewards,Curriculum,Rewards,1510,2,0,p1
Curriculum_vs_Rewards,Curriculum,Rewards,1511,2,1,p1
Curriculum_vs_Rewards,Curriculum,Rewards,1512,2,0,p1
Curriculum_vs_Rewards,Curriculum,Rewards,1513,2,0,p1
Curriculum_vs_Rewards,Curriculum,Rewards,1514,2,0,p1
Curriculum_vs_Rewards,Curriculum,Rewards,1515,2,0,p1
Curriculum_vs_Rewards,Curriculum,Rewards,1516,2,0,p1
Curriculum_vs_Rewards,Curriculum,Rewards,1517,1,2,p2
Curriculum_vs_Rewards,Curriculum,Rewards,1518,2,0,p1
Curriculum_vs_Rewards,Curriculum,Rewards,1519,2,0,p1
Curriculum_vs_Rewards,Curriculum,Rewards,1520,2,0,p1
Curriculum_vs_Rewards,Curriculum,Rewards,1521,2,0,p1
Curriculum_vs_Rewards,Curriculum,Rewards,1522,2,0,p1
Curriculum_vs_Rewards,Curriculum,Rewards,1523,2,0,p1
Curriculum_vs_Rewards,Curriculum,Rewards,1524,2,0,p1
Curriculum_vs_Rewards,Curriculum,Rewards,1525,2,1,p1
Curriculum_vs_Rewards,Curriculum,Rewards,1526,2,0,p1
Curriculum_vs_Rewards,Curriculum,Rewards,1527,2,0,p1
Curriculum_vs_Rewards,Curriculum,Rewards,1528,2,0,p1
Curriculum_vs_Rewards,Curriculum,Rewards,1529,2,0,p1
Curriculum_vs_Rewards,Curriculum,Rewards,1530,2,0,p1
Curriculum_vs_Rewards,Curriculum,Rewards,1531,2,1,p1
Curriculum_vs_Rewards,Curriculum,Rewards,1532,2,1,p1
Curriculum_vs_Rewards,Curriculum,Rewards,1533,2,1,p1
Curriculum_vs_Rewards,Curriculum,Rewards,1534,2,0,p1
Curriculum_vs_Rewards,Curriculum,Rewards,1535,2,0,p1
Curriculum_vs_Rewards,Curriculum,Rewards,1536,2,0,p1
Curriculum_vs_Rewards,Curriculum,Rewards,1537,2,0,p1
Curriculum_vs_Rewards,Curriculum,Rewards,1538,2,0,p1
Curriculum_vs_Rewards,Curriculum,Rewards,1539,2,1,p1
Curriculum_vs_Rewards,Curriculum,Rewards,1540,2,0,p1
Curriculum_vs_Rewards,Curriculum,Rewards,1541,2,0,p1
Curriculum_vs_Rewards,Curriculum,Rewards,1542,2,0,p1
Curriculum_vs_Rewards,Curriculum,Rewards,1543,2,0,p1
Curriculum_vs_Rewards,Curriculum,Rewards,1544,2,0,p1
Curriculum_vs_Rewards,Curriculum,Rewards,1545,2,0,p1
Curriculum_vs_Rewards,Curriculum,Rewards,1546,2,0,p1
Curriculum_vs_Rewards,Curriculum,Rewards,1547,2,0,p1
Curriculum_vs_Rewards,Curriculum,Rewards,1548,2,0,p1
Curriculum_vs_Rewards,Curriculum,Rewards,1549,2,0,p1
Curriculum_vs_Rewards,Curriculum,Rewards,1550,2,1,p1
Curriculum_vs_Rewards,Curriculum,Rewards,1551,1,2,p2
Curriculum_vs_Rewards,Curriculum,Rewards,1552,2,0,p1
Curriculum_vs_Rewards,Curriculum,Rewards,1553,2,0,p1
Curriculum_vs_Rewards,Curriculum,Rewards,1554,2,0,p1
Curriculum_vs_Rewards,Curriculum,Rewards,1555,2,1,p1
Curriculum_vs_Rewards,Curriculum,Rewards,1556,2,0,p1
Curriculum_vs_Rewards,Curriculum,Rewards,1557,2,0,p1
Curriculum_vs_Rewards,Curriculum,Rewards,1558,2,0,p1
Curriculum_vs_Rewards,Curriculum,Rewards,1559,2,1,p1
Curriculum_vs_Rewards,Curriculum,Rewards,1560,2,0,p1
Curriculum_vs_Rewards,Curriculum,Rewards,1561,2,1,p1
Curriculum_vs_Rewards,Curriculum,Rewards,1562,2,0,p1
Curriculum_vs_Rewards,Curriculum,Rewards,1563,2,0,p1
Curriculum_vs_Rewards,Curriculum,Rewards,1564,2,0,p1
Curriculum_vs_Rewards,Curriculum,Rewards,1565,2,0,p1
Curriculum_vs_Rewards,Curriculum,Rewards,1566,2,0,p1
Curriculum_vs_Rewards,Curriculum,Rewards,1567,2,0,p1
Curriculum_vs_Rewards,Curriculum,Rewards,1568,2,0,p1
Curriculum_vs_Rewards,Curriculum,Rewards,1569,2,0,p1
Curriculum_vs_Rewards,Curriculum,Rewards,1570,2,1,p1
Curriculum_vs_Rewards,Curriculum,Rewards,1571,2,1,p1
Curriculum_vs_Rewards,Curriculum,Rewards,1572,2,1,p1
Curriculum_vs_Rewards,Curriculum,Rewards,1573,2,0,p1
Curriculum_vs_Rewards,Curriculum,Rewards,1574,2,0,p1
Curriculum_vs_Rewards,Curriculum,Rewards,1575,2,0,p1
Curriculum_vs_Rewards,Curriculum,Rewards,1576,2,0,p1
Curriculum_vs_Rewards,Curriculum,Rewards,1577,2,0,p1
Curriculum_vs_Rewards,Curriculum,Rewards,1578,2,0,p1
Curriculum_vs_Rewards,Curriculum,Rewards,1579,2,1,p1
Curriculum_vs_Rewards,Curriculum,Rewards,1580,2,0,p1
Curriculum_vs_Rewards,Curriculum,Rewards,1581,2,0,p1
Curriculum_vs_Rewards,Curriculum,Rewards,1582,2,1,p1
Curriculum_vs_Rewards,Curriculum,Rewards,1583,2,0,p1
Curriculum_vs_Rewards,Curriculum,Rewards,1584,2,0,p1
Curriculum_vs_Rewards,Curriculum,Rewards,1585,2,0,p1
Curriculum_vs_Rewards,Curriculum,Rewards,1586,2,0,p1
Curriculum_vs_Rewards,Curriculum,Rewards,1587,2,0,p1
Curriculum_vs_Rewards,Curriculum,Rewards,1588,2,0,p1
Curriculum_vs_Rewards,Curriculum,Rewards,1589,2,0,p1
Curriculum_vs_Rewards,Curriculum,Rewards,1590,2,1,p1
Curriculum_vs_Rewards,Curriculum,Rewards,1591,2,0,p1
Curriculum_vs_Rewards,Curriculum,Rewards,1592,2,0,p1
Curriculum_vs_Rewards,Curriculum,Rewards,1593,2,0,p1
Curriculum_vs_Rewards,Curriculum,Rewards,1594,2,0,p1
Curriculum_vs_Rewards,Curriculum,Rewards,1595,2,0,p1
Curriculum_vs_Rewards,Curriculum,Rewards,1596,1,2,p2
Curriculum_vs_Rewards,Curriculum,Rewards,1597,2,1,p1
Curriculum_vs_Rewards,Curriculum,Rewards,1598,2,1,p1
Curriculum_vs_Rewards,Curriculum,Rewards,1599,2,0,p1
Curriculum_vs_Rewards,Curriculum,Rewards,1600,2,0,p1
Curriculum_vs_Rewards,Curriculum,Rewards,1601,2,0,p1
Curriculum_vs_Rewards,Curriculum,Rewards,1602,2,0,p1
Curriculum_vs_Rewards,Curriculum,Rewards,1603,2,0,p1
Curriculum_vs_Rewards,Curriculum,Rewards,1604,2,0,p1
Curriculum_vs_Rewards,Curriculum,Rewards,1605,2,0,p1
Curriculum_vs_Rewards,Curriculum,Rewards,1606,2,1,p1
Curriculum_vs_Rewards,Curriculum,Rewards,1607,2,0,p1
Curriculum_vs_Rewards,Curriculum,Rewards,1608,2,1,p1
Curriculum_vs_Rewards,Curriculum,Rewards,1609,2,1,p1
Curriculum_vs_Rewards,Curriculum,Rewards,1610,2,1,p1
Curriculum_vs_Rewards,Curriculum,Rewards,1611,2,0,p1
Curriculum_vs_Rewards,Curriculum,Rewards,1612,2,0,p1
Curriculum_vs_Rewards,Curriculum,Rewards,1613,2,0,p1
Curriculum_vs_Rewards,Curriculum,Rewards,1614,2,0,p1
Curriculum_vs_Rewards,Curriculum,Rewards,1615,2,0,p1
Curriculum_vs_Rewards,Curriculum,Rewards,1616,2,0,p1
Curriculum_vs_Rewards,Curriculum,Rewards,1617,2,0,p1
Curriculum_vs_Rewards,Curriculum,Rewards,1618,0,2,p2
Curriculum_vs_Rewards,Curriculum,Rewards,1619,2,1,p1
Curriculum_vs_Rewards,Curriculum,Rewards,1620,2,1,p1
Curriculum_vs_Rewards,Curriculum,Rewards,1621,2,0,p1
Curriculum_vs_Rewards,Curriculum,Rewards,1622,2,1,p1
Curriculum_vs_Rewards,Curriculum,Rewards,1623,2,1,p1
Curriculum_vs_Rewards,Curriculum,Rewards,1624,2,1,p1
Curriculum_vs_Rewards,Curriculum,Rewards,1625,2,0,p1
Curriculum_vs_Rewards,Curriculum,Rewards,1626,2,0,p1
Curriculum_vs_Rewards,Curriculum,Rewards,1627,2,1,p1
Curriculum_vs_Rewards,Curriculum,Rewards,1628,2,1,p1
Curriculum_vs_Rewards,Curriculum,Rewards,1629,2,0,p1
Curriculum_vs_Rewards,Curriculum,Rewards,1630,2,0,p1
Curriculum_vs_Rewards,Curriculum,Rewards,1631,2,1,p1
Curriculum_vs_Rewards,Curriculum,Rewards,1632,2,0,p1
Curriculum_vs_Rewards,Curriculum,Rewards,1633,2,0,p1
Curriculum_vs_Rewards,Curriculum,Rewards,1634,2,1,p1
Curriculum_vs_Rewards,Curriculum,Rewards,1635,2,0,p1
Curriculum_vs_Rewards,Curriculum,Rewards,1636,2,0,p1
Curriculum_vs_Rewards,Curriculum,Rewards,1637,2,1,p1
Curriculum_vs_Rewards,Curriculum,Rewards,1638,2,0,p1
Curriculum_vs_Rewards,Curriculum,Rewards,1639,2,0,p1
Curriculum_vs_Rewards,Curriculum,Rewards,1640,2,0,p1
Curriculum_vs_Rewards,Curriculum,Rewards,1641,2,1,p1
Curriculum_vs_Rewards,Curriculum,Rewards,1642,2,0,p1
Curriculum_vs_Rewards,Curriculum,Rewards,1643,2,0,p1
Curriculum_vs_Rewards,Curriculum,Rewards,1644,2,0,p1
Curriculum_vs_Rewards,Curriculum,Rewards,1645,2,0,p1
Curriculum_vs_Rewards,Curriculum,Rewards,1646,2,1,p1
Curriculum_vs_Rewards,Curriculum,Rewards,1647,2,0,p1
Curriculum_vs_Rewards,Curriculum,Rewards,1648,2,0,p1
Curriculum_vs_Rewards,Curriculum,Rewards,1649,2,0,p1
Curriculum_vs_Rewards,Curriculum,Rewards,1650,2,0,p1
Curriculum_vs_Rewards,Curriculum,Rewards,1651,2,0,p1
Curriculum_vs_Rewards,Curriculum,Rewards,1652,2,0,p1
Curriculum_vs_Rewards,Curriculum,Rewards,1653,2,0,p1
Curriculum_vs_Rewards,Curriculum,Rewards,1654,2,0,p1
Curriculum_vs_Rewards,Curriculum,Rewards,1655,2,0,p1
Curriculum_vs_Rewards,Curriculum,Rewards,1656,1,2,p2
Curriculum_vs_Rewards,Curriculum,Rewards,1657,2,0,p1
Curriculum_vs_Rewards,Curriculum,Rewards,1658,2,1,p1
Curriculum_vs_Rewards,Curriculum,Rewards,1659,2,0,p1
Curriculum_vs_Rewards,Curriculum,Rewards,1660,2,0,p1
Curriculum_vs_Rewards,Curriculum,Rewards,1661,2,0,p1
Curriculum_vs_Rewards,Curriculum,Rewards,1662,2,0,p1
Curriculum_vs_Rewards,Curriculum,Rewards,1663,2,0,p1
Curriculum_vs_Rewards,Curriculum,Rewards,1664,2,1,p1
Curriculum_vs_Rewards,Curriculum,Rewards,1665,2,0,p1
Curriculum_vs_Rewards,Curriculum,Rewards,1666,2,1,p1
Curriculum_vs_Rewards,Curriculum,Rewards,1667,2,0,p1
Curriculum_vs_Rewards,Curriculum,Rewards,1668,2,1,p1
Curriculum_vs_Rewards,Curriculum,Rewards,1669,2,0,p1
Curriculum_vs_Rewards,Curriculum,Rewards,1670,2,0,p1
Curriculum_vs_Rewards,Curriculum,Rewards,1671,2,1,p1
Curriculum_vs_Rewards,Curriculum,Rewards,1672,2,0,p1
Curriculum_vs_Rewards,Curriculum,Rewards,1673,2,0,p1
Curriculum_vs_Rewards,Curriculum,Rewards,1674,2,0,p1
Curriculum_vs_Rewards,Curriculum,Rewards,1675,2,0,p1
Curriculum_vs_Rewards,Curriculum,Rewards,1676,2,0,p1
Curriculum_vs_Rewards,Curriculum,Rewards,1677,2,0,p1
Curriculum_vs_Rewards,Curriculum,Rewards,1678,2,0,p1
Curriculum_vs_Rewards,Curriculum,Rewards,1679,2,0,p1
Curriculum_vs_Rewards,Curriculum,Rewards,1680,2,0,p1
Curriculum_vs_Rewards,Curriculum,Rewards,1681,2,0,p1
Curriculum_vs_Rewards,Curriculum,Rewards,1682,2,1,p1
Curriculum_vs_Rewards,Curriculum,Rewards,1683,2,0,p1
Curriculum_vs_Rewards,Curriculum,Rewards,1684,2,1,p1
Curriculum_vs_Rewards,Curriculum,Rewards,1685,2,1,p1
Curriculum_vs_Rewards,Curriculum,Rewards,1686,2,0,p1
Curriculum_vs_Rewards,Curriculum,Rewards,1687,2,0,p1
Curriculum_vs_Rewards,Curriculum,Rewards,1688,2,0,p1
Curriculum_vs_Rewards,Curriculum,Rewards,1689,2,1,p1
Curriculum_vs_Rewards,Curriculum,Rewards,1690,2,0,p1
Curriculum_vs_Rewards,Curriculum,Rewards,1691,2,0,p1
Curriculum_vs_Rewards,Curriculum,Rewards,1692,2,0,p1
Curriculum_vs_Rewards,Curriculum,Rewards,1693,2,0,p1
Curriculum_vs_Rewards,Curriculum,Rewards,1694,2,0,p1
Curriculum_vs_Rewards,Curriculum,Rewards,1695,2,0,p1
Curriculum_vs_Rewards,Curriculum,Rewards,1696,2,0,p1
Curriculum_vs_Rewards,Curriculum,Rewards,1697,2,0,p1
Curriculum_vs_Rewards,Curriculum,Rewards,1698,2,0,p1
Curriculum_vs_Rewards,Curriculum,Rewards,1699,1,0,p1
Curriculum_vs_Rewards,Curriculum,Rewards,1700,2,0,p1
Curriculum_vs_Rewards,Curriculum,Rewards,1701,2,0,p1
Curriculum_vs_Rewards,Curriculum,Rewards,1702,2,0,p1
Curriculum_vs_Rewards,Curriculum,Rewards,1703,2,0,p1
Curriculum_vs_Rewards,Curriculum,Rewards,1704,2,0,p1
Curriculum_vs_Rewards,Curriculum,Rewards,1705,2,0,p1
Curriculum_vs_Rewards,Curriculum,Rewards,1706,2,0,p1
Curriculum_vs_Rewards,Curriculum,Rewards,1707,2,1,p1
Curriculum_vs_Rewards,Curriculum,Rewards,1708,2,0,p1
Curriculum_vs_Rewards,Curriculum,Rewards,1709,2,1,p1
Curriculum_vs_Rewards,Curriculum,Rewards,1710,2,1,p1
Curriculum_vs_Rewards,Curriculum,Rewards,1711,2,0,p1
Curriculum_vs_Rewards,Curriculum,Rewards,1712,1,2,p2
Curriculum_vs_Rewards,Curriculum,Rewards,1713,2,0,p1
Curriculum_vs_Rewards,Curriculum,Rewards,1714,0,2,p2
Curriculum_vs_Rewards,Curriculum,Rewards,1715,2,1,p1
Curriculum_vs_Rewards,Curriculum,Rewards,1716,2,1,p1
Curriculum_vs_Rewards,Curriculum,Rewards,1717,2,0,p1
Curriculum_vs_Rewards,Curriculum,Rewards,1718,1,1,draw
Curriculum_vs_Rewards,Curriculum,Rewards,1719,2,0,p1
Curriculum_vs_Rewards,Curriculum,Rewards,1720,2,0,p1
Curriculum_vs_Rewards,Curriculum,Rewards,1721,2,0,p1
Curriculum_vs_Rewards,Curriculum,Rewards,1722,2,0,p1
Curriculum_vs_Rewards,Curriculum,Rewards,1723,2,0,p1
Curriculum_vs_Rewards,Curriculum,Rewards,1724,2,0,p1
Curriculum_vs_Rewards,Curriculum,Rewards,1725,2,0,p1
Curriculum_vs_Rewards,Curriculum,Rewards,1726,2,1,p1
Curriculum_vs_Rewards,Curriculum,Rewards,1727,2,0,p1
Curriculum_vs_Rewards,Curriculum,Rewards,1728,2,1,p1
Curriculum_vs_Rewards,Curriculum,Rewards,1729,2,1,p1
Curriculum_vs_Rewards,Curriculum,Rewards,1730,2,0,p1
Curriculum_vs_Rewards,Curriculum,Rewards,1731,2,1,p1
Curriculum_vs_Rewards,Curriculum,Rewards,1732,2,0,p1
Curriculum_vs_Rewards,Curriculum,Rewards,1733,2,1,p1
Curriculum_vs_Rewards,Curriculum,Rewards,1734,2,0,p1
Curriculum_vs_Rewards,Curriculum,Rewards,1735,2,0,p1
Curriculum_vs_Rewards,Curriculum,Rewards,1736,1,2,p2
Curriculum_vs_Rewards,Curriculum,Rewards,1737,2,0,p1
Curriculum_vs_Rewards,Curriculum,Rewards,1738,2,0,p1
Curriculum_vs_Rewards,Curriculum,Rewards,1739,2,1,p1
Curriculum_vs_Rewards,Curriculum,Rewards,1740,2,0,p1
Curriculum_vs_Rewards,Curriculum,Rewards,1741,2,0,p1
Curriculum_vs_Rewards,Curriculum,Rewards,1742,2,0,p1
Curriculum_vs_Rewards,Curriculum,Rewards,1743,2,0,p1
Curriculum_vs_Rewards,Curriculum,Rewards,1744,2,0,p1
Curriculum_vs_Rewards,Curriculum,Rewards,1745,2,0,p1
Curriculum_vs_Rewards,Curriculum,Rewards,1746,2,1,p1
Curriculum_vs_Rewards,Curriculum,Rewards,1747,2,1,p1
Curriculum_vs_Rewards,Curriculum,Rewards,1748,2,0,p1
Curriculum_vs_Rewards,Curriculum,Rewards,1749,2,1,p1
Curriculum_vs_Rewards,Curriculum,Rewards,1750,2,1,p1
Curriculum_vs_Rewards,Curriculum,Rewards,1751,2,0,p1
Curriculum_vs_Rewards,Curriculum,Rewards,1752,2,0,p1
Curriculum_vs_Rewards,Curriculum,Rewards,1753,2,1,p1
Curriculum_vs_Rewards,Curriculum,Rewards,1754,2,0,p1
Curriculum_vs_Rewards,Curriculum,Rewards,1755,2,1,p1
Curriculum_vs_Rewards,Curriculum,Rewards,1756,2,1,p1
Curriculum_vs_Rewards,Curriculum,Rewards,1757,2,0,p1
Curriculum_vs_Rewards,Curriculum,Rewards,1758,2,0,p1
Curriculum_vs_Rewards,Curriculum,Rewards,1759,2,0,p1
Curriculum_vs_Rewards,Curriculum,Rewards,1760,2,1,p1
Curriculum_vs_Rewards,Curriculum,Rewards,1761,2,0,p1
Curriculum_vs_Rewards,Curriculum,Rewards,1762,2,0,p1
Curriculum_vs_Rewards,Curriculum,Rewards,1763,2,1,p1
Curriculum_vs_Rewards,Curriculum,Rewards,1764,2,0,p1
Curriculum_vs_Rewards,Curriculum,Rewards,1765,2,0,p1
Curriculum_vs_Rewards,Curriculum,Rewards,1766,2,1,p1
Curriculum_vs_Rewards,Curriculum,Rewards,1767,2,0,p1
Curriculum_vs_Rewards,Curriculum,Rewards,1768,2,0,p1
Curriculum_vs_Rewards,Curriculum,Rewards,1769,2,0,p1
Curriculum_vs_Rewards,Curriculum,Rewards,1770,2,0,p1
Curriculum_vs_Rewards,Curriculum,Rewards,1771,0,2,p2
Curriculum_vs_Rewards,Curriculum,Rewards,1772,2,0,p1
Curriculum_vs_Rewards,Curriculum,Rewards,1773,2,0,p1
Curriculum_vs_Rewards,Curriculum,Rewards,1774,2,0,p1
Curriculum_vs_Rewards,Curriculum,Rewards,1775,2,0,p1
Curriculum_vs_Rewards,Curriculum,Rewards,1776,2,1,p1
Curriculum_vs_Rewards,Curriculum,Rewards,1777,2,0,p1
Curriculum_vs_Rewards,Curriculum,Rewards,1778,2,0,p1
Curriculum_vs_Rewards,Curriculum,Rewards,1779,2,0,p1
Curriculum_vs_Rewards,Curriculum,Rewards,1780,2,0,p1
Curriculum_vs_Rewards,Curriculum,Rewards,1781,2,0,p1
Curriculum_vs_Rewards,Curriculum,Rewards,1782,2,0,p1
Curriculum_vs_Rewards,Curriculum,Rewards,1783,2,1,p1
Curriculum_vs_Rewards,Curriculum,Rewards,1784,2,0,p1
Curriculum_vs_Rewards,Curriculum,Rewards,1785,1,2,p2
Curriculum_vs_Rewards,Curriculum,Rewards,1786,2,1,p1
Curriculum_vs_Rewards,Curriculum,Rewards,1787,2,1,p1
Curriculum_vs_Rewards,Curriculum,Rewards,1788,2,0,p1
Curriculum_vs_Rewards,Curriculum,Rewards,1789,2,0,p1
Curriculum_vs_Rewards,Curriculum,Rewards,1790,2,0,p1
Curriculum_vs_Rewards,Curriculum,Rewards,1791,2,1,p1
Curriculum_vs_Rewards,Curriculum,Rewards,1792,2,0,p1
Curriculum_vs_Rewards,Curriculum,Rewards,1793,2,1,p1
Curriculum_vs_Rewards,Curriculum,Rewards,1794,2,0,p1
Curriculum_vs_Rewards,Curriculum,Rewards,1795,2,0,p1
Curriculum_vs_Rewards,Curriculum,Rewards,1796,2,0,p1
Curriculum_vs_Rewards,Curriculum,Rewards,1797,2,0,p1
Curriculum_vs_Rewards,Curriculum,Rewards,1798,0,2,p2
Curriculum_vs_Rewards,Curriculum,Rewards,1799,2,0,p1
Curriculum_vs_Rewards,Curriculum,Rewards,1800,2,0,p1
Curriculum_vs_Rewards,Curriculum,Rewards,1801,2,1,p1
Curriculum_vs_Rewards,Curriculum,Rewards,1802,2,0,p1
Curriculum_vs_Rewards,Curriculum,Rewards,1803,2,1,p1
Curriculum_vs_Rewards,Curriculum,Rewards,1804,2,0,p1
Curriculum_vs_Rewards,Curriculum,Rewards,1805,2,0,p1
Curriculum_vs_Rewards,Curriculum,Rewards,1806,2,0,p1
Curriculum_vs_Rewards,Curriculum,Rewards,1807,2,0,p1
Curriculum_vs_Rewards,Curriculum,Rewards,1808,2,0,p1
Curriculum_vs_Rewards,Curriculum,Rewards,1809,2,0,p1
Curriculum_vs_Rewards,Curriculum,Rewards,1810,2,1,p1
Curriculum_vs_Rewards,Curriculum,Rewards,1811,1,2,p2
Curriculum_vs_Rewards,Curriculum,Rewards,1812,2,0,p1
Curriculum_vs_Rewards,Curriculum,Rewards,1813,2,1,p1
Curriculum_vs_Rewards,Curriculum,Rewards,1814,2,1,p1
Curriculum_vs_Rewards,Curriculum,Rewards,1815,2,0,p1
Curriculum_vs_Rewards,Curriculum,Rewards,1816,2,0,p1
Curriculum_vs_Rewards,Curriculum,Rewards,1817,2,1,p1
Curriculum_vs_Rewards,Curriculum,Rewards,1818,2,1,p1
Curriculum_vs_Rewards,Curriculum,Rewards,1819,2,1,p1
Curriculum_vs_Rewards,Curriculum,Rewards,1820,2,0,p1
Curriculum_vs_Rewards,Curriculum,Rewards,1821,2,1,p1
Curriculum_vs_Rewards,Curriculum,Rewards,1822,2,0,p1
Curriculum_vs_Rewards,Curriculum,Rewards,1823,2,0,p1
Curriculum_vs_Rewards,Curriculum,Rewards,1824,2,0,p1
Curriculum_vs_Rewards,Curriculum,Rewards,1825,2,1,p1
Curriculum_vs_Rewards,Curriculum,Rewards,1826,2,0,p1
Curriculum_vs_Rewards,Curriculum,Rewards,1827,0,2,p2
Curriculum_vs_Rewards,Curriculum,Rewards,1828,2,0,p1
Curriculum_vs_Rewards,Curriculum,Rewards,1829,0,2,p2
Curriculum_vs_Rewards,Curriculum,Rewards,1830,2,0,p1
Curriculum_vs_Rewards,Curriculum,Rewards,1831,2,0,p1
Curriculum_vs_Rewards,Curriculum,Rewards,1832,2,0,p1
Curriculum_vs_Rewards,Curriculum,Rewards,1833,2,0,p1
Curriculum_vs_Rewards,Curriculum,Rewards,1834,2,0,p1
Curriculum_vs_Rewards,Curriculum,Rewards,1835,2,0,p1
Curriculum_vs_Rewards,Curriculum,Rewards,1836,2,0,p1
Curriculum_vs_Rewards,Curriculum,Rewards,1837,2,0,p1
Curriculum_vs_Rewards,Curriculum,Rewards,1838,2,0,p1
Curriculum_vs_Rewards,Curriculum,Rewards,1839,0,2,p2
Curriculum_vs_Rewards,Curriculum,Rewards,1840,2,0,p1
Curriculum_vs_Rewards,Curriculum,Rewards,1841,2,0,p1
Curriculum_vs_Rewards,Curriculum,Rewards,1842,2,0,p1
Curriculum_vs_Rewards,Curriculum,Rewards,1843,2,0,p1
Curriculum_vs_Rewards,Curriculum,Rewards,1844,2,0,p1
Curriculum_vs_Rewards,Curriculum,Rewards,1845,2,0,p1
Curriculum_vs_Rewards,Curriculum,Rewards,1846,2,0,p1
Curriculum_vs_Rewards,Curriculum,Rewards,1847,2,0,p1
Curriculum_vs_Rewards,Curriculum,Rewards,1848,2,0,p1
Curriculum_vs_Rewards,Curriculum,Rewards,1849,2,0,p1
Curriculum_vs_Rewards,Curriculum,Rewards,1850,2,1,p1
Curriculum_vs_Rewards,Curriculum,Rewards,1851,2,0,p1
Curriculum_vs_Rewards,Curriculum,Rewards,1852,2,0,p1
Curriculum_vs_Rewards,Curriculum,Rewards,1853,2,0,p1
Curriculum_vs_Rewards,Curriculum,Rewards,1854,2,0,p1
Curriculum_vs_Rewards,Curriculum,Rewards,1855,2,0,p1
Curriculum_vs_Rewards,Curriculum,Rewards,1856,2,0,p1
Curriculum_vs_Rewards,Curriculum,Rewards,1857,1,2,p2
Curriculum_vs_Rewards,Curriculum,Rewards,1858,2,0,p1
Curriculum_vs_Rewards,Curriculum,Rewards,1859,2,0,p1
Curriculum_vs_Rewards,Curriculum,Rewards,1860,2,0,p1
Curriculum_vs_Rewards,Curriculum,Rewards,1861,2,1,p1
Curriculum_vs_Rewards,Curriculum,Rewards,1862,2,0,p1
Curriculum_vs_Rewards,Curriculum,Rewards,1863,2,1,p1
Curriculum_vs_Rewards,Curriculum,Rewards,1864,2,1,p1
Curriculum_vs_Rewards,Curriculum,Rewards,1865,2,0,p1
Curriculum_vs_Rewards,Curriculum,Rewards,1866,2,0,p1
Curriculum_vs_Rewards,Curriculum,Rewards,1867,2,1,p1
Curriculum_vs_Rewards,Curriculum,Rewards,1868,1,0,p1
Curriculum_vs_Rewards,Curriculum,Rewards,1869,2,0,p1
Curriculum_vs_Rewards,Curriculum,Rewards,1870,2,1,p1
Curriculum_vs_Rewards,Curriculum,Rewards,1871,2,0,p1
Curriculum_vs_Rewards,Curriculum,Rewards,1872,1,2,p2
Curriculum_vs_Rewards,Curriculum,Rewards,1873,2,0,p1
Curriculum_vs_Rewards,Curriculum,Rewards,1874,2,0,p1
Curriculum_vs_Rewards,Curriculum,Rewards,1875,2,1,p1
Curriculum_vs_Rewards,Curriculum,Rewards,1876,2,0,p1
Curriculum_vs_Rewards,Curriculum,Rewards,1877,2,1,p1
Curriculum_vs_Rewards,Curriculum,Rewards,1878,2,0,p1
Curriculum_vs_Rewards,Curriculum,Rewards,1879,2,1,p1
Curriculum_vs_Rewards,Curriculum,Rewards,1880,2,0,p1
Curriculum_vs_Rewards,Curriculum,Rewards,1881,2,0,p1
Curriculum_vs_Rewards,Curriculum,Rewards,1882,2,0,p1
Curriculum_vs_Rewards,Curriculum,Rewards,1883,2,0,p1
Curriculum_vs_Rewards,Curriculum,Rewards,1884,2,0,p1
Curriculum_vs_Rewards,Curriculum,Rewards,1885,2,0,p1
Curriculum_vs_Rewards,Curriculum,Rewards,1886,2,0,p1
Curriculum_vs_Rewards,Curriculum,Rewards,1887,2,0,p1
Curriculum_vs_Rewards,Curriculum,Rewards,1888,2,0,p1
Curriculum_vs_Rewards,Curriculum,Rewards,1889,2,0,p1
Curriculum_vs_Rewards,Curriculum,Rewards,1890,1,2,p2
Curriculum_vs_Rewards,Curriculum,Rewards,1891,1,2,p2
Curriculum_vs_Rewards,Curriculum,Rewards,1892,2,0,p1
Curriculum_vs_Rewards,Curriculum,Rewards,1893,2,0,p1
Curriculum_vs_Rewards,Curriculum,Rewards,1894,2,0,p1
Curriculum_vs_Rewards,Curriculum,Rewards,1895,2,0,p1
Curriculum_vs_Rewards,Curriculum,Rewards,1896,2,1,p1
Curriculum_vs_Rewards,Curriculum,Rewards,1897,2,0,p1
Curriculum_vs_Rewards,Curriculum,Rewards,1898,2,0,p1
Curriculum_vs_Rewards,Curriculum,Rewards,1899,2,0,p1
Curriculum_vs_Rewards,Curriculum,Rewards,1900,2,0,p1
Curriculum_vs_Rewards,Curriculum,Rewards,1901,2,0,p1
Curriculum_vs_Rewards,Curriculum,Rewards,1902,2,0,p1
Curriculum_vs_Rewards,Curriculum,Rewards,1903,2,0,p1
Curriculum_vs_Rewards,Curriculum,Rewards,1904,2,0,p1
Curriculum_vs_Rewards,Curriculum,Rewards,1905,2,0,p1
Curriculum_vs_Rewards,Curriculum,Rewards,1906,2,0,p1
Curriculum_vs_Rewards,Curriculum,Rewards,1907,2,0,p1
Curriculum_vs_Rewards,Curriculum,Rewards,1908,2,0,p1
Curriculum_vs_Rewards,Curriculum,Rewards,1909,2,0,p1
Curriculum_vs_Rewards,Curriculum,Rewards,1910,2,0,p1
Curriculum_vs_Rewards,Curriculum,Rewards,1911,2,0,p1
Curriculum_vs_Rewards,Curriculum,Rewards,1912,2,0,p1
Curriculum_vs_Rewards,Curriculum,Rewards,1913,2,0,p1
Curriculum_vs_Rewards,Curriculum,Rewards,1914,2,0,p1
Curriculum_vs_Rewards,Curriculum,Rewards,1915,2,1,p1
Curriculum_vs_Rewards,Curriculum,Rewards,1916,2,0,p1
Curriculum_vs_Rewards,Curriculum,Rewards,1917,2,0,p1
Curriculum_vs_Rewards,Curriculum,Rewards,1918,2,0,p1
Curriculum_vs_Rewards,Curriculum,Rewards,1919,2,0,p1
Curriculum_vs_Rewards,Curriculum,Rewards,1920,2,1,p1
Curriculum_vs_Rewards,Curriculum,Rewards,1921,2,0,p1
Curriculum_vs_Rewards,Curriculum,Rewards,1922,2,0,p1
Curriculum_vs_Rewards,Curriculum,Rewards,1923,1,2,p2
Curriculum_vs_Rewards,Curriculum,Rewards,1924,2,0,p1
Curriculum_vs_Rewards,Curriculum,Rewards,1925,2,0,p1
Curriculum_vs_Rewards,Curriculum,Rewards,1926,2,1,p1
Curriculum_vs_Rewards,Curriculum,Rewards,1927,2,0,p1
Curriculum_vs_Rewards,Curriculum,Rewards,1928,2,0,p1
Curriculum_vs_Rewards,Curriculum,Rewards,1929,2,0,p1
Curriculum_vs_Rewards,Curriculum,Rewards,1930,1,2,p2
Curriculum_vs_Rewards,Curriculum,Rewards,1931,2,1,p1
Curriculum_vs_Rewards,Curriculum,Rewards,1932,2,0,p1
Curriculum_vs_Rewards,Curriculum,Rewards,1933,2,0,p1
Curriculum_vs_Rewards,Curriculum,Rewards,1934,2,0,p1
Curriculum_vs_Rewards,Curriculum,Rewards,1935,2,0,p1
Curriculum_vs_Rewards,Curriculum,Rewards,1936,2,0,p1
Curriculum_vs_Rewards,Curriculum,Rewards,1937,0,2,p2
Curriculum_vs_Rewards,Curriculum,Rewards,1938,2,0,p1
Curriculum_vs_Rewards,Curriculum,Rewards,1939,2,0,p1
Curriculum_vs_Rewards,Curriculum,Rewards,1940,1,2,p2
Curriculum_vs_Rewards,Curriculum,Rewards,1941,2,0,p1
Curriculum_vs_Rewards,Curriculum,Rewards,1942,2,0,p1
Curriculum_vs_Rewards,Curriculum,Rewards,1943,2,0,p1
Curriculum_vs_Rewards,Curriculum,Rewards,1944,2,0,p1
Curriculum_vs_Rewards,Curriculum,Rewards,1945,0,2,p2
Curriculum_vs_Rewards,Curriculum,Rewards,1946,2,0,p1
Curriculum_vs_Rewards,Curriculum,Rewards,1947,2,0,p1
Curriculum_vs_Rewards,Curriculum,Rewards,1948,2,0,p1
Curriculum_vs_Rewards,Curriculum,Rewards,1949,2,0,p1
Curriculum_vs_Rewards,Curriculum,Rewards,1950,2,0,p1
Curriculum_vs_Rewards,Curriculum,Rewards,1951,2,0,p1
Curriculum_vs_Rewards,Curriculum,Rewards,1952,2,0,p1
Curriculum_vs_Rewards,Curriculum,Rewards,1953,2,0,p1
Curriculum_vs_Rewards,Curriculum,Rewards,1954,2,0,p1
Curriculum_vs_Rewards,Curriculum,Rewards,1955,2,0,p1
Curriculum_vs_Rewards,Curriculum,Rewards,1956,2,0,p1
Curriculum_vs_Rewards,Curriculum,Rewards,1957,2,0,p1
Curriculum_vs_Rewards,Curriculum,Rewards,1958,2,0,p1
Curriculum_vs_Rewards,Curriculum,Rewards,1959,2,0,p1
Curriculum_vs_Rewards,Curriculum,Rewards,1960,2,0,p1
Curriculum_vs_Rewards,Curriculum,Rewards,1961,2,0,p1
Curriculum_vs_Rewards,Curriculum,Rewards,1962,2,0,p1
Curriculum_vs_Rewards,Curriculum,Rewards,1963,2,0,p1
Curriculum_vs_Rewards,Curriculum,Rewards,1964,2,0,p1
Curriculum_vs_Rewards,Curriculum,Rewards,1965,2,0,p1
Curriculum_vs_Rewards,Curriculum,Rewards,1966,2,0,p1
Curriculum_vs_Rewards,Curriculum,Rewards,1967,2,0,p1
Curriculum_vs_Rewards,Curriculum,Rewards,1968,2,0,p1
Curriculum_vs_Rewards,Curriculum,Rewards,1969,2,0,p1
Curriculum_vs_Rewards,Curriculum,Rewards,1970,2,0,p1
Curriculum_vs_Rewards,Curriculum,Rewards,1971,0,2,p2
Curriculum_vs_Rewards,Curriculum,Rewards,1972,2,1,p1
Curriculum_vs_Rewards,Curriculum,Rewards,1973,2,0,p1
Curriculum_vs_Rewards,Curriculum,Rewards,1974,1,2,p2
Curriculum_vs_Rewards,Curriculum,Rewards,1975,2,0,p1
Curriculum_vs_Rewards,Curriculum,Rewards,1976,2,0,p1
Curriculum_vs_Rewards,Curriculum,Rewards,1977,2,0,p1
Curriculum_vs_Rewards,Curriculum,Rewards,1978,2,1,p1
Curriculum_vs_Rewards,Curriculum,Rewards,1979,2,0,p1
Curriculum_vs_Rewards,Curriculum,Rewards,1980,2,0,p1
Curriculum_vs_Rewards,Curriculum,Rewards,1981,2,1,p1
Curriculum_vs_Rewards,Curriculum,Rewards,1982,2,1,p1
Curriculum_vs_Rewards,Curriculum,Rewards,1983,2,0,p1
Curriculum_vs_Rewards,Curriculum,Rewards,1984,2,1,p1
Curriculum_vs_Rewards,Curriculum,Rewards,1985,2,0,p1
Curriculum_vs_Rewards,Curriculum,Rewards,1986,2,0,p1
Curriculum_vs_Rewards,Curriculum,Rewards,1987,2,0,p1
Curriculum_vs_Rewards,Curriculum,Rewards,1988,2,0,p1
Curriculum_vs_Rewards,Curriculum,Rewards,1989,2,0,p1
Curriculum_vs_Rewards,Curriculum,Rewards,1990,2,0,p1
Curriculum_vs_Rewards,Curriculum,Rewards,1991,2,0,p1
Curriculum_vs_Rewards,Curriculum,Rewards,1992,2,1,p1
Curriculum_vs_Rewards,Curriculum,Rewards,1993,2,0,p1
Curriculum_vs_Rewards,Curriculum,Rewards,1994,2,0,p1
Curriculum_vs_Rewards,Curriculum,Rewards,1995,2,0,p1
Curriculum_vs_Rewards,Curriculum,Rewards,1996,2,0,p1
Curriculum_vs_Rewards,Curriculum,Rewards,1997,2,0,p1
Curriculum_vs_Rewards,Curriculum,Rewards,1998,2,0,p1
Curriculum_vs_Rewards,Curriculum,Rewards,1999,2,0,p1
Curriculum_vs_Rewards,Curriculum,Rewards,2000,2,0,p1
Curriculum_vs_Rewards,Curriculum,Rewards,2001,2,0,p1
Curriculum_vs_Rewards,Curriculum,Rewards,2002,1,2,p2
Curriculum_vs_Rewards,Curriculum,Rewards,2003,2,0,p1
Curriculum_vs_Rewards,Curriculum,Rewards,2004,2,1,p1
Curriculum_vs_Rewards,Curriculum,Rewards,2005,2,0,p1
Curriculum_vs_Rewards,Curriculum,Rewards,2006,2,0,p1
Curriculum_vs_Rewards,Curriculum,Rewards,2007,2,0,p1
Curriculum_vs_Rewards,Curriculum,Rewards,2008,2,0,p1
Curriculum_vs_Rewards,Curriculum,Rewards,2009,2,0,p1
Curriculum_vs_Rewards,Curriculum,Rewards,2010,2,0,p1
Curriculum_vs_Rewards,Curriculum,Rewards,2011,0,2,p2
Curriculum_vs_Rewards,Curriculum,Rewards,2012,2,0,p1
Curriculum_vs_Rewards,Curriculum,Rewards,2013,2,0,p1
Curriculum_vs_Rewards,Curriculum,Rewards,2014,2,0,p1
Curriculum_vs_Rewards,Curriculum,Rewards,2015,2,0,p1
Curriculum_vs_Rewards,Curriculum,Rewards,2016,2,0,p1
Curriculum_vs_Rewards,Curriculum,Rewards,2017,2,0,p1
Curriculum_vs_Rewards,Curriculum,Rewards,2018,2,1,p1
Curriculum_vs_Rewards,Curriculum,Rewards,2019,2,1,p1
Curriculum_vs_Rewards,Curriculum,Rewards,2020,2,0,p1
Curriculum_vs_Rewards,Curriculum,Rewards,2021,2,0,p1
Curriculum_vs_Rewards,Curriculum,Rewards,2022,2,0,p1
Curriculum_vs_Rewards,Curriculum,Rewards,2023,2,0,p1
Curriculum_vs_Rewards,Curriculum,Rewards,2024,2,0,p1
Curriculum_vs_Rewards,Curriculum,Rewards,2025,2,0,p1
Curriculum_vs_Rewards,Curriculum,Rewards,2026,1,0,p1
Curriculum_vs_Rewards,Curriculum,Rewards,2027,2,0,p1
Curriculum_vs_Rewards,Curriculum,Rewards,2028,2,1,p1
Curriculum_vs_Rewards,Curriculum,Rewards,2029,2,0,p1
Curriculum_vs_Rewards,Curriculum,Rewards,2030,2,0,p1
Curriculum_vs_Rewards,Curriculum,Rewards,2031,2,0,p1
Curriculum_vs_Rewards,Curriculum,Rewards,2032,2,0,p1
Curriculum_vs_Rewards,Curriculum,Rewards,2033,2,0,p1
Curriculum_vs_Rewards,Curriculum,Rewards,2034,2,0,p1
Curriculum_vs_Rewards,Curriculum,Rewards,2035,2,0,p1
Curriculum_vs_Rewards,Curriculum,Rewards,2036,2,0,p1
Curriculum_vs_Rewards,Curriculum,Rewards,2037,2,0,p1
Curriculum_vs_Rewards,Curriculum,Rewards,2038,2,0,p1
Curriculum_vs_Rewards,Curriculum,Rewards,2039,2,0,p1
Curriculum_vs_Rewards,Curriculum,Rewards,2040,2,0,p1
Curriculum_vs_Rewards,Curriculum,Rewards,2041,2,1,p1
Curriculum_vs_Rewards,Curriculum,Rewards,2042,2,0,p1
Curriculum_vs_Rewards,Curriculum,Rewards,2043,2,0,p1
Curriculum_vs_Rewards,Curriculum,Rewards,2044,2,0,p1
Curriculum_vs_Rewards,Curriculum,Rewards,2045,2,0,p1
Curriculum_vs_Rewards,Curriculum,Rewards,2046,2,0,p1
Curriculum_vs_Rewards,Curriculum,Rewards,2047,2,0,p1
Curriculum_vs_Rewards,Curriculum,Rewards,2048,2,0,p1
Curriculum_vs_Rewards,Curriculum,Rewards,2049,2,0,p1
Curriculum_vs_Rewards,Curriculum,Rewards,2050,2,0,p1
Curriculum_vs_Rewards,Curriculum,Rewards,2051,2,0,p1
Curriculum_vs_Rewards,Curriculum,Rewards,2052,2,0,p1
Curriculum_vs_Rewards,Curriculum,Rewards,2053,2,1,p1
Curriculum_vs_Rewards,Curriculum,Rewards,2054,2,0,p1
Curriculum_vs_Rewards,Curriculum,Rewards,2055,2,1,p1
Curriculum_vs_Rewards,Curriculum,Rewards,2056,2,0,p1
Curriculum_vs_Rewards,Curriculum,Rewards,2057,2,1,p1
Curriculum_vs_Rewards,Curriculum,Rewards,2058,2,0,p1
Curriculum_vs_Rewards,Curriculum,Rewards,2059,2,1,p1
Curriculum_vs_Rewards,Curriculum,Rewards,2060,2,0,p1
Curriculum_vs_Rewards,Curriculum,Rewards,2061,2,1,p1
Curriculum_vs_Rewards,Curriculum,Rewards,2062,2,1,p1
Curriculum_vs_Rewards,Curriculum,Rewards,2063,2,1,p1
Curriculum_vs_Rewards,Curriculum,Rewards,2064,2,0,p1
Curriculum_vs_Rewards,Curriculum,Rewards,2065,2,0,p1
Curriculum_vs_Rewards,Curriculum,Rewards,2066,2,0,p1
Curriculum_vs_Rewards,Curriculum,Rewards,2067,2,0,p1
Curriculum_vs_Rewards,Curriculum,Rewards,2068,2,0,p1
Curriculum_vs_Rewards,Curriculum,Rewards,2069,2,0,p1
Curriculum_vs_Rewards,Curriculum,Rewards,2070,2,0,p1
Curriculum_vs_Rewards,Curriculum,Rewards,2071,2,0,p1
Curriculum_vs_Rewards,Curriculum,Rewards,2072,2,0,p1
Curriculum_vs_Rewards,Curriculum,Rewards,2073,2,1,p1
Curriculum_vs_Rewards,Curriculum,Rewards,2074,2,0,p1
Curriculum_vs_Rewards,Curriculum,Rewards,2075,2,1,p1
Curriculum_vs_Rewards,Curriculum,Rewards,2076,2,0,p1
Curriculum_vs_Rewards,Curriculum,Rewards,2077,2,0,p1
Curriculum_vs_Rewards,Curriculum,Rewards,2078,2,1,p1
Curriculum_vs_Rewards,Curriculum,Rewards,2079,2,1,p1
Curriculum_vs_Rewards,Curriculum,Rewards,2080,2,0,p1
Curriculum_vs_Rewards,Curriculum,Rewards,2081,2,1,p1
Curriculum_vs_Rewards,Curriculum,Rewards,2082,2,0,p1
Curriculum_vs_Rewards,Curriculum,Rewards,2083,2,1,p1
Curriculum_vs_Rewards,Curriculum,Rewards,2084,2,0,p1
Curriculum_vs_Rewards,Curriculum,Rewards,2085,2,1,p1
Curriculum_vs_Rewards,Curriculum,Rewards,2086,2,0,p1
Curriculum_vs_Rewards,Curriculum,Rewards,2087,2,0,p1
Curriculum_vs_Rewards,Curriculum,Rewards,2088,2,0,p1
Curriculum_vs_Rewards,Curriculum,Rewards,2089,2,0,p1
Curriculum_vs_Rewards,Curriculum,Rewards,2090,2,0,p1
Curriculum_vs_Rewards,Curriculum,Rewards,2091,2,1,p1
Curriculum_vs_Rewards,Curriculum,Rewards,2092,2,0,p1
Curriculum_vs_Rewards,Curriculum,Rewards,2093,2,0,p1
Curriculum_vs_Rewards,Curriculum,Rewards,2094,2,1,p1
Curriculum_vs_Rewards,Curriculum,Rewards,2095,2,0,p1
Curriculum_vs_Rewards,Curriculum,Rewards,2096,2,0,p1
Curriculum_vs_Rewards,Curriculum,Rewards,2097,2,0,p1
Curriculum_vs_Rewards,Curriculum,Rewards,2098,2,1,p1
Curriculum_vs_Rewards,Curriculum,Rewards,2099,2,0,p1
Curriculum_vs_Rewards,Curriculum,Rewards,2100,2,1,p1
Curriculum_vs_Rewards,Curriculum,Rewards,2101,2,0,p1
Curriculum_vs_Rewards,Curriculum,Rewards,2102,2,0,p1
Curriculum_vs_Rewards,Curriculum,Rewards,2103,2,0,p1
Curriculum_vs_Rewards,Curriculum,Rewards,2104,2,0,p1
Curriculum_vs_Rewards,Curriculum,Rewards,2105,2,0,p1
Curriculum_vs_Rewards,Curriculum,Rewards,2106,2,0,p1
Curriculum_vs_Rewards,Curriculum,Rewards,2107,2,0,p1
Curriculum_vs_Rewards,Curriculum,Rewards,2108,2,1,p1
Curriculum_vs_Rewards,Curriculum,Rewards,2109,2,0,p1
Curriculum_vs_Rewards,Curriculum,Rewards,2110,2,0,p1
Curriculum_vs_Rewards,Curriculum,Rewards,2111,2,1,p1
Curriculum_vs_Rewards,Curriculum,Rewards,2112,2,0,p1
Curriculum_vs_Rewards,Curriculum,Rewards,2113,2,0,p1
Curriculum_vs_Rewards,Curriculum,Rewards,2114,2,0,p1
Curriculum_vs_Rewards,Curriculum,Rewards,2115,2,0,p1
Curriculum_vs_Rewards,Curriculum,Rewards,2116,1,2,p2
Curriculum_vs_Rewards,Curriculum,Rewards,2117,2,0,p1
Curriculum_vs_Rewards,Curriculum,Rewards,2118,2,0,p1
Curriculum_vs_Rewards,Curriculum,Rewards,2119,2,0,p1
Curriculum_vs_Rewards,Curriculum,Rewards,2120,2,0,p1
Curriculum_vs_Rewards,Curriculum,Rewards,2121,2,0,p1
Curriculum_vs_Rewards,Curriculum,Rewards,2122,2,0,p1
Curriculum_vs_Rewards,Curriculum,Rewards,2123,2,0,p1
Curriculum_vs_Rewards,Curriculum,Rewards,2124,2,0,p1
Curriculum_vs_Rewards,Curriculum,Rewards,2125,2,0,p1
Curriculum_vs_Rewards,Curriculum,Rewards,2126,2,0,p1
Curriculum_vs_Rewards,Curriculum,Rewards,2127,2,0,p1
Curriculum_vs_Rewards,Curriculum,Rewards,2128,2,0,p1
Curriculum_vs_Rewards,Curriculum,Rewards,2129,2,0,p1
Curriculum_vs_Rewards,Curriculum,Rewards,2130,2,0,p1
Curriculum_vs_Rewards,Curriculum,Rewards,2131,2,0,p1
Curriculum_vs_Rewards,Curriculum,Rewards,2132,2,0,p1
Curriculum_vs_Rewards,Curriculum,Rewards,2133,2,0,p1
Curriculum_vs_Rewards,Curriculum,Rewards,2134,2,0,p1
Curriculum_vs_Rewards,Curriculum,Rewards,2135,2,0,p1
Curriculum_vs_Rewards,Curriculum,Rewards,2136,2,0,p1
Curriculum_vs_Rewards,Curriculum,Rewards,2137,2,0,p1
Curriculum_vs_Rewards,Curriculum,Rewards,2138,2,0,p1
Curriculum_vs_Rewards,Curriculum,Rewards,2139,2,0,p1
Curriculum_vs_Rewards,Curriculum,Rewards,2140,2,0,p1
Curriculum_vs_Rewards,Curriculum,Rewards,2141,2,1,p1
Curriculum_vs_Rewards,Curriculum,Rewards,2142,2,1,p1
Curriculum_vs_Rewards,Curriculum,Rewards,2143,2,0,p1
Curriculum_vs_Rewards,Curriculum,Rewards,2144,2,0,p1
Curriculum_vs_Rewards,Curriculum,Rewards,2145,2,1,p1
Curriculum_vs_Rewards,Curriculum,Rewards,2146,2,0,p1
Curriculum_vs_Rewards,Curriculum,Rewards,2147,2,0,p1
Curriculum_vs_Rewards,Curriculum,Rewards,2148,2,0,p1
Curriculum_vs_Rewards,Curriculum,Rewards,2149,1,2,p2
Curriculum_vs_Rewards,Curriculum,Rewards,2150,2,0,p1
Curriculum_vs_Rewards,Curriculum,Rewards,2151,2,1,p1
Curriculum_vs_Rewards,Curriculum,Rewards,2152,2,1,p1
Curriculum_vs_Rewards,Curriculum,Rewards,2153,2,0,p1
Curriculum_vs_Rewards,Curriculum,Rewards,2154,2,0,p1
Curriculum_vs_Rewards,Curriculum,Rewards,2155,2,0,p1
Curriculum_vs_Rewards,Curriculum,Rewards,2156,2,1,p1
Curriculum_vs_Rewards,Curriculum,Rewards,2157,2,0,p1
Curriculum_vs_Rewards,Curriculum,Rewards,2158,2,0,p1
Curriculum_vs_Rewards,Curriculum,Rewards,2159,2,0,p1
Curriculum_vs_Rewards,Curriculum,Rewards,2160,2,0,p1
Curriculum_vs_Rewards,Curriculum,Rewards,2161,2,0,p1
Curriculum_vs_Rewards,Curriculum,Rewards,2162,2,0,p1
Curriculum_vs_Rewards,Curriculum,Rewards,2163,2,1,p1
Curriculum_vs_Rewards,Curriculum,Rewards,2164,2,0,p1
Curriculum_vs_Rewards,Curriculum,Rewards,2165,2,0,p1
Curriculum_vs_Rewards,Curriculum,Rewards,2166,2,0,p1
Curriculum_vs_Rewards,Curriculum,Rewards,2167,2,0,p1
Curriculum_vs_Rewards,Curriculum,Rewards,2168,2,0,p1
Curriculum_vs_Rewards,Curriculum,Rewards,2169,2,0,p1
Curriculum_vs_Rewards,Curriculum,Rewards,2170,2,0,p1
Curriculum_vs_Rewards,Curriculum,Rewards,2171,2,1,p1
Curriculum_vs_Rewards,Curriculum,Rewards,2172,2,0,p1
Curriculum_vs_Rewards,Curriculum,Rewards,2173,2,0,p1
Curriculum_vs_Rewards,Curriculum,Rewards,2174,2,0,p1
Curriculum_vs_Rewards,Curriculum,Rewards,2175,2,0,p1
Curriculum_vs_Rewards,Curriculum,Rewards,2176,2,0,p1
Curriculum_vs_Rewards,Curriculum,Rewards,2177,2,0,p1
Curriculum_vs_Rewards,Curriculum,Rewards,2178,2,0,p1
Curriculum_vs_Rewards,Curriculum,Rewards,2179,2,0,p1
Curriculum_vs_Rewards,Curriculum,Rewards,2180,2,0,p1
Curriculum_vs_Rewards,Curriculum,Rewards,2181,2,0,p1
Curriculum_vs_Rewards,Curriculum,Rewards,2182,0,2,p2
Curriculum_vs_Rewards,Curriculum,Rewards,2183,2,1,p1
Curriculum_vs_Rewards,Curriculum,Rewards,2184,2,0,p1
Curriculum_vs_Rewards,Curriculum,Rewards,2185,2,0,p1
Curriculum_vs_Rewards,Curriculum,Rewards,2186,2,0,p1
Curriculum_vs_Rewards,Curriculum,Rewards,2187,2,0,p1
Curriculum_vs_Rewards,Curriculum,Rewards,2188,2,0,p1
Curriculum_vs_Rewards,Curriculum,Rewards,2189,2,0,p1
Curriculum_vs_Rewards,Curriculum,Rewards,2190,2,0,p1
Curriculum_vs_Rewards,Curriculum,Rewards,2191,2,0,p1
Curriculum_vs_Rewards,Curriculum,Rewards,2192,2,1,p1
Curriculum_vs_Rewards,Curriculum,Rewards,2193,2,1,p1
Curriculum_vs_Rewards,Curriculum,Rewards,2194,2,0,p1
Curriculum_vs_Rewards,Curriculum,Rewards,2195,2,0,p1
Curriculum_vs_Rewards,Curriculum,Rewards,2196,1,2,p2
Curriculum_vs_Rewards,Curriculum,Rewards,2197,2,1,p1
Curriculum_vs_Rewards,Curriculum,Rewards,2198,2,0,p1
Curriculum_vs_Rewards,Curriculum,Rewards,2199,2,0,p1
Curriculum_vs_Rewards,Curriculum,Rewards,2200,2,0,p1
Curriculum_vs_Rewards,Curriculum,Rewards,2201,2,0,p1
Curriculum_vs_Rewards,Curriculum,Rewards,2202,2,0,p1
Curriculum_vs_Rewards,Curriculum,Rewards,2203,2,1,p1
Curriculum_vs_Rewards,Curriculum,Rewards,2204,2,1,p1
Curriculum_vs_Rewards,Curriculum,Rewards,2205,2,0,p1
Curriculum_vs_Rewards,Curriculum,Rewards,2206,2,1,p1
Curriculum_vs_Rewards,Curriculum,Rewards,2207,2,0,p1
Curriculum_vs_Rewards,Curriculum,Rewards,2208,2,0,p1
Curriculum_vs_Rewards,Curriculum,Rewards,2209,2,0,p1
Curriculum_vs_Rewards,Curriculum,Rewards,2210,2,1,p1
Curriculum_vs_Rewards,Curriculum,Rewards,2211,2,1,p1
Curriculum_vs_Rewards,Curriculum,Rewards,2212,2,1,p1
Curriculum_vs_Rewards,Curriculum,Rewards,2213,2,0,p1
Curriculum_vs_Rewards,Curriculum,Rewards,2214,2,0,p1
Curriculum_vs_Rewards,Curriculum,Rewards,2215,2,0,p1
Curriculum_vs_Rewards,Curriculum,Rewards,2216,2,0,p1
Curriculum_vs_Rewards,Curriculum,Rewards,2217,2,0,p1
Curriculum_vs_Rewards,Curriculum,Rewards,2218,2,0,p1
Curriculum_vs_Rewards,Curriculum,Rewards,2219,2,0,p1
Curriculum_vs_Rewards,Curriculum,Rewards,2220,2,1,p1
Curriculum_vs_Rewards,Curriculum,Rewards,2221,2,0,p1
Curriculum_vs_Rewards,Curriculum,Rewards,2222,2,1,p1
Curriculum_vs_Rewards,Curriculum,Rewards,2223,2,0,p1
Curriculum_vs_Rewards,Curriculum,Rewards,2224,2,0,p1
Curriculum_vs_Rewards,Curriculum,Rewards,2225,2,0,p1
Curriculum_vs_Rewards,Curriculum,Rewards,2226,2,0,p1
Curriculum_vs_Rewards,Curriculum,Rewards,2227,2,0,p1
Curriculum_vs_Rewards,Curriculum,Rewards,2228,2,0,p1
Curriculum_vs_Rewards,Curriculum,Rewards,2229,2,0,p1
Curriculum_vs_Rewards,Curriculum,Rewards,2230,2,0,p1
Curriculum_vs_Rewards,Curriculum,Rewards,2231,2,0,p1
Curriculum_vs_Rewards,Curriculum,Rewards,2232,2,0,p1
Curriculum_vs_Rewards,Curriculum,Rewards,2233,2,0,p1
Curriculum_vs_Rewards,Curriculum,Rewards,2234,2,1,p1
Curriculum_vs_Rewards,Curriculum,Rewards,2235,2,0,p1
Curriculum_vs_Rewards,Curriculum,Rewards,2236,2,0,p1
Curriculum_vs_Rewards,Curriculum,Rewards,2237,2,0,p1
Curriculum_vs_Rewards,Curriculum,Rewards,2238,2,1,p1
Curriculum_vs_Rewards,Curriculum,Rewards,2239,2,0,p1
Curriculum_vs_Rewards,Curriculum,Rewards,2240,2,1,p1
Curriculum_vs_Rewards,Curriculum,Rewards,2241,2,0,p1
Curriculum_vs_Rewards,Curriculum,Rewards,2242,2,0,p1
Curriculum_vs_Rewards,Curriculum,Rewards,2243,2,1,p1
Curriculum_vs_Rewards,Curriculum,Rewards,2244,2,0,p1
Curriculum_vs_Rewards,Curriculum,Rewards,2245,2,0,p1
Curriculum_vs_Rewards,Curriculum,Rewards,2246,0,2,p2
Curriculum_vs_Rewards,Curriculum,Rewards,2247,2,0,p1
Curriculum_vs_Rewards,Curriculum,Rewards,2248,2,1,p1
Curriculum_vs_Rewards,Curriculum,Rewards,2249,2,0,p1
Curriculum_vs_Rewards,Curriculum,Rewards,2250,2,0,p1
Curriculum_vs_Rewards,Curriculum,Rewards,2251,2,0,p1
Curriculum_vs_Rewards,Curriculum,Rewards,2252,2,0,p1
Curriculum_vs_Rewards,Curriculum,Rewards,2253,2,0,p1
Curriculum_vs_Rewards,Curriculum,Rewards,2254,2,0,p1
Curriculum_vs_Rewards,Curriculum,Rewards,2255,2,1,p1
Curriculum_vs_Rewards,Curriculum,Rewards,2256,1,2,p2
Curriculum_vs_Rewards,Curriculum,Rewards,2257,2,1,p1
Curriculum_vs_Rewards,Curriculum,Rewards,2258,2,0,p1
Curriculum_vs_Rewards,Curriculum,Rewards,2259,2,0,p1
Curriculum_vs_Rewards,Curriculum,Rewards,2260,2,0,p1
Curriculum_vs_Rewards,Curriculum,Rewards,2261,2,0,p1
Curriculum_vs_Rewards,Curriculum,Rewards,2262,2,0,p1
Curriculum_vs_Rewards,Curriculum,Rewards,2263,2,0,p1
Curriculum_vs_Rewards,Curriculum,Rewards,2264,2,0,p1
Curriculum_vs_Rewards,Curriculum,Rewards,2265,2,0,p1
Curriculum_vs_Rewards,Curriculum,Rewards,2266,2,1,p1
Curriculum_vs_Rewards,Curriculum,Rewards,2267,2,0,p1
Curriculum_vs_Rewards,Curriculum,Rewards,2268,2,0,p1
Curriculum_vs_Rewards,Curriculum,Rewards,2269,2,0,p1
Curriculum_vs_Rewards,Curriculum,Rewards,2270,2,1,p1
Curriculum_vs_Rewards,Curriculum,Rewards,2271,2,0,p1
Curriculum_vs_Rewards,Curriculum,Rewards,2272,2,0,p1
Curriculum_vs_Rewards,Curriculum,Rewards,2273,2,0,p1
Curriculum_vs_Rewards,Curriculum,Rewards,2274,2,1,p1
Curriculum_vs_Rewards,Curriculum,Rewards,2275,2,0,p1
Curriculum_vs_Rewards,Curriculum,Rewards,2276,2,0,p1
Curriculum_vs_Rewards,Curriculum,Rewards,2277,2,1,p1
Curriculum_vs_Rewards,Curriculum,Rewards,2278,2,0,p1
Curriculum_vs_Rewards,Curriculum,Rewards,2279,2,1,p1
Curriculum_vs_Rewards,Curriculum,Rewards,2280,2,1,p1
Curriculum_vs_Rewards,Curriculum,Rewards,2281,2,1,p1
Curriculum_vs_Rewards,Curriculum,Rewards,2282,2,0,p1
Curriculum_vs_Rewards,Curriculum,Rewards,2283,2,0,p1
Curriculum_vs_Rewards,Curriculum,Rewards,2284,2,0,p1
Curriculum_vs_Rewards,Curriculum,Rewards,2285,2,0,p1
Curriculum_vs_Rewards,Curriculum,Rewards,2286,2,0,p1
Curriculum_vs_Rewards,Curriculum,Rewards,2287,2,0,p1
Curriculum_vs_Rewards,Curriculum,Rewards,2288,2,0,p1
Curriculum_vs_Rewards,Curriculum,Rewards,2289,2,1,p1
Curriculum_vs_Rewards,Curriculum,Rewards,2290,2,1,p1
Curriculum_vs_Rewards,Curriculum,Rewards,2291,2,1,p1
Curriculum_vs_Rewards,Curriculum,Rewards,2292,2,0,p1
Curriculum_vs_Rewards,Curriculum,Rewards,2293,2,0,p1
Curriculum_vs_Rewards,Curriculum,Rewards,2294,2,1,p1
Curriculum_vs_Rewards,Curriculum,Rewards,2295,2,0,p1
Curriculum_vs_Rewards,Curriculum,Rewards,2296,2,1,p1
Curriculum_vs_Rewards,Curriculum,Rewards,2297,2,0,p1
Curriculum_vs_Rewards,Curriculum,Rewards,2298,2,1,p1
Curriculum_vs_Rewards,Curriculum,Rewards,2299,2,0,p1
Curriculum_vs_Rewards,Curriculum,Rewards,2300,2,0,p1
Curriculum_vs_Rewards,Curriculum,Rewards,2301,2,0,p1
Curriculum_vs_Rewards,Curriculum,Rewards,2302,2,1,p1
Curriculum_vs_Rewards,Curriculum,Rewards,2303,2,0,p1
Curriculum_vs_Rewards,Curriculum,Rewards,2304,2,0,p1
Curriculum_vs_Rewards,Curriculum,Rewards,2305,2,0,p1
Curriculum_vs_Rewards,Curriculum,Rewards,2306,2,1,p1
Curriculum_vs_Rewards,Curriculum,Rewards,2307,2,0,p1
Curriculum_vs_Rewards,Curriculum,Rewards,2308,2,0,p1
Curriculum_vs_Rewards,Curriculum,Rewards,2309,2,0,p1
Curriculum_vs_Rewards,Curriculum,Rewards,2310,2,0,p1
Curriculum_vs_Rewards,Curriculum,Rewards,2311,2,0,p1
Curriculum_vs_Rewards,Curriculum,Rewards,2312,2,0,p1
Curriculum_vs_Rewards,Curriculum,Rewards,2313,2,0,p1
Curriculum_vs_Rewards,Curriculum,Rewards,2314,2,0,p1
Curriculum_vs_Rewards,Curriculum,Rewards,2315,2,0,p1
Curriculum_vs_Rewards,Curriculum,Rewards,2316,2,1,p1
Curriculum_vs_Rewards,Curriculum,Rewards,2317,2,1,p1
Curriculum_vs_Rewards,Curriculum,Rewards,2318,2,0,p1
Curriculum_vs_Rewards,Curriculum,Rewards,2319,2,0,p1
Curriculum_vs_Rewards,Curriculum,Rewards,2320,1,2,p2
Curriculum_vs_Rewards,Curriculum,Rewards,2321,2,0,p1
Curriculum_vs_Rewards,Curriculum,Rewards,2322,2,0,p1
Curriculum_vs_Rewards,Curriculum,Rewards,2323,2,0,p1
Curriculum_vs_Rewards,Curriculum,Rewards,2324,2,0,p1
Curriculum_vs_Rewards,Curriculum,Rewards,2325,2,0,p1
Curriculum_vs_Rewards,Curriculum,Rewards,2326,2,0,p1
Curriculum_vs_Rewards,Curriculum,Rewards,2327,2,0,p1
Curriculum_vs_Rewards,Curriculum,Rewards,2328,2,1,p1
Curriculum_vs_Rewards,Curriculum,Rewards,2329,2,0,p1
Curriculum_vs_Rewards,Curriculum,Rewards,2330,2,0,p1
Curriculum_vs_Rewards,Curriculum,Rewards,2331,2,1,p1
Curriculum_vs_Rewards,Curriculum,Rewards,2332,2,0,p1
Curriculum_vs_Rewards,Curriculum,Rewards,2333,2,0,p1
Curriculum_vs_Rewards,Curriculum,Rewards,2334,2,1,p1
Curriculum_vs_Rewards,Curriculum,Rewards,2335,2,0,p1
Curriculum_vs_Rewards,Curriculum,Rewards,2336,2,0,p1
Curriculum_vs_Rewards,Curriculum,Rewards,2337,2,0,p1
Curriculum_vs_Rewards,Curriculum,Rewards,2338,2,0,p1
Curriculum_vs_Rewards,Curriculum,Rewards,2339,2,0,p1
Curriculum_vs_Rewards,Curriculum,Rewards,2340,2,0,p1
Curriculum_vs_Rewards,Curriculum,Rewards,2341,2,1,p1
Curriculum_vs_Rewards,Curriculum,Rewards,2342,2,0,p1
Curriculum_vs_Rewards,Curriculum,Rewards,2343,2,1,p1
Curriculum_vs_Rewards,Curriculum,Rewards,2344,2,0,p1
Curriculum_vs_Rewards,Curriculum,Rewards,2345,2,1,p1
Curriculum_vs_Rewards,Curriculum,Rewards,2346,2,0,p1
Curriculum_vs_Rewards,Curriculum,Rewards,2347,2,1,p1
Curriculum_vs_Rewards,Curriculum,Rewards,2348,2,0,p1
Curriculum_vs_Rewards,Curriculum,Rewards,2349,2,0,p1
Curriculum_vs_Rewards,Curriculum,Rewards,2350,2,0,p1
Curriculum_vs_Rewards,Curriculum,Rewards,2351,2,0,p1
Curriculum_vs_Rewards,Curriculum,Rewards,2352,2,0,p1
Curriculum_vs_Rewards,Curriculum,Rewards,2353,2,0,p1
Curriculum_vs_Rewards,Curriculum,Rewards,2354,1,2,p2
Curriculum_vs_Rewards,Curriculum,Rewards,2355,2,0,p1
Curriculum_vs_Rewards,Curriculum,Rewards,2356,2,0,p1
Curriculum_vs_Rewards,Curriculum,Rewards,2357,2,1,p1
Curriculum_vs_Rewards,Curriculum,Rewards,2358,2,1,p1
Curriculum_vs_Rewards,Curriculum,Rewards,2359,2,0,p1
Curriculum_vs_Rewards,Curriculum,Rewards,2360,2,1,p1
Curriculum_vs_Rewards,Curriculum,Rewards,2361,2,1,p1
Curriculum_vs_Rewards,Curriculum,Rewards,2362,2,0,p1
Curriculum_vs_Rewards,Curriculum,Rewards,2363,2,0,p1
Curriculum_vs_Rewards,Curriculum,Rewards,2364,2,0,p1
Curriculum_vs_Rewards,Curriculum,Rewards,2365,2,1,p1
Curriculum_vs_Rewards,Curriculum,Rewards,2366,2,0,p1
Curriculum_vs_Rewards,Curriculum,Rewards,2367,2,0,p1
Curriculum_vs_Rewards,Curriculum,Rewards,2368,2,0,p1
Curriculum_vs_Rewards,Curriculum,Rewards,2369,1,2,p2
Curriculum_vs_Rewards,Curriculum,Rewards,2370,2,0,p1
Curriculum_vs_Rewards,Curriculum,Rewards,2371,2,0,p1
Curriculum_vs_Rewards,Curriculum,Rewards,2372,2,0,p1
Curriculum_vs_Rewards,Curriculum,Rewards,2373,2,0,p1
Curriculum_vs_Rewards,Curriculum,Rewards,2374,0,2,p2
Curriculum_vs_Rewards,Curriculum,Rewards,2375,2,0,p1
Curriculum_vs_Rewards,Curriculum,Rewards,2376,2,0,p1
Curriculum_vs_Rewards,Curriculum,Rewards,2377,2,0,p1
Curriculum_vs_Rewards,Curriculum,Rewards,2378,2,0,p1
Curriculum_vs_Rewards,Curriculum,Rewards,2379,2,0,p1
Curriculum_vs_Rewards,Curriculum,Rewards,2380,2,1,p1
Curriculum_vs_Rewards,Curriculum,Rewards,2381,2,0,p1
Curriculum_vs_Rewards,Curriculum,Rewards,2382,2,0,p1
Curriculum_vs_Rewards,Curriculum,Rewards,2383,2,0,p1
Curriculum_vs_Rewards,Curriculum,Rewards,2384,2,0,p1
Curriculum_vs_Rewards,Curriculum,Rewards,2385,2,0,p1
Curriculum_vs_Rewards,Curriculum,Rewards,2386,2,1,p1
Curriculum_vs_Rewards,Curriculum,Rewards,2387,2,0,p1
Curriculum_vs_Rewards,Curriculum,Rewards,2388,2,1,p1
Curriculum_vs_Rewards,Curriculum,Rewards,2389,2,0,p1
Curriculum_vs_Rewards,Curriculum,Rewards,2390,2,0,p1
Curriculum_vs_Rewards,Curriculum,Rewards,2391,2,0,p1
Curriculum_vs_Rewards,Curriculum,Rewards,2392,2,0,p1
Curriculum_vs_Rewards,Curriculum,Rewards,2393,2,0,p1
Curriculum_vs_Rewards,Curriculum,Rewards,2394,2,0,p1
Curriculum_vs_Rewards,Curriculum,Rewards,2395,2,0,p1
Curriculum_vs_Rewards,Curriculum,Rewards,2396,2,0,p1
Curriculum_vs_Rewards,Curriculum,Rewards,2397,2,0,p1
Curriculum_vs_Rewards,Curriculum,Rewards,2398,2,0,p1
Curriculum_vs_Rewards,Curriculum,Rewards,2399,2,0,p1
Curriculum_vs_Rewards,Curriculum,Rewards,2400,2,1,p1
Curriculum_vs_Rewards,Curriculum,Rewards,2401,2,0,p1
Curriculum_vs_Rewards,Curriculum,Rewards,2402,2,0,p1
Curriculum_vs_Rewards,Curriculum,Rewards,2403,2,0,p1
Curriculum_vs_Rewards,Curriculum,Rewards,2404,2,0,p1
Curriculum_vs_Rewards,Curriculum,Rewards,2405,2,0,p1
Curriculum_vs_Rewards,Curriculum,Rewards,2406,2,0,p1
Curriculum_vs_Rewards,Curriculum,Rewards,2407,2,0,p1
Curriculum_vs_Rewards,Curriculum,Rewards,2408,2,0,p1
Curriculum_vs_Rewards,Curriculum,Rewards,2409,2,1,p1
Curriculum_vs_Rewards,Curriculum,Rewards,2410,2,0,p1
Curriculum_vs_Rewards,Curriculum,Rewards,2411,2,0,p1
Curriculum_vs_Rewards,Curriculum,Rewards,2412,2,0,p1
Curriculum_vs_Rewards,Curriculum,Rewards,2413,2,0,p1
Curriculum_vs_Rewards,Curriculum,Rewards,2414,2,0,p1
Curriculum_vs_Rewards,Curriculum,Rewards,2415,1,2,p2
Curriculum_vs_Rewards,Curriculum,Rewards,2416,2,0,p1
Curriculum_vs_Rewards,Curriculum,Rewards,2417,2,0,p1
Curriculum_vs_Rewards,Curriculum,Rewards,2418,2,1,p1
Curriculum_vs_Rewards,Curriculum,Rewards,2419,2,0,p1
Curriculum_vs_Rewards,Curriculum,Rewards,2420,2,0,p1
Curriculum_vs_Rewards,Curriculum,Rewards,2421,2,0,p1
Curriculum_vs_Rewards,Curriculum,Rewards,2422,2,0,p1
Curriculum_vs_Rewards,Curriculum,Rewards,2423,2,0,p1
Curriculum_vs_Rewards,Curriculum,Rewards,2424,2,0,p1
Curriculum_vs_Rewards,Curriculum,Rewards,2425,2,0,p1
Curriculum_vs_Rewards,Curriculum,Rewards,2426,2,1,p1
Curriculum_vs_Rewards,Curriculum,Rewards,2427,2,0,p1
Curriculum_vs_Rewards,Curriculum,Rewards,2428,2,0,p1
Curriculum_vs_Rewards,Curriculum,Rewards,2429,2,1,p1
Curriculum_vs_Rewards,Curriculum,Rewards,2430,2,1,p1
Curriculum_vs_Rewards,Curriculum,Rewards,2431,2,0,p1
Curriculum_vs_Rewards,Curriculum,Rewards,2432,2,0,p1
Curriculum_vs_Rewards,Curriculum,Rewards,2433,2,0,p1
Curriculum_vs_Rewards,Curriculum,Rewards,2434,1,2,p2
Curriculum_vs_Rewards,Curriculum,Rewards,2435,2,0,p1
Curriculum_vs_Rewards,Curriculum,Rewards,2436,2,0,p1
Curriculum_vs_Rewards,Curriculum,Rewards,2437,2,0,p1
Curriculum_vs_Rewards,Curriculum,Rewards,2438,2,0,p1
Curriculum_vs_Rewards,Curriculum,Rewards,2439,2,0,p1
Curriculum_vs_Rewards,Curriculum,Rewards,2440,2,1,p1
Curriculum_vs_Rewards,Curriculum,Rewards,2441,2,0,p1
Curriculum_vs_Rewards,Curriculum,Rewards,2442,2,1,p1
Curriculum_vs_Rewards,Curriculum,Rewards,2443,2,0,p1
Curriculum_vs_Rewards,Curriculum,Rewards,2444,2,0,p1
Curriculum_vs_Rewards,Curriculum,Rewards,2445,2,0,p1
Curriculum_vs_Rewards,Curriculum,Rewards,2446,2,1,p1
Curriculum_vs_Rewards,Curriculum,Rewards,2447,2,0,p1
Curriculum_vs_Rewards,Curriculum,Rewards,2448,2,0,p1
Curriculum_vs_Rewards,Curriculum,Rewards,2449,2,0,p1
Curriculum_vs_Rewards,Curriculum,Rewards,2450,2,1,p1
Curriculum_vs_Rewards,Curriculum,Rewards,2451,2,0,p1
Curriculum_vs_Rewards,Curriculum,Rewards,2452,2,0,p1
Curriculum_vs_Rewards,Curriculum,Rewards,2453,2,0,p1
Curriculum_vs_Rewards,Curriculum,Rewards,2454,2,0,p1
Curriculum_vs_Rewards,Curriculum,Rewards,2455,2,0,p1
Curriculum_vs_Rewards,Curriculum,Rewards,2456,2,1,p1
Curriculum_vs_Rewards,Curriculum,Rewards,2457,2,1,p1
Curriculum_vs_Rewards,Curriculum,Rewards,2458,2,0,p1
Curriculum_vs_Rewards,Curriculum,Rewards,2459,2,0,p1
Curriculum_vs_Rewards,Curriculum,Rewards,2460,2,0,p1
Curriculum_vs_Rewards,Curriculum,Rewards,2461,2,0,p1
Curriculum_vs_Rewards,Curriculum,Rewards,2462,2,0,p1
Curriculum_vs_Rewards,Curriculum,Rewards,2463,2,0,p1
Curriculum_vs_Rewards,Curriculum,Rewards,2464,2,0,p1
Curriculum_vs_Rewards,Curriculum,Rewards,2465,2,1,p1
Curriculum_vs_Rewards,Curriculum,Rewards,2466,2,0,p1
Curriculum_vs_Rewards,Curriculum,Rewards,2467,2,0,p1
Curriculum_vs_Rewards,Curriculum,Rewards,2468,2,1,p1
Curriculum_vs_Rewards,Curriculum,Rewards,2469,2,0,p1
Curriculum_vs_Rewards,Curriculum,Rewards,2470,2,1,p1
Curriculum_vs_Rewards,Curriculum,Rewards,2471,2,0,p1
Curriculum_vs_Rewards,Curriculum,Rewards,2472,2,0,p1
Curriculum_vs_Rewards,Curriculum,Rewards,2473,2,0,p1
Curriculum_vs_Rewards,Curriculum,Rewards,2474,2,0,p1
Curriculum_vs_Rewards,Curriculum,Rewards,2475,2,0,p1
Curriculum_vs_Rewards,Curriculum,Rewards,2476,2,0,p1
Curriculum_vs_Rewards,Curriculum,Rewards,2477,2,0,p1
Curriculum_vs_Rewards,Curriculum,Rewards,2478,2,1,p1
Curriculum_vs_Rewards,Curriculum,Rewards,2479,2,0,p1
Curriculum_vs_Rewards,Curriculum,Rewards,2480,2,1,p1
Curriculum_vs_Rewards,Curriculum,Rewards,2481,0,2,p2
Curriculum_vs_Rewards,Curriculum,Rewards,2482,2,0,p1
Curriculum_vs_Rewards,Curriculum,Rewards,2483,2,0,p1
Curriculum_vs_Rewards,Curriculum,Rewards,2484,2,0,p1
Curriculum_vs_Rewards,Curriculum,Rewards,2485,2,0,p1
Curriculum_vs_Rewards,Curriculum,Rewards,2486,2,0,p1
Curriculum_vs_Rewards,Curriculum,Rewards,2487,2,0,p1
Curriculum_vs_Rewards,Curriculum,Rewards,2488,1,2,p2
Curriculum_vs_Rewards,Curriculum,Rewards,2489,2,0,p1
Curriculum_vs_Rewards,Curriculum,Rewards,2490,2,0,p1
Curriculum_vs_Rewards,Curriculum,Rewards,2491,2,0,p1
Curriculum_vs_Rewards,Curriculum,Rewards,2492,2,0,p1
Curriculum_vs_Rewards,Curriculum,Rewards,2493,2,0,p1
Curriculum_vs_Rewards,Curriculum,Rewards,2494,0,2,p2
Curriculum_vs_Rewards,Curriculum,Rewards,2495,2,0,p1
Curriculum_vs_Rewards,Curriculum,Rewards,2496,2,0,p1
Curriculum_vs_Rewards,Curriculum,Rewards,2497,2,0,p1
Curriculum_vs_Rewards,Curriculum,Rewards,2498,1,2,p2
Curriculum_vs_Rewards,Curriculum,Rewards,2499,1,2,p2
Curriculum_vs_Rewards,Curriculum,Rewards,2500,2,0,p1
Curriculum_vs_Rewards,Curriculum,Rewards,2501,2,0,p1
Curriculum_vs_Rewards,Curriculum,Rewards,2502,2,0,p1
Curriculum_vs_Rewards,Curriculum,Rewards,2503,2,0,p1
Curriculum_vs_Rewards,Curriculum,Rewards,2504,2,1,p1
Curriculum_vs_Rewards,Curriculum,Rewards,2505,2,0,p1
Curriculum_vs_Rewards,Curriculum,Rewards,2506,2,0,p1
Curriculum_vs_Rewards,Curriculum,Rewards,2507,2,1,p1
Curriculum_vs_Rewards,Curriculum,Rewards,2508,2,0,p1
Curriculum_vs_Rewards,Curriculum,Rewards,2509,2,0,p1
Curriculum_vs_Rewards,Curriculum,Rewards,2510,2,0,p1
Curriculum_vs_Rewards,Curriculum,Rewards,2511,1,2,p2
Curriculum_vs_Rewards,Curriculum,Rewards,2512,2,0,p1
Curriculum_vs_Rewards,Curriculum,Rewards,2513,2,1,p1
Curriculum_vs_Rewards,Curriculum,Rewards,2514,2,0,p1
Curriculum_vs_Rewards,Curriculum,Rewards,2515,2,0,p1
Curriculum_vs_Rewards,Curriculum,Rewards,2516,2,0,p1
Curriculum_vs_Rewards,Curriculum,Rewards,2517,2,0,p1
Curriculum_vs_Rewards,Curriculum,Rewards,2518,2,0,p1
Curriculum_vs_Rewards,Curriculum,Rewards,2519,1,2,p2
Curriculum_vs_Rewards,Curriculum,Rewards,2520,2,0,p1
Curriculum_vs_Rewards,Curriculum,Rewards,2521,2,0,p1
Curriculum_vs_Rewards,Curriculum,Rewards,2522,2,0,p1
Curriculum_vs_Rewards,Curriculum,Rewards,2523,2,0,p1
Curriculum_vs_Rewards,Curriculum,Rewards,2524,2,1,p1
Curriculum_vs_Rewards,Curriculum,Rewards,2525,2,0,p1
Curriculum_vs_Rewards,Curriculum,Rewards,2526,2,0,p1
Curriculum_vs_Rewards,Curriculum,Rewards,2527,2,1,p1
Curriculum_vs_Rewards,Curriculum,Rewards,2528,2,0,p1
Curriculum_vs_Rewards,Curriculum,Rewards,2529,2,0,p1
Curriculum_vs_Rewards,Curriculum,Rewards,2530,2,0,p1
Curriculum_vs_Rewards,Curriculum,Rewards,2531,2,0,p1
Curriculum_vs_Rewards,Curriculum,Rewards,2532,2,0,p1
Curriculum_vs_Rewards,Curriculum,Rewards,2533,2,0,p1
Curriculum_vs_Rewards,Curriculum,Rewards,2534,2,0,p1
Curriculum_vs_Rewards,Curriculum,Rewards,2535,2,0,p1
Curriculum_vs_Rewards,Curriculum,Rewards,2536,2,0,p1
Curriculum_vs_Rewards,Curriculum,Rewards,2537,0,2,p2
Curriculum_vs_Rewards,Curriculum,Rewards,2538,2,1,p1
Curriculum_vs_Rewards,Curriculum,Rewards,2539,2,0,p1
Curriculum_vs_Rewards,Curriculum,Rewards,2540,2,0,p1
Curriculum_vs_Rewards,Curriculum,Rewards,2541,2,0,p1
Curriculum_vs_Rewards,Curriculum,Rewards,2542,2,1,p1
Curriculum_vs_Rewards,Curriculum,Rewards,2543,2,0,p1
Curriculum_vs_Rewards,Curriculum,Rewards,2544,1,2,p2
Curriculum_vs_Rewards,Curriculum,Rewards,2545,2,0,p1
Curriculum_vs_Rewards,Curriculum,Rewards,2546,0,2,p2
Curriculum_vs_Rewards,Curriculum,Rewards,2547,2,0,p1
Curriculum_vs_Rewards,Curriculum,Rewards,2548,2,0,p1
Curriculum_vs_Rewards,Curriculum,Rewards,2549,2,0,p1
Curriculum_vs_Rewards,Curriculum,Rewards,2550,2,0,p1
Curriculum_vs_Rewards,Curriculum,Rewards,2551,2,0,p1
Curriculum_vs_Rewards,Curriculum,Rewards,2552,0,2,p2
Curriculum_vs_Rewards,Curriculum,Rewards,2553,2,0,p1
Curriculum_vs_Rewards,Curriculum,Rewards,2554,2,0,p1
Curriculum_vs_Rewards,Curriculum,Rewards,2555,2,0,p1
Curriculum_vs_Rewards,Curriculum,Rewards,2556,2,1,p1
Curriculum_vs_Rewards,Curriculum,Rewards,2557,2,0,p1
Curriculum_vs_Rewards,Curriculum,Rewards,2558,2,0,p1
Curriculum_vs_Rewards,Curriculum,Rewards,2559,2,0,p1
Curriculum_vs_Rewards,Curriculum,Rewards,2560,2,0,p1
Curriculum_vs_Rewards,Curriculum,Rewards,2561,2,0,p1
Curriculum_vs_Rewards,Curriculum,Rewards,2562,0,2,p2
Curriculum_vs_Rewards,Curriculum,Rewards,2563,2,0,p1
Curriculum_vs_Rewards,Curriculum,Rewards,2564,2,0,p1
Curriculum_vs_Rewards,Curriculum,Rewards,2565,2,0,p1
Curriculum_vs_Rewards,Curriculum,Rewards,2566,2,1,p1
Curriculum_vs_Rewards,Curriculum,Rewards,2567,2,1,p1
Curriculum_vs_Rewards,Curriculum,Rewards,2568,2,0,p1
Curriculum_vs_Rewards,Curriculum,Rewards,2569,2,0,p1
Curriculum_vs_Rewards,Curriculum,Rewards,2570,2,0,p1
Curriculum_vs_Rewards,Curriculum,Rewards,2571,2,0,p1
Curriculum_vs_Rewards,Curriculum,Rewards,2572,2,0,p1
Curriculum_vs_Rewards,Curriculum,Rewards,2573,2,0,p1
Curriculum_vs_Rewards,Curriculum,Rewards,2574,2,1,p1
Curriculum_vs_Rewards,Curriculum,Rewards,2575,2,1,p1
Curriculum_vs_Rewards,Curriculum,Rewards,2576,2,1,p1
Curriculum_vs_Rewards,Curriculum,Rewards,2577,2,0,p1
Curriculum_vs_Rewards,Curriculum,Rewards,2578,2,0,p1
Curriculum_vs_Rewards,Curriculum,Rewards,2579,2,0,p1
Curriculum_vs_Rewards,Curriculum,Rewards,2580,2,0,p1
Curriculum_vs_Rewards,Curriculum,Rewards,2581,2,0,p1
Curriculum_vs_Rewards,Curriculum,Rewards,2582,2,0,p1
Curriculum_vs_Rewards,Curriculum,Rewards,2583,2,0,p1
Curriculum_vs_Rewards,Curriculum,Rewards,2584,2,0,p1
Curriculum_vs_Rewards,Curriculum,Rewards,2585,2,0,p1
Curriculum_vs_Rewards,Curriculum,Rewards,2586,2,1,p1
Curriculum_vs_Rewards,Curriculum,Rewards,2587,2,0,p1
Curriculum_vs_Rewards,Curriculum,Rewards,2588,2,0,p1
Curriculum_vs_Rewards,Curriculum,Rewards,2589,2,0,p1
Curriculum_vs_Rewards,Curriculum,Rewards,2590,2,0,p1
Curriculum_vs_Rewards,Curriculum,Rewards,2591,2,0,p1
Curriculum_vs_Rewards,Curriculum,Rewards,2592,2,0,p1
Curriculum_vs_Rewards,Curriculum,Rewards,2593,2,1,p1
Curriculum_vs_Rewards,Curriculum,Rewards,2594,2,0,p1
Curriculum_vs_Rewards,Curriculum,Rewards,2595,2,0,p1
Curriculum_vs_Rewards,Curriculum,Rewards,2596,2,0,p1
Curriculum_vs_Rewards,Curriculum,Rewards,2597,2,1,p1
Curriculum_vs_Rewards,Curriculum,Rewards,2598,2,0,p1
Curriculum_vs_Rewards,Curriculum,Rewards,2599,2,1,p1
Curriculum_vs_Rewards,Curriculum,Rewards,2600,2,0,p1
Curriculum_vs_Rewards,Curriculum,Rewards,2601,2,0,p1
Curriculum_vs_Rewards,Curriculum,Rewards,2602,2,1,p1
Curriculum_vs_Rewards,Curriculum,Rewards,2603,2,0,p1
Curriculum_vs_Rewards,Curriculum,Rewards,2604,2,0,p1
Curriculum_vs_Rewards,Curriculum,Rewards,2605,2,0,p1
Curriculum_vs_Rewards,Curriculum,Rewards,2606,2,0,p1
Curriculum_vs_Rewards,Curriculum,Rewards,2607,2,1,p1
Curriculum_vs_Rewards,Curriculum,Rewards,2608,2,0,p1
Curriculum_vs_Rewards,Curriculum,Rewards,2609,2,0,p1
Curriculum_vs_Rewards,Curriculum,Rewards,2610,2,0,p1
Curriculum_vs_Rewards,Curriculum,Rewards,2611,2,0,p1
Curriculum_vs_Rewards,Curriculum,Rewards,2612,2,1,p1
Curriculum_vs_Rewards,Curriculum,Rewards,2613,2,0,p1
Curriculum_vs_Rewards,Curriculum,Rewards,2614,2,0,p1
Curriculum_vs_Rewards,Curriculum,Rewards,2615,2,0,p1
Curriculum_vs_Rewards,Curriculum,Rewards,2616,2,0,p1
Curriculum_vs_Rewards,Curriculum,Rewards,2617,2,0,p1
Curriculum_vs_Rewards,Curriculum,Rewards,2618,2,0,p1
Curriculum_vs_Rewards,Curriculum,Rewards,2619,2,1,p1
Curriculum_vs_Rewards,Curriculum,Rewards,2620,2,0,p1
Curriculum_vs_Rewards,Curriculum,Rewards,2621,0,2,p2
Curriculum_vs_Rewards,Curriculum,Rewards,2622,2,0,p1
Curriculum_vs_Rewards,Curriculum,Rewards,2623,2,0,p1
Curriculum_vs_Rewards,Curriculum,Rewards,2624,2,0,p1
Curriculum_vs_Rewards,Curriculum,Rewards,2625,2,1,p1
Curriculum_vs_Rewards,Curriculum,Rewards,2626,2,0,p1
Curriculum_vs_Rewards,Curriculum,Rewards,2627,2,0,p1
Curriculum_vs_Rewards,Curriculum,Rewards,2628,2,1,p1
Curriculum_vs_Rewards,Curriculum,Rewards,2629,2,0,p1
Curriculum_vs_Rewards,Curriculum,Rewards,2630,2,0,p1
Curriculum_vs_Rewards,Curriculum,Rewards,2631,2,0,p1
Curriculum_vs_Rewards,Curriculum,Rewards,2632,2,0,p1
Curriculum_vs_Rewards,Curriculum,Rewards,2633,2,0,p1
Curriculum_vs_Rewards,Curriculum,Rewards,2634,2,1,p1
Curriculum_vs_Rewards,Curriculum,Rewards,2635,2,0,p1
Curriculum_vs_Rewards,Curriculum,Rewards,2636,2,0,p1
Curriculum_vs_Rewards,Curriculum,Rewards,2637,2,0,p1
Curriculum_vs_Rewards,Curriculum,Rewards,2638,2,0,p1
Curriculum_vs_Rewards,Curriculum,Rewards,2639,2,0,p1
Curriculum_vs_Rewards,Curriculum,Rewards,2640,2,1,p1
Curriculum_vs_Rewards,Curriculum,Rewards,2641,2,0,p1
Curriculum_vs_Rewards,Curriculum,Rewards,2642,2,0,p1
Curriculum_vs_Rewards,Curriculum,Rewards,2643,2,0,p1
Curriculum_vs_Rewards,Curriculum,Rewards,2644,2,0,p1
Curriculum_vs_Rewards,Curriculum,Rewards,2645,2,0,p1
Curriculum_vs_Rewards,Curriculum,Rewards,2646,2,1,p1
Curriculum_vs_Rewards,Curriculum,Rewards,2647,2,0,p1
Curriculum_vs_Rewards,Curriculum,Rewards,2648,2,0,p1
Curriculum_vs_Rewards,Curriculum,Rewards,2649,2,0,p1
Curriculum_vs_Rewards,Curriculum,Rewards,2650,2,0,p1
Curriculum_vs_Rewards,Curriculum,Rewards,2651,2,0,p1
Curriculum_vs_Rewards,Curriculum,Rewards,2652,2,1,p1
Curriculum_vs_Rewards,Curriculum,Rewards,2653,2,0,p1
Curriculum_vs_Rewards,Curriculum,Rewards,2654,2,1,p1
Curriculum_vs_Rewards,Curriculum,Rewards,2655,2,0,p1
Curriculum_vs_Rewards,Curriculum,Rewards,2656,2,0,p1
Curriculum_vs_Rewards,Curriculum,Rewards,2657,2,0,p1
Curriculum_vs_Rewards,Curriculum,Rewards,2658,2,0,p1
Curriculum_vs_Rewards,Curriculum,Rewards,2659,2,0,p1
Curriculum_vs_Rewards,Curriculum,Rewards,2660,2,0,p1
Curriculum_vs_Rewards,Curriculum,Rewards,2661,2,0,p1
Curriculum_vs_Rewards,Curriculum,Rewards,2662,2,0,p1
Curriculum_vs_Rewards,Curriculum,Rewards,2663,2,0,p1
Curriculum_vs_Rewards,Curriculum,Rewards,2664,2,0,p1
Curriculum_vs_Rewards,Curriculum,Rewards,2665,2,0,p1
Curriculum_vs_Rewards,Curriculum,Rewards,2666,2,0,p1
Curriculum_vs_Rewards,Curriculum,Rewards,2667,2,0,p1
Curriculum_vs_Rewards,Curriculum,Rewards,2668,2,1,p1
Curriculum_vs_Rewards,Curriculum,Rewards,2669,2,0,p1
Curriculum_vs_Rewards,Curriculum,Rewards,2670,2,0,p1
Curriculum_vs_Rewards,Curriculum,Rewards,2671,2,0,p1
Curriculum_vs_Rewards,Curriculum,Rewards,2672,2,0,p1
Curriculum_vs_Rewards,Curriculum,Rewards,2673,2,0,p1
Curriculum_vs_Rewards,Curriculum,Rewards,2674,2,1,p1
Curriculum_vs_Rewards,Curriculum,Rewards,2675,2,0,p1
Curriculum_vs_Rewards,Curriculum,Rewards,2676,2,0,p1
Curriculum_vs_Rewards,Curriculum,Rewards,2677,2,0,p1
Curriculum_vs_Rewards,Curriculum,Rewards,2678,2,1,p1
Curriculum_vs_Rewards,Curriculum,Rewards,2679,2,1,p1
Curriculum_vs_Rewards,Curriculum,Rewards,2680,2,0,p1
Curriculum_vs_Rewards,Curriculum,Rewards,2681,2,1,p1
Curriculum_vs_Rewards,Curriculum,Rewards,2682,2,0,p1
Curriculum_vs_Rewards,Curriculum,Rewards,2683,2,0,p1
Curriculum_vs_Rewards,Curriculum,Rewards,2684,2,1,p1
Curriculum_vs_Rewards,Curriculum,Rewards,2685,2,0,p1
Curriculum_vs_Rewards,Curriculum,Rewards,2686,2,0,p1
Curriculum_vs_Rewards,Curriculum,Rewards,2687,2,0,p1
Curriculum_vs_Rewards,Curriculum,Rewards,2688,2,0,p1
Curriculum_vs_Rewards,Curriculum,Rewards,2689,2,0,p1
Curriculum_vs_Rewards,Curriculum,Rewards,2690,2,1,p1
Curriculum_vs_Rewards,Curriculum,Rewards,2691,2,0,p1
Curriculum_vs_Rewards,Curriculum,Rewards,2692,2,1,p1
Curriculum_vs_Rewards,Curriculum,Rewards,2693,2,1,p1
Curriculum_vs_Rewards,Curriculum,Rewards,2694,2,0,p1
Curriculum_vs_Rewards,Curriculum,Rewards,2695,2,0,p1
Curriculum_vs_Rewards,Curriculum,Rewards,2696,1,2,p2
Curriculum_vs_Rewards,Curriculum,Rewards,2697,2,1,p1
Curriculum_vs_Rewards,Curriculum,Rewards,2698,2,1,p1
Curriculum_vs_Rewards,Curriculum,Rewards,2699,2,0,p1
Curriculum_vs_Rewards,Curriculum,Rewards,2700,2,0,p1
Curriculum_vs_Rewards,Curriculum,Rewards,2701,2,0,p1
Curriculum_vs_Rewards,Curriculum,Rewards,2702,1,2,p2
Curriculum_vs_Rewards,Curriculum,Rewards,2703,2,0,p1
Curriculum_vs_Rewards,Curriculum,Rewards,2704,2,0,p1
Curriculum_vs_Rewards,Curriculum,Rewards,2705,2,1,p1
Curriculum_vs_Rewards,Curriculum,Rewards,2706,2,1,p1
Curriculum_vs_Rewards,Curriculum,Rewards,2707,2,0,p1
Curriculum_vs_Rewards,Curriculum,Rewards,2708,2,1,p1
Curriculum_vs_Rewards,Curriculum,Rewards,2709,2,0,p1
Curriculum_vs_Rewards,Curriculum,Rewards,2710,2,1,p1
Curriculum_vs_Rewards,Curriculum,Rewards,2711,2,0,p1
Curriculum_vs_Rewards,Curriculum,Rewards,2712,2,1,p1
Curriculum_vs_Rewards,Curriculum,Rewards,2713,2,0,p1
Curriculum_vs_Rewards,Curriculum,Rewards,2714,2,0,p1
Curriculum_vs_Rewards,Curriculum,Rewards,2715,2,0,p1
Curriculum_vs_Rewards,Curriculum,Rewards,2716,2,0,p1
Curriculum_vs_Rewards,Curriculum,Rewards,2717,2,0,p1
Curriculum_vs_Rewards,Curriculum,Rewards,2718,2,0,p1
Curriculum_vs_Rewards,Curriculum,Rewards,2719,2,1,p1
Curriculum_vs_Rewards,Curriculum,Rewards,2720,1,2,p2
Curriculum_vs_Rewards,Curriculum,Rewards,2721,2,0,p1
Curriculum_vs_Rewards,Curriculum,Rewards,2722,2,0,p1
Curriculum_vs_Rewards,Curriculum,Rewards,2723,2,0,p1
Curriculum_vs_Rewards,Curriculum,Rewards,2724,2,0,p1
Curriculum_vs_Rewards,Curriculum,Rewards,2725,2,0,p1
Curriculum_vs_Rewards,Curriculum,Rewards,2726,2,0,p1
Curriculum_vs_Rewards,Curriculum,Rewards,2727,2,0,p1
Curriculum_vs_Rewards,Curriculum,Rewards,2728,2,0,p1
Curriculum_vs_Rewards,Curriculum,Rewards,2729,2,0,p1
Curriculum_vs_Rewards,Curriculum,Rewards,2730,2,0,p1
Curriculum_vs_Rewards,Curriculum,Rewards,2731,2,0,p1
Curriculum_vs_Rewards,Curriculum,Rewards,2732,2,0,p1
Curriculum_vs_Rewards,Curriculum,Rewards,2733,2,0,p1
Curriculum_vs_Rewards,Curriculum,Rewards,2734,2,1,p1
Curriculum_vs_Rewards,Curriculum,Rewards,2735,2,0,p1
Curriculum_vs_Rewards,Curriculum,Rewards,2736,2,0,p1
Curriculum_vs_Rewards,Curriculum,Rewards,2737,2,0,p1
Curriculum_vs_Rewards,Curriculum,Rewards,2738,2,0,p1
Curriculum_vs_Rewards,Curriculum,Rewards,2739,2,0,p1
Curriculum_vs_Rewards,Curriculum,Rewards,2740,2,0,p1
Curriculum_vs_Rewards,Curriculum,Rewards,2741,2,1,p1
Curriculum_vs_Rewards,Curriculum,Rewards,2742,2,0,p1
Curriculum_vs_Rewards,Curriculum,Rewards,2743,2,0,p1
Curriculum_vs_Rewards,Curriculum,Rewards,2744,2,0,p1
Curriculum_vs_Rewards,Curriculum,Rewards,2745,2,1,p1
Curriculum_vs_Rewards,Curriculum,Rewards,2746,2,0,p1
Curriculum_vs_Rewards,Curriculum,Rewards,2747,1,2,p2
Curriculum_vs_Rewards,Curriculum,Rewards,2748,2,0,p1
Curriculum_vs_Rewards,Curriculum,Rewards,2749,2,1,p1
Curriculum_vs_Rewards,Curriculum,Rewards,2750,2,0,p1
Curriculum_vs_Rewards,Curriculum,Rewards,2751,2,0,p1
Curriculum_vs_Rewards,Curriculum,Rewards,2752,2,0,p1
Curriculum_vs_Rewards,Curriculum,Rewards,2753,2,0,p1
Curriculum_vs_Rewards,Curriculum,Rewards,2754,2,0,p1
Curriculum_vs_Rewards,Curriculum,Rewards,2755,2,0,p1
Curriculum_vs_Rewards,Curriculum,Rewards,2756,2,0,p1
Curriculum_vs_Rewards,Curriculum,Rewards,2757,2,1,p1
Curriculum_vs_Rewards,Curriculum,Rewards,2758,1,2,p2
Curriculum_vs_Rewards,Curriculum,Rewards,2759,2,0,p1
Curriculum_vs_Rewards,Curriculum,Rewards,2760,2,0,p1
Curriculum_vs_Rewards,Curriculum,Rewards,2761,2,0,p1
Curriculum_vs_Rewards,Curriculum,Rewards,2762,2,0,p1
Curriculum_vs_Rewards,Curriculum,Rewards,2763,1,2,p2
Curriculum_vs_Rewards,Curriculum,Rewards,2764,1,2,p2
Curriculum_vs_Rewards,Curriculum,Rewards,2765,2,1,p1
Curriculum_vs_Rewards,Curriculum,Rewards,2766,2,1,p1
Curriculum_vs_Rewards,Curriculum,Rewards,2767,1,2,p2
Curriculum_vs_Rewards,Curriculum,Rewards,2768,2,1,p1
Curriculum_vs_Rewards,Curriculum,Rewards,2769,2,0,p1
Curriculum_vs_Rewards,Curriculum,Rewards,2770,2,0,p1
Curriculum_vs_Rewards,Curriculum,Rewards,2771,2,0,p1
Curriculum_vs_Rewards,Curriculum,Rewards,2772,2,0,p1
Curriculum_vs_Rewards,Curriculum,Rewards,2773,2,0,p1
Curriculum_vs_Rewards,Curriculum,Rewards,2774,2,1,p1
Curriculum_vs_Rewards,Curriculum,Rewards,2775,2,0,p1
Curriculum_vs_Rewards,Curriculum,Rewards,2776,2,0,p1
Curriculum_vs_Rewards,Curriculum,Rewards,2777,2,1,p1
Curriculum_vs_Rewards,Curriculum,Rewards,2778,2,0,p1
Curriculum_vs_Rewards,Curriculum,Rewards,2779,0,2,p2
Curriculum_vs_Rewards,Curriculum,Rewards,2780,2,0,p1
Curriculum_vs_Rewards,Curriculum,Rewards,2781,2,0,p1
Curriculum_vs_Rewards,Curriculum,Rewards,2782,2,1,p1
Curriculum_vs_Rewards,Curriculum,Rewards,2783,2,0,p1
Curriculum_vs_Rewards,Curriculum,Rewards,2784,2,0,p1
Curriculum_vs_Rewards,Curriculum,Rewards,2785,2,0,p1
Curriculum_vs_Rewards,Curriculum,Rewards,2786,2,0,p1
Curriculum_vs_Rewards,Curriculum,Rewards,2787,2,0,p1
Curriculum_vs_Rewards,Curriculum,Rewards,2788,2,0,p1
Curriculum_vs_Rewards,Curriculum,Rewards,2789,2,0,p1
Curriculum_vs_Rewards,Curriculum,Rewards,2790,2,0,p1
Curriculum_vs_Rewards,Curriculum,Rewards,2791,2,1,p1
Curriculum_vs_Rewards,Curriculum,Rewards,2792,2,0,p1
Curriculum_vs_Rewards,Curriculum,Rewards,2793,2,0,p1
Curriculum_vs_Rewards,Curriculum,Rewards,2794,2,0,p1
Curriculum_vs_Rewards,Curriculum,Rewards,2795,2,0,p1
Curriculum_vs_Rewards,Curriculum,Rewards,2796,2,0,p1
Curriculum_vs_Rewards,Curriculum,Rewards,2797,2,0,p1
Curriculum_vs_Rewards,Curriculum,Rewards,2798,2,1,p1
Curriculum_vs_Rewards,Curriculum,Rewards,2799,2,0,p1
Curriculum_vs_Rewards,Curriculum,Rewards,2800,2,0,p1
Curriculum_vs_Rewards,Curriculum,Rewards,2801,2,0,p1
Curriculum_vs_Rewards,Curriculum,Rewards,2802,2,0,p1
Curriculum_vs_Rewards,Curriculum,Rewards,2803,2,0,p1
Curriculum_vs_Rewards,Curriculum,Rewards,2804,1,2,p2
Curriculum_vs_Rewards,Curriculum,Rewards,2805,2,0,p1
Curriculum_vs_Rewards,Curriculum,Rewards,2806,2,0,p1
Curriculum_vs_Rewards,Curriculum,Rewards,2807,2,0,p1
Curriculum_vs_Rewards,Curriculum,Rewards,2808,2,0,p1
Curriculum_vs_Rewards,Curriculum,Rewards,2809,1,2,p2
Curriculum_vs_Rewards,Curriculum,Rewards,2810,2,1,p1
Curriculum_vs_Rewards,Curriculum,Rewards,2811,2,0,p1
Curriculum_vs_Rewards,Curriculum,Rewards,2812,2,1,p1
Curriculum_vs_Rewards,Curriculum,Rewards,2813,2,0,p1
Curriculum_vs_Rewards,Curriculum,Rewards,2814,2,1,p1
Curriculum_vs_Rewards,Curriculum,Rewards,2815,2,0,p1
Curriculum_vs_Rewards,Curriculum,Rewards,2816,2,0,p1
Curriculum_vs_Rewards,Curriculum,Rewards,2817,2,0,p1
Curriculum_vs_Rewards,Curriculum,Rewards,2818,2,0,p1
Curriculum_vs_Rewards,Curriculum,Rewards,2819,2,0,p1
Curriculum_vs_Rewards,Curriculum,Rewards,2820,2,1,p1
Curriculum_vs_Rewards,Curriculum,Rewards,2821,2,0,p1
Curriculum_vs_Rewards,Curriculum,Rewards,2822,1,2,p2
Curriculum_vs_Rewards,Curriculum,Rewards,2823,2,0,p1
Curriculum_vs_Rewards,Curriculum,Rewards,2824,2,0,p1
Curriculum_vs_Rewards,Curriculum,Rewards,2825,2,1,p1
Curriculum_vs_Rewards,Curriculum,Rewards,2826,2,0,p1
Curriculum_vs_Rewards,Curriculum,Rewards,2827,0,2,p2
Curriculum_vs_Rewards,Curriculum,Rewards,2828,2,1,p1
Curriculum_vs_Rewards,Curriculum,Rewards,2829,2,1,p1
Curriculum_vs_Rewards,Curriculum,Rewards,2830,2,0,p1
Curriculum_vs_Rewards,Curriculum,Rewards,2831,2,1,p1
Curriculum_vs_Rewards,Curriculum,Rewards,2832,2,0,p1
Curriculum_vs_Rewards,Curriculum,Rewards,2833,2,0,p1
Curriculum_vs_Rewards,Curriculum,Rewards,2834,2,1,p1
Curriculum_vs_Rewards,Curriculum,Rewards,2835,2,0,p1
Curriculum_vs_Rewards,Curriculum,Rewards,2836,2,0,p1
Curriculum_vs_Rewards,Curriculum,Rewards,2837,2,0,p1
Curriculum_vs_Rewards,Curriculum,Rewards,2838,2,1,p1
Curriculum_vs_Rewards,Curriculum,Rewards,2839,2,1,p1
Curriculum_vs_Rewards,Curriculum,Rewards,2840,2,1,p1
Curriculum_vs_Rewards,Curriculum,Rewards,2841,2,0,p1
Curriculum_vs_Rewards,Curriculum,Rewards,2842,2,0,p1
Curriculum_vs_Rewards,Curriculum,Rewards,2843,2,0,p1
Curriculum_vs_Rewards,Curriculum,Rewards,2844,2,0,p1
Curriculum_vs_Rewards,Curriculum,Rewards,2845,2,0,p1
Curriculum_vs_Rewards,Curriculum,Rewards,2846,2,1,p1
Curriculum_vs_Rewards,Curriculum,Rewards,2847,2,0,p1
Curriculum_vs_Rewards,Curriculum,Rewards,2848,2,0,p1
Curriculum_vs_Rewards,Curriculum,Rewards,2849,2,0,p1
Curriculum_vs_Rewards,Curriculum,Rewards,2850,2,1,p1
Curriculum_vs_Rewards,Curriculum,Rewards,2851,2,1,p1
Curriculum_vs_Rewards,Curriculum,Rewards,2852,2,0,p1
Curriculum_vs_Rewards,Curriculum,Rewards,2853,2,0,p1
Curriculum_vs_Rewards,Curriculum,Rewards,2854,2,1,p1
Curriculum_vs_Rewards,Curriculum,Rewards,2855,2,0,p1
Curriculum_vs_Rewards,Curriculum,Rewards,2856,2,0,p1
Curriculum_vs_Rewards,Curriculum,Rewards,2857,2,1,p1
Curriculum_vs_Rewards,Curriculum,Rewards,2858,2,1,p1
Curriculum_vs_Rewards,Curriculum,Rewards,2859,2,0,p1
Curriculum_vs_Rewards,Curriculum,Rewards,2860,2,0,p1
Curriculum_vs_Rewards,Curriculum,Rewards,2861,2,0,p1
Curriculum_vs_Rewards,Curriculum,Rewards,2862,2,0,p1
Curriculum_vs_Rewards,Curriculum,Rewards,2863,2,0,p1
Curriculum_vs_Rewards,Curriculum,Rewards,2864,2,1,p1
Curriculum_vs_Rewards,Curriculum,Rewards,2865,2,1,p1
Curriculum_vs_Rewards,Curriculum,Rewards,2866,2,1,p1
Curriculum_vs_Rewards,Curriculum,Rewards,2867,2,0,p1
Curriculum_vs_Rewards,Curriculum,Rewards,2868,2,0,p1
Curriculum_vs_Rewards,Curriculum,Rewards,2869,2,0,p1
Curriculum_vs_Rewards,Curriculum,Rewards,2870,2,0,p1
Curriculum_vs_Rewards,Curriculum,Rewards,2871,2,0,p1
Curriculum_vs_Rewards,Curriculum,Rewards,2872,2,0,p1
Curriculum_vs_Rewards,Curriculum,Rewards,2873,2,1,p1
Curriculum_vs_Rewards,Curriculum,Rewards,2874,2,1,p1
Curriculum_vs_Rewards,Curriculum,Rewards,2875,2,0,p1
Curriculum_vs_Rewards,Curriculum,Rewards,2876,2,0,p1
Curriculum_vs_Rewards,Curriculum,Rewards,2877,2,0,p1
Curriculum_vs_Rewards,Curriculum,Rewards,2878,2,0,p1
Curriculum_vs_Rewards,Curriculum,Rewards,2879,0,2,p2
Curriculum_vs_Rewards,Curriculum,Rewards,2880,2,1,p1
Curriculum_vs_Rewards,Curriculum,Rewards,2881,2,0,p1
Curriculum_vs_Rewards,Curriculum,Rewards,2882,0,2,p2
Curriculum_vs_Rewards,Curriculum,Rewards,2883,2,1,p1
Curriculum_vs_Rewards,Curriculum,Rewards,2884,2,0,p1
Curriculum_vs_Rewards,Curriculum,Rewards,2885,2,0,p1
Curriculum_vs_Rewards,Curriculum,Rewards,2886,1,0,p1
Curriculum_vs_Rewards,Curriculum,Rewards,2887,2,0,p1
Curriculum_vs_Rewards,Curriculum,Rewards,2888,2,1,p1
Curriculum_vs_Rewards,Curriculum,Rewards,2889,2,1,p1
Curriculum_vs_Rewards,Curriculum,Rewards,2890,2,0,p1
Curriculum_vs_Rewards,Curriculum,Rewards,2891,2,0,p1
Curriculum_vs_Rewards,Curriculum,Rewards,2892,2,0,p1
Curriculum_vs_Rewards,Curriculum,Rewards,2893,2,0,p1
Curriculum_vs_Rewards,Curriculum,Rewards,2894,2,0,p1
Curriculum_vs_Rewards,Curriculum,Rewards,2895,2,0,p1
Curriculum_vs_Rewards,Curriculum,Rewards,2896,2,0,p1
Curriculum_vs_Rewards,Curriculum,Rewards,2897,2,0,p1
Curriculum_vs_Rewards,Curriculum,Rewards,2898,2,0,p1
Curriculum_vs_Rewards,Curriculum,Rewards,2899,2,0,p1
Curriculum_vs_Rewards,Curriculum,Rewards,2900,1,2,p2
Curriculum_vs_Rewards,Curriculum,Rewards,2901,2,0,p1
Curriculum_vs_Rewards,Curriculum,Rewards,2902,2,1,p1
Curriculum_vs_Rewards,Curriculum,Rewards,2903,2,0,p1
Curriculum_vs_Rewards,Curriculum,Rewards,2904,2,0,p1
Curriculum_vs_Rewards,Curriculum,Rewards,2905,2,0,p1
Curriculum_vs_Rewards,Curriculum,Rewards,2906,2,0,p1
Curriculum_vs_Rewards,Curriculum,Rewards,2907,2,1,p1
Curriculum_vs_Rewards,Curriculum,Rewards,2908,2,0,p1
Curriculum_vs_Rewards,Curriculum,Rewards,2909,2,1,p1
Curriculum_vs_Rewards,Curriculum,Rewards,2910,2,0,p1
Curriculum_vs_Rewards,Curriculum,Rewards,2911,1,2,p2
Curriculum_vs_Rewards,Curriculum,Rewards,2912,1,2,p2
Curriculum_vs_Rewards,Curriculum,Rewards,2913,2,0,p1
Curriculum_vs_Rewards,Curriculum,Rewards,2914,2,0,p1
Curriculum_vs_Rewards,Curriculum,Rewards,2915,2,1,p1
Curriculum_vs_Rewards,Curriculum,Rewards,2916,2,0,p1
Curriculum_vs_Rewards,Curriculum,Rewards,2917,2,0,p1
Curriculum_vs_Rewards,Curriculum,Rewards,2918,2,0,p1
Curriculum_vs_Rewards,Curriculum,Rewards,2919,0,2,p2
Curriculum_vs_Rewards,Curriculum,Rewards,2920,2,0,p1
Curriculum_vs_Rewards,Curriculum,Rewards,2921,2,0,p1
Curriculum_vs_Rewards,Curriculum,Rewards,2922,2,0,p1
Curriculum_vs_Rewards,Curriculum,Rewards,2923,2,0,p1
Curriculum_vs_Rewards,Curriculum,Rewards,2924,2,0,p1
Curriculum_vs_Rewards,Curriculum,Rewards,2925,2,0,p1
Curriculum_vs_Rewards,Curriculum,Rewards,2926,2,0,p1
Curriculum_vs_Rewards,Curriculum,Rewards,2927,2,0,p1
Curriculum_vs_Rewards,Curriculum,Rewards,2928,2,0,p1
Curriculum_vs_Rewards,Curriculum,Rewards,2929,2,0,p1
Curriculum_vs_Rewards,Curriculum,Rewards,2930,2,0,p1
Curriculum_vs_Rewards,Curriculum,Rewards,2931,2,0,p1
Curriculum_vs_Rewards,Curriculum,Rewards,2932,2,0,p1
Curriculum_vs_Rewards,Curriculum,Rewards,2933,2,0,p1
Curriculum_vs_Rewards,Curriculum,Rewards,2934,2,0,p1
Curriculum_vs_Rewards,Curriculum,Rewards,2935,2,1,p1
Curriculum_vs_Rewards,Curriculum,Rewards,2936,2,0,p1
Curriculum_vs_Rewards,Curriculum,Rewards,2937,2,0,p1
Curriculum_vs_Rewards,Curriculum,Rewards,2938,2,0,p1
Curriculum_vs_Rewards,Curriculum,Rewards,2939,2,0,p1
Curriculum_vs_Rewards,Curriculum,Rewards,2940,2,1,p1
Curriculum_vs_Rewards,Curriculum,Rewards,2941,2,0,p1
Curriculum_vs_Rewards,Curriculum,Rewards,2942,1,2,p2
Curriculum_vs_Rewards,Curriculum,Rewards,2943,2,0,p1
Curriculum_vs_Rewards,Curriculum,Rewards,2944,2,0,p1
Curriculum_vs_Rewards,Curriculum,Rewards,2945,2,0,p1
Curriculum_vs_Rewards,Curriculum,Rewards,2946,2,0,p1
Curriculum_vs_Rewards,Curriculum,Rewards,2947,2,0,p1
Curriculum_vs_Rewards,Curriculum,Rewards,2948,2,0,p1
Curriculum_vs_Rewards,Curriculum,Rewards,2949,2,1,p1
Curriculum_vs_Rewards,Curriculum,Rewards,2950,2,1,p1
Curriculum_vs_Rewards,Curriculum,Rewards,2951,2,1,p1
Curriculum_vs_Rewards,Curriculum,Rewards,2952,2,0,p1
Curriculum_vs_Rewards,Curriculum,Rewards,2953,2,1,p1
Curriculum_vs_Rewards,Curriculum,Rewards,2954,2,0,p1
Curriculum_vs_Rewards,Curriculum,Rewards,2955,2,0,p1
Curriculum_vs_Rewards,Curriculum,Rewards,2956,2,1,p1
Curriculum_vs_Rewards,Curriculum,Rewards,2957,2,0,p1
Curriculum_vs_Rewards,Curriculum,Rewards,2958,2,0,p1
Curriculum_vs_Rewards,Curriculum,Rewards,2959,2,1,p1
Curriculum_vs_Rewards,Curriculum,Rewards,2960,2,0,p1
Curriculum_vs_Rewards,Curriculum,Rewards,2961,1,2,p2
Curriculum_vs_Rewards,Curriculum,Rewards,2962,2,0,p1
Curriculum_vs_Rewards,Curriculum,Rewards,2963,2,0,p1
Curriculum_vs_Rewards,Curriculum,Rewards,2964,2,0,p1
Curriculum_vs_Rewards,Curriculum,Rewards,2965,2,0,p1
Curriculum_vs_Rewards,Curriculum,Rewards,2966,2,0,p1
Curriculum_vs_Rewards,Curriculum,Rewards,2967,2,0,p1
Curriculum_vs_Rewards,Curriculum,Rewards,2968,2,1,p1
Curriculum_vs_Rewards,Curriculum,Rewards,2969,2,0,p1
Curriculum_vs_Rewards,Curriculum,Rewards,2970,2,0,p1
Curriculum_vs_Rewards,Curriculum,Rewards,2971,2,1,p1
Curriculum_vs_Rewards,Curriculum,Rewards,2972,2,0,p1
Curriculum_vs_Rewards,Curriculum,Rewards,2973,2,0,p1
Curriculum_vs_Rewards,Curriculum,Rewards,2974,2,0,p1
Curriculum_vs_Rewards,Curriculum,Rewards,2975,2,0,p1
Curriculum_vs_Rewards,Curriculum,Rewards,2976,2,0,p1
Curriculum_vs_Rewards,Curriculum,Rewards,2977,2,0,p1
Curriculum_vs_Rewards,Curriculum,Rewards,2978,2,0,p1
Curriculum_vs_Rewards,Curriculum,Rewards,2979,2,0,p1
Curriculum_vs_Rewards,Curriculum,Rewards,2980,2,0,p1
Curriculum_vs_Rewards,Curriculum,Rewards,2981,2,1,p1
Curriculum_vs_Rewards,Curriculum,Rewards,2982,2,1,p1
Curriculum_vs_Rewards,Curriculum,Rewards,2983,2,0,p1
Curriculum_vs_Rewards,Curriculum,Rewards,2984,2,0,p1
Curriculum_vs_Rewards,Curriculum,Rewards,2985,2,0,p1
Curriculum_vs_Rewards,Curriculum,Rewards,2986,2,0,p1
Curriculum_vs_Rewards,Curriculum,Rewards,2987,2,1,p1
Curriculum_vs_Rewards,Curriculum,Rewards,2988,2,0,p1
Curriculum_vs_Rewards,Curriculum,Rewards,2989,2,0,p1
Curriculum_vs_Rewards,Curriculum,Rewards,2990,2,0,p1
Curriculum_vs_Rewards,Curriculum,Rewards,2991,2,0,p1
Curriculum_vs_Rewards,Curriculum,Rewards,2992,2,0,p1
Curriculum_vs_Rewards,Curriculum,Rewards,2993,2,1,p1
Curriculum_vs_Rewards,Curriculum,Rewards,2994,2,0,p1
Curriculum_vs_Rewards,Curriculum,Rewards,2995,2,0,p1
Curriculum_vs_Rewards,Curriculum,Rewards,2996,2,0,p1
Curriculum_vs_Rewards,Curriculum,Rewards,2997,2,0,p1
Curriculum_vs_Rewards,Curriculum,Rewards,2998,2,1,p1
Curriculum_vs_Rewards,Curriculum,Rewards,2999,1,2,p2
Curriculum_vs_Rewards,Curriculum,Rewards,3000,2,1,p1
Curriculum_vs_Rewards,Curriculum,Rewards,1,2,1,p1
Curriculum_vs_Rewards,Curriculum,Rewards,2,2,1,p1
Curriculum_vs_Rewards,Curriculum,Rewards,3,2,0,p1
Curriculum_vs_Rewards,Curriculum,Rewards,4,0,2,p2
Curriculum_vs_Rewards,Curriculum,Rewards,5,2,1,p1
Curriculum_vs_Rewards,Curriculum,Rewards,6,2,0,p1
Curriculum_vs_Rewards,Curriculum,Rewards,7,2,1,p1
Curriculum_vs_Rewards,Curriculum,Rewards,8,2,0,p1
Curriculum_vs_Rewards,Curriculum,Rewards,9,2,0,p1
Curriculum_vs_Rewards,Curriculum,Rewards,10,2,1,p1
Curriculum_vs_Rewards,Curriculum,Rewards,11,2,0,p1
Curriculum_vs_Rewards,Curriculum,Rewards,12,2,0,p1
Curriculum_vs_Rewards,Curriculum,Rewards,13,2,0,p1
Curriculum_vs_Rewards,Curriculum,Rewards,14,2,1,p1
Curriculum_vs_Rewards,Curriculum,Rewards,15,2,0,p1
Curriculum_vs_Rewards,Curriculum,Rewards,16,2,1,p1
Curriculum_vs_Rewards,Curriculum,Rewards,17,2,0,p1
Curriculum_vs_Rewards,Curriculum,Rewards,18,2,1,p1
Curriculum_vs_Rewards,Curriculum,Rewards,19,2,1,p1
Curriculum_vs_Rewards,Curriculum,Rewards,20,2,0,p1
Curriculum_vs_Rewards,Curriculum,Rewards,21,2,0,p1
Curriculum_vs_Rewards,Curriculum,Rewards,22,1,2,p2
Curriculum_vs_Rewards,Curriculum,Rewards,23,2,0,p1
Curriculum_vs_Rewards,Curriculum,Rewards,24,2,0,p1
Curriculum_vs_Rewards,Curriculum,Rewards,25,2,0,p1
Curriculum_vs_Rewards,Curriculum,Rewards,26,2,1,p1
Curriculum_vs_Rewards,Curriculum,Rewards,27,2,1,p1
Curriculum_vs_Rewards,Curriculum,Rewards,28,2,0,p1
Curriculum_vs_Rewards,Curriculum,Rewards,29,2,0,p1
Curriculum_vs_Rewards,Curriculum,Rewards,30,2,0,p1
Curriculum_vs_Rewards,Curriculum,Rewards,31,2,0,p1
Curriculum_vs_Rewards,Curriculum,Rewards,32,2,0,p1
Curriculum_vs_Rewards,Curriculum,Rewards,33,2,0,p1
Curriculum_vs_Rewards,Curriculum,Rewards,34,2,0,p1
Curriculum_vs_Rewards,Curriculum,Rewards,35,2,0,p1
Curriculum_vs_Rewards,Curriculum,Rewards,36,2,0,p1
Curriculum_vs_Rewards,Curriculum,Rewards,37,1,2,p2
Curriculum_vs_Rewards,Curriculum,Rewards,38,2,0,p1
Curriculum_vs_Rewards,Curriculum,Rewards,39,2,0,p1
Curriculum_vs_Rewards,Curriculum,Rewards,40,2,0,p1
Curriculum_vs_Rewards,Curriculum,Rewards,41,2,0,p1
Curriculum_vs_Rewards,Curriculum,Rewards,42,2,0,p1
Curriculum_vs_Rewards,Curriculum,Rewards,43,2,1,p1
Curriculum_vs_Rewards,Curriculum,Rewards,44,2,1,p1
Curriculum_vs_Rewards,Curriculum,Rewards,45,2,0,p1
Curriculum_vs_Rewards,Curriculum,Rewards,46,1,2,p2
Curriculum_vs_Rewards,Curriculum,Rewards,47,2,0,p1
Curriculum_vs_Rewards,Curriculum,Rewards,48,2,1,p1
Curriculum_vs_Rewards,Curriculum,Rewards,49,2,0,p1
Curriculum_vs_Rewards,Curriculum,Rewards,50,2,0,p1
Curriculum_vs_Rewards,Curriculum,Rewards,51,2,0,p1
Curriculum_vs_Rewards,Curriculum,Rewards,52,1,2,p2
Curriculum_vs_Rewards,Curriculum,Rewards,53,2,0,p1
Curriculum_vs_Rewards,Curriculum,Rewards,54,2,0,p1
Curriculum_vs_Rewards,Curriculum,Rewards,55,2,1,p1
Curriculum_vs_Rewards,Curriculum,Rewards,56,2,1,p1
Curriculum_vs_Rewards,Curriculum,Rewards,57,2,0,p1
Curriculum_vs_Rewards,Curriculum,Rewards,58,2,0,p1
Curriculum_vs_Rewards,Curriculum,Rewards,59,2,0,p1
Curriculum_vs_Rewards,Curriculum,Rewards,60,2,0,p1
Curriculum_vs_Rewards,Curriculum,Rewards,61,2,0,p1
Curriculum_vs_Rewards,Curriculum,Rewards,62,2,0,p1
Curriculum_vs_Rewards,Curriculum,Rewards,63,2,0,p1
Curriculum_vs_Rewards,Curriculum,Rewards,64,2,0,p1
Curriculum_vs_Rewards,Curriculum,Rewards,65,2,0,p1
Curriculum_vs_Rewards,Curriculum,Rewards,66,2,0,p1
Curriculum_vs_Rewards,Curriculum,Rewards,67,2,0,p1
Curriculum_vs_Rewards,Curriculum,Rewards,68,2,0,p1
Curriculum_vs_Rewards,Curriculum,Rewards,69,2,1,p1
Curriculum_vs_Rewards,Curriculum,Rewards,70,2,0,p1
Curriculum_vs_Rewards,Curriculum,Rewards,71,2,0,p1
Curriculum_vs_Rewards,Curriculum,Rewards,72,2,0,p1
Curriculum_vs_Rewards,Curriculum,Rewards,73,2,0,p1
Curriculum_vs_Rewards,Curriculum,Rewards,74,2,1,p1
Curriculum_vs_Rewards,Curriculum,Rewards,75,2,0,p1
Curriculum_vs_Rewards,Curriculum,Rewards,76,2,0,p1
Curriculum_vs_Rewards,Curriculum,Rewards,77,2,0,p1
Curriculum_vs_Rewards,Curriculum,Rewards,78,2,0,p1
Curriculum_vs_Rewards,Curriculum,Rewards,79,2,0,p1
Curriculum_vs_Rewards,Curriculum,Rewards,80,2,1,p1
Curriculum_vs_Rewards,Curriculum,Rewards,81,0,2,p2
Curriculum_vs_Rewards,Curriculum,Rewards,82,2,1,p1
Curriculum_vs_Rewards,Curriculum,Rewards,83,2,0,p1
Curriculum_vs_Rewards,Curriculum,Rewards,84,2,1,p1
Curriculum_vs_Rewards,Curriculum,Rewards,85,2,0,p1
Curriculum_vs_Rewards,Curriculum,Rewards,86,2,0,p1
Curriculum_vs_Rewards,Curriculum,Rewards,87,2,0,p1
Curriculum_vs_Rewards,Curriculum,Rewards,88,2,0,p1
Curriculum_vs_Rewards,Curriculum,Rewards,89,2,0,p1
Curriculum_vs_Rewards,Curriculum,Rewards,90,2,0,p1
Curriculum_vs_Rewards,Curriculum,Rewards,91,2,0,p1
Curriculum_vs_Rewards,Curriculum,Rewards,92,2,1,p1
Curriculum_vs_Rewards,Curriculum,Rewards,93,2,0,p1
Curriculum_vs_Rewards,Curriculum,Rewards,94,2,0,p1
Curriculum_vs_Rewards,Curriculum,Rewards,95,2,0,p1
Curriculum_vs_Rewards,Curriculum,Rewards,96,2,0,p1
Curriculum_vs_Rewards,Curriculum,Rewards,97,2,1,p1
Curriculum_vs_Rewards,Curriculum,Rewards,98,2,0,p1
Curriculum_vs_Rewards,Curriculum,Rewards,99,2,0,p1
Curriculum_vs_Rewards,Curriculum,Rewards,100,2,1,p1
Curriculum_vs_Rewards,Curriculum,Rewards,101,2,0,p1
Curriculum_vs_Rewards,Curriculum,Rewards,102,2,0,p1
Curriculum_vs_Rewards,Curriculum,Rewards,103,2,0,p1
Curriculum_vs_Rewards,Curriculum,Rewards,104,2,0,p1
Curriculum_vs_Rewards,Curriculum,Rewards,105,2,0,p1
Curriculum_vs_Rewards,Curriculum,Rewards,106,2,0,p1
Curriculum_vs_Rewards,Curriculum,Rewards,107,2,0,p1
Curriculum_vs_Rewards,Curriculum,Rewards,108,2,0,p1
Curriculum_vs_Rewards,Curriculum,Rewards,109,2,0,p1
Curriculum_vs_Rewards,Curriculum,Rewards,110,2,0,p1
Curriculum_vs_Rewards,Curriculum,Rewards,111,1,2,p2
Curriculum_vs_Rewards,Curriculum,Rewards,112,2,0,p1
Curriculum_vs_Rewards,Curriculum,Rewards,113,2,1,p1
Curriculum_vs_Rewards,Curriculum,Rewards,114,2,1,p1
Curriculum_vs_Rewards,Curriculum,Rewards,115,2,0,p1
Curriculum_vs_Rewards,Curriculum,Rewards,116,2,0,p1
Curriculum_vs_Rewards,Curriculum,Rewards,117,2,0,p1
Curriculum_vs_Rewards,Curriculum,Rewards,118,2,0,p1
Curriculum_vs_Rewards,Curriculum,Rewards,119,2,0,p1
Curriculum_vs_Rewards,Curriculum,Rewards,120,2,0,p1
Curriculum_vs_Rewards,Curriculum,Rewards,121,2,0,p1
Curriculum_vs_Rewards,Curriculum,Rewards,122,2,0,p1
Curriculum_vs_Rewards,Curriculum,Rewards,123,2,1,p1
Curriculum_vs_Rewards,Curriculum,Rewards,124,2,0,p1
Curriculum_vs_Rewards,Curriculum,Rewards,125,2,1,p1
Curriculum_vs_Rewards,Curriculum,Rewards,126,1,2,p2
Curriculum_vs_Rewards,Curriculum,Rewards,127,1,2,p2
Curriculum_vs_Rewards,Curriculum,Rewards,128,2,0,p1
Curriculum_vs_Rewards,Curriculum,Rewards,129,2,0,p1
Curriculum_vs_Rewards,Curriculum,Rewards,130,2,0,p1
Curriculum_vs_Rewards,Curriculum,Rewards,131,2,0,p1
Curriculum_vs_Rewards,Curriculum,Rewards,132,2,1,p1
Curriculum_vs_Rewards,Curriculum,Rewards,133,2,0,p1
Curriculum_vs_Rewards,Curriculum,Rewards,134,2,0,p1
Curriculum_vs_Rewards,Curriculum,Rewards,135,2,0,p1
Curriculum_vs_Rewards,Curriculum,Rewards,136,2,0,p1
Curriculum_vs_Rewards,Curriculum,Rewards,137,2,0,p1
Curriculum_vs_Rewards,Curriculum,Rewards,138,2,0,p1
Curriculum_vs_Rewards,Curriculum,Rewards,139,2,0,p1
Curriculum_vs_Rewards,Curriculum,Rewards,140,2,1,p1
Curriculum_vs_Rewards,Curriculum,Rewards,141,2,0,p1
Curriculum_vs_Rewards,Curriculum,Rewards,142,2,1,p1
Curriculum_vs_Rewards,Curriculum,Rewards,143,2,1,p1
Curriculum_vs_Rewards,Curriculum,Rewards,144,2,0,p1
Curriculum_vs_Rewards,Curriculum,Rewards,145,2,1,p1
Curriculum_vs_Rewards,Curriculum,Rewards,146,2,0,p1
Curriculum_vs_Rewards,Curriculum,Rewards,147,2,0,p1
Curriculum_vs_Rewards,Curriculum,Rewards,148,2,0,p1
Curriculum_vs_Rewards,Curriculum,Rewards,149,2,0,p1
Curriculum_vs_Rewards,Curriculum,Rewards,150,2,0,p1
Curriculum_vs_Rewards,Curriculum,Rewards,151,2,0,p1
Curriculum_vs_Rewards,Curriculum,Rewards,152,2,0,p1
Curriculum_vs_Rewards,Curriculum,Rewards,153,2,0,p1
Curriculum_vs_Rewards,Curriculum,Rewards,154,2,0,p1
Curriculum_vs_Rewards,Curriculum,Rewards,155,2,0,p1
Curriculum_vs_Rewards,Curriculum,Rewards,156,2,0,p1
Curriculum_vs_Rewards,Curriculum,Rewards,157,2,0,p1
Curriculum_vs_Rewards,Curriculum,Rewards,158,2,1,p1
Curriculum_vs_Rewards,Curriculum,Rewards,159,2,0,p1
Curriculum_vs_Rewards,Curriculum,Rewards,160,2,0,p1
Curriculum_vs_Rewards,Curriculum,Rewards,161,2,0,p1
Curriculum_vs_Rewards,Curriculum,Rewards,162,2,0,p1
Curriculum_vs_Rewards,Curriculum,Rewards,163,2,0,p1
Curriculum_vs_Rewards,Curriculum,Rewards,164,2,0,p1
Curriculum_vs_Rewards,Curriculum,Rewards,165,2,0,p1
Curriculum_vs_Rewards,Curriculum,Rewards,166,2,0,p1
Curriculum_vs_Rewards,Curriculum,Rewards,167,2,0,p1
Curriculum_vs_Rewards,Curriculum,Rewards,168,2,0,p1
Curriculum_vs_Rewards,Curriculum,Rewards,169,2,0,p1
Curriculum_vs_Rewards,Curriculum,Rewards,170,2,0,p1
Curriculum_vs_Rewards,Curriculum,Rewards,171,2,1,p1
Curriculum_vs_Rewards,Curriculum,Rewards,172,2,0,p1
Curriculum_vs_Rewards,Curriculum,Rewards,173,2,0,p1
Curriculum_vs_Rewards,Curriculum,Rewards,174,2,1,p1
Curriculum_vs_Rewards,Curriculum,Rewards,175,2,0,p1
Curriculum_vs_Rewards,Curriculum,Rewards,176,2,0,p1
Curriculum_vs_Rewards,Curriculum,Rewards,177,2,0,p1
Curriculum_vs_Rewards,Curriculum,Rewards,178,2,1,p1
Curriculum_vs_Rewards,Curriculum,Rewards,179,2,0,p1
Curriculum_vs_Rewards,Curriculum,Rewards,180,2,0,p1
Curriculum_vs_Rewards,Curriculum,Rewards,181,2,0,p1
Curriculum_vs_Rewards,Curriculum,Rewards,182,2,0,p1
Curriculum_vs_Rewards,Curriculum,Rewards,183,2,0,p1
Curriculum_vs_Rewards,Curriculum,Rewards,184,2,0,p1
Curriculum_vs_Rewards,Curriculum,Rewards,185,2,1,p1
Curriculum_vs_Rewards,Curriculum,Rewards,186,2,0,p1
Curriculum_vs_Rewards,Curriculum,Rewards,187,2,1,p1
Curriculum_vs_Rewards,Curriculum,Rewards,188,2,0,p1
Curriculum_vs_Rewards,Curriculum,Rewards,189,2,0,p1
Curriculum_vs_Rewards,Curriculum,Rewards,190,2,1,p1
Curriculum_vs_Rewards,Curriculum,Rewards,191,2,0,p1
Curriculum_vs_Rewards,Curriculum,Rewards,192,2,0,p1
Curriculum_vs_Rewards,Curriculum,Rewards,193,2,0,p1
Curriculum_vs_Rewards,Curriculum,Rewards,194,2,0,p1
Curriculum_vs_Rewards,Curriculum,Rewards,195,2,0,p1
Curriculum_vs_Rewards,Curriculum,Rewards,196,2,0,p1
Curriculum_vs_Rewards,Curriculum,Rewards,197,1,2,p2
Curriculum_vs_Rewards,Curriculum,Rewards,198,2,0,p1
Curriculum_vs_Rewards,Curriculum,Rewards,199,2,0,p1
Curriculum_vs_Rewards,Curriculum,Rewards,200,2,1,p1
Curriculum_vs_Rewards,Curriculum,Rewards,201,2,0,p1
Curriculum_vs_Rewards,Curriculum,Rewards,202,2,0,p1
Curriculum_vs_Rewards,Curriculum,Rewards,203,2,0,p1
Curriculum_vs_Rewards,Curriculum,Rewards,204,2,0,p1
Curriculum_vs_Rewards,Curriculum,Rewards,205,2,0,p1
Curriculum_vs_Rewards,Curriculum,Rewards,206,2,0,p1
Curriculum_vs_Rewards,Curriculum,Rewards,207,2,0,p1
Curriculum_vs_Rewards,Curriculum,Rewards,208,2,0,p1
Curriculum_vs_Rewards,Curriculum,Rewards,209,2,0,p1
Curriculum_vs_Rewards,Curriculum,Rewards,210,2,0,p1
Curriculum_vs_Rewards,Curriculum,Rewards,211,2,1,p1
Curriculum_vs_Rewards,Curriculum,Rewards,212,1,2,p2
Curriculum_vs_Rewards,Curriculum,Rewards,213,2,0,p1
Curriculum_vs_Rewards,Curriculum,Rewards,214,2,0,p1
Curriculum_vs_Rewards,Curriculum,Rewards,215,2,0,p1
Curriculum_vs_Rewards,Curriculum,Rewards,216,2,0,p1
Curriculum_vs_Rewards,Curriculum,Rewards,217,2,1,p1
Curriculum_vs_Rewards,Curriculum,Rewards,218,2,0,p1
Curriculum_vs_Rewards,Curriculum,Rewards,219,2,0,p1
Curriculum_vs_Rewards,Curriculum,Rewards,220,2,0,p1
Curriculum_vs_Rewards,Curriculum,Rewards,221,2,0,p1
Curriculum_vs_Rewards,Curriculum,Rewards,222,2,0,p1
Curriculum_vs_Rewards,Curriculum,Rewards,223,2,0,p1
Curriculum_vs_Rewards,Curriculum,Rewards,224,2,0,p1
Curriculum_vs_Rewards,Curriculum,Rewards,225,2,0,p1
Curriculum_vs_Rewards,Curriculum,Rewards,226,2,0,p1
Curriculum_vs_Rewards,Curriculum,Rewards,227,2,0,p1
Curriculum_vs_Rewards,Curriculum,Rewards,228,2,1,p1
Curriculum_vs_Rewards,Curriculum,Rewards,229,2,1,p1
Curriculum_vs_Rewards,Curriculum,Rewards,230,2,1,p1
Curriculum_vs_Rewards,Curriculum,Rewards,231,2,1,p1
Curriculum_vs_Rewards,Curriculum,Rewards,232,2,1,p1
Curriculum_vs_Rewards,Curriculum,Rewards,233,2,0,p1
Curriculum_vs_Rewards,Curriculum,Rewards,234,2,1,p1
Curriculum_vs_Rewards,Curriculum,Rewards,235,2,0,p1
Curriculum_vs_Rewards,Curriculum,Rewards,236,2,0,p1
Curriculum_vs_Rewards,Curriculum,Rewards,237,2,0,p1
Curriculum_vs_Rewards,Curriculum,Rewards,238,2,0,p1
Curriculum_vs_Rewards,Curriculum,Rewards,239,2,1,p1
Curriculum_vs_Rewards,Curriculum,Rewards,240,2,1,p1
Curriculum_vs_Rewards,Curriculum,Rewards,241,0,2,p2
Curriculum_vs_Rewards,Curriculum,Rewards,242,2,0,p1
Curriculum_vs_Rewards,Curriculum,Rewards,243,2,0,p1
Curriculum_vs_Rewards,Curriculum,Rewards,244,2,0,p1
Curriculum_vs_Rewards,Curriculum,Rewards,245,2,0,p1
Curriculum_vs_Rewards,Curriculum,Rewards,246,2,0,p1
Curriculum_vs_Rewards,Curriculum,Rewards,247,2,0,p1
Curriculum_vs_Rewards,Curriculum,Rewards,248,2,0,p1
Curriculum_vs_Rewards,Curriculum,Rewards,249,2,1,p1
Curriculum_vs_Rewards,Curriculum,Rewards,250,2,0,p1
Curriculum_vs_Rewards,Curriculum,Rewards,251,2,1,p1
Curriculum_vs_Rewards,Curriculum,Rewards,252,2,0,p1
Curriculum_vs_Rewards,Curriculum,Rewards,253,2,0,p1
Curriculum_vs_Rewards,Curriculum,Rewards,254,2,0,p1
Curriculum_vs_Rewards,Curriculum,Rewards,255,2,0,p1
Curriculum_vs_Rewards,Curriculum,Rewards,256,2,0,p1
Curriculum_vs_Rewards,Curriculum,Rewards,257,2,0,p1
Curriculum_vs_Rewards,Curriculum,Rewards,258,2,0,p1
Curriculum_vs_Rewards,Curriculum,Rewards,259,2,0,p1
Curriculum_vs_Rewards,Curriculum,Rewards,260,2,0,p1
Curriculum_vs_Rewards,Curriculum,Rewards,261,1,2,p2
Curriculum_vs_Rewards,Curriculum,Rewards,262,2,1,p1
Curriculum_vs_Rewards,Curriculum,Rewards,263,2,0,p1
Curriculum_vs_Rewards,Curriculum,Rewards,264,2,0,p1
Curriculum_vs_Rewards,Curriculum,Rewards,265,2,0,p1
Curriculum_vs_Rewards,Curriculum,Rewards,266,2,0,p1
Curriculum_vs_Rewards,Curriculum,Rewards,267,1,2,p2
Curriculum_vs_Rewards,Curriculum,Rewards,268,2,0,p1
Curriculum_vs_Rewards,Curriculum,Rewards,269,2,0,p1
Curriculum_vs_Rewards,Curriculum,Rewards,270,2,0,p1
Curriculum_vs_Rewards,Curriculum,Rewards,271,2,0,p1
Curriculum_vs_Rewards,Curriculum,Rewards,272,2,1,p1
Curriculum_vs_Rewards,Curriculum,Rewards,273,2,0,p1
Curriculum_vs_Rewards,Curriculum,Rewards,274,2,0,p1
Curriculum_vs_Rewards,Curriculum,Rewards,275,2,1,p1
Curriculum_vs_Rewards,Curriculum,Rewards,276,2,1,p1
Curriculum_vs_Rewards,Curriculum,Rewards,277,2,0,p1
Curriculum_vs_Rewards,Curriculum,Rewards,278,2,0,p1
Curriculum_vs_Rewards,Curriculum,Rewards,279,0,2,p2
Curriculum_vs_Rewards,Curriculum,Rewards,280,2,0,p1
Curriculum_vs_Rewards,Curriculum,Rewards,281,2,0,p1
Curriculum_vs_Rewards,Curriculum,Rewards,282,2,0,p1
Curriculum_vs_Rewards,Curriculum,Rewards,283,2,0,p1
Curriculum_vs_Rewards,Curriculum,Rewards,284,2,0,p1
Curriculum_vs_Rewards,Curriculum,Rewards,285,2,0,p1
Curriculum_vs_Rewards,Curriculum,Rewards,286,2,0,p1
Curriculum_vs_Rewards,Curriculum,Rewards,287,2,0,p1
Curriculum_vs_Rewards,Curriculum,Rewards,288,2,0,p1
Curriculum_vs_Rewards,Curriculum,Rewards,289,2,0,p1
Curriculum_vs_Rewards,Curriculum,Rewards,290,2,0,p1
Curriculum_vs_Rewards,Curriculum,Rewards,291,1,2,p2
Curriculum_vs_Rewards,Curriculum,Rewards,292,2,0,p1
Curriculum_vs_Rewards,Curriculum,Rewards,293,2,0,p1
Curriculum_vs_Rewards,Curriculum,Rewards,294,2,0,p1
Curriculum_vs_Rewards,Curriculum,Rewards,295,2,0,p1
Curriculum_vs_Rewards,Curriculum,Rewards,296,2,0,p1
Curriculum_vs_Rewards,Curriculum,Rewards,297,2,0,p1
Curriculum_vs_Rewards,Curriculum,Rewards,298,2,1,p1
Curriculum_vs_Rewards,Curriculum,Rewards,299,2,0,p1
Curriculum_vs_Rewards,Curriculum,Rewards,300,2,0,p1
Curriculum_vs_Rewards,Curriculum,Rewards,301,2,0,p1
Curriculum_vs_Rewards,Curriculum,Rewards,302,2,0,p1
Curriculum_vs_Rewards,Curriculum,Rewards,303,2,0,p1
Curriculum_vs_Rewards,Curriculum,Rewards,304,2,0,p1
Curriculum_vs_Rewards,Curriculum,Rewards,305,2,0,p1
Curriculum_vs_Rewards,Curriculum,Rewards,306,2,0,p1
Curriculum_vs_Rewards,Curriculum,Rewards,307,2,1,p1
Curriculum_vs_Rewards,Curriculum,Rewards,308,2,1,p1
Curriculum_vs_Rewards,Curriculum,Rewards,309,2,0,p1
Curriculum_vs_Rewards,Curriculum,Rewards,310,2,1,p1
Curriculum_vs_Rewards,Curriculum,Rewards,311,2,1,p1
Curriculum_vs_Rewards,Curriculum,Rewards,312,2,0,p1
Curriculum_vs_Rewards,Curriculum,Rewards,313,2,0,p1
Curriculum_vs_Rewards,Curriculum,Rewards,314,2,1,p1
Curriculum_vs_Rewards,Curriculum,Rewards,315,2,0,p1
Curriculum_vs_Rewards,Curriculum,Rewards,316,2,0,p1
Curriculum_vs_Rewards,Curriculum,Rewards,317,2,0,p1
Curriculum_vs_Rewards,Curriculum,Rewards,318,2,0,p1
Curriculum_vs_Rewards,Curriculum,Rewards,319,2,0,p1
Curriculum_vs_Rewards,Curriculum,Rewards,320,2,0,p1
Curriculum_vs_Rewards,Curriculum,Rewards,321,2,0,p1
Curriculum_vs_Rewards,Curriculum,Rewards,322,2,0,p1
Curriculum_vs_Rewards,Curriculum,Rewards,323,2,0,p1
Curriculum_vs_Rewards,Curriculum,Rewards,324,2,1,p1
Curriculum_vs_Rewards,Curriculum,Rewards,325,2,0,p1
Curriculum_vs_Rewards,Curriculum,Rewards,326,2,0,p1
Curriculum_vs_Rewards,Curriculum,Rewards,327,2,0,p1
Curriculum_vs_Rewards,Curriculum,Rewards,328,2,1,p1
Curriculum_vs_Rewards,Curriculum,Rewards,329,2,1,p1
Curriculum_vs_Rewards,Curriculum,Rewards,330,2,0,p1
Curriculum_vs_Rewards,Curriculum,Rewards,331,2,0,p1
Curriculum_vs_Rewards,Curriculum,Rewards,332,2,0,p1
Curriculum_vs_Rewards,Curriculum,Rewards,333,2,0,p1
Curriculum_vs_Rewards,Curriculum,Rewards,334,2,0,p1
Curriculum_vs_Rewards,Curriculum,Rewards,335,2,0,p1
Curriculum_vs_Rewards,Curriculum,Rewards,336,2,0,p1
Curriculum_vs_Rewards,Curriculum,Rewards,337,2,0,p1
Curriculum_vs_Rewards,Curriculum,Rewards,338,2,0,p1
Curriculum_vs_Rewards,Curriculum,Rewards,339,2,1,p1
Curriculum_vs_Rewards,Curriculum,Rewards,340,2,0,p1
Curriculum_vs_Rewards,Curriculum,Rewards,341,2,0,p1
Curriculum_vs_Rewards,Curriculum,Rewards,342,2,0,p1
Curriculum_vs_Rewards,Curriculum,Rewards,343,1,2,p2
Curriculum_vs_Rewards,Curriculum,Rewards,344,2,0,p1
Curriculum_vs_Rewards,Curriculum,Rewards,345,2,0,p1
Curriculum_vs_Rewards,Curriculum,Rewards,346,2,0,p1
Curriculum_vs_Rewards,Curriculum,Rewards,347,2,0,p1
Curriculum_vs_Rewards,Curriculum,Rewards,348,2,0,p1
Curriculum_vs_Rewards,Curriculum,Rewards,349,2,0,p1
Curriculum_vs_Rewards,Curriculum,Rewards,350,2,0,p1
Curriculum_vs_Rewards,Curriculum,Rewards,351,2,0,p1
Curriculum_vs_Rewards,Curriculum,Rewards,352,2,0,p1
Curriculum_vs_Rewards,Curriculum,Rewards,353,2,0,p1
Curriculum_vs_Rewards,Curriculum,Rewards,354,2,0,p1
Curriculum_vs_Rewards,Curriculum,Rewards,355,2,0,p1
Curriculum_vs_Rewards,Curriculum,Rewards,356,2,0,p1
Curriculum_vs_Rewards,Curriculum,Rewards,357,2,0,p1
Curriculum_vs_Rewards,Curriculum,Rewards,358,2,0,p1
Curriculum_vs_Rewards,Curriculum,Rewards,359,2,1,p1
Curriculum_vs_Rewards,Curriculum,Rewards,360,2,0,p1
Curriculum_vs_Rewards,Curriculum,Rewards,361,2,1,p1
Curriculum_vs_Rewards,Curriculum,Rewards,362,2,0,p1
Curriculum_vs_Rewards,Curriculum,Rewards,363,2,0,p1
Curriculum_vs_Rewards,Curriculum,Rewards,364,1,2,p2
Curriculum_vs_Rewards,Curriculum,Rewards,365,2,0,p1
Curriculum_vs_Rewards,Curriculum,Rewards,366,2,0,p1
Curriculum_vs_Rewards,Curriculum,Rewards,367,0,2,p2
Curriculum_vs_Rewards,Curriculum,Rewards,368,2,0,p1
Curriculum_vs_Rewards,Curriculum,Rewards,369,1,2,p2
Curriculum_vs_Rewards,Curriculum,Rewards,370,1,2,p2
Curriculum_vs_Rewards,Curriculum,Rewards,371,2,0,p1
Curriculum_vs_Rewards,Curriculum,Rewards,372,2,1,p1
Curriculum_vs_Rewards,Curriculum,Rewards,373,2,1,p1
Curriculum_vs_Rewards,Curriculum,Rewards,374,2,0,p1
Curriculum_vs_Rewards,Curriculum,Rewards,375,2,0,p1
Curriculum_vs_Rewards,Curriculum,Rewards,376,2,0,p1
Curriculum_vs_Rewards,Curriculum,Rewards,377,2,1,p1
Curriculum_vs_Rewards,Curriculum,Rewards,378,2,0,p1
Curriculum_vs_Rewards,Curriculum,Rewards,379,2,0,p1
Curriculum_vs_Rewards,Curriculum,Rewards,380,2,0,p1
Curriculum_vs_Rewards,Curriculum,Rewards,381,2,0,p1
Curriculum_vs_Rewards,Curriculum,Rewards,382,2,1,p1
Curriculum_vs_Rewards,Curriculum,Rewards,383,2,0,p1
Curriculum_vs_Rewards,Curriculum,Rewards,384,2,0,p1
Curriculum_vs_Rewards,Curriculum,Rewards,385,2,0,p1
Curriculum_vs_Rewards,Curriculum,Rewards,386,2,0,p1
Curriculum_vs_Rewards,Curriculum,Rewards,387,2,0,p1
Curriculum_vs_Rewards,Curriculum,Rewards,388,2,0,p1
Curriculum_vs_Rewards,Curriculum,Rewards,389,2,0,p1
Curriculum_vs_Rewards,Curriculum,Rewards,390,1,2,p2
Curriculum_vs_Rewards,Curriculum,Rewards,391,2,0,p1
Curriculum_vs_Rewards,Curriculum,Rewards,392,2,0,p1
Curriculum_vs_Rewards,Curriculum,Rewards,393,2,0,p1
Curriculum_vs_Rewards,Curriculum,Rewards,394,2,0,p1
Curriculum_vs_Rewards,Curriculum,Rewards,395,2,1,p1
Curriculum_vs_Rewards,Curriculum,Rewards,396,2,0,p1
Curriculum_vs_Rewards,Curriculum,Rewards,397,2,0,p1
Curriculum_vs_Rewards,Curriculum,Rewards,398,2,0,p1
Curriculum_vs_Rewards,Curriculum,Rewards,399,2,0,p1
Curriculum_vs_Rewards,Curriculum,Rewards,400,2,0,p1
Curriculum_vs_Rewards,Curriculum,Rewards,401,2,1,p1
Curriculum_vs_Rewards,Curriculum,Rewards,402,2,1,p1
Curriculum_vs_Rewards,Curriculum,Rewards,403,2,0,p1
Curriculum_vs_Rewards,Curriculum,Rewards,404,2,0,p1
Curriculum_vs_Rewards,Curriculum,Rewards,405,2,0,p1
Curriculum_vs_Rewards,Curriculum,Rewards,406,2,0,p1
Curriculum_vs_Rewards,Curriculum,Rewards,407,2,0,p1
Curriculum_vs_Rewards,Curriculum,Rewards,408,2,1,p1
Curriculum_vs_Rewards,Curriculum,Rewards,409,2,0,p1
Curriculum_vs_Rewards,Curriculum,Rewards,410,2,0,p1
Curriculum_vs_Rewards,Curriculum,Rewards,411,2,0,p1
Curriculum_vs_Rewards,Curriculum,Rewards,412,2,1,p1
Curriculum_vs_Rewards,Curriculum,Rewards,413,2,0,p1
Curriculum_vs_Rewards,Curriculum,Rewards,414,2,0,p1
Curriculum_vs_Rewards,Curriculum,Rewards,415,2,0,p1
Curriculum_vs_Rewards,Curriculum,Rewards,416,2,0,p1
Curriculum_vs_Rewards,Curriculum,Rewards,417,2,0,p1
Curriculum_vs_Rewards,Curriculum,Rewards,418,2,0,p1
Curriculum_vs_Rewards,Curriculum,Rewards,419,2,1,p1
Curriculum_vs_Rewards,Curriculum,Rewards,420,2,0,p1
Curriculum_vs_Rewards,Curriculum,Rewards,421,2,1,p1
Curriculum_vs_Rewards,Curriculum,Rewards,422,2,1,p1
Curriculum_vs_Rewards,Curriculum,Rewards,423,2,0,p1
Curriculum_vs_Rewards,Curriculum,Rewards,424,2,0,p1
Curriculum_vs_Rewards,Curriculum,Rewards,425,2,0,p1
Curriculum_vs_Rewards,Curriculum,Rewards,426,2,0,p1
Curriculum_vs_Rewards,Curriculum,Rewards,427,2,1,p1
Curriculum_vs_Rewards,Curriculum,Rewards,428,2,0,p1
Curriculum_vs_Rewards,Curriculum,Rewards,429,2,0,p1
Curriculum_vs_Rewards,Curriculum,Rewards,430,2,0,p1
Curriculum_vs_Rewards,Curriculum,Rewards,431,2,0,p1
Curriculum_vs_Rewards,Curriculum,Rewards,432,2,0,p1
Curriculum_vs_Rewards,Curriculum,Rewards,433,2,0,p1
Curriculum_vs_Rewards,Curriculum,Rewards,434,0,2,p2
Curriculum_vs_Rewards,Curriculum,Rewards,435,2,1,p1
Curriculum_vs_Rewards,Curriculum,Rewards,436,2,1,p1
Curriculum_vs_Rewards,Curriculum,Rewards,437,2,1,p1
Curriculum_vs_Rewards,Curriculum,Rewards,438,2,0,p1
Curriculum_vs_Rewards,Curriculum,Rewards,439,1,2,p2
Curriculum_vs_Rewards,Curriculum,Rewards,440,2,0,p1
Curriculum_vs_Rewards,Curriculum,Rewards,441,2,0,p1
Curriculum_vs_Rewards,Curriculum,Rewards,442,2,0,p1
Curriculum_vs_Rewards,Curriculum,Rewards,443,2,0,p1
Curriculum_vs_Rewards,Curriculum,Rewards,444,2,0,p1
Curriculum_vs_Rewards,Curriculum,Rewards,445,2,0,p1
Curriculum_vs_Rewards,Curriculum,Rewards,446,1,1,draw
Curriculum_vs_Rewards,Curriculum,Rewards,447,2,1,p1
Curriculum_vs_Rewards,Curriculum,Rewards,448,2,0,p1
Curriculum_vs_Rewards,Curriculum,Rewards,449,2,1,p1
Curriculum_vs_Rewards,Curriculum,Rewards,450,2,0,p1
Curriculum_vs_Rewards,Curriculum,Rewards,451,2,0,p1
Curriculum_vs_Rewards,Curriculum,Rewards,452,2,0,p1
Curriculum_vs_Rewards,Curriculum,Rewards,453,2,0,p1
Curriculum_vs_Rewards,Curriculum,Rewards,454,2,0,p1
Curriculum_vs_Rewards,Curriculum,Rewards,455,2,0,p1
Curriculum_vs_Rewards,Curriculum,Rewards,456,2,0,p1
Curriculum_vs_Rewards,Curriculum,Rewards,457,2,0,p1
Curriculum_vs_Rewards,Curriculum,Rewards,458,2,0,p1
Curriculum_vs_Rewards,Curriculum,Rewards,459,2,0,p1
Curriculum_vs_Rewards,Curriculum,Rewards,460,2,0,p1
Curriculum_vs_Rewards,Curriculum,Rewards,461,2,1,p1
Curriculum_vs_Rewards,Curriculum,Rewards,462,2,0,p1
Curriculum_vs_Rewards,Curriculum,Rewards,463,2,0,p1
Curriculum_vs_Rewards,Curriculum,Rewards,464,2,0,p1
Curriculum_vs_Rewards,Curriculum,Rewards,465,0,2,p2
Curriculum_vs_Rewards,Curriculum,Rewards,466,2,0,p1
Curriculum_vs_Rewards,Curriculum,Rewards,467,2,0,p1
Curriculum_vs_Rewards,Curriculum,Rewards,468,2,1,p1
Curriculum_vs_Rewards,Curriculum,Rewards,469,2,0,p1
Curriculum_vs_Rewards,Curriculum,Rewards,470,2,0,p1
Curriculum_vs_Rewards,Curriculum,Rewards,471,2,1,p1
Curriculum_vs_Rewards,Curriculum,Rewards,472,2,0,p1
Curriculum_vs_Rewards,Curriculum,Rewards,473,2,0,p1
Curriculum_vs_Rewards,Curriculum,Rewards,474,2,0,p1
Curriculum_vs_Rewards,Curriculum,Rewards,475,2,0,p1
Curriculum_vs_Rewards,Curriculum,Rewards,476,2,0,p1
Curriculum_vs_Rewards,Curriculum,Rewards,477,2,0,p1
Curriculum_vs_Rewards,Curriculum,Rewards,478,2,0,p1
Curriculum_vs_Rewards,Curriculum,Rewards,479,2,0,p1
Curriculum_vs_Rewards,Curriculum,Rewards,480,2,0,p1
Curriculum_vs_Rewards,Curriculum,Rewards,481,2,1,p1
Curriculum_vs_Rewards,Curriculum,Rewards,482,2,0,p1
Curriculum_vs_Rewards,Curriculum,Rewards,483,2,0,p1
Curriculum_vs_Rewards,Curriculum,Rewards,484,2,1,p1
Curriculum_vs_Rewards,Curriculum,Rewards,485,2,0,p1
Curriculum_vs_Rewards,Curriculum,Rewards,486,2,1,p1
Curriculum_vs_Rewards,Curriculum,Rewards,487,2,0,p1
Curriculum_vs_Rewards,Curriculum,Rewards,488,2,1,p1
Curriculum_vs_Rewards,Curriculum,Rewards,489,2,1,p1
Curriculum_vs_Rewards,Curriculum,Rewards,490,2,0,p1
Curriculum_vs_Rewards,Curriculum,Rewards,491,2,0,p1
Curriculum_vs_Rewards,Curriculum,Rewards,492,2,1,p1
Curriculum_vs_Rewards,Curriculum,Rewards,493,2,0,p1
Curriculum_vs_Rewards,Curriculum,Rewards,494,2,0,p1
Curriculum_vs_Rewards,Curriculum,Rewards,495,2,0,p1
Curriculum_vs_Rewards,Curriculum,Rewards,496,2,0,p1
Curriculum_vs_Rewards,Curriculum,Rewards,497,2,0,p1
Curriculum_vs_Rewards,Curriculum,Rewards,498,2,0,p1
Curriculum_vs_Rewards,Curriculum,Rewards,499,2,0,p1
Curriculum_vs_Rewards,Curriculum,Rewards,500,2,1,p1
Curriculum_vs_Rewards,Curriculum,Rewards,501,2,1,p1
Curriculum_vs_Rewards,Curriculum,Rewards,502,2,1,p1
Curriculum_vs_Rewards,Curriculum,Rewards,503,2,0,p1
Curriculum_vs_Rewards,Curriculum,Rewards,504,2,0,p1
Curriculum_vs_Rewards,Curriculum,Rewards,505,2,0,p1
Curriculum_vs_Rewards,Curriculum,Rewards,506,2,0,p1
Curriculum_vs_Rewards,Curriculum,Rewards,507,2,1,p1
Curriculum_vs_Rewards,Curriculum,Rewards,508,2,0,p1
Curriculum_vs_Rewards,Curriculum,Rewards,509,2,0,p1
Curriculum_vs_Rewards,Curriculum,Rewards,510,2,1,p1
Curriculum_vs_Rewards,Curriculum,Rewards,511,2,1,p1
Curriculum_vs_Rewards,Curriculum,Rewards,512,2,0,p1
Curriculum_vs_Rewards,Curriculum,Rewards,513,2,1,p1
Curriculum_vs_Rewards,Curriculum,Rewards,514,2,0,p1
Curriculum_vs_Rewards,Curriculum,Rewards,515,2,0,p1
Curriculum_vs_Rewards,Curriculum,Rewards,516,2,0,p1
Curriculum_vs_Rewards,Curriculum,Rewards,517,2,0,p1
Curriculum_vs_Rewards,Curriculum,Rewards,518,2,1,p1
Curriculum_vs_Rewards,Curriculum,Rewards,519,2,0,p1
Curriculum_vs_Rewards,Curriculum,Rewards,520,2,0,p1
Curriculum_vs_Rewards,Curriculum,Rewards,521,2,1,p1
Curriculum_vs_Rewards,Curriculum,Rewards,522,2,0,p1
Curriculum_vs_Rewards,Curriculum,Rewards,523,2,1,p1
Curriculum_vs_Rewards,Curriculum,Rewards,524,2,0,p1
Curriculum_vs_Rewards,Curriculum,Rewards,525,2,1,p1
Curriculum_vs_Rewards,Curriculum,Rewards,526,2,0,p1
Curriculum_vs_Rewards,Curriculum,Rewards,527,2,0,p1
Curriculum_vs_Rewards,Curriculum,Rewards,528,2,0,p1
Curriculum_vs_Rewards,Curriculum,Rewards,529,2,0,p1
Curriculum_vs_Rewards,Curriculum,Rewards,530,2,0,p1
Curriculum_vs_Rewards,Curriculum,Rewards,531,2,0,p1
Curriculum_vs_Rewards,Curriculum,Rewards,532,2,0,p1
Curriculum_vs_Rewards,Curriculum,Rewards,533,2,0,p1
Curriculum_vs_Rewards,Curriculum,Rewards,534,2,0,p1
Curriculum_vs_Rewards,Curriculum,Rewards,535,2,0,p1
Curriculum_vs_Rewards,Curriculum,Rewards,536,2,0,p1
Curriculum_vs_Rewards,Curriculum,Rewards,537,2,0,p1
Curriculum_vs_Rewards,Curriculum,Rewards,538,2,0,p1
Curriculum_vs_Rewards,Curriculum,Rewards,539,2,0,p1
Curriculum_vs_Rewards,Curriculum,Rewards,540,2,0,p1
Curriculum_vs_Rewards,Curriculum,Rewards,541,2,0,p1
Curriculum_vs_Rewards,Curriculum,Rewards,542,2,0,p1
Curriculum_vs_Rewards,Curriculum,Rewards,543,2,1,p1
Curriculum_vs_Rewards,Curriculum,Rewards,544,2,0,p1
Curriculum_vs_Rewards,Curriculum,Rewards,545,2,0,p1
Curriculum_vs_Rewards,Curriculum,Rewards,546,2,0,p1
Curriculum_vs_Rewards,Curriculum,Rewards,547,2,0,p1
Curriculum_vs_Rewards,Curriculum,Rewards,548,2,0,p1
Curriculum_vs_Rewards,Curriculum,Rewards,549,2,0,p1
Curriculum_vs_Rewards,Curriculum,Rewards,550,2,0,p1
Curriculum_vs_Rewards,Curriculum,Rewards,551,2,1,p1
Curriculum_vs_Rewards,Curriculum,Rewards,552,2,1,p1
Curriculum_vs_Rewards,Curriculum,Rewards,553,2,1,p1
Curriculum_vs_Rewards,Curriculum,Rewards,554,2,0,p1
Curriculum_vs_Rewards,Curriculum,Rewards,555,2,0,p1
Curriculum_vs_Rewards,Curriculum,Rewards,556,2,1,p1
Curriculum_vs_Rewards,Curriculum,Rewards,557,2,0,p1
Curriculum_vs_Rewards,Curriculum,Rewards,558,2,0,p1
Curriculum_vs_Rewards,Curriculum,Rewards,559,2,0,p1
Curriculum_vs_Rewards,Curriculum,Rewards,560,2,0,p1
Curriculum_vs_Rewards,Curriculum,Rewards,561,2,0,p1
Curriculum_vs_Rewards,Curriculum,Rewards,562,2,0,p1
Curriculum_vs_Rewards,Curriculum,Rewards,563,1,2,p2
Curriculum_vs_Rewards,Curriculum,Rewards,564,2,0,p1
Curriculum_vs_Rewards,Curriculum,Rewards,565,2,0,p1
Curriculum_vs_Rewards,Curriculum,Rewards,566,2,0,p1
Curriculum_vs_Rewards,Curriculum,Rewards,567,2,0,p1
Curriculum_vs_Rewards,Curriculum,Rewards,568,2,0,p1
Curriculum_vs_Rewards,Curriculum,Rewards,569,2,1,p1
Curriculum_vs_Rewards,Curriculum,Rewards,570,2,0,p1
Curriculum_vs_Rewards,Curriculum,Rewards,571,2,1,p1
Curriculum_vs_Rewards,Curriculum,Rewards,572,2,0,p1
Curriculum_vs_Rewards,Curriculum,Rewards,573,2,0,p1
Curriculum_vs_Rewards,Curriculum,Rewards,574,2,0,p1
Curriculum_vs_Rewards,Curriculum,Rewards,575,2,1,p1
Curriculum_vs_Rewards,Curriculum,Rewards,576,2,1,p1
Curriculum_vs_Rewards,Curriculum,Rewards,577,2,1,p1
Curriculum_vs_Rewards,Curriculum,Rewards,578,2,0,p1
Curriculum_vs_Rewards,Curriculum,Rewards,579,2,0,p1
Curriculum_vs_Rewards,Curriculum,Rewards,580,2,0,p1
Curriculum_vs_Rewards,Curriculum,Rewards,581,2,0,p1
Curriculum_vs_Rewards,Curriculum,Rewards,582,2,0,p1
Curriculum_vs_Rewards,Curriculum,Rewards,583,2,0,p1
Curriculum_vs_Rewards,Curriculum,Rewards,584,2,0,p1
Curriculum_vs_Rewards,Curriculum,Rewards,585,2,0,p1
Curriculum_vs_Rewards,Curriculum,Rewards,586,2,1,p1
Curriculum_vs_Rewards,Curriculum,Rewards,587,2,0,p1
Curriculum_vs_Rewards,Curriculum,Rewards,588,2,1,p1
Curriculum_vs_Rewards,Curriculum,Rewards,589,2,1,p1
Curriculum_vs_Rewards,Curriculum,Rewards,590,2,0,p1
Curriculum_vs_Rewards,Curriculum,Rewards,591,2,1,p1
Curriculum_vs_Rewards,Curriculum,Rewards,592,2,0,p1
Curriculum_vs_Rewards,Curriculum,Rewards,593,2,1,p1
Curriculum_vs_Rewards,Curriculum,Rewards,594,2,1,p1
Curriculum_vs_Rewards,Curriculum,Rewards,595,2,1,p1
Curriculum_vs_Rewards,Curriculum,Rewards,596,2,1,p1
Curriculum_vs_Rewards,Curriculum,Rewards,597,2,1,p1
Curriculum_vs_Rewards,Curriculum,Rewards,598,2,1,p1
Curriculum_vs_Rewards,Curriculum,Rewards,599,2,0,p1
Curriculum_vs_Rewards,Curriculum,Rewards,600,2,1,p1
Curriculum_vs_Rewards,Curriculum,Rewards,601,2,0,p1
Curriculum_vs_Rewards,Curriculum,Rewards,602,2,1,p1
Curriculum_vs_Rewards,Curriculum,Rewards,603,2,0,p1
Curriculum_vs_Rewards,Curriculum,Rewards,604,2,0,p1
Curriculum_vs_Rewards,Curriculum,Rewards,605,2,0,p1
Curriculum_vs_Rewards,Curriculum,Rewards,606,2,1,p1
Curriculum_vs_Rewards,Curriculum,Rewards,607,1,2,p2
Curriculum_vs_Rewards,Curriculum,Rewards,608,2,1,p1
Curriculum_vs_Rewards,Curriculum,Rewards,609,2,0,p1
Curriculum_vs_Rewards,Curriculum,Rewards,610,2,0,p1
Curriculum_vs_Rewards,Curriculum,Rewards,611,2,1,p1
Curriculum_vs_Rewards,Curriculum,Rewards,612,2,1,p1
Curriculum_vs_Rewards,Curriculum,Rewards,613,2,0,p1
Curriculum_vs_Rewards,Curriculum,Rewards,614,0,2,p2
Curriculum_vs_Rewards,Curriculum,Rewards,615,2,0,p1
Curriculum_vs_Rewards,Curriculum,Rewards,616,2,0,p1
Curriculum_vs_Rewards,Curriculum,Rewards,617,2,0,p1
Curriculum_vs_Rewards,Curriculum,Rewards,618,2,0,p1
Curriculum_vs_Rewards,Curriculum,Rewards,619,2,0,p1
Curriculum_vs_Rewards,Curriculum,Rewards,620,2,0,p1
Curriculum_vs_Rewards,Curriculum,Rewards,621,2,0,p1
Curriculum_vs_Rewards,Curriculum,Rewards,622,2,0,p1
Curriculum_vs_Rewards,Curriculum,Rewards,623,2,0,p1
Curriculum_vs_Rewards,Curriculum,Rewards,624,2,0,p1
Curriculum_vs_Rewards,Curriculum,Rewards,625,2,0,p1
Curriculum_vs_Rewards,Curriculum,Rewards,626,2,0,p1
Curriculum_vs_Rewards,Curriculum,Rewards,627,2,0,p1
Curriculum_vs_Rewards,Curriculum,Rewards,628,2,0,p1
Curriculum_vs_Rewards,Curriculum,Rewards,629,2,0,p1
Curriculum_vs_Rewards,Curriculum,Rewards,630,2,0,p1
Curriculum_vs_Rewards,Curriculum,Rewards,631,2,0,p1
Curriculum_vs_Rewards,Curriculum,Rewards,632,2,0,p1
Curriculum_vs_Rewards,Curriculum,Rewards,633,2,0,p1
Curriculum_vs_Rewards,Curriculum,Rewards,634,2,1,p1
Curriculum_vs_Rewards,Curriculum,Rewards,635,2,0,p1
Curriculum_vs_Rewards,Curriculum,Rewards,636,2,1,p1
Curriculum_vs_Rewards,Curriculum,Rewards,637,2,0,p1
Curriculum_vs_Rewards,Curriculum,Rewards,638,2,0,p1
Curriculum_vs_Rewards,Curriculum,Rewards,639,2,1,p1
Curriculum_vs_Rewards,Curriculum,Rewards,640,2,0,p1
Curriculum_vs_Rewards,Curriculum,Rewards,641,2,0,p1
Curriculum_vs_Rewards,Curriculum,Rewards,642,2,1,p1
Curriculum_vs_Rewards,Curriculum,Rewards,643,2,0,p1
Curriculum_vs_Rewards,Curriculum,Rewards,644,2,0,p1
Curriculum_vs_Rewards,Curriculum,Rewards,645,2,0,p1
Curriculum_vs_Rewards,Curriculum,Rewards,646,2,0,p1
Curriculum_vs_Rewards,Curriculum,Rewards,647,2,0,p1
Curriculum_vs_Rewards,Curriculum,Rewards,648,2,1,p1
Curriculum_vs_Rewards,Curriculum,Rewards,649,2,0,p1
Curriculum_vs_Rewards,Curriculum,Rewards,650,2,0,p1
Curriculum_vs_Rewards,Curriculum,Rewards,651,2,0,p1
Curriculum_vs_Rewards,Curriculum,Rewards,652,2,0,p1
Curriculum_vs_Rewards,Curriculum,Rewards,653,2,0,p1
Curriculum_vs_Rewards,Curriculum,Rewards,654,2,0,p1
Curriculum_vs_Rewards,Curriculum,Rewards,655,2,0,p1
Curriculum_vs_Rewards,Curriculum,Rewards,656,2,1,p1
Curriculum_vs_Rewards,Curriculum,Rewards,657,2,1,p1
Curriculum_vs_Rewards,Curriculum,Rewards,658,1,2,p2
Curriculum_vs_Rewards,Curriculum,Rewards,659,2,0,p1
Curriculum_vs_Rewards,Curriculum,Rewards,660,2,0,p1
Curriculum_vs_Rewards,Curriculum,Rewards,661,2,0,p1
Curriculum_vs_Rewards,Curriculum,Rewards,662,0,2,p2
Curriculum_vs_Rewards,Curriculum,Rewards,663,2,0,p1
Curriculum_vs_Rewards,Curriculum,Rewards,664,2,1,p1
Curriculum_vs_Rewards,Curriculum,Rewards,665,2,0,p1
Curriculum_vs_Rewards,Curriculum,Rewards,666,2,0,p1
Curriculum_vs_Rewards,Curriculum,Rewards,667,2,0,p1
Curriculum_vs_Rewards,Curriculum,Rewards,668,2,0,p1
Curriculum_vs_Rewards,Curriculum,Rewards,669,2,0,p1
Curriculum_vs_Rewards,Curriculum,Rewards,670,2,0,p1
Curriculum_vs_Rewards,Curriculum,Rewards,671,2,0,p1
Curriculum_vs_Rewards,Curriculum,Rewards,672,2,0,p1
Curriculum_vs_Rewards,Curriculum,Rewards,673,2,1,p1
Curriculum_vs_Rewards,Curriculum,Rewards,674,2,0,p1
Curriculum_vs_Rewards,Curriculum,Rewards,675,2,0,p1
Curriculum_vs_Rewards,Curriculum,Rewards,676,2,1,p1
Curriculum_vs_Rewards,Curriculum,Rewards,677,2,0,p1
Curriculum_vs_Rewards,Curriculum,Rewards,678,2,0,p1
Curriculum_vs_Rewards,Curriculum,Rewards,679,2,0,p1
Curriculum_vs_Rewards,Curriculum,Rewards,680,2,1,p1
Curriculum_vs_Rewards,Curriculum,Rewards,681,2,0,p1
Curriculum_vs_Rewards,Curriculum,Rewards,682,2,0,p1
Curriculum_vs_Rewards,Curriculum,Rewards,683,2,0,p1
Curriculum_vs_Rewards,Curriculum,Rewards,684,2,0,p1
Curriculum_vs_Rewards,Curriculum,Rewards,685,2,0,p1
Curriculum_vs_Rewards,Curriculum,Rewards,686,2,1,p1
Curriculum_vs_Rewards,Curriculum,Rewards,687,2,1,p1
Curriculum_vs_Rewards,Curriculum,Rewards,688,2,0,p1
Curriculum_vs_Rewards,Curriculum,Rewards,689,0,2,p2
Curriculum_vs_Rewards,Curriculum,Rewards,690,2,0,p1
Curriculum_vs_Rewards,Curriculum,Rewards,691,2,0,p1
Curriculum_vs_Rewards,Curriculum,Rewards,692,2,0,p1
Curriculum_vs_Rewards,Curriculum,Rewards,693,2,1,p1
Curriculum_vs_Rewards,Curriculum,Rewards,694,2,0,p1
Curriculum_vs_Rewards,Curriculum,Rewards,695,2,0,p1
Curriculum_vs_Rewards,Curriculum,Rewards,696,2,0,p1
Curriculum_vs_Rewards,Curriculum,Rewards,697,2,0,p1
Curriculum_vs_Rewards,Curriculum,Rewards,698,2,0,p1
Curriculum_vs_Rewards,Curriculum,Rewards,699,2,0,p1
Curriculum_vs_Rewards,Curriculum,Rewards,700,2,0,p1
Curriculum_vs_Rewards,Curriculum,Rewards,701,2,0,p1
Curriculum_vs_Rewards,Curriculum,Rewards,702,2,0,p1
Curriculum_vs_Rewards,Curriculum,Rewards,703,2,0,p1
Curriculum_vs_Rewards,Curriculum,Rewards,704,2,1,p1
Curriculum_vs_Rewards,Curriculum,Rewards,705,2,0,p1
Curriculum_vs_Rewards,Curriculum,Rewards,706,2,0,p1
Curriculum_vs_Rewards,Curriculum,Rewards,707,2,1,p1
Curriculum_vs_Rewards,Curriculum,Rewards,708,1,2,p2
Curriculum_vs_Rewards,Curriculum,Rewards,709,2,0,p1
Curriculum_vs_Rewards,Curriculum,Rewards,710,2,1,p1
Curriculum_vs_Rewards,Curriculum,Rewards,711,2,0,p1
Curriculum_vs_Rewards,Curriculum,Rewards,712,2,0,p1
Curriculum_vs_Rewards,Curriculum,Rewards,713,2,1,p1
Curriculum_vs_Rewards,Curriculum,Rewards,714,2,0,p1
Curriculum_vs_Rewards,Curriculum,Rewards,715,2,0,p1
Curriculum_vs_Rewards,Curriculum,Rewards,716,2,0,p1
Curriculum_vs_Rewards,Curriculum,Rewards,717,2,0,p1
Curriculum_vs_Rewards,Curriculum,Rewards,718,2,1,p1
Curriculum_vs_Rewards,Curriculum,Rewards,719,2,0,p1
Curriculum_vs_Rewards,Curriculum,Rewards,720,2,0,p1
Curriculum_vs_Rewards,Curriculum,Rewards,721,2,0,p1
Curriculum_vs_Rewards,Curriculum,Rewards,722,2,1,p1
Curriculum_vs_Rewards,Curriculum,Rewards,723,2,0,p1
Curriculum_vs_Rewards,Curriculum,Rewards,724,2,0,p1
Curriculum_vs_Rewards,Curriculum,Rewards,725,2,0,p1
Curriculum_vs_Rewards,Curriculum,Rewards,726,2,1,p1
Curriculum_vs_Rewards,Curriculum,Rewards,727,2,0,p1
Curriculum_vs_Rewards,Curriculum,Rewards,728,2,0,p1
Curriculum_vs_Rewards,Curriculum,Rewards,729,2,0,p1
Curriculum_vs_Rewards,Curriculum,Rewards,730,2,0,p1
Curriculum_vs_Rewards,Curriculum,Rewards,731,2,0,p1
Curriculum_vs_Rewards,Curriculum,Rewards,732,2,1,p1
Curriculum_vs_Rewards,Curriculum,Rewards,733,2,0,p1
Curriculum_vs_Rewards,Curriculum,Rewards,734,2,0,p1
Curriculum_vs_Rewards,Curriculum,Rewards,735,2,1,p1
Curriculum_vs_Rewards,Curriculum,Rewards,736,2,0,p1
Curriculum_vs_Rewards,Curriculum,Rewards,737,2,0,p1
Curriculum_vs_Rewards,Curriculum,Rewards,738,2,0,p1
Curriculum_vs_Rewards,Curriculum,Rewards,739,2,1,p1
Curriculum_vs_Rewards,Curriculum,Rewards,740,1,2,p2
Curriculum_vs_Rewards,Curriculum,Rewards,741,2,0,p1
Curriculum_vs_Rewards,Curriculum,Rewards,742,2,0,p1
Curriculum_vs_Rewards,Curriculum,Rewards,743,2,0,p1
Curriculum_vs_Rewards,Curriculum,Rewards,744,2,1,p1
Curriculum_vs_Rewards,Curriculum,Rewards,745,2,0,p1
Curriculum_vs_Rewards,Curriculum,Rewards,746,2,0,p1
Curriculum_vs_Rewards,Curriculum,Rewards,747,2,1,p1
Curriculum_vs_Rewards,Curriculum,Rewards,748,2,0,p1
Curriculum_vs_Rewards,Curriculum,Rewards,749,2,0,p1
Curriculum_vs_Rewards,Curriculum,Rewards,750,2,0,p1
Curriculum_vs_Rewards,Curriculum,Rewards,751,2,0,p1
Curriculum_vs_Rewards,Curriculum,Rewards,752,0,2,p2
Curriculum_vs_Rewards,Curriculum,Rewards,753,2,1,p1
Curriculum_vs_Rewards,Curriculum,Rewards,754,2,0,p1
Curriculum_vs_Rewards,Curriculum,Rewards,755,2,0,p1
Curriculum_vs_Rewards,Curriculum,Rewards,756,2,0,p1
Curriculum_vs_Rewards,Curriculum,Rewards,757,2,0,p1
Curriculum_vs_Rewards,Curriculum,Rewards,758,2,0,p1
Curriculum_vs_Rewards,Curriculum,Rewards,759,2,0,p1
Curriculum_vs_Rewards,Curriculum,Rewards,760,2,0,p1
Curriculum_vs_Rewards,Curriculum,Rewards,761,2,0,p1
Curriculum_vs_Rewards,Curriculum,Rewards,762,2,1,p1
Curriculum_vs_Rewards,Curriculum,Rewards,763,2,0,p1
Curriculum_vs_Rewards,Curriculum,Rewards,764,2,0,p1
Curriculum_vs_Rewards,Curriculum,Rewards,765,2,0,p1
Curriculum_vs_Rewards,Curriculum,Rewards,766,2,0,p1
Curriculum_vs_Rewards,Curriculum,Rewards,767,2,0,p1
Curriculum_vs_Rewards,Curriculum,Rewards,768,2,0,p1
Curriculum_vs_Rewards,Curriculum,Rewards,769,2,0,p1
Curriculum_vs_Rewards,Curriculum,Rewards,770,2,0,p1
Curriculum_vs_Rewards,Curriculum,Rewards,771,2,0,p1
Curriculum_vs_Rewards,Curriculum,Rewards,772,2,0,p1
Curriculum_vs_Rewards,Curriculum,Rewards,773,2,0,p1
Curriculum_vs_Rewards,Curriculum,Rewards,774,2,0,p1
Curriculum_vs_Rewards,Curriculum,Rewards,775,2,1,p1
Curriculum_vs_Rewards,Curriculum,Rewards,776,2,0,p1
Curriculum_vs_Rewards,Curriculum,Rewards,777,2,1,p1
Curriculum_vs_Rewards,Curriculum,Rewards,778,2,0,p1
Curriculum_vs_Rewards,Curriculum,Rewards,779,2,0,p1
Curriculum_vs_Rewards,Curriculum,Rewards,780,2,1,p1
Curriculum_vs_Rewards,Curriculum,Rewards,781,2,0,p1
Curriculum_vs_Rewards,Curriculum,Rewards,782,2,0,p1
Curriculum_vs_Rewards,Curriculum,Rewards,783,2,0,p1
Curriculum_vs_Rewards,Curriculum,Rewards,784,2,0,p1
Curriculum_vs_Rewards,Curriculum,Rewards,785,2,0,p1
Curriculum_vs_Rewards,Curriculum,Rewards,786,2,0,p1
Curriculum_vs_Rewards,Curriculum,Rewards,787,2,0,p1
Curriculum_vs_Rewards,Curriculum,Rewards,788,2,1,p1
Curriculum_vs_Rewards,Curriculum,Rewards,789,2,0,p1
Curriculum_vs_Rewards,Curriculum,Rewards,790,2,0,p1
Curriculum_vs_Rewards,Curriculum,Rewards,791,2,0,p1
Curriculum_vs_Rewards,Curriculum,Rewards,792,2,0,p1
Curriculum_vs_Rewards,Curriculum,Rewards,793,2,0,p1
Curriculum_vs_Rewards,Curriculum,Rewards,794,2,1,p1
Curriculum_vs_Rewards,Curriculum,Rewards,795,2,0,p1
Curriculum_vs_Rewards,Curriculum,Rewards,796,2,0,p1
Curriculum_vs_Rewards,Curriculum,Rewards,797,2,1,p1
Curriculum_vs_Rewards,Curriculum,Rewards,798,2,0,p1
Curriculum_vs_Rewards,Curriculum,Rewards,799,2,0,p1
Curriculum_vs_Rewards,Curriculum,Rewards,800,2,0,p1
Curriculum_vs_Rewards,Curriculum,Rewards,801,2,0,p1
Curriculum_vs_Rewards,Curriculum,Rewards,802,2,0,p1
Curriculum_vs_Rewards,Curriculum,Rewards,803,2,0,p1
Curriculum_vs_Rewards,Curriculum,Rewards,804,2,1,p1
Curriculum_vs_Rewards,Curriculum,Rewards,805,2,1,p1
Curriculum_vs_Rewards,Curriculum,Rewards,806,0,2,p2
Curriculum_vs_Rewards,Curriculum,Rewards,807,2,0,p1
Curriculum_vs_Rewards,Curriculum,Rewards,808,2,0,p1
Curriculum_vs_Rewards,Curriculum,Rewards,809,2,1,p1
Curriculum_vs_Rewards,Curriculum,Rewards,810,2,1,p1
Curriculum_vs_Rewards,Curriculum,Rewards,811,2,0,p1
Curriculum_vs_Rewards,Curriculum,Rewards,812,2,0,p1
Curriculum_vs_Rewards,Curriculum,Rewards,813,2,0,p1
Curriculum_vs_Rewards,Curriculum,Rewards,814,2,0,p1
Curriculum_vs_Rewards,Curriculum,Rewards,815,2,0,p1
Curriculum_vs_Rewards,Curriculum,Rewards,816,2,0,p1
Curriculum_vs_Rewards,Curriculum,Rewards,817,2,0,p1
Curriculum_vs_Rewards,Curriculum,Rewards,818,2,0,p1
Curriculum_vs_Rewards,Curriculum,Rewards,819,2,1,p1
Curriculum_vs_Rewards,Curriculum,Rewards,820,2,0,p1
Curriculum_vs_Rewards,Curriculum,Rewards,821,2,0,p1
Curriculum_vs_Rewards,Curriculum,Rewards,822,2,0,p1
Curriculum_vs_Rewards,Curriculum,Rewards,823,2,0,p1
Curriculum_vs_Rewards,Curriculum,Rewards,824,2,0,p1
Curriculum_vs_Rewards,Curriculum,Rewards,825,2,0,p1
Curriculum_vs_Rewards,Curriculum,Rewards,826,2,0,p1
Curriculum_vs_Rewards,Curriculum,Rewards,827,2,0,p1
Curriculum_vs_Rewards,Curriculum,Rewards,828,2,0,p1
Curriculum_vs_Rewards,Curriculum,Rewards,829,2,0,p1
Curriculum_vs_Rewards,Curriculum,Rewards,830,2,0,p1
Curriculum_vs_Rewards,Curriculum,Rewards,831,1,2,p2
Curriculum_vs_Rewards,Curriculum,Rewards,832,2,0,p1
Curriculum_vs_Rewards,Curriculum,Rewards,833,2,0,p1
Curriculum_vs_Rewards,Curriculum,Rewards,834,2,0,p1
Curriculum_vs_Rewards,Curriculum,Rewards,835,2,0,p1
Curriculum_vs_Rewards,Curriculum,Rewards,836,2,1,p1
Curriculum_vs_Rewards,Curriculum,Rewards,837,2,0,p1
Curriculum_vs_Rewards,Curriculum,Rewards,838,1,2,p2
Curriculum_vs_Rewards,Curriculum,Rewards,839,2,0,p1
Curriculum_vs_Rewards,Curriculum,Rewards,840,2,1,p1
Curriculum_vs_Rewards,Curriculum,Rewards,841,1,2,p2
Curriculum_vs_Rewards,Curriculum,Rewards,842,2,0,p1
Curriculum_vs_Rewards,Curriculum,Rewards,843,2,0,p1
Curriculum_vs_Rewards,Curriculum,Rewards,844,2,0,p1
Curriculum_vs_Rewards,Curriculum,Rewards,845,1,2,p2
Curriculum_vs_Rewards,Curriculum,Rewards,846,2,0,p1
Curriculum_vs_Rewards,Curriculum,Rewards,847,2,0,p1
Curriculum_vs_Rewards,Curriculum,Rewards,848,2,1,p1
Curriculum_vs_Rewards,Curriculum,Rewards,849,2,0,p1
Curriculum_vs_Rewards,Curriculum,Rewards,850,2,0,p1
Curriculum_vs_Rewards,Curriculum,Rewards,851,2,0,p1
Curriculum_vs_Rewards,Curriculum,Rewards,852,2,0,p1
Curriculum_vs_Rewards,Curriculum,Rewards,853,2,0,p1
Curriculum_vs_Rewards,Curriculum,Rewards,854,2,0,p1
Curriculum_vs_Rewards,Curriculum,Rewards,855,2,1,p1
Curriculum_vs_Rewards,Curriculum,Rewards,856,2,0,p1
Curriculum_vs_Rewards,Curriculum,Rewards,857,2,0,p1
Curriculum_vs_Rewards,Curriculum,Rewards,858,2,0,p1
Curriculum_vs_Rewards,Curriculum,Rewards,859,2,0,p1
Curriculum_vs_Rewards,Curriculum,Rewards,860,2,0,p1
Curriculum_vs_Rewards,Curriculum,Rewards,861,2,0,p1
Curriculum_vs_Rewards,Curriculum,Rewards,862,2,0,p1
Curriculum_vs_Rewards,Curriculum,Rewards,863,2,0,p1
Curriculum_vs_Rewards,Curriculum,Rewards,864,2,0,p1
Curriculum_vs_Rewards,Curriculum,Rewards,865,2,0,p1
Curriculum_vs_Rewards,Curriculum,Rewards,866,2,1,p1
Curriculum_vs_Rewards,Curriculum,Rewards,867,2,0,p1
Curriculum_vs_Rewards,Curriculum,Rewards,868,2,0,p1
Curriculum_vs_Rewards,Curriculum,Rewards,869,2,0,p1
Curriculum_vs_Rewards,Curriculum,Rewards,870,2,0,p1
Curriculum_vs_Rewards,Curriculum,Rewards,871,0,2,p2
Curriculum_vs_Rewards,Curriculum,Rewards,872,2,1,p1
Curriculum_vs_Rewards,Curriculum,Rewards,873,2,0,p1
Curriculum_vs_Rewards,Curriculum,Rewards,874,2,1,p1
Curriculum_vs_Rewards,Curriculum,Rewards,875,2,0,p1
Curriculum_vs_Rewards,Curriculum,Rewards,876,2,0,p1
Curriculum_vs_Rewards,Curriculum,Rewards,877,2,0,p1
Curriculum_vs_Rewards,Curriculum,Rewards,878,2,0,p1
Curriculum_vs_Rewards,Curriculum,Rewards,879,2,0,p1
Curriculum_vs_Rewards,Curriculum,Rewards,880,2,0,p1
Curriculum_vs_Rewards,Curriculum,Rewards,881,2,0,p1
Curriculum_vs_Rewards,Curriculum,Rewards,882,2,0,p1
Curriculum_vs_Rewards,Curriculum,Rewards,883,2,0,p1
Curriculum_vs_Rewards,Curriculum,Rewards,884,2,0,p1
Curriculum_vs_Rewards,Curriculum,Rewards,885,2,0,p1
Curriculum_vs_Rewards,Curriculum,Rewards,886,2,0,p1
Curriculum_vs_Rewards,Curriculum,Rewards,887,2,0,p1
Curriculum_vs_Rewards,Curriculum,Rewards,888,2,0,p1
Curriculum_vs_Rewards,Curriculum,Rewards,889,2,0,p1
Curriculum_vs_Rewards,Curriculum,Rewards,890,2,0,p1
Curriculum_vs_Rewards,Curriculum,Rewards,891,2,0,p1
Curriculum_vs_Rewards,Curriculum,Rewards,892,1,2,p2
Curriculum_vs_Rewards,Curriculum,Rewards,893,2,0,p1
Curriculum_vs_Rewards,Curriculum,Rewards,894,2,1,p1
Curriculum_vs_Rewards,Curriculum,Rewards,895,2,0,p1
Curriculum_vs_Rewards,Curriculum,Rewards,896,2,0,p1
Curriculum_vs_Rewards,Curriculum,Rewards,897,2,1,p1
Curriculum_vs_Rewards,Curriculum,Rewards,898,2,0,p1
Curriculum_vs_Rewards,Curriculum,Rewards,899,2,0,p1
Curriculum_vs_Rewards,Curriculum,Rewards,900,2,0,p1
Curriculum_vs_Rewards,Curriculum,Rewards,901,2,0,p1
Curriculum_vs_Rewards,Curriculum,Rewards,902,2,0,p1
Curriculum_vs_Rewards,Curriculum,Rewards,903,2,0,p1
Curriculum_vs_Rewards,Curriculum,Rewards,904,2,0,p1
Curriculum_vs_Rewards,Curriculum,Rewards,905,2,0,p1
Curriculum_vs_Rewards,Curriculum,Rewards,906,2,0,p1
Curriculum_vs_Rewards,Curriculum,Rewards,907,2,1,p1
Curriculum_vs_Rewards,Curriculum,Rewards,908,2,1,p1
Curriculum_vs_Rewards,Curriculum,Rewards,909,2,0,p1
Curriculum_vs_Rewards,Curriculum,Rewards,910,2,0,p1
Curriculum_vs_Rewards,Curriculum,Rewards,911,2,0,p1
Curriculum_vs_Rewards,Curriculum,Rewards,912,2,0,p1
Curriculum_vs_Rewards,Curriculum,Rewards,913,2,0,p1
Curriculum_vs_Rewards,Curriculum,Rewards,914,2,0,p1
Curriculum_vs_Rewards,Curriculum,Rewards,915,2,1,p1
Curriculum_vs_Rewards,Curriculum,Rewards,916,1,2,p2
Curriculum_vs_Rewards,Curriculum,Rewards,917,2,0,p1
Curriculum_vs_Rewards,Curriculum,Rewards,918,2,0,p1
Curriculum_vs_Rewards,Curriculum,Rewards,919,2,1,p1
Curriculum_vs_Rewards,Curriculum,Rewards,920,2,0,p1
Curriculum_vs_Rewards,Curriculum,Rewards,921,2,0,p1
Curriculum_vs_Rewards,Curriculum,Rewards,922,2,1,p1
Curriculum_vs_Rewards,Curriculum,Rewards,923,2,0,p1
Curriculum_vs_Rewards,Curriculum,Rewards,924,1,2,p2
Curriculum_vs_Rewards,Curriculum,Rewards,925,2,0,p1
Curriculum_vs_Rewards,Curriculum,Rewards,926,2,1,p1
Curriculum_vs_Rewards,Curriculum,Rewards,927,2,1,p1
Curriculum_vs_Rewards,Curriculum,Rewards,928,2,0,p1
Curriculum_vs_Rewards,Curriculum,Rewards,929,2,0,p1
Curriculum_vs_Rewards,Curriculum,Rewards,930,2,0,p1
Curriculum_vs_Rewards,Curriculum,Rewards,931,2,1,p1
Curriculum_vs_Rewards,Curriculum,Rewards,932,2,1,p1
Curriculum_vs_Rewards,Curriculum,Rewards,933,2,1,p1
Curriculum_vs_Rewards,Curriculum,Rewards,934,2,0,p1
Curriculum_vs_Rewards,Curriculum,Rewards,935,2,0,p1
Curriculum_vs_Rewards,Curriculum,Rewards,936,2,0,p1
Curriculum_vs_Rewards,Curriculum,Rewards,937,2,0,p1
Curriculum_vs_Rewards,Curriculum,Rewards,938,2,0,p1
Curriculum_vs_Rewards,Curriculum,Rewards,939,2,0,p1
Curriculum_vs_Rewards,Curriculum,Rewards,940,2,0,p1
Curriculum_vs_Rewards,Curriculum,Rewards,941,2,1,p1
Curriculum_vs_Rewards,Curriculum,Rewards,942,2,1,p1
Curriculum_vs_Rewards,Curriculum,Rewards,943,2,0,p1
Curriculum_vs_Rewards,Curriculum,Rewards,944,2,0,p1
Curriculum_vs_Rewards,Curriculum,Rewards,945,2,0,p1
Curriculum_vs_Rewards,Curriculum,Rewards,946,2,0,p1
Curriculum_vs_Rewards,Curriculum,Rewards,947,2,0,p1
Curriculum_vs_Rewards,Curriculum,Rewards,948,2,1,p1
Curriculum_vs_Rewards,Curriculum,Rewards,949,2,0,p1
Curriculum_vs_Rewards,Curriculum,Rewards,950,2,1,p1
Curriculum_vs_Rewards,Curriculum,Rewards,951,2,0,p1
Curriculum_vs_Rewards,Curriculum,Rewards,952,2,0,p1
Curriculum_vs_Rewards,Curriculum,Rewards,953,2,1,p1
Curriculum_vs_Rewards,Curriculum,Rewards,954,2,1,p1
Curriculum_vs_Rewards,Curriculum,Rewards,955,2,1,p1
Curriculum_vs_Rewards,Curriculum,Rewards,956,2,0,p1
Curriculum_vs_Rewards,Curriculum,Rewards,957,2,0,p1
Curriculum_vs_Rewards,Curriculum,Rewards,958,2,0,p1
Curriculum_vs_Rewards,Curriculum,Rewards,959,2,1,p1
Curriculum_vs_Rewards,Curriculum,Rewards,960,2,0,p1
Curriculum_vs_Rewards,Curriculum,Rewards,961,2,0,p1
Curriculum_vs_Rewards,Curriculum,Rewards,962,2,0,p1
Curriculum_vs_Rewards,Curriculum,Rewards,963,0,2,p2
Curriculum_vs_Rewards,Curriculum,Rewards,964,2,0,p1
Curriculum_vs_Rewards,Curriculum,Rewards,965,2,0,p1
Curriculum_vs_Rewards,Curriculum,Rewards,966,2,1,p1
Curriculum_vs_Rewards,Curriculum,Rewards,967,2,0,p1
Curriculum_vs_Rewards,Curriculum,Rewards,968,2,0,p1
Curriculum_vs_Rewards,Curriculum,Rewards,969,2,0,p1
Curriculum_vs_Rewards,Curriculum,Rewards,970,2,0,p1
Curriculum_vs_Rewards,Curriculum,Rewards,971,2,0,p1
Curriculum_vs_Rewards,Curriculum,Rewards,972,2,0,p1
Curriculum_vs_Rewards,Curriculum,Rewards,973,2,0,p1
Curriculum_vs_Rewards,Curriculum,Rewards,974,2,0,p1
Curriculum_vs_Rewards,Curriculum,Rewards,975,2,0,p1
Curriculum_vs_Rewards,Curriculum,Rewards,976,2,0,p1
Curriculum_vs_Rewards,Curriculum,Rewards,977,2,0,p1
Curriculum_vs_Rewards,Curriculum,Rewards,978,2,0,p1
Curriculum_vs_Rewards,Curriculum,Rewards,979,2,1,p1
Curriculum_vs_Rewards,Curriculum,Rewards,980,2,0,p1
Curriculum_vs_Rewards,Curriculum,Rewards,981,2,0,p1
Curriculum_vs_Rewards,Curriculum,Rewards,982,2,0,p1
Curriculum_vs_Rewards,Curriculum,Rewards,983,2,1,p1
Curriculum_vs_Rewards,Curriculum,Rewards,984,2,1,p1
Curriculum_vs_Rewards,Curriculum,Rewards,985,2,0,p1
Curriculum_vs_Rewards,Curriculum,Rewards,986,2,1,p1
Curriculum_vs_Rewards,Curriculum,Rewards,987,2,0,p1
Curriculum_vs_Rewards,Curriculum,Rewards,988,2,0,p1
Curriculum_vs_Rewards,Curriculum,Rewards,989,2,1,p1
Curriculum_vs_Rewards,Curriculum,Rewards,990,2,0,p1
Curriculum_vs_Rewards,Curriculum,Rewards,991,2,0,p1
Curriculum_vs_Rewards,Curriculum,Rewards,992,2,0,p1
Curriculum_vs_Rewards,Curriculum,Rewards,993,2,0,p1
Curriculum_vs_Rewards,Curriculum,Rewards,994,2,0,p1
Curriculum_vs_Rewards,Curriculum,Rewards,995,2,0,p1
Curriculum_vs_Rewards,Curriculum,Rewards,996,2,0,p1
Curriculum_vs_Rewards,Curriculum,Rewards,997,2,0,p1
Curriculum_vs_Rewards,Curriculum,Rewards,998,2,0,p1
Curriculum_vs_Rewards,Curriculum,Rewards,999,2,0,p1
Curriculum_vs_Rewards,Curriculum,Rewards,1000,2,0,p1
Rewards_vs_Curriculum,Rewards,Curriculum,2001,2,0,p1
Rewards_vs_Curriculum,Rewards,Curriculum,2002,2,0,p1
Rewards_vs_Curriculum,Rewards,Curriculum,2003,2,0,p1
Rewards_vs_Curriculum,Rewards,Curriculum,2004,2,1,p1
Rewards_vs_Curriculum,Rewards,Curriculum,2005,2,0,p1
Rewards_vs_Curriculum,Rewards,Curriculum,2006,2,1,p1
Rewards_vs_Curriculum,Rewards,Curriculum,2007,2,0,p1
Rewards_vs_Curriculum,Rewards,Curriculum,2008,1,2,p2
Rewards_vs_Curriculum,Rewards,Curriculum,2009,2,0,p1
Rewards_vs_Curriculum,Rewards,Curriculum,2010,2,1,p1
Rewards_vs_Curriculum,Rewards,Curriculum,2011,2,0,p1
Rewards_vs_Curriculum,Rewards,Curriculum,2012,2,0,p1
Rewards_vs_Curriculum,Rewards,Curriculum,2013,2,0,p1
Rewards_vs_Curriculum,Rewards,Curriculum,2014,2,1,p1
Rewards_vs_Curriculum,Rewards,Curriculum,2015,2,0,p1
Rewards_vs_Curriculum,Rewards,Curriculum,2016,2,1,p1
Rewards_vs_Curriculum,Rewards,Curriculum,2017,2,0,p1
Rewards_vs_Curriculum,Rewards,Curriculum,2018,2,1,p1
Rewards_vs_Curriculum,Rewards,Curriculum,2019,2,0,p1
Rewards_vs_Curriculum,Rewards,Curriculum,2020,2,1,p1
Rewards_vs_Curriculum,Rewards,Curriculum,2021,0,2,p2
Rewards_vs_Curriculum,Rewards,Curriculum,2022,2,1,p1
Rewards_vs_Curriculum,Rewards,Curriculum,2023,2,0,p1
Rewards_vs_Curriculum,Rewards,Curriculum,2024,2,0,p1
Rewards_vs_Curriculum,Rewards,Curriculum,2025,0,2,p2
Rewards_vs_Curriculum,Rewards,Curriculum,2026,2,0,p1
Rewards_vs_Curriculum,Rewards,Curriculum,2027,2,1,p1
Rewards_vs_Curriculum,Rewards,Curriculum,2028,2,1,p1
Rewards_vs_Curriculum,Rewards,Curriculum,2029,2,0,p1
Rewards_vs_Curriculum,Rewards,Curriculum,2030,2,1,p1
Rewards_vs_Curriculum,Rewards,Curriculum,2031,2,0,p1
Rewards_vs_Curriculum,Rewards,Curriculum,2032,2,0,p1
Rewards_vs_Curriculum,Rewards,Curriculum,2033,2,1,p1
Rewards_vs_Curriculum,Rewards,Curriculum,2034,1,2,p2
Rewards_vs_Curriculum,Rewards,Curriculum,2035,2,0,p1
Rewards_vs_Curriculum,Rewards,Curriculum,2036,2,0,p1
Rewards_vs_Curriculum,Rewards,Curriculum,2037,2,0,p1
Rewards_vs_Curriculum,Rewards,Curriculum,2038,2,1,p1
Rewards_vs_Curriculum,Rewards,Curriculum,2039,2,0,p1
Rewards_vs_Curriculum,Rewards,Curriculum,2040,2,0,p1
Rewards_vs_Curriculum,Rewards,Curriculum,2041,2,0,p1
Rewards_vs_Curriculum,Rewards,Curriculum,2042,2,1,p1
Rewards_vs_Curriculum,Rewards,Curriculum,2043,2,0,p1
Rewards_vs_Curriculum,Rewards,Curriculum,2044,1,2,p2
Rewards_vs_Curriculum,Rewards,Curriculum,2045,1,2,p2
Rewards_vs_Curriculum,Rewards,Curriculum,2046,2,0,p1
Rewards_vs_Curriculum,Rewards,Curriculum,2047,2,0,p1
Rewards_vs_Curriculum,Rewards,Curriculum,2048,2,0,p1
Rewards_vs_Curriculum,Rewards,Curriculum,2049,2,0,p1
Rewards_vs_Curriculum,Rewards,Curriculum,2050,2,0,p1
Rewards_vs_Curriculum,Rewards,Curriculum,2051,1,2,p2
Rewards_vs_Curriculum,Rewards,Curriculum,2052,2,1,p1
Rewards_vs_Curriculum,Rewards,Curriculum,2053,2,0,p1
Rewards_vs_Curriculum,Rewards,Curriculum,2054,1,2,p2
Rewards_vs_Curriculum,Rewards,Curriculum,2055,2,0,p1
Rewards_vs_Curriculum,Rewards,Curriculum,2056,2,0,p1
Rewards_vs_Curriculum,Rewards,Curriculum,2057,2,0,p1
Rewards_vs_Curriculum,Rewards,Curriculum,2058,2,0,p1
Rewards_vs_Curriculum,Rewards,Curriculum,2059,2,1,p1
Rewards_vs_Curriculum,Rewards,Curriculum,2060,0,2,p2
Rewards_vs_Curriculum,Rewards,Curriculum,2061,2,0,p1
Rewards_vs_Curriculum,Rewards,Curriculum,2062,2,0,p1
Rewards_vs_Curriculum,Rewards,Curriculum,2063,2,1,p1
Rewards_vs_Curriculum,Rewards,Curriculum,2064,2,0,p1
Rewards_vs_Curriculum,Rewards,Curriculum,2065,2,0,p1
Rewards_vs_Curriculum,Rewards,Curriculum,2066,1,2,p2
Rewards_vs_Curriculum,Rewards,Curriculum,2067,2,0,p1
Rewards_vs_Curriculum,Rewards,Curriculum,2068,2,0,p1
Rewards_vs_Curriculum,Rewards,Curriculum,2069,2,0,p1
Rewards_vs_Curriculum,Rewards,Curriculum,2070,2,0,p1
Rewards_vs_Curriculum,Rewards,Curriculum,2071,2,0,p1
Rewards_vs_Curriculum,Rewards,Curriculum,2072,2,1,p1
Rewards_vs_Curriculum,Rewards,Curriculum,2073,2,0,p1
Rewards_vs_Curriculum,Rewards,Curriculum,2074,2,0,p1
Rewards_vs_Curriculum,Rewards,Curriculum,2075,2,1,p1
Rewards_vs_Curriculum,Rewards,Curriculum,2076,2,0,p1
Rewards_vs_Curriculum,Rewards,Curriculum,2077,2,1,p1
Rewards_vs_Curriculum,Rewards,Curriculum,2078,2,0,p1
Rewards_vs_Curriculum,Rewards,Curriculum,2079,2,0,p1
Rewards_vs_Curriculum,Rewards,Curriculum,2080,1,2,p2
Rewards_vs_Curriculum,Rewards,Curriculum,2081,1,2,p2
Rewards_vs_Curriculum,Rewards,Curriculum,2082,2,0,p1
Rewards_vs_Curriculum,Rewards,Curriculum,2083,1,2,p2
Rewards_vs_Curriculum,Rewards,Curriculum,2084,2,0,p1
Rewards_vs_Curriculum,Rewards,Curriculum,2085,1,2,p2
Rewards_vs_Curriculum,Rewards,Curriculum,2086,2,0,p1
Rewards_vs_Curriculum,Rewards,Curriculum,2087,2,0,p1
Rewards_vs_Curriculum,Rewards,Curriculum,2088,2,0,p1
Rewards_vs_Curriculum,Rewards,Curriculum,2089,2,0,p1
Rewards_vs_Curriculum,Rewards,Curriculum,2090,2,0,p1
Rewards_vs_Curriculum,Rewards,Curriculum,2091,2,1,p1
Rewards_vs_Curriculum,Rewards,Curriculum,2092,2,1,p1
Rewards_vs_Curriculum,Rewards,Curriculum,2093,2,0,p1
Rewards_vs_Curriculum,Rewards,Curriculum,2094,2,1,p1
Rewards_vs_Curriculum,Rewards,Curriculum,2095,2,0,p1
Rewards_vs_Curriculum,Rewards,Curriculum,2096,2,0,p1
Rewards_vs_Curriculum,Rewards,Curriculum,2097,2,0,p1
Rewards_vs_Curriculum,Rewards,Curriculum,2098,2,0,p1
Rewards_vs_Curriculum,Rewards,Curriculum,2099,2,0,p1
Rewards_vs_Curriculum,Rewards,Curriculum,2100,2,0,p1
Rewards_vs_Curriculum,Rewards,Curriculum,2101,2,1,p1
Rewards_vs_Curriculum,Rewards,Curriculum,2102,2,0,p1
Rewards_vs_Curriculum,Rewards,Curriculum,2103,2,0,p1
Rewards_vs_Curriculum,Rewards,Curriculum,2104,2,0,p1
Rewards_vs_Curriculum,Rewards,Curriculum,2105,2,0,p1
Rewards_vs_Curriculum,Rewards,Curriculum,2106,2,0,p1
Rewards_vs_Curriculum,Rewards,Curriculum,2107,1,0,p1
Rewards_vs_Curriculum,Rewards,Curriculum,2108,1,2,p2
Rewards_vs_Curriculum,Rewards,Curriculum,2109,2,0,p1
Rewards_vs_Curriculum,Rewards,Curriculum,2110,2,1,p1
Rewards_vs_Curriculum,Rewards,Curriculum,2111,2,0,p1
Rewards_vs_Curriculum,Rewards,Curriculum,2112,2,0,p1
Rewards_vs_Curriculum,Rewards,Curriculum,2113,2,1,p1
Rewards_vs_Curriculum,Rewards,Curriculum,2114,2,0,p1
Rewards_vs_Curriculum,Rewards,Curriculum,2115,2,0,p1
Rewards_vs_Curriculum,Rewards,Curriculum,2116,1,2,p2
Rewards_vs_Curriculum,Rewards,Curriculum,2117,2,0,p1
Rewards_vs_Curriculum,Rewards,Curriculum,2118,2,1,p1
Rewards_vs_Curriculum,Rewards,Curriculum,2119,2,0,p1
Rewards_vs_Curriculum,Rewards,Curriculum,2120,2,1,p1
Rewards_vs_Curriculum,Rewards,Curriculum,2121,2,1,p1
Rewards_vs_Curriculum,Rewards,Curriculum,2122,0,2,p2
Rewards_vs_Curriculum,Rewards,Curriculum,2123,2,0,p1
Rewards_vs_Curriculum,Rewards,Curriculum,2124,2,1,p1
Rewards_vs_Curriculum,Rewards,Curriculum,2125,0,2,p2
Rewards_vs_Curriculum,Rewards,Curriculum,2126,2,0,p1
Rewards_vs_Curriculum,Rewards,Curriculum,2127,1,2,p2
Rewards_vs_Curriculum,Rewards,Curriculum,2128,2,0,p1
Rewards_vs_Curriculum,Rewards,Curriculum,2129,2,0,p1
Rewards_vs_Curriculum,Rewards,Curriculum,2130,2,1,p1
Rewards_vs_Curriculum,Rewards,Curriculum,2131,2,0,p1
Rewards_vs_Curriculum,Rewards,Curriculum,2132,2,0,p1
Rewards_vs_Curriculum,Rewards,Curriculum,2133,2,0,p1
Rewards_vs_Curriculum,Rewards,Curriculum,2134,2,0,p1
Rewards_vs_Curriculum,Rewards,Curriculum,2135,2,0,p1
Rewards_vs_Curriculum,Rewards,Curriculum,2136,2,0,p1
Rewards_vs_Curriculum,Rewards,Curriculum,2137,2,1,p1
Rewards_vs_Curriculum,Rewards,Curriculum,2138,2,1,p1
Rewards_vs_Curriculum,Rewards,Curriculum,2139,2,1,p1
Rewards_vs_Curriculum,Rewards,Curriculum,2140,2,1,p1
Rewards_vs_Curriculum,Rewards,Curriculum,2141,2,0,p1
Rewards_vs_Curriculum,Rewards,Curriculum,2142,2,1,p1
Rewards_vs_Curriculum,Rewards,Curriculum,2143,0,2,p2
Rewards_vs_Curriculum,Rewards,Curriculum,2144,1,2,p2
Rewards_vs_Curriculum,Rewards,Curriculum,2145,2,0,p1
Rewards_vs_Curriculum,Rewards,Curriculum,2146,1,2,p2
Rewards_vs_Curriculum,Rewards,Curriculum,2147,2,1,p1
Rewards_vs_Curriculum,Rewards,Curriculum,2148,2,0,p1
Rewards_vs_Curriculum,Rewards,Curriculum,2149,2,1,p1
Rewards_vs_Curriculum,Rewards,Curriculum,2150,2,0,p1
Rewards_vs_Curriculum,Rewards,Curriculum,2151,2,0,p1
Rewards_vs_Curriculum,Rewards,Curriculum,2152,2,0,p1
Rewards_vs_Curriculum,Rewards,Curriculum,2153,2,0,p1
Rewards_vs_Curriculum,Rewards,Curriculum,2154,2,0,p1
Rewards_vs_Curriculum,Rewards,Curriculum,2155,2,1,p1
Rewards_vs_Curriculum,Rewards,Curriculum,2156,2,1,p1
Rewards_vs_Curriculum,Rewards,Curriculum,2157,2,0,p1
Rewards_vs_Curriculum,Rewards,Curriculum,2158,2,0,p1
Rewards_vs_Curriculum,Rewards,Curriculum,2159,1,2,p2
Rewards_vs_Curriculum,Rewards,Curriculum,2160,2,0,p1
Rewards_vs_Curriculum,Rewards,Curriculum,2161,2,0,p1
Rewards_vs_Curriculum,Rewards,Curriculum,2162,2,1,p1
Rewards_vs_Curriculum,Rewards,Curriculum,2163,2,0,p1
Rewards_vs_Curriculum,Rewards,Curriculum,2164,2,0,p1
Rewards_vs_Curriculum,Rewards,Curriculum,2165,2,0,p1
Rewards_vs_Curriculum,Rewards,Curriculum,2166,2,0,p1
Rewards_vs_Curriculum,Rewards,Curriculum,2167,2,1,p1
Rewards_vs_Curriculum,Rewards,Curriculum,2168,2,0,p1
Rewards_vs_Curriculum,Rewards,Curriculum,2169,0,2,p2
Rewards_vs_Curriculum,Rewards,Curriculum,2170,2,0,p1
Rewards_vs_Curriculum,Rewards,Curriculum,2171,2,0,p1
Rewards_vs_Curriculum,Rewards,Curriculum,2172,2,1,p1
Rewards_vs_Curriculum,Rewards,Curriculum,2173,2,1,p1
Rewards_vs_Curriculum,Rewards,Curriculum,2174,2,0,p1
Rewards_vs_Curriculum,Rewards,Curriculum,2175,2,0,p1
Rewards_vs_Curriculum,Rewards,Curriculum,2176,2,0,p1
Rewards_vs_Curriculum,Rewards,Curriculum,2177,2,0,p1
Rewards_vs_Curriculum,Rewards,Curriculum,2178,2,1,p1
Rewards_vs_Curriculum,Rewards,Curriculum,2179,2,0,p1
Rewards_vs_Curriculum,Rewards,Curriculum,2180,2,1,p1
Rewards_vs_Curriculum,Rewards,Curriculum,2181,2,1,p1
Rewards_vs_Curriculum,Rewards,Curriculum,2182,2,0,p1
Rewards_vs_Curriculum,Rewards,Curriculum,2183,2,1,p1
Rewards_vs_Curriculum,Rewards,Curriculum,2184,2,0,p1
Rewards_vs_Curriculum,Rewards,Curriculum,2185,2,0,p1
Rewards_vs_Curriculum,Rewards,Curriculum,2186,2,0,p1
Rewards_vs_Curriculum,Rewards,Curriculum,2187,2,0,p1
Rewards_vs_Curriculum,Rewards,Curriculum,2188,2,0,p1
Rewards_vs_Curriculum,Rewards,Curriculum,2189,2,0,p1
Rewards_vs_Curriculum,Rewards,Curriculum,2190,2,0,p1
Rewards_vs_Curriculum,Rewards,Curriculum,2191,2,1,p1
Rewards_vs_Curriculum,Rewards,Curriculum,2192,2,1,p1
Rewards_vs_Curriculum,Rewards,Curriculum,2193,2,0,p1
Rewards_vs_Curriculum,Rewards,Curriculum,2194,2,1,p1
Rewards_vs_Curriculum,Rewards,Curriculum,2195,2,0,p1
Rewards_vs_Curriculum,Rewards,Curriculum,2196,2,0,p1
Rewards_vs_Curriculum,Rewards,Curriculum,2197,2,0,p1
Rewards_vs_Curriculum,Rewards,Curriculum,2198,1,2,p2
Rewards_vs_Curriculum,Rewards,Curriculum,2199,2,1,p1
Rewards_vs_Curriculum,Rewards,Curriculum,2200,2,0,p1
Rewards_vs_Curriculum,Rewards,Curriculum,2201,2,0,p1
Rewards_vs_Curriculum,Rewards,Curriculum,2202,2,0,p1
Rewards_vs_Curriculum,Rewards,Curriculum,2203,2,1,p1
Rewards_vs_Curriculum,Rewards,Curriculum,2204,2,0,p1
Rewards_vs_Curriculum,Rewards,Curriculum,2205,2,0,p1
Rewards_vs_Curriculum,Rewards,Curriculum,2206,2,0,p1
Rewards_vs_Curriculum,Rewards,Curriculum,2207,2,1,p1
Rewards_vs_Curriculum,Rewards,Curriculum,2208,2,0,p1
Rewards_vs_Curriculum,Rewards,Curriculum,2209,2,0,p1
Rewards_vs_Curriculum,Rewards,Curriculum,2210,2,1,p1
Rewards_vs_Curriculum,Rewards,Curriculum,2211,2,0,p1
Rewards_vs_Curriculum,Rewards,Curriculum,2212,2,0,p1
Rewards_vs_Curriculum,Rewards,Curriculum,2213,2,0,p1
Rewards_vs_Curriculum,Rewards,Curriculum,2214,2,0,p1
Rewards_vs_Curriculum,Rewards,Curriculum,2215,2,0,p1
Rewards_vs_Curriculum,Rewards,Curriculum,2216,2,0,p1
Rewards_vs_Curriculum,Rewards,Curriculum,2217,1,2,p2
Rewards_vs_Curriculum,Rewards,Curriculum,2218,2,0,p1
Rewards_vs_Curriculum,Rewards,Curriculum,2219,2,0,p1
Rewards_vs_Curriculum,Rewards,Curriculum,2220,2,0,p1
Rewards_vs_Curriculum,Rewards,Curriculum,2221,2,0,p1
Rewards_vs_Curriculum,Rewards,Curriculum,2222,2,0,p1
Rewards_vs_Curriculum,Rewards,Curriculum,2223,1,2,p2
Rewards_vs_Curriculum,Rewards,Curriculum,2224,2,0,p1
Rewards_vs_Curriculum,Rewards,Curriculum,2225,0,2,p2
Rewards_vs_Curriculum,Rewards,Curriculum,2226,2,0,p1
Rewards_vs_Curriculum,Rewards,Curriculum,2227,0,2,p2
Rewards_vs_Curriculum,Rewards,Curriculum,2228,2,0,p1
Rewards_vs_Curriculum,Rewards,Curriculum,2229,2,0,p1
Rewards_vs_Curriculum,Rewards,Curriculum,2230,2,0,p1
Rewards_vs_Curriculum,Rewards,Curriculum,2231,0,2,p2
Rewards_vs_Curriculum,Rewards,Curriculum,2232,2,0,p1
Rewards_vs_Curriculum,Rewards,Curriculum,2233,2,0,p1
Rewards_vs_Curriculum,Rewards,Curriculum,2234,2,1,p1
Rewards_vs_Curriculum,Rewards,Curriculum,2235,2,1,p1
Rewards_vs_Curriculum,Rewards,Curriculum,2236,1,2,p2
Rewards_vs_Curriculum,Rewards,Curriculum,2237,2,1,p1
Rewards_vs_Curriculum,Rewards,Curriculum,2238,2,0,p1
Rewards_vs_Curriculum,Rewards,Curriculum,2239,1,2,p2
Rewards_vs_Curriculum,Rewards,Curriculum,2240,2,1,p1
Rewards_vs_Curriculum,Rewards,Curriculum,2241,2,0,p1
Rewards_vs_Curriculum,Rewards,Curriculum,2242,2,0,p1
Rewards_vs_Curriculum,Rewards,Curriculum,2243,2,0,p1
Rewards_vs_Curriculum,Rewards,Curriculum,2244,2,0,p1
Rewards_vs_Curriculum,Rewards,Curriculum,2245,2,1,p1
Rewards_vs_Curriculum,Rewards,Curriculum,2246,2,0,p1
Rewards_vs_Curriculum,Rewards,Curriculum,2247,2,0,p1
Rewards_vs_Curriculum,Rewards,Curriculum,2248,1,2,p2
Rewards_vs_Curriculum,Rewards,Curriculum,2249,2,0,p1
Rewards_vs_Curriculum,Rewards,Curriculum,2250,2,0,p1
Rewards_vs_Curriculum,Rewards,Curriculum,2251,2,0,p1
Rewards_vs_Curriculum,Rewards,Curriculum,2252,2,0,p1
Rewards_vs_Curriculum,Rewards,Curriculum,2253,0,2,p2
Rewards_vs_Curriculum,Rewards,Curriculum,2254,1,2,p2
Rewards_vs_Curriculum,Rewards,Curriculum,2255,2,1,p1
Rewards_vs_Curriculum,Rewards,Curriculum,2256,2,0,p1
Rewards_vs_Curriculum,Rewards,Curriculum,2257,2,0,p1
Rewards_vs_Curriculum,Rewards,Curriculum,2258,2,0,p1
Rewards_vs_Curriculum,Rewards,Curriculum,2259,2,1,p1
Rewards_vs_Curriculum,Rewards,Curriculum,2260,2,1,p1
Rewards_vs_Curriculum,Rewards,Curriculum,2261,2,0,p1
Rewards_vs_Curriculum,Rewards,Curriculum,2262,2,0,p1
Rewards_vs_Curriculum,Rewards,Curriculum,2263,2,0,p1
Rewards_vs_Curriculum,Rewards,Curriculum,2264,2,1,p1
Rewards_vs_Curriculum,Rewards,Curriculum,2265,0,2,p2
Rewards_vs_Curriculum,Rewards,Curriculum,2266,2,0,p1
Rewards_vs_Curriculum,Rewards,Curriculum,2267,2,1,p1
Rewards_vs_Curriculum,Rewards,Curriculum,2268,2,0,p1
Rewards_vs_Curriculum,Rewards,Curriculum,2269,2,0,p1
Rewards_vs_Curriculum,Rewards,Curriculum,2270,2,0,p1
Rewards_vs_Curriculum,Rewards,Curriculum,2271,2,0,p1
Rewards_vs_Curriculum,Rewards,Curriculum,2272,1,2,p2
Rewards_vs_Curriculum,Rewards,Curriculum,2273,2,0,p1
Rewards_vs_Curriculum,Rewards,Curriculum,2274,2,1,p1
Rewards_vs_Curriculum,Rewards,Curriculum,2275,2,0,p1
Rewards_vs_Curriculum,Rewards,Curriculum,2276,2,0,p1
Rewards_vs_Curriculum,Rewards,Curriculum,2277,2,0,p1
Rewards_vs_Curriculum,Rewards,Curriculum,2278,2,0,p1
Rewards_vs_Curriculum,Rewards,Curriculum,2279,0,2,p2
Rewards_vs_Curriculum,Rewards,Curriculum,2280,2,0,p1
Rewards_vs_Curriculum,Rewards,Curriculum,2281,2,1,p1
Rewards_vs_Curriculum,Rewards,Curriculum,2282,2,0,p1
Rewards_vs_Curriculum,Rewards,Curriculum,2283,2,0,p1
Rewards_vs_Curriculum,Rewards,Curriculum,2284,0,2,p2
Rewards_vs_Curriculum,Rewards,Curriculum,2285,2,0,p1
Rewards_vs_Curriculum,Rewards,Curriculum,2286,2,0,p1
Rewards_vs_Curriculum,Rewards,Curriculum,2287,0,2,p2
Rewards_vs_Curriculum,Rewards,Curriculum,2288,2,0,p1
Rewards_vs_Curriculum,Rewards,Curriculum,2289,2,0,p1
Rewards_vs_Curriculum,Rewards,Curriculum,2290,2,1,p1
Rewards_vs_Curriculum,Rewards,Curriculum,2291,2,1,p1
Rewards_vs_Curriculum,Rewards,Curriculum,2292,2,0,p1
Rewards_vs_Curriculum,Rewards,Curriculum,2293,2,0,p1
Rewards_vs_Curriculum,Rewards,Curriculum,2294,2,0,p1
Rewards_vs_Curriculum,Rewards,Curriculum,2295,2,0,p1
Rewards_vs_Curriculum,Rewards,Curriculum,2296,2,0,p1
Rewards_vs_Curriculum,Rewards,Curriculum,2297,2,0,p1
Rewards_vs_Curriculum,Rewards,Curriculum,2298,2,0,p1
Rewards_vs_Curriculum,Rewards,Curriculum,2299,2,0,p1
Rewards_vs_Curriculum,Rewards,Curriculum,2300,2,1,p1
Rewards_vs_Curriculum,Rewards,Curriculum,2301,2,0,p1
Rewards_vs_Curriculum,Rewards,Curriculum,2302,2,0,p1
Rewards_vs_Curriculum,Rewards,Curriculum,2303,2,0,p1
Rewards_vs_Curriculum,Rewards,Curriculum,2304,2,1,p1
Rewards_vs_Curriculum,Rewards,Curriculum,2305,2,0,p1
Rewards_vs_Curriculum,Rewards,Curriculum,2306,2,1,p1
Rewards_vs_Curriculum,Rewards,Curriculum,2307,2,1,p1
Rewards_vs_Curriculum,Rewards,Curriculum,2308,2,0,p1
Rewards_vs_Curriculum,Rewards,Curriculum,2309,2,1,p1
Rewards_vs_Curriculum,Rewards,Curriculum,2310,2,1,p1
Rewards_vs_Curriculum,Rewards,Curriculum,2311,2,0,p1
Rewards_vs_Curriculum,Rewards,Curriculum,2312,2,0,p1
Rewards_vs_Curriculum,Rewards,Curriculum,2313,2,1,p1
Rewards_vs_Curriculum,Rewards,Curriculum,2314,1,0,p1
Rewards_vs_Curriculum,Rewards,Curriculum,2315,2,0,p1
Rewards_vs_Curriculum,Rewards,Curriculum,2316,2,0,p1
Rewards_vs_Curriculum,Rewards,Curriculum,2317,2,1,p1
Rewards_vs_Curriculum,Rewards,Curriculum,2318,2,0,p1
Rewards_vs_Curriculum,Rewards,Curriculum,2319,2,0,p1
Rewards_vs_Curriculum,Rewards,Curriculum,2320,2,1,p1
Rewards_vs_Curriculum,Rewards,Curriculum,2321,2,0,p1
Rewards_vs_Curriculum,Rewards,Curriculum,2322,2,1,p1
Rewards_vs_Curriculum,Rewards,Curriculum,2323,1,2,p2
Rewards_vs_Curriculum,Rewards,Curriculum,2324,2,0,p1
Rewards_vs_Curriculum,Rewards,Curriculum,2325,1,0,p1
Rewards_vs_Curriculum,Rewards,Curriculum,2326,2,0,p1
Rewards_vs_Curriculum,Rewards,Curriculum,2327,2,1,p1
Rewards_vs_Curriculum,Rewards,Curriculum,2328,1,2,p2
Rewards_vs_Curriculum,Rewards,Curriculum,2329,2,1,p1
Rewards_vs_Curriculum,Rewards,Curriculum,2330,2,0,p1
Rewards_vs_Curriculum,Rewards,Curriculum,2331,1,1,draw
Rewards_vs_Curriculum,Rewards,Curriculum,2332,2,0,p1
Rewards_vs_Curriculum,Rewards,Curriculum,2333,2,0,p1
Rewards_vs_Curriculum,Rewards,Curriculum,2334,2,1,p1
Rewards_vs_Curriculum,Rewards,Curriculum,2335,2,0,p1
Rewards_vs_Curriculum,Rewards,Curriculum,2336,1,2,p2
Rewards_vs_Curriculum,Rewards,Curriculum,2337,2,0,p1
Rewards_vs_Curriculum,Rewards,Curriculum,2338,0,2,p2
Rewards_vs_Curriculum,Rewards,Curriculum,2339,2,0,p1
Rewards_vs_Curriculum,Rewards,Curriculum,2340,2,0,p1
Rewards_vs_Curriculum,Rewards,Curriculum,2341,2,0,p1
Rewards_vs_Curriculum,Rewards,Curriculum,2342,2,0,p1
Rewards_vs_Curriculum,Rewards,Curriculum,2343,2,1,p1
Rewards_vs_Curriculum,Rewards,Curriculum,2344,1,2,p2
Rewards_vs_Curriculum,Rewards,Curriculum,2345,2,0,p1
Rewards_vs_Curriculum,Rewards,Curriculum,2346,2,0,p1
Rewards_vs_Curriculum,Rewards,Curriculum,2347,2,0,p1
Rewards_vs_Curriculum,Rewards,Curriculum,2348,2,0,p1
Rewards_vs_Curriculum,Rewards,Curriculum,2349,2,0,p1
Rewards_vs_Curriculum,Rewards,Curriculum,2350,2,0,p1
Rewards_vs_Curriculum,Rewards,Curriculum,2351,2,0,p1
Rewards_vs_Curriculum,Rewards,Curriculum,2352,2,0,p1
Rewards_vs_Curriculum,Rewards,Curriculum,2353,2,1,p1
Rewards_vs_Curriculum,Rewards,Curriculum,2354,2,0,p1
Rewards_vs_Curriculum,Rewards,Curriculum,2355,2,0,p1
Rewards_vs_Curriculum,Rewards,Curriculum,2356,2,0,p1
Rewards_vs_Curriculum,Rewards,Curriculum,2357,0,2,p2
Rewards_vs_Curriculum,Rewards,Curriculum,2358,2,0,p1
Rewards_vs_Curriculum,Rewards,Curriculum,2359,2,1,p1
Rewards_vs_Curriculum,Rewards,Curriculum,2360,2,0,p1
Rewards_vs_Curriculum,Rewards,Curriculum,2361,2,1,p1
Rewards_vs_Curriculum,Rewards,Curriculum,2362,2,1,p1
Rewards_vs_Curriculum,Rewards,Curriculum,2363,0,2,p2
Rewards_vs_Curriculum,Rewards,Curriculum,2364,2,0,p1
Rewards_vs_Curriculum,Rewards,Curriculum,2365,2,0,p1
Rewards_vs_Curriculum,Rewards,Curriculum,2366,2,0,p1
Rewards_vs_Curriculum,Rewards,Curriculum,2367,2,0,p1
Rewards_vs_Curriculum,Rewards,Curriculum,2368,2,1,p1
Rewards_vs_Curriculum,Rewards,Curriculum,2369,2,0,p1
Rewards_vs_Curriculum,Rewards,Curriculum,2370,2,0,p1
Rewards_vs_Curriculum,Rewards,Curriculum,2371,2,0,p1
Rewards_vs_Curriculum,Rewards,Curriculum,2372,2,0,p1
Rewards_vs_Curriculum,Rewards,Curriculum,2373,2,0,p1
Rewards_vs_Curriculum,Rewards,Curriculum,2374,1,2,p2
Rewards_vs_Curriculum,Rewards,Curriculum,2375,2,0,p1
Rewards_vs_Curriculum,Rewards,Curriculum,2376,2,0,p1
Rewards_vs_Curriculum,Rewards,Curriculum,2377,2,0,p1
Rewards_vs_Curriculum,Rewards,Curriculum,2378,2,0,p1
Rewards_vs_Curriculum,Rewards,Curriculum,2379,1,2,p2
Rewards_vs_Curriculum,Rewards,Curriculum,2380,2,0,p1
Rewards_vs_Curriculum,Rewards,Curriculum,2381,2,1,p1
Rewards_vs_Curriculum,Rewards,Curriculum,2382,0,2,p2
Rewards_vs_Curriculum,Rewards,Curriculum,2383,2,0,p1
Rewards_vs_Curriculum,Rewards,Curriculum,2384,2,0,p1
Rewards_vs_Curriculum,Rewards,Curriculum,2385,2,1,p1
Rewards_vs_Curriculum,Rewards,Curriculum,2386,0,2,p2
Rewards_vs_Curriculum,Rewards,Curriculum,2387,2,1,p1
Rewards_vs_Curriculum,Rewards,Curriculum,2388,2,0,p1
Rewards_vs_Curriculum,Rewards,Curriculum,2389,2,0,p1
Rewards_vs_Curriculum,Rewards,Curriculum,2390,2,0,p1
Rewards_vs_Curriculum,Rewards,Curriculum,2391,2,0,p1
Rewards_vs_Curriculum,Rewards,Curriculum,2392,2,0,p1
Rewards_vs_Curriculum,Rewards,Curriculum,2393,2,0,p1
Rewards_vs_Curriculum,Rewards,Curriculum,2394,2,0,p1
Rewards_vs_Curriculum,Rewards,Curriculum,2395,2,1,p1
Rewards_vs_Curriculum,Rewards,Curriculum,2396,2,0,p1
Rewards_vs_Curriculum,Rewards,Curriculum,2397,1,2,p2
Rewards_vs_Curriculum,Rewards,Curriculum,2398,2,0,p1
Rewards_vs_Curriculum,Rewards,Curriculum,2399,2,0,p1
Rewards_vs_Curriculum,Rewards,Curriculum,2400,2,1,p1
Rewards_vs_Curriculum,Rewards,Curriculum,2401,2,0,p1
Rewards_vs_Curriculum,Rewards,Curriculum,2402,1,2,p2
Rewards_vs_Curriculum,Rewards,Curriculum,2403,2,0,p1
Rewards_vs_Curriculum,Rewards,Curriculum,2404,2,0,p1
Rewards_vs_Curriculum,Rewards,Curriculum,2405,2,0,p1
Rewards_vs_Curriculum,Rewards,Curriculum,2406,2,1,p1
Rewards_vs_Curriculum,Rewards,Curriculum,2407,2,0,p1
Rewards_vs_Curriculum,Rewards,Curriculum,2408,2,0,p1
Rewards_vs_Curriculum,Rewards,Curriculum,2409,2,0,p1
Rewards_vs_Curriculum,Rewards,Curriculum,2410,2,0,p1
Rewards_vs_Curriculum,Rewards,Curriculum,2411,2,1,p1
Rewards_vs_Curriculum,Rewards,Curriculum,2412,2,0,p1
Rewards_vs_Curriculum,Rewards,Curriculum,2413,2,1,p1
Rewards_vs_Curriculum,Rewards,Curriculum,2414,2,1,p1
Rewards_vs_Curriculum,Rewards,Curriculum,2415,2,0,p1
Rewards_vs_Curriculum,Rewards,Curriculum,2416,2,1,p1
Rewards_vs_Curriculum,Rewards,Curriculum,2417,2,1,p1
Rewards_vs_Curriculum,Rewards,Curriculum,2418,2,0,p1
Rewards_vs_Curriculum,Rewards,Curriculum,2419,2,1,p1
Rewards_vs_Curriculum,Rewards,Curriculum,2420,2,1,p1
Rewards_vs_Curriculum,Rewards,Curriculum,2421,2,0,p1
Rewards_vs_Curriculum,Rewards,Curriculum,2422,1,2,p2
Rewards_vs_Curriculum,Rewards,Curriculum,2423,2,0,p1
Rewards_vs_Curriculum,Rewards,Curriculum,2424,2,0,p1
Rewards_vs_Curriculum,Rewards,Curriculum,2425,2,1,p1
Rewards_vs_Curriculum,Rewards,Curriculum,2426,2,0,p1
Rewards_vs_Curriculum,Rewards,Curriculum,2427,2,1,p1
Rewards_vs_Curriculum,Rewards,Curriculum,2428,2,0,p1
Rewards_vs_Curriculum,Rewards,Curriculum,2429,2,0,p1
Rewards_vs_Curriculum,Rewards,Curriculum,2430,0,2,p2
Rewards_vs_Curriculum,Rewards,Curriculum,2431,2,0,p1
Rewards_vs_Curriculum,Rewards,Curriculum,2432,2,0,p1
Rewards_vs_Curriculum,Rewards,Curriculum,2433,0,2,p2
Rewards_vs_Curriculum,Rewards,Curriculum,2434,2,0,p1
Rewards_vs_Curriculum,Rewards,Curriculum,2435,2,1,p1
Rewards_vs_Curriculum,Rewards,Curriculum,2436,2,1,p1
Rewards_vs_Curriculum,Rewards,Curriculum,2437,2,0,p1
Rewards_vs_Curriculum,Rewards,Curriculum,2438,2,0,p1
Rewards_vs_Curriculum,Rewards,Curriculum,2439,2,0,p1
Rewards_vs_Curriculum,Rewards,Curriculum,2440,2,0,p1
Rewards_vs_Curriculum,Rewards,Curriculum,2441,2,0,p1
Rewards_vs_Curriculum,Rewards,Curriculum,2442,2,1,p1
Rewards_vs_Curriculum,Rewards,Curriculum,2443,2,1,p1
Rewards_vs_Curriculum,Rewards,Curriculum,2444,0,2,p2
Rewards_vs_Curriculum,Rewards,Curriculum,2445,2,1,p1
Rewards_vs_Curriculum,Rewards,Curriculum,2446,2,0,p1
Rewards_vs_Curriculum,Rewards,Curriculum,2447,2,0,p1
Rewards_vs_Curriculum,Rewards,Curriculum,2448,2,0,p1
Rewards_vs_Curriculum,Rewards,Curriculum,2449,2,0,p1
Rewards_vs_Curriculum,Rewards,Curriculum,2450,2,0,p1
Rewards_vs_Curriculum,Rewards,Curriculum,2451,2,0,p1
Rewards_vs_Curriculum,Rewards,Curriculum,2452,2,1,p1
Rewards_vs_Curriculum,Rewards,Curriculum,2453,2,0,p1
Rewards_vs_Curriculum,Rewards,Curriculum,2454,2,1,p1
Rewards_vs_Curriculum,Rewards,Curriculum,2455,2,0,p1
Rewards_vs_Curriculum,Rewards,Curriculum,2456,1,2,p2
Rewards_vs_Curriculum,Rewards,Curriculum,2457,2,0,p1
Rewards_vs_Curriculum,Rewards,Curriculum,2458,2,0,p1
Rewards_vs_Curriculum,Rewards,Curriculum,2459,2,0,p1
Rewards_vs_Curriculum,Rewards,Curriculum,2460,2,0,p1
Rewards_vs_Curriculum,Rewards,Curriculum,2461,2,0,p1
Rewards_vs_Curriculum,Rewards,Curriculum,2462,2,1,p1
Rewards_vs_Curriculum,Rewards,Curriculum,2463,2,0,p1
Rewards_vs_Curriculum,Rewards,Curriculum,2464,2,0,p1
Rewards_vs_Curriculum,Rewards,Curriculum,2465,2,0,p1
Rewards_vs_Curriculum,Rewards,Curriculum,2466,2,0,p1
Rewards_vs_Curriculum,Rewards,Curriculum,2467,2,0,p1
Rewards_vs_Curriculum,Rewards,Curriculum,2468,2,1,p1
Rewards_vs_Curriculum,Rewards,Curriculum,2469,2,0,p1
Rewards_vs_Curriculum,Rewards,Curriculum,2470,2,0,p1
Rewards_vs_Curriculum,Rewards,Curriculum,2471,2,0,p1
Rewards_vs_Curriculum,Rewards,Curriculum,2472,2,0,p1
Rewards_vs_Curriculum,Rewards,Curriculum,2473,2,1,p1
Rewards_vs_Curriculum,Rewards,Curriculum,2474,2,0,p1
Rewards_vs_Curriculum,Rewards,Curriculum,2475,2,0,p1
Rewards_vs_Curriculum,Rewards,Curriculum,2476,2,1,p1
Rewards_vs_Curriculum,Rewards,Curriculum,2477,2,0,p1
Rewards_vs_Curriculum,Rewards,Curriculum,2478,1,2,p2
Rewards_vs_Curriculum,Rewards,Curriculum,2479,2,0,p1
Rewards_vs_Curriculum,Rewards,Curriculum,2480,2,0,p1
Rewards_vs_Curriculum,Rewards,Curriculum,2481,1,0,p1
Rewards_vs_Curriculum,Rewards,Curriculum,2482,2,1,p1
Rewards_vs_Curriculum,Rewards,Curriculum,2483,2,0,p1
Rewards_vs_Curriculum,Rewards,Curriculum,2484,2,0,p1
Rewards_vs_Curriculum,Rewards,Curriculum,2485,2,0,p1
Rewards_vs_Curriculum,Rewards,Curriculum,2486,2,0,p1
Rewards_vs_Curriculum,Rewards,Curriculum,2487,2,0,p1
Rewards_vs_Curriculum,Rewards,Curriculum,2488,2,1,p1
Rewards_vs_Curriculum,Rewards,Curriculum,2489,1,2,p2
Rewards_vs_Curriculum,Rewards,Curriculum,2490,1,2,p2
Rewards_vs_Curriculum,Rewards,Curriculum,2491,2,0,p1
Rewards_vs_Curriculum,Rewards,Curriculum,2492,2,0,p1
Rewards_vs_Curriculum,Rewards,Curriculum,2493,2,1,p1
Rewards_vs_Curriculum,Rewards,Curriculum,2494,0,2,p2
Rewards_vs_Curriculum,Rewards,Curriculum,2495,2,0,p1
Rewards_vs_Curriculum,Rewards,Curriculum,2496,2,0,p1
Rewards_vs_Curriculum,Rewards,Curriculum,2497,2,0,p1
Rewards_vs_Curriculum,Rewards,Curriculum,2498,2,0,p1
Rewards_vs_Curriculum,Rewards,Curriculum,2499,1,2,p2
Rewards_vs_Curriculum,Rewards,Curriculum,2500,1,2,p2
Rewards_vs_Curriculum,Rewards,Curriculum,2501,2,0,p1
Rewards_vs_Curriculum,Rewards,Curriculum,2502,1,2,p2
Rewards_vs_Curriculum,Rewards,Curriculum,2503,2,0,p1
Rewards_vs_Curriculum,Rewards,Curriculum,2504,2,0,p1
Rewards_vs_Curriculum,Rewards,Curriculum,2505,2,1,p1
Rewards_vs_Curriculum,Rewards,Curriculum,2506,2,0,p1
Rewards_vs_Curriculum,Rewards,Curriculum,2507,1,2,p2
Rewards_vs_Curriculum,Rewards,Curriculum,2508,2,0,p1
Rewards_vs_Curriculum,Rewards,Curriculum,2509,2,0,p1
Rewards_vs_Curriculum,Rewards,Curriculum,2510,2,1,p1
Rewards_vs_Curriculum,Rewards,Curriculum,2511,2,0,p1
Rewards_vs_Curriculum,Rewards,Curriculum,2512,2,1,p1
Rewards_vs_Curriculum,Rewards,Curriculum,2513,2,0,p1
Rewards_vs_Curriculum,Rewards,Curriculum,2514,1,2,p2
Rewards_vs_Curriculum,Rewards,Curriculum,2515,2,0,p1
Rewards_vs_Curriculum,Rewards,Curriculum,2516,2,0,p1
Rewards_vs_Curriculum,Rewards,Curriculum,2517,1,2,p2
Rewards_vs_Curriculum,Rewards,Curriculum,2518,1,2,p2
Rewards_vs_Curriculum,Rewards,Curriculum,2519,2,0,p1
Rewards_vs_Curriculum,Rewards,Curriculum,2520,2,1,p1
Rewards_vs_Curriculum,Rewards,Curriculum,2521,2,0,p1
Rewards_vs_Curriculum,Rewards,Curriculum,2522,2,1,p1
Rewards_vs_Curriculum,Rewards,Curriculum,2523,2,0,p1
Rewards_vs_Curriculum,Rewards,Curriculum,2524,2,0,p1
Rewards_vs_Curriculum,Rewards,Curriculum,2525,2,0,p1
Rewards_vs_Curriculum,Rewards,Curriculum,2526,2,0,p1
Rewards_vs_Curriculum,Rewards,Curriculum,2527,2,0,p1
Rewards_vs_Curriculum,Rewards,Curriculum,2528,2,0,p1
Rewards_vs_Curriculum,Rewards,Curriculum,2529,2,0,p1
Rewards_vs_Curriculum,Rewards,Curriculum,2530,2,1,p1
Rewards_vs_Curriculum,Rewards,Curriculum,2531,2,0,p1
Rewards_vs_Curriculum,Rewards,Curriculum,2532,2,0,p1
Rewards_vs_Curriculum,Rewards,Curriculum,2533,2,1,p1
Rewards_vs_Curriculum,Rewards,Curriculum,2534,2,1,p1
Rewards_vs_Curriculum,Rewards,Curriculum,2535,2,0,p1
Rewards_vs_Curriculum,Rewards,Curriculum,2536,2,1,p1
Rewards_vs_Curriculum,Rewards,Curriculum,2537,2,0,p1
Rewards_vs_Curriculum,Rewards,Curriculum,2538,2,0,p1
Rewards_vs_Curriculum,Rewards,Curriculum,2539,2,0,p1
Rewards_vs_Curriculum,Rewards,Curriculum,2540,1,2,p2
Rewards_vs_Curriculum,Rewards,Curriculum,2541,2,1,p1
Rewards_vs_Curriculum,Rewards,Curriculum,2542,2,0,p1
Rewards_vs_Curriculum,Rewards,Curriculum,2543,2,0,p1
Rewards_vs_Curriculum,Rewards,Curriculum,2544,2,0,p1
Rewards_vs_Curriculum,Rewards,Curriculum,2545,2,0,p1
Rewards_vs_Curriculum,Rewards,Curriculum,2546,2,0,p1
Rewards_vs_Curriculum,Rewards,Curriculum,2547,2,0,p1
Rewards_vs_Curriculum,Rewards,Curriculum,2548,2,0,p1
Rewards_vs_Curriculum,Rewards,Curriculum,2549,2,0,p1
Rewards_vs_Curriculum,Rewards,Curriculum,2550,2,0,p1
Rewards_vs_Curriculum,Rewards,Curriculum,2551,2,1,p1
Rewards_vs_Curriculum,Rewards,Curriculum,2552,2,0,p1
Rewards_vs_Curriculum,Rewards,Curriculum,2553,1,2,p2
Rewards_vs_Curriculum,Rewards,Curriculum,2554,2,1,p1
Rewards_vs_Curriculum,Rewards,Curriculum,2555,2,0,p1
Rewards_vs_Curriculum,Rewards,Curriculum,2556,2,0,p1
Rewards_vs_Curriculum,Rewards,Curriculum,2557,2,0,p1
Rewards_vs_Curriculum,Rewards,Curriculum,2558,0,2,p2
Rewards_vs_Curriculum,Rewards,Curriculum,2559,2,0,p1
Rewards_vs_Curriculum,Rewards,Curriculum,2560,2,1,p1
Rewards_vs_Curriculum,Rewards,Curriculum,2561,2,1,p1
Rewards_vs_Curriculum,Rewards,Curriculum,2562,2,1,p1
Rewards_vs_Curriculum,Rewards,Curriculum,2563,2,1,p1
Rewards_vs_Curriculum,Rewards,Curriculum,2564,2,0,p1
Rewards_vs_Curriculum,Rewards,Curriculum,2565,2,1,p1
Rewards_vs_Curriculum,Rewards,Curriculum,2566,2,0,p1
Rewards_vs_Curriculum,Rewards,Curriculum,2567,2,0,p1
Rewards_vs_Curriculum,Rewards,Curriculum,2568,2,0,p1
Rewards_vs_Curriculum,Rewards,Curriculum,2569,2,1,p1
Rewards_vs_Curriculum,Rewards,Curriculum,2570,2,0,p1
Rewards_vs_Curriculum,Rewards,Curriculum,2571,2,0,p1
Rewards_vs_Curriculum,Rewards,Curriculum,2572,2,0,p1
Rewards_vs_Curriculum,Rewards,Curriculum,2573,2,1,p1
Rewards_vs_Curriculum,Rewards,Curriculum,2574,2,0,p1
Rewards_vs_Curriculum,Rewards,Curriculum,2575,2,0,p1
Rewards_vs_Curriculum,Rewards,Curriculum,2576,2,1,p1
Rewards_vs_Curriculum,Rewards,Curriculum,2577,2,0,p1
Rewards_vs_Curriculum,Rewards,Curriculum,2578,2,0,p1
Rewards_vs_Curriculum,Rewards,Curriculum,2579,2,0,p1
Rewards_vs_Curriculum,Rewards,Curriculum,2580,2,1,p1
Rewards_vs_Curriculum,Rewards,Curriculum,2581,2,0,p1
Rewards_vs_Curriculum,Rewards,Curriculum,2582,2,0,p1
Rewards_vs_Curriculum,Rewards,Curriculum,2583,2,1,p1
Rewards_vs_Curriculum,Rewards,Curriculum,2584,1,2,p2
Rewards_vs_Curriculum,Rewards,Curriculum,2585,2,0,p1
Rewards_vs_Curriculum,Rewards,Curriculum,2586,2,0,p1
Rewards_vs_Curriculum,Rewards,Curriculum,2587,2,0,p1
Rewards_vs_Curriculum,Rewards,Curriculum,2588,1,2,p2
Rewards_vs_Curriculum,Rewards,Curriculum,2589,2,0,p1
Rewards_vs_Curriculum,Rewards,Curriculum,2590,2,0,p1
Rewards_vs_Curriculum,Rewards,Curriculum,2591,2,1,p1
Rewards_vs_Curriculum,Rewards,Curriculum,2592,1,2,p2
Rewards_vs_Curriculum,Rewards,Curriculum,2593,2,1,p1
Rewards_vs_Curriculum,Rewards,Curriculum,2594,2,1,p1
Rewards_vs_Curriculum,Rewards,Curriculum,2595,2,0,p1
Rewards_vs_Curriculum,Rewards,Curriculum,2596,2,0,p1
Rewards_vs_Curriculum,Rewards,Curriculum,2597,2,1,p1
Rewards_vs_Curriculum,Rewards,Curriculum,2598,2,0,p1
Rewards_vs_Curriculum,Rewards,Curriculum,2599,2,0,p1
Rewards_vs_Curriculum,Rewards,Curriculum,2600,2,0,p1
Rewards_vs_Curriculum,Rewards,Curriculum,2601,2,0,p1
Rewards_vs_Curriculum,Rewards,Curriculum,2602,2,0,p1
Rewards_vs_Curriculum,Rewards,Curriculum,2603,2,1,p1
Rewards_vs_Curriculum,Rewards,Curriculum,2604,2,0,p1
Rewards_vs_Curriculum,Rewards,Curriculum,2605,1,2,p2
Rewards_vs_Curriculum,Rewards,Curriculum,2606,2,0,p1
Rewards_vs_Curriculum,Rewards,Curriculum,2607,2,0,p1
Rewards_vs_Curriculum,Rewards,Curriculum,2608,2,1,p1
Rewards_vs_Curriculum,Rewards,Curriculum,2609,2,0,p1
Rewards_vs_Curriculum,Rewards,Curriculum,2610,2,0,p1
Rewards_vs_Curriculum,Rewards,Curriculum,2611,2,0,p1
Rewards_vs_Curriculum,Rewards,Curriculum,2612,2,0,p1
Rewards_vs_Curriculum,Rewards,Curriculum,2613,2,1,p1
Rewards_vs_Curriculum,Rewards,Curriculum,2614,2,0,p1
Rewards_vs_Curriculum,Rewards,Curriculum,2615,2,0,p1
Rewards_vs_Curriculum,Rewards,Curriculum,2616,2,0,p1
Rewards_vs_Curriculum,Rewards,Curriculum,2617,2,0,p1
Rewards_vs_Curriculum,Rewards,Curriculum,2618,1,2,p2
Rewards_vs_Curriculum,Rewards,Curriculum,2619,2,1,p1
Rewards_vs_Curriculum,Rewards,Curriculum,2620,2,0,p1
Rewards_vs_Curriculum,Rewards,Curriculum,2621,2,0,p1
Rewards_vs_Curriculum,Rewards,Curriculum,2622,1,2,p2
Rewards_vs_Curriculum,Rewards,Curriculum,2623,1,2,p2
Rewards_vs_Curriculum,Rewards,Curriculum,2624,2,1,p1
Rewards_vs_Curriculum,Rewards,Curriculum,2625,2,1,p1
Rewards_vs_Curriculum,Rewards,Curriculum,2626,2,0,p1
Rewards_vs_Curriculum,Rewards,Curriculum,2627,1,2,p2
Rewards_vs_Curriculum,Rewards,Curriculum,2628,2,0,p1
Rewards_vs_Curriculum,Rewards,Curriculum,2629,2,0,p1
Rewards_vs_Curriculum,Rewards,Curriculum,2630,2,0,p1
Rewards_vs_Curriculum,Rewards,Curriculum,2631,2,1,p1
Rewards_vs_Curriculum,Rewards,Curriculum,2632,2,1,p1
Rewards_vs_Curriculum,Rewards,Curriculum,2633,2,0,p1
Rewards_vs_Curriculum,Rewards,Curriculum,2634,2,1,p1
Rewards_vs_Curriculum,Rewards,Curriculum,2635,2,1,p1
Rewards_vs_Curriculum,Rewards,Curriculum,2636,1,2,p2
Rewards_vs_Curriculum,Rewards,Curriculum,2637,2,0,p1
Rewards_vs_Curriculum,Rewards,Curriculum,2638,2,1,p1
Rewards_vs_Curriculum,Rewards,Curriculum,2639,2,0,p1
Rewards_vs_Curriculum,Rewards,Curriculum,2640,2,1,p1
Rewards_vs_Curriculum,Rewards,Curriculum,2641,2,0,p1
Rewards_vs_Curriculum,Rewards,Curriculum,2642,2,0,p1
Rewards_vs_Curriculum,Rewards,Curriculum,2643,1,2,p2
Rewards_vs_Curriculum,Rewards,Curriculum,2644,2,1,p1
Rewards_vs_Curriculum,Rewards,Curriculum,2645,2,0,p1
Rewards_vs_Curriculum,Rewards,Curriculum,2646,2,1,p1
Rewards_vs_Curriculum,Rewards,Curriculum,2647,2,0,p1
Rewards_vs_Curriculum,Rewards,Curriculum,2648,2,0,p1
Rewards_vs_Curriculum,Rewards,Curriculum,2649,2,0,p1
Rewards_vs_Curriculum,Rewards,Curriculum,2650,2,0,p1
Rewards_vs_Curriculum,Rewards,Curriculum,2651,2,1,p1
Rewards_vs_Curriculum,Rewards,Curriculum,2652,2,0,p1
Rewards_vs_Curriculum,Rewards,Curriculum,2653,1,2,p2
Rewards_vs_Curriculum,Rewards,Curriculum,2654,2,1,p1
Rewards_vs_Curriculum,Rewards,Curriculum,2655,2,1,p1
Rewards_vs_Curriculum,Rewards,Curriculum,2656,2,0,p1
Rewards_vs_Curriculum,Rewards,Curriculum,2657,2,1,p1
Rewards_vs_Curriculum,Rewards,Curriculum,2658,0,2,p2
Rewards_vs_Curriculum,Rewards,Curriculum,2659,2,0,p1
Rewards_vs_Curriculum,Rewards,Curriculum,2660,2,0,p1
Rewards_vs_Curriculum,Rewards,Curriculum,2661,2,0,p1
Rewards_vs_Curriculum,Rewards,Curriculum,2662,1,2,p2
Rewards_vs_Curriculum,Rewards,Curriculum,2663,2,0,p1
Rewards_vs_Curriculum,Rewards,Curriculum,2664,2,0,p1
Rewards_vs_Curriculum,Rewards,Curriculum,2665,2,0,p1
Rewards_vs_Curriculum,Rewards,Curriculum,2666,0,2,p2
Rewards_vs_Curriculum,Rewards,Curriculum,2667,2,1,p1
Rewards_vs_Curriculum,Rewards,Curriculum,2668,2,0,p1
Rewards_vs_Curriculum,Rewards,Curriculum,2669,2,0,p1
Rewards_vs_Curriculum,Rewards,Curriculum,2670,2,1,p1
Rewards_vs_Curriculum,Rewards,Curriculum,2671,2,0,p1
Rewards_vs_Curriculum,Rewards,Curriculum,2672,2,0,p1
Rewards_vs_Curriculum,Rewards,Curriculum,2673,2,0,p1
Rewards_vs_Curriculum,Rewards,Curriculum,2674,2,0,p1
Rewards_vs_Curriculum,Rewards,Curriculum,2675,2,0,p1
Rewards_vs_Curriculum,Rewards,Curriculum,2676,2,0,p1
Rewards_vs_Curriculum,Rewards,Curriculum,2677,2,0,p1
Rewards_vs_Curriculum,Rewards,Curriculum,2678,2,0,p1
Rewards_vs_Curriculum,Rewards,Curriculum,2679,2,0,p1
Rewards_vs_Curriculum,Rewards,Curriculum,2680,2,0,p1
Rewards_vs_Curriculum,Rewards,Curriculum,2681,2,1,p1
Rewards_vs_Curriculum,Rewards,Curriculum,2682,2,0,p1
Rewards_vs_Curriculum,Rewards,Curriculum,2683,2,0,p1
Rewards_vs_Curriculum,Rewards,Curriculum,2684,2,0,p1
Rewards_vs_Curriculum,Rewards,Curriculum,2685,1,2,p2
Rewards_vs_Curriculum,Rewards,Curriculum,2686,2,0,p1
Rewards_vs_Curriculum,Rewards,Curriculum,2687,2,0,p1
Rewards_vs_Curriculum,Rewards,Curriculum,2688,2,0,p1
Rewards_vs_Curriculum,Rewards,Curriculum,2689,0,2,p2
Rewards_vs_Curriculum,Rewards,Curriculum,2690,2,1,p1
Rewards_vs_Curriculum,Rewards,Curriculum,2691,0,2,p2
Rewards_vs_Curriculum,Rewards,Curriculum,2692,2,0,p1
Rewards_vs_Curriculum,Rewards,Curriculum,2693,1,2,p2
Rewards_vs_Curriculum,Rewards,Curriculum,2694,2,1,p1
Rewards_vs_Curriculum,Rewards,Curriculum,2695,2,1,p1
Rewards_vs_Curriculum,Rewards,Curriculum,2696,1,2,p2
Rewards_vs_Curriculum,Rewards,Curriculum,2697,2,0,p1
Rewards_vs_Curriculum,Rewards,Curriculum,2698,2,0,p1
Rewards_vs_Curriculum,Rewards,Curriculum,2699,2,0,p1
Rewards_vs_Curriculum,Rewards,Curriculum,2700,2,0,p1
Rewards_vs_Curriculum,Rewards,Curriculum,2701,2,0,p1
Rewards_vs_Curriculum,Rewards,Curriculum,2702,2,0,p1
Rewards_vs_Curriculum,Rewards,Curriculum,2703,2,0,p1
Rewards_vs_Curriculum,Rewards,Curriculum,2704,2,0,p1
Rewards_vs_Curriculum,Rewards,Curriculum,2705,1,2,p2
Rewards_vs_Curriculum,Rewards,Curriculum,2706,2,0,p1
Rewards_vs_Curriculum,Rewards,Curriculum,2707,2,1,p1
Rewards_vs_Curriculum,Rewards,Curriculum,2708,2,1,p1
Rewards_vs_Curriculum,Rewards,Curriculum,2709,2,0,p1
Rewards_vs_Curriculum,Rewards,Curriculum,2710,2,0,p1
Rewards_vs_Curriculum,Rewards,Curriculum,2711,2,0,p1
Rewards_vs_Curriculum,Rewards,Curriculum,2712,1,2,p2
Rewards_vs_Curriculum,Rewards,Curriculum,2713,0,2,p2
Rewards_vs_Curriculum,Rewards,Curriculum,2714,2,0,p1
Rewards_vs_Curriculum,Rewards,Curriculum,2715,2,0,p1
Rewards_vs_Curriculum,Rewards,Curriculum,2716,2,0,p1
Rewards_vs_Curriculum,Rewards,Curriculum,2717,2,0,p1
Rewards_vs_Curriculum,Rewards,Curriculum,2718,2,0,p1
Rewards_vs_Curriculum,Rewards,Curriculum,2719,2,0,p1
Rewards_vs_Curriculum,Rewards,Curriculum,2720,2,1,p1
Rewards_vs_Curriculum,Rewards,Curriculum,2721,2,0,p1
Rewards_vs_Curriculum,Rewards,Curriculum,2722,2,0,p1
Rewards_vs_Curriculum,Rewards,Curriculum,2723,2,0,p1
Rewards_vs_Curriculum,Rewards,Curriculum,2724,2,0,p1
Rewards_vs_Curriculum,Rewards,Curriculum,2725,2,1,p1
Rewards_vs_Curriculum,Rewards,Curriculum,2726,2,1,p1
Rewards_vs_Curriculum,Rewards,Curriculum,2727,2,1,p1
Rewards_vs_Curriculum,Rewards,Curriculum,2728,1,2,p2
Rewards_vs_Curriculum,Rewards,Curriculum,2729,2,1,p1
Rewards_vs_Curriculum,Rewards,Curriculum,2730,2,1,p1
Rewards_vs_Curriculum,Rewards,Curriculum,2731,2,1,p1
Rewards_vs_Curriculum,Rewards,Curriculum,2732,2,1,p1
Rewards_vs_Curriculum,Rewards,Curriculum,2733,2,1,p1
Rewards_vs_Curriculum,Rewards,Curriculum,2734,2,0,p1
Rewards_vs_Curriculum,Rewards,Curriculum,2735,2,0,p1
Rewards_vs_Curriculum,Rewards,Curriculum,2736,2,0,p1
Rewards_vs_Curriculum,Rewards,Curriculum,2737,2,0,p1
Rewards_vs_Curriculum,Rewards,Curriculum,2738,2,1,p1
Rewards_vs_Curriculum,Rewards,Curriculum,2739,2,0,p1
Rewards_vs_Curriculum,Rewards,Curriculum,2740,2,0,p1
Rewards_vs_Curriculum,Rewards,Curriculum,2741,2,0,p1
Rewards_vs_Curriculum,Rewards,Curriculum,2742,2,1,p1
Rewards_vs_Curriculum,Rewards,Curriculum,2743,2,1,p1
Rewards_vs_Curriculum,Rewards,Curriculum,2744,1,2,p2
Rewards_vs_Curriculum,Rewards,Curriculum,2745,2,0,p1
Rewards_vs_Curriculum,Rewards,Curriculum,2746,0,2,p2
Rewards_vs_Curriculum,Rewards,Curriculum,2747,2,0,p1
Rewards_vs_Curriculum,Rewards,Curriculum,2748,2,0,p1
Rewards_vs_Curriculum,Rewards,Curriculum,2749,2,0,p1
Rewards_vs_Curriculum,Rewards,Curriculum,2750,2,1,p1
Rewards_vs_Curriculum,Rewards,Curriculum,2751,2,0,p1
Rewards_vs_Curriculum,Rewards,Curriculum,2752,2,0,p1
Rewards_vs_Curriculum,Rewards,Curriculum,2753,2,0,p1
Rewards_vs_Curriculum,Rewards,Curriculum,2754,2,0,p1
Rewards_vs_Curriculum,Rewards,Curriculum,2755,2,1,p1
Rewards_vs_Curriculum,Rewards,Curriculum,2756,2,0,p1
Rewards_vs_Curriculum,Rewards,Curriculum,2757,2,0,p1
Rewards_vs_Curriculum,Rewards,Curriculum,2758,2,1,p1
Rewards_vs_Curriculum,Rewards,Curriculum,2759,2,0,p1
Rewards_vs_Curriculum,Rewards,Curriculum,2760,2,0,p1
Rewards_vs_Curriculum,Rewards,Curriculum,2761,2,1,p1
Rewards_vs_Curriculum,Rewards,Curriculum,2762,2,0,p1
Rewards_vs_Curriculum,Rewards,Curriculum,2763,2,0,p1
Rewards_vs_Curriculum,Rewards,Curriculum,2764,2,0,p1
Rewards_vs_Curriculum,Rewards,Curriculum,2765,2,0,p1
Rewards_vs_Curriculum,Rewards,Curriculum,2766,2,0,p1
Rewards_vs_Curriculum,Rewards,Curriculum,2767,2,1,p1
Rewards_vs_Curriculum,Rewards,Curriculum,2768,1,0,p1
Rewards_vs_Curriculum,Rewards,Curriculum,2769,2,1,p1
Rewards_vs_Curriculum,Rewards,Curriculum,2770,0,2,p2
Rewards_vs_Curriculum,Rewards,Curriculum,2771,2,0,p1
Rewards_vs_Curriculum,Rewards,Curriculum,2772,2,1,p1
Rewards_vs_Curriculum,Rewards,Curriculum,2773,1,2,p2
Rewards_vs_Curriculum,Rewards,Curriculum,2774,2,0,p1
Rewards_vs_Curriculum,Rewards,Curriculum,2775,2,1,p1
Rewards_vs_Curriculum,Rewards,Curriculum,2776,2,0,p1
Rewards_vs_Curriculum,Rewards,Curriculum,2777,2,0,p1
Rewards_vs_Curriculum,Rewards,Curriculum,2778,2,0,p1
Rewards_vs_Curriculum,Rewards,Curriculum,2779,2,0,p1
Rewards_vs_Curriculum,Rewards,Curriculum,2780,2,0,p1
Rewards_vs_Curriculum,Rewards,Curriculum,2781,2,1,p1
Rewards_vs_Curriculum,Rewards,Curriculum,2782,2,1,p1
Rewards_vs_Curriculum,Rewards,Curriculum,2783,2,0,p1
Rewards_vs_Curriculum,Rewards,Curriculum,2784,2,0,p1
Rewards_vs_Curriculum,Rewards,Curriculum,2785,2,0,p1
Rewards_vs_Curriculum,Rewards,Curriculum,2786,2,1,p1
Rewards_vs_Curriculum,Rewards,Curriculum,2787,2,0,p1
Rewards_vs_Curriculum,Rewards,Curriculum,2788,2,0,p1
Rewards_vs_Curriculum,Rewards,Curriculum,2789,2,1,p1
Rewards_vs_Curriculum,Rewards,Curriculum,2790,2,1,p1
Rewards_vs_Curriculum,Rewards,Curriculum,2791,2,0,p1
Rewards_vs_Curriculum,Rewards,Curriculum,2792,2,0,p1
Rewards_vs_Curriculum,Rewards,Curriculum,2793,2,1,p1
Rewards_vs_Curriculum,Rewards,Curriculum,2794,2,0,p1
Rewards_vs_Curriculum,Rewards,Curriculum,2795,2,1,p1
Rewards_vs_Curriculum,Rewards,Curriculum,2796,2,1,p1
Rewards_vs_Curriculum,Rewards,Curriculum,2797,2,1,p1
Rewards_vs_Curriculum,Rewards,Curriculum,2798,2,1,p1
Rewards_vs_Curriculum,Rewards,Curriculum,2799,2,0,p1
Rewards_vs_Curriculum,Rewards,Curriculum,2800,2,0,p1
Rewards_vs_Curriculum,Rewards,Curriculum,2801,2,1,p1
Rewards_vs_Curriculum,Rewards,Curriculum,2802,2,1,p1
Rewards_vs_Curriculum,Rewards,Curriculum,2803,2,0,p1
Rewards_vs_Curriculum,Rewards,Curriculum,2804,1,2,p2
Rewards_vs_Curriculum,Rewards,Curriculum,2805,2,0,p1
Rewards_vs_Curriculum,Rewards,Curriculum,2806,2,0,p1
Rewards_vs_Curriculum,Rewards,Curriculum,2807,2,0,p1
Rewards_vs_Curriculum,Rewards,Curriculum,2808,2,0,p1
Rewards_vs_Curriculum,Rewards,Curriculum,2809,2,1,p1
Rewards_vs_Curriculum,Rewards,Curriculum,2810,1,2,p2
Rewards_vs_Curriculum,Rewards,Curriculum,2811,2,1,p1
Rewards_vs_Curriculum,Rewards,Curriculum,2812,2,0,p1
Rewards_vs_Curriculum,Rewards,Curriculum,2813,2,0,p1
Rewards_vs_Curriculum,Rewards,Curriculum,2814,2,1,p1
Rewards_vs_Curriculum,Rewards,Curriculum,2815,2,0,p1
Rewards_vs_Curriculum,Rewards,Curriculum,2816,2,0,p1
Rewards_vs_Curriculum,Rewards,Curriculum,2817,2,0,p1
Rewards_vs_Curriculum,Rewards,Curriculum,2818,2,0,p1
Rewards_vs_Curriculum,Rewards,Curriculum,2819,2,0,p1
Rewards_vs_Curriculum,Rewards,Curriculum,2820,2,0,p1
Rewards_vs_Curriculum,Rewards,Curriculum,2821,2,0,p1
Rewards_vs_Curriculum,Rewards,Curriculum,2822,2,0,p1
Rewards_vs_Curriculum,Rewards,Curriculum,2823,2,0,p1
Rewards_vs_Curriculum,Rewards,Curriculum,2824,2,0,p1
Rewards_vs_Curriculum,Rewards,Curriculum,2825,2,0,p1
Rewards_vs_Curriculum,Rewards,Curriculum,2826,1,2,p2
Rewards_vs_Curriculum,Rewards,Curriculum,2827,2,0,p1
Rewards_vs_Curriculum,Rewards,Curriculum,2828,1,2,p2
Rewards_vs_Curriculum,Rewards,Curriculum,2829,2,0,p1
Rewards_vs_Curriculum,Rewards,Curriculum,2830,2,1,p1
Rewards_vs_Curriculum,Rewards,Curriculum,2831,2,1,p1
Rewards_vs_Curriculum,Rewards,Curriculum,2832,2,0,p1
Rewards_vs_Curriculum,Rewards,Curriculum,2833,2,0,p1
Rewards_vs_Curriculum,Rewards,Curriculum,2834,2,1,p1
Rewards_vs_Curriculum,Rewards,Curriculum,2835,2,0,p1
Rewards_vs_Curriculum,Rewards,Curriculum,2836,2,0,p1
Rewards_vs_Curriculum,Rewards,Curriculum,2837,1,2,p2
Rewards_vs_Curriculum,Rewards,Curriculum,2838,2,1,p1
Rewards_vs_Curriculum,Rewards,Curriculum,2839,2,1,p1
Rewards_vs_Curriculum,Rewards,Curriculum,2840,2,0,p1
Rewards_vs_Curriculum,Rewards,Curriculum,2841,2,0,p1
Rewards_vs_Curriculum,Rewards,Curriculum,2842,2,1,p1
Rewards_vs_Curriculum,Rewards,Curriculum,2843,2,0,p1
Rewards_vs_Curriculum,Rewards,Curriculum,2844,0,2,p2
Rewards_vs_Curriculum,Rewards,Curriculum,2845,1,2,p2
Rewards_vs_Curriculum,Rewards,Curriculum,2846,2,0,p1
Rewards_vs_Curriculum,Rewards,Curriculum,2847,2,1,p1
Rewards_vs_Curriculum,Rewards,Curriculum,2848,2,0,p1
Rewards_vs_Curriculum,Rewards,Curriculum,2849,2,0,p1
Rewards_vs_Curriculum,Rewards,Curriculum,2850,2,0,p1
Rewards_vs_Curriculum,Rewards,Curriculum,2851,2,0,p1
Rewards_vs_Curriculum,Rewards,Curriculum,2852,2,0,p1
Rewards_vs_Curriculum,Rewards,Curriculum,2853,2,1,p1
Rewards_vs_Curriculum,Rewards,Curriculum,2854,2,1,p1
Rewards_vs_Curriculum,Rewards,Curriculum,2855,2,0,p1
Rewards_vs_Curriculum,Rewards,Curriculum,2856,2,0,p1
Rewards_vs_Curriculum,Rewards,Curriculum,2857,2,0,p1
Rewards_vs_Curriculum,Rewards,Curriculum,2858,2,0,p1
Rewards_vs_Curriculum,Rewards,Curriculum,2859,2,0,p1
Rewards_vs_Curriculum,Rewards,Curriculum,2860,2,1,p1
Rewards_vs_Curriculum,Rewards,Curriculum,2861,2,1,p1
Rewards_vs_Curriculum,Rewards,Curriculum,2862,2,0,p1
Rewards_vs_Curriculum,Rewards,Curriculum,2863,2,0,p1
Rewards_vs_Curriculum,Rewards,Curriculum,2864,2,1,p1
Rewards_vs_Curriculum,Rewards,Curriculum,2865,2,1,p1
Rewards_vs_Curriculum,Rewards,Curriculum,2866,2,1,p1
Rewards_vs_Curriculum,Rewards,Curriculum,2867,2,0,p1
Rewards_vs_Curriculum,Rewards,Curriculum,2868,2,0,p1
Rewards_vs_Curriculum,Rewards,Curriculum,2869,2,0,p1
Rewards_vs_Curriculum,Rewards,Curriculum,2870,2,1,p1
Rewards_vs_Curriculum,Rewards,Curriculum,2871,2,0,p1
Rewards_vs_Curriculum,Rewards,Curriculum,2872,2,0,p1
Rewards_vs_Curriculum,Rewards,Curriculum,2873,2,0,p1
Rewards_vs_Curriculum,Rewards,Curriculum,2874,2,0,p1
Rewards_vs_Curriculum,Rewards,Curriculum,2875,2,1,p1
Rewards_vs_Curriculum,Rewards,Curriculum,2876,2,1,p1
Rewards_vs_Curriculum,Rewards,Curriculum,2877,2,1,p1
Rewards_vs_Curriculum,Rewards,Curriculum,2878,2,1,p1
Rewards_vs_Curriculum,Rewards,Curriculum,2879,2,0,p1
Rewards_vs_Curriculum,Rewards,Curriculum,2880,2,1,p1
Rewards_vs_Curriculum,Rewards,Curriculum,2881,2,0,p1
Rewards_vs_Curriculum,Rewards,Curriculum,2882,2,1,p1
Rewards_vs_Curriculum,Rewards,Curriculum,2883,2,0,p1
Rewards_vs_Curriculum,Rewards,Curriculum,2884,2,0,p1
Rewards_vs_Curriculum,Rewards,Curriculum,2885,2,0,p1
Rewards_vs_Curriculum,Rewards,Curriculum,2886,2,1,p1
Rewards_vs_Curriculum,Rewards,Curriculum,2887,2,0,p1
Rewards_vs_Curriculum,Rewards,Curriculum,2888,2,0,p1
Rewards_vs_Curriculum,Rewards,Curriculum,2889,2,0,p1
Rewards_vs_Curriculum,Rewards,Curriculum,2890,2,0,p1
Rewards_vs_Curriculum,Rewards,Curriculum,2891,2,0,p1
Rewards_vs_Curriculum,Rewards,Curriculum,2892,2,0,p1
Rewards_vs_Curriculum,Rewards,Curriculum,2893,2,0,p1
Rewards_vs_Curriculum,Rewards,Curriculum,2894,2,1,p1
Rewards_vs_Curriculum,Rewards,Curriculum,2895,2,1,p1
Rewards_vs_Curriculum,Rewards,Curriculum,2896,2,0,p1
Rewards_vs_Curriculum,Rewards,Curriculum,2897,2,1,p1
Rewards_vs_Curriculum,Rewards,Curriculum,2898,2,0,p1
Rewards_vs_Curriculum,Rewards,Curriculum,2899,2,0,p1
Rewards_vs_Curriculum,Rewards,Curriculum,2900,2,0,p1
Rewards_vs_Curriculum,Rewards,Curriculum,2901,0,2,p2
Rewards_vs_Curriculum,Rewards,Curriculum,2902,1,2,p2
Rewards_vs_Curriculum,Rewards,Curriculum,2903,1,2,p2
Rewards_vs_Curriculum,Rewards,Curriculum,2904,2,0,p1
Rewards_vs_Curriculum,Rewards,Curriculum,2905,2,0,p1
Rewards_vs_Curriculum,Rewards,Curriculum,2906,2,1,p1
Rewards_vs_Curriculum,Rewards,Curriculum,2907,2,0,p1
Rewards_vs_Curriculum,Rewards,Curriculum,2908,2,0,p1
Rewards_vs_Curriculum,Rewards,Curriculum,2909,2,1,p1
Rewards_vs_Curriculum,Rewards,Curriculum,2910,2,0,p1
Rewards_vs_Curriculum,Rewards,Curriculum,2911,1,2,p2
Rewards_vs_Curriculum,Rewards,Curriculum,2912,2,0,p1
Rewards_vs_Curriculum,Rewards,Curriculum,2913,2,1,p1
Rewards_vs_Curriculum,Rewards,Curriculum,2914,2,0,p1
Rewards_vs_Curriculum,Rewards,Curriculum,2915,2,1,p1
Rewards_vs_Curriculum,Rewards,Curriculum,2916,2,0,p1
Rewards_vs_Curriculum,Rewards,Curriculum,2917,1,0,p1
Rewards_vs_Curriculum,Rewards,Curriculum,2918,2,0,p1
Rewards_vs_Curriculum,Rewards,Curriculum,2919,2,0,p1
Rewards_vs_Curriculum,Rewards,Curriculum,2920,2,0,p1
Rewards_vs_Curriculum,Rewards,Curriculum,2921,2,0,p1
Rewards_vs_Curriculum,Rewards,Curriculum,2922,2,1,p1
Rewards_vs_Curriculum,Rewards,Curriculum,2923,1,2,p2
Rewards_vs_Curriculum,Rewards,Curriculum,2924,2,0,p1
Rewards_vs_Curriculum,Rewards,Curriculum,2925,2,0,p1
Rewards_vs_Curriculum,Rewards,Curriculum,2926,2,0,p1
Rewards_vs_Curriculum,Rewards,Curriculum,2927,2,1,p1
Rewards_vs_Curriculum,Rewards,Curriculum,2928,2,0,p1
Rewards_vs_Curriculum,Rewards,Curriculum,2929,2,0,p1
Rewards_vs_Curriculum,Rewards,Curriculum,2930,2,0,p1
Rewards_vs_Curriculum,Rewards,Curriculum,2931,0,2,p2
Rewards_vs_Curriculum,Rewards,Curriculum,2932,2,0,p1
Rewards_vs_Curriculum,Rewards,Curriculum,2933,2,0,p1
Rewards_vs_Curriculum,Rewards,Curriculum,2934,2,1,p1
Rewards_vs_Curriculum,Rewards,Curriculum,2935,2,1,p1
Rewards_vs_Curriculum,Rewards,Curriculum,2936,2,0,p1
Rewards_vs_Curriculum,Rewards,Curriculum,2937,2,1,p1
Rewards_vs_Curriculum,Rewards,Curriculum,2938,2,0,p1
Rewards_vs_Curriculum,Rewards,Curriculum,2939,2,1,p1
Rewards_vs_Curriculum,Rewards,Curriculum,2940,2,0,p1
Rewards_vs_Curriculum,Rewards,Curriculum,2941,2,0,p1
Rewards_vs_Curriculum,Rewards,Curriculum,2942,2,0,p1
Rewards_vs_Curriculum,Rewards,Curriculum,2943,2,1,p1
Rewards_vs_Curriculum,Rewards,Curriculum,2944,2,0,p1
Rewards_vs_Curriculum,Rewards,Curriculum,2945,1,2,p2
Rewards_vs_Curriculum,Rewards,Curriculum,2946,2,0,p1
Rewards_vs_Curriculum,Rewards,Curriculum,2947,2,0,p1
Rewards_vs_Curriculum,Rewards,Curriculum,2948,2,1,p1
Rewards_vs_Curriculum,Rewards,Curriculum,2949,2,1,p1
Rewards_vs_Curriculum,Rewards,Curriculum,2950,2,0,p1
Rewards_vs_Curriculum,Rewards,Curriculum,2951,2,0,p1
Rewards_vs_Curriculum,Rewards,Curriculum,2952,2,0,p1
Rewards_vs_Curriculum,Rewards,Curriculum,2953,2,0,p1
Rewards_vs_Curriculum,Rewards,Curriculum,2954,2,1,p1
Rewards_vs_Curriculum,Rewards,Curriculum,2955,0,2,p2
Rewards_vs_Curriculum,Rewards,Curriculum,2956,2,0,p1
Rewards_vs_Curriculum,Rewards,Curriculum,2957,0,2,p2
Rewards_vs_Curriculum,Rewards,Curriculum,2958,2,0,p1
Rewards_vs_Curriculum,Rewards,Curriculum,2959,0,2,p2
Rewards_vs_Curriculum,Rewards,Curriculum,2960,0,2,p2
Rewards_vs_Curriculum,Rewards,Curriculum,2961,2,0,p1
Rewards_vs_Curriculum,Rewards,Curriculum,2962,2,0,p1
Rewards_vs_Curriculum,Rewards,Curriculum,2963,2,0,p1
Rewards_vs_Curriculum,Rewards,Curriculum,2964,2,0,p1
Rewards_vs_Curriculum,Rewards,Curriculum,2965,2,0,p1
Rewards_vs_Curriculum,Rewards,Curriculum,2966,2,1,p1
Rewards_vs_Curriculum,Rewards,Curriculum,2967,2,0,p1
Rewards_vs_Curriculum,Rewards,Curriculum,2968,2,0,p1
Rewards_vs_Curriculum,Rewards,Curriculum,2969,2,1,p1
Rewards_vs_Curriculum,Rewards,Curriculum,2970,2,0,p1
Rewards_vs_Curriculum,Rewards,Curriculum,2971,2,1,p1
Rewards_vs_Curriculum,Rewards,Curriculum,2972,2,1,p1
Rewards_vs_Curriculum,Rewards,Curriculum,2973,2,1,p1
Rewards_vs_Curriculum,Rewards,Curriculum,2974,0,2,p2
Rewards_vs_Curriculum,Rewards,Curriculum,2975,2,0,p1
Rewards_vs_Curriculum,Rewards,Curriculum,2976,2,1,p1
Rewards_vs_Curriculum,Rewards,Curriculum,2977,2,0,p1
Rewards_vs_Curriculum,Rewards,Curriculum,2978,2,0,p1
Rewards_vs_Curriculum,Rewards,Curriculum,2979,2,0,p1
Rewards_vs_Curriculum,Rewards,Curriculum,2980,2,0,p1
Rewards_vs_Curriculum,Rewards,Curriculum,2981,2,0,p1
Rewards_vs_Curriculum,Rewards,Curriculum,2982,2,1,p1
Rewards_vs_Curriculum,Rewards,Curriculum,2983,2,1,p1
Rewards_vs_Curriculum,Rewards,Curriculum,2984,2,0,p1
Rewards_vs_Curriculum,Rewards,Curriculum,2985,2,0,p1
Rewards_vs_Curriculum,Rewards,Curriculum,2986,2,0,p1
Rewards_vs_Curriculum,Rewards,Curriculum,2987,2,0,p1
Rewards_vs_Curriculum,Rewards,Curriculum,2988,2,0,p1
Rewards_vs_Curriculum,Rewards,Curriculum,2989,1,2,p2
Rewards_vs_Curriculum,Rewards,Curriculum,2990,2,1,p1
Rewards_vs_Curriculum,Rewards,Curriculum,2991,2,1,p1
Rewards_vs_Curriculum,Rewards,Curriculum,2992,2,1,p1
Rewards_vs_Curriculum,Rewards,Curriculum,2993,2,0,p1
Rewards_vs_Curriculum,Rewards,Curriculum,2994,2,0,p1
Rewards_vs_Curriculum,Rewards,Curriculum,2995,2,1,p1
Rewards_vs_Curriculum,Rewards,Curriculum,2996,1,2,p2
Rewards_vs_Curriculum,Rewards,Curriculum,2997,1,2,p2
Rewards_vs_Curriculum,Rewards,Curriculum,2998,2,1,p1
Rewards_vs_Curriculum,Rewards,Curriculum,2999,2,0,p1
Rewards_vs_Curriculum,Rewards,Curriculum,3000,2,0,p1
Rewards_vs_Curriculum,Rewards,Curriculum,1,2,1,p1
Rewards_vs_Curriculum,Rewards,Curriculum,2,2,0,p1
Rewards_vs_Curriculum,Rewards,Curriculum,3,2,0,p1
Rewards_vs_Curriculum,Rewards,Curriculum,4,2,0,p1
Rewards_vs_Curriculum,Rewards,Curriculum,5,2,0,p1
Rewards_vs_Curriculum,Rewards,Curriculum,6,2,0,p1
Rewards_vs_Curriculum,Rewards,Curriculum,7,2,1,p1
Rewards_vs_Curriculum,Rewards,Curriculum,8,1,2,p2
Rewards_vs_Curriculum,Rewards,Curriculum,9,2,0,p1
Rewards_vs_Curriculum,Rewards,Curriculum,10,2,1,p1
Rewards_vs_Curriculum,Rewards,Curriculum,11,2,0,p1
Rewards_vs_Curriculum,Rewards,Curriculum,12,2,0,p1
Rewards_vs_Curriculum,Rewards,Curriculum,13,2,0,p1
Rewards_vs_Curriculum,Rewards,Curriculum,14,2,1,p1
Rewards_vs_Curriculum,Rewards,Curriculum,15,2,0,p1
Rewards_vs_Curriculum,Rewards,Curriculum,16,2,0,p1
Rewards_vs_Curriculum,Rewards,Curriculum,17,2,0,p1
Rewards_vs_Curriculum,Rewards,Curriculum,18,2,0,p1
Rewards_vs_Curriculum,Rewards,Curriculum,19,2,0,p1
Rewards_vs_Curriculum,Rewards,Curriculum,20,2,1,p1
Rewards_vs_Curriculum,Rewards,Curriculum,21,2,0,p1
Rewards_vs_Curriculum,Rewards,Curriculum,22,0,2,p2
Rewards_vs_Curriculum,Rewards,Curriculum,23,1,2,p2
Rewards_vs_Curriculum,Rewards,Curriculum,24,2,0,p1
Rewards_vs_Curriculum,Rewards,Curriculum,25,2,0,p1
Rewards_vs_Curriculum,Rewards,Curriculum,26,2,0,p1
Rewards_vs_Curriculum,Rewards,Curriculum,27,2,0,p1
Rewards_vs_Curriculum,Rewards,Curriculum,28,2,0,p1
Rewards_vs_Curriculum,Rewards,Curriculum,29,2,0,p1
Rewards_vs_Curriculum,Rewards,Curriculum,30,2,0,p1
Rewards_vs_Curriculum,Rewards,Curriculum,31,2,0,p1
Rewards_vs_Curriculum,Rewards,Curriculum,32,2,1,p1
Rewards_vs_Curriculum,Rewards,Curriculum,33,2,1,p1
Rewards_vs_Curriculum,Rewards,Curriculum,34,2,0,p1
Rewards_vs_Curriculum,Rewards,Curriculum,35,2,0,p1
Rewards_vs_Curriculum,Rewards,Curriculum,36,2,0,p1
Rewards_vs_Curriculum,Rewards,Curriculum,37,2,0,p1
Rewards_vs_Curriculum,Rewards,Curriculum,38,2,0,p1
Rewards_vs_Curriculum,Rewards,Curriculum,39,0,2,p2
Rewards_vs_Curriculum,Rewards,Curriculum,40,2,0,p1
Rewards_vs_Curriculum,Rewards,Curriculum,41,2,0,p1
Rewards_vs_Curriculum,Rewards,Curriculum,42,2,0,p1
Rewards_vs_Curriculum,Rewards,Curriculum,43,2,0,p1
Rewards_vs_Curriculum,Rewards,Curriculum,44,2,1,p1
Rewards_vs_Curriculum,Rewards,Curriculum,45,0,2,p2
Rewards_vs_Curriculum,Rewards,Curriculum,46,2,1,p1
Rewards_vs_Curriculum,Rewards,Curriculum,47,2,1,p1
Rewards_vs_Curriculum,Rewards,Curriculum,48,2,0,p1
Rewards_vs_Curriculum,Rewards,Curriculum,49,2,1,p1
Rewards_vs_Curriculum,Rewards,Curriculum,50,2,0,p1
Rewards_vs_Curriculum,Rewards,Curriculum,51,2,0,p1
Rewards_vs_Curriculum,Rewards,Curriculum,52,2,0,p1
Rewards_vs_Curriculum,Rewards,Curriculum,53,2,0,p1
Rewards_vs_Curriculum,Rewards,Curriculum,54,2,0,p1
Rewards_vs_Curriculum,Rewards,Curriculum,55,1,2,p2
Rewards_vs_Curriculum,Rewards,Curriculum,56,2,0,p1
Rewards_vs_Curriculum,Rewards,Curriculum,57,2,0,p1
Rewards_vs_Curriculum,Rewards,Curriculum,58,2,0,p1
Rewards_vs_Curriculum,Rewards,Curriculum,59,2,0,p1
Rewards_vs_Curriculum,Rewards,Curriculum,60,2,0,p1
Rewards_vs_Curriculum,Rewards,Curriculum,61,2,1,p1
Rewards_vs_Curriculum,Rewards,Curriculum,62,2,0,p1
Rewards_vs_Curriculum,Rewards,Curriculum,63,2,1,p1
Rewards_vs_Curriculum,Rewards,Curriculum,64,1,2,p2
Rewards_vs_Curriculum,Rewards,Curriculum,65,1,2,p2
Rewards_vs_Curriculum,Rewards,Curriculum,66,2,0,p1
Rewards_vs_Curriculum,Rewards,Curriculum,67,2,0,p1
Rewards_vs_Curriculum,Rewards,Curriculum,68,2,0,p1
Rewards_vs_Curriculum,Rewards,Curriculum,69,2,0,p1
Rewards_vs_Curriculum,Rewards,Curriculum,70,2,1,p1
Rewards_vs_Curriculum,Rewards,Curriculum,71,2,1,p1
Rewards_vs_Curriculum,Rewards,Curriculum,72,1,2,p2
Rewards_vs_Curriculum,Rewards,Curriculum,73,2,0,p1
Rewards_vs_Curriculum,Rewards,Curriculum,74,0,2,p2
Rewards_vs_Curriculum,Rewards,Curriculum,75,2,0,p1
Rewards_vs_Curriculum,Rewards,Curriculum,76,2,0,p1
Rewards_vs_Curriculum,Rewards,Curriculum,77,2,1,p1
Rewards_vs_Curriculum,Rewards,Curriculum,78,2,0,p1
Rewards_vs_Curriculum,Rewards,Curriculum,79,2,0,p1
Rewards_vs_Curriculum,Rewards,Curriculum,80,2,0,p1
Rewards_vs_Curriculum,Rewards,Curriculum,81,2,1,p1
Rewards_vs_Curriculum,Rewards,Curriculum,82,2,1,p1
Rewards_vs_Curriculum,Rewards,Curriculum,83,2,0,p1
Rewards_vs_Curriculum,Rewards,Curriculum,84,2,0,p1
Rewards_vs_Curriculum,Rewards,Curriculum,85,2,0,p1
Rewards_vs_Curriculum,Rewards,Curriculum,86,2,0,p1
Rewards_vs_Curriculum,Rewards,Curriculum,87,2,0,p1
Rewards_vs_Curriculum,Rewards,Curriculum,88,2,0,p1
Rewards_vs_Curriculum,Rewards,Curriculum,89,2,0,p1
Rewards_vs_Curriculum,Rewards,Curriculum,90,2,0,p1
Rewards_vs_Curriculum,Rewards,Curriculum,91,2,0,p1
Rewards_vs_Curriculum,Rewards,Curriculum,92,2,0,p1
Rewards_vs_Curriculum,Rewards,Curriculum,93,2,0,p1
Rewards_vs_Curriculum,Rewards,Curriculum,94,2,1,p1
Rewards_vs_Curriculum,Rewards,Curriculum,95,2,0,p1
Rewards_vs_Curriculum,Rewards,Curriculum,96,2,0,p1
Rewards_vs_Curriculum,Rewards,Curriculum,97,2,1,p1
Rewards_vs_Curriculum,Rewards,Curriculum,98,2,0,p1
Rewards_vs_Curriculum,Rewards,Curriculum,99,2,1,p1
Rewards_vs_Curriculum,Rewards,Curriculum,100,2,0,p1
Rewards_vs_Curriculum,Rewards,Curriculum,101,2,0,p1
Rewards_vs_Curriculum,Rewards,Curriculum,102,2,1,p1
Rewards_vs_Curriculum,Rewards,Curriculum,103,2,0,p1
Rewards_vs_Curriculum,Rewards,Curriculum,104,2,0,p1
Rewards_vs_Curriculum,Rewards,Curriculum,105,2,0,p1
Rewards_vs_Curriculum,Rewards,Curriculum,106,1,2,p2
Rewards_vs_Curriculum,Rewards,Curriculum,107,2,0,p1
Rewards_vs_Curriculum,Rewards,Curriculum,108,0,2,p2
Rewards_vs_Curriculum,Rewards,Curriculum,109,2,0,p1
Rewards_vs_Curriculum,Rewards,Curriculum,110,2,0,p1
Rewards_vs_Curriculum,Rewards,Curriculum,111,2,0,p1
Rewards_vs_Curriculum,Rewards,Curriculum,112,2,1,p1
Rewards_vs_Curriculum,Rewards,Curriculum,113,0,2,p2
Rewards_vs_Curriculum,Rewards,Curriculum,114,2,1,p1
Rewards_vs_Curriculum,Rewards,Curriculum,115,2,0,p1
Rewards_vs_Curriculum,Rewards,Curriculum,116,0,2,p2
Rewards_vs_Curriculum,Rewards,Curriculum,117,2,0,p1
Rewards_vs_Curriculum,Rewards,Curriculum,118,1,2,p2
Rewards_vs_Curriculum,Rewards,Curriculum,119,2,1,p1
Rewards_vs_Curriculum,Rewards,Curriculum,120,1,2,p2
Rewards_vs_Curriculum,Rewards,Curriculum,121,2,0,p1
Rewards_vs_Curriculum,Rewards,Curriculum,122,2,0,p1
Rewards_vs_Curriculum,Rewards,Curriculum,123,2,0,p1
Rewards_vs_Curriculum,Rewards,Curriculum,124,2,1,p1
Rewards_vs_Curriculum,Rewards,Curriculum,125,2,0,p1
Rewards_vs_Curriculum,Rewards,Curriculum,126,2,0,p1
Rewards_vs_Curriculum,Rewards,Curriculum,127,2,1,p1
Rewards_vs_Curriculum,Rewards,Curriculum,128,2,0,p1
Rewards_vs_Curriculum,Rewards,Curriculum,129,2,1,p1
Rewards_vs_Curriculum,Rewards,Curriculum,130,2,1,p1
Rewards_vs_Curriculum,Rewards,Curriculum,131,2,1,p1
Rewards_vs_Curriculum,Rewards,Curriculum,132,2,1,p1
Rewards_vs_Curriculum,Rewards,Curriculum,133,2,0,p1
Rewards_vs_Curriculum,Rewards,Curriculum,134,1,2,p2
Rewards_vs_Curriculum,Rewards,Curriculum,135,0,2,p2
Rewards_vs_Curriculum,Rewards,Curriculum,136,2,0,p1
Rewards_vs_Curriculum,Rewards,Curriculum,137,2,1,p1
Rewards_vs_Curriculum,Rewards,Curriculum,138,2,0,p1
Rewards_vs_Curriculum,Rewards,Curriculum,139,2,1,p1
Rewards_vs_Curriculum,Rewards,Curriculum,140,2,0,p1
Rewards_vs_Curriculum,Rewards,Curriculum,141,2,0,p1
Rewards_vs_Curriculum,Rewards,Curriculum,142,2,0,p1
Rewards_vs_Curriculum,Rewards,Curriculum,143,2,0,p1
Rewards_vs_Curriculum,Rewards,Curriculum,144,2,0,p1
Rewards_vs_Curriculum,Rewards,Curriculum,145,2,0,p1
Rewards_vs_Curriculum,Rewards,Curriculum,146,2,0,p1
Rewards_vs_Curriculum,Rewards,Curriculum,147,2,0,p1
Rewards_vs_Curriculum,Rewards,Curriculum,148,2,1,p1
Rewards_vs_Curriculum,Rewards,Curriculum,149,0,2,p2
Rewards_vs_Curriculum,Rewards,Curriculum,150,2,0,p1
Rewards_vs_Curriculum,Rewards,Curriculum,151,2,0,p1
Rewards_vs_Curriculum,Rewards,Curriculum,152,2,0,p1
Rewards_vs_Curriculum,Rewards,Curriculum,153,1,2,p2
Rewards_vs_Curriculum,Rewards,Curriculum,154,2,0,p1
Rewards_vs_Curriculum,Rewards,Curriculum,155,2,0,p1
Rewards_vs_Curriculum,Rewards,Curriculum,156,0,2,p2
Rewards_vs_Curriculum,Rewards,Curriculum,157,2,0,p1
Rewards_vs_Curriculum,Rewards,Curriculum,158,2,1,p1
Rewards_vs_Curriculum,Rewards,Curriculum,159,2,0,p1
Rewards_vs_Curriculum,Rewards,Curriculum,160,1,2,p2
Rewards_vs_Curriculum,Rewards,Curriculum,161,0,2,p2
Rewards_vs_Curriculum,Rewards,Curriculum,162,2,1,p1
Rewards_vs_Curriculum,Rewards,Curriculum,163,2,0,p1
Rewards_vs_Curriculum,Rewards,Curriculum,164,0,2,p2
Rewards_vs_Curriculum,Rewards,Curriculum,165,2,0,p1
Rewards_vs_Curriculum,Rewards,Curriculum,166,2,0,p1
Rewards_vs_Curriculum,Rewards,Curriculum,167,2,0,p1
Rewards_vs_Curriculum,Rewards,Curriculum,168,2,0,p1
Rewards_vs_Curriculum,Rewards,Curriculum,169,2,1,p1
Rewards_vs_Curriculum,Rewards,Curriculum,170,2,0,p1
Rewards_vs_Curriculum,Rewards,Curriculum,171,2,0,p1
Rewards_vs_Curriculum,Rewards,Curriculum,172,2,0,p1
Rewards_vs_Curriculum,Rewards,Curriculum,173,2,0,p1
Rewards_vs_Curriculum,Rewards,Curriculum,174,2,1,p1
Rewards_vs_Curriculum,Rewards,Curriculum,175,1,2,p2
Rewards_vs_Curriculum,Rewards,Curriculum,176,2,0,p1
Rewards_vs_Curriculum,Rewards,Curriculum,177,2,0,p1
Rewards_vs_Curriculum,Rewards,Curriculum,178,2,0,p1
Rewards_vs_Curriculum,Rewards,Curriculum,179,2,0,p1
Rewards_vs_Curriculum,Rewards,Curriculum,180,2,0,p1
Rewards_vs_Curriculum,Rewards,Curriculum,181,2,0,p1
Rewards_vs_Curriculum,Rewards,Curriculum,182,2,0,p1
Rewards_vs_Curriculum,Rewards,Curriculum,183,2,0,p1
Rewards_vs_Curriculum,Rewards,Curriculum,184,0,2,p2
Rewards_vs_Curriculum,Rewards,Curriculum,185,2,0,p1
Rewards_vs_Curriculum,Rewards,Curriculum,186,2,1,p1
Rewards_vs_Curriculum,Rewards,Curriculum,187,2,0,p1
Rewards_vs_Curriculum,Rewards,Curriculum,188,2,0,p1
Rewards_vs_Curriculum,Rewards,Curriculum,189,2,1,p1
Rewards_vs_Curriculum,Rewards,Curriculum,190,2,0,p1
Rewards_vs_Curriculum,Rewards,Curriculum,191,2,0,p1
Rewards_vs_Curriculum,Rewards,Curriculum,192,2,0,p1
Rewards_vs_Curriculum,Rewards,Curriculum,193,2,0,p1
Rewards_vs_Curriculum,Rewards,Curriculum,194,2,0,p1
Rewards_vs_Curriculum,Rewards,Curriculum,195,2,0,p1
Rewards_vs_Curriculum,Rewards,Curriculum,196,2,0,p1
Rewards_vs_Curriculum,Rewards,Curriculum,197,2,1,p1
Rewards_vs_Curriculum,Rewards,Curriculum,198,2,1,p1
Rewards_vs_Curriculum,Rewards,Curriculum,199,2,0,p1
Rewards_vs_Curriculum,Rewards,Curriculum,200,2,0,p1
Rewards_vs_Curriculum,Rewards,Curriculum,201,2,0,p1
Rewards_vs_Curriculum,Rewards,Curriculum,202,2,0,p1
Rewards_vs_Curriculum,Rewards,Curriculum,203,0,2,p2
Rewards_vs_Curriculum,Rewards,Curriculum,204,2,0,p1
Rewards_vs_Curriculum,Rewards,Curriculum,205,2,0,p1
Rewards_vs_Curriculum,Rewards,Curriculum,206,2,1,p1
Rewards_vs_Curriculum,Rewards,Curriculum,207,0,2,p2
Rewards_vs_Curriculum,Rewards,Curriculum,208,0,2,p2
Rewards_vs_Curriculum,Rewards,Curriculum,209,2,0,p1
Rewards_vs_Curriculum,Rewards,Curriculum,210,2,0,p1
Rewards_vs_Curriculum,Rewards,Curriculum,211,2,0,p1
Rewards_vs_Curriculum,Rewards,Curriculum,212,2,0,p1
Rewards_vs_Curriculum,Rewards,Curriculum,213,2,0,p1
Rewards_vs_Curriculum,Rewards,Curriculum,214,2,0,p1
Rewards_vs_Curriculum,Rewards,Curriculum,215,2,0,p1
Rewards_vs_Curriculum,Rewards,Curriculum,216,2,0,p1
Rewards_vs_Curriculum,Rewards,Curriculum,217,2,0,p1
Rewards_vs_Curriculum,Rewards,Curriculum,218,2,1,p1
Rewards_vs_Curriculum,Rewards,Curriculum,219,2,0,p1
Rewards_vs_Curriculum,Rewards,Curriculum,220,2,1,p1
Rewards_vs_Curriculum,Rewards,Curriculum,221,2,0,p1
Rewards_vs_Curriculum,Rewards,Curriculum,222,2,1,p1
Rewards_vs_Curriculum,Rewards,Curriculum,223,0,2,p2
Rewards_vs_Curriculum,Rewards,Curriculum,224,2,0,p1
Rewards_vs_Curriculum,Rewards,Curriculum,225,2,0,p1
Rewards_vs_Curriculum,Rewards,Curriculum,226,2,0,p1
Rewards_vs_Curriculum,Rewards,Curriculum,227,2,0,p1
Rewards_vs_Curriculum,Rewards,Curriculum,228,2,1,p1
Rewards_vs_Curriculum,Rewards,Curriculum,229,2,1,p1
Rewards_vs_Curriculum,Rewards,Curriculum,230,2,1,p1
Rewards_vs_Curriculum,Rewards,Curriculum,231,2,1,p1
Rewards_vs_Curriculum,Rewards,Curriculum,232,2,1,p1
Rewards_vs_Curriculum,Rewards,Curriculum,233,2,0,p1
Rewards_vs_Curriculum,Rewards,Curriculum,234,2,0,p1
Rewards_vs_Curriculum,Rewards,Curriculum,235,2,0,p1
Rewards_vs_Curriculum,Rewards,Curriculum,236,2,1,p1
Rewards_vs_Curriculum,Rewards,Curriculum,237,2,0,p1
Rewards_vs_Curriculum,Rewards,Curriculum,238,2,0,p1
Rewards_vs_Curriculum,Rewards,Curriculum,239,2,0,p1
Rewards_vs_Curriculum,Rewards,Curriculum,240,2,0,p1
Rewards_vs_Curriculum,Rewards,Curriculum,241,2,0,p1
Rewards_vs_Curriculum,Rewards,Curriculum,242,2,0,p1
Rewards_vs_Curriculum,Rewards,Curriculum,243,2,1,p1
Rewards_vs_Curriculum,Rewards,Curriculum,244,1,2,p2
Rewards_vs_Curriculum,Rewards,Curriculum,245,2,0,p1
Rewards_vs_Curriculum,Rewards,Curriculum,246,2,1,p1
Rewards_vs_Curriculum,Rewards,Curriculum,247,2,1,p1
Rewards_vs_Curriculum,Rewards,Curriculum,248,2,0,p1
Rewards_vs_Curriculum,Rewards,Curriculum,249,2,0,p1
Rewards_vs_Curriculum,Rewards,Curriculum,250,2,0,p1
Rewards_vs_Curriculum,Rewards,Curriculum,251,2,0,p1
Rewards_vs_Curriculum,Rewards,Curriculum,252,2,1,p1
Rewards_vs_Curriculum,Rewards,Curriculum,253,2,1,p1
Rewards_vs_Curriculum,Rewards,Curriculum,254,2,0,p1
Rewards_vs_Curriculum,Rewards,Curriculum,255,2,0,p1
Rewards_vs_Curriculum,Rewards,Curriculum,256,2,0,p1
Rewards_vs_Curriculum,Rewards,Curriculum,257,2,1,p1
Rewards_vs_Curriculum,Rewards,Curriculum,258,1,2,p2
Rewards_vs_Curriculum,Rewards,Curriculum,259,2,1,p1
Rewards_vs_Curriculum,Rewards,Curriculum,260,0,2,p2
Rewards_vs_Curriculum,Rewards,Curriculum,261,1,2,p2
Rewards_vs_Curriculum,Rewards,Curriculum,262,2,1,p1
Rewards_vs_Curriculum,Rewards,Curriculum,263,2,1,p1
Rewards_vs_Curriculum,Rewards,Curriculum,264,2,1,p1
Rewards_vs_Curriculum,Rewards,Curriculum,265,2,0,p1
Rewards_vs_Curriculum,Rewards,Curriculum,266,2,0,p1
Rewards_vs_Curriculum,Rewards,Curriculum,267,2,0,p1
Rewards_vs_Curriculum,Rewards,Curriculum,268,2,0,p1
Rewards_vs_Curriculum,Rewards,Curriculum,269,2,1,p1
Rewards_vs_Curriculum,Rewards,Curriculum,270,2,0,p1
Rewards_vs_Curriculum,Rewards,Curriculum,271,2,1,p1
Rewards_vs_Curriculum,Rewards,Curriculum,272,2,1,p1
Rewards_vs_Curriculum,Rewards,Curriculum,273,2,0,p1
Rewards_vs_Curriculum,Rewards,Curriculum,274,2,0,p1
Rewards_vs_Curriculum,Rewards,Curriculum,275,2,0,p1
Rewards_vs_Curriculum,Rewards,Curriculum,276,2,0,p1
Rewards_vs_Curriculum,Rewards,Curriculum,277,1,2,p2
Rewards_vs_Curriculum,Rewards,Curriculum,278,2,0,p1
Rewards_vs_Curriculum,Rewards,Curriculum,279,2,1,p1
Rewards_vs_Curriculum,Rewards,Curriculum,280,2,1,p1
Rewards_vs_Curriculum,Rewards,Curriculum,281,2,0,p1
Rewards_vs_Curriculum,Rewards,Curriculum,282,2,0,p1
Rewards_vs_Curriculum,Rewards,Curriculum,283,2,1,p1
Rewards_vs_Curriculum,Rewards,Curriculum,284,2,0,p1
Rewards_vs_Curriculum,Rewards,Curriculum,285,2,0,p1
Rewards_vs_Curriculum,Rewards,Curriculum,286,2,1,p1
Rewards_vs_Curriculum,Rewards,Curriculum,287,2,0,p1
Rewards_vs_Curriculum,Rewards,Curriculum,288,2,1,p1
Rewards_vs_Curriculum,Rewards,Curriculum,289,2,0,p1
Rewards_vs_Curriculum,Rewards,Curriculum,290,2,1,p1
Rewards_vs_Curriculum,Rewards,Curriculum,291,2,0,p1
Rewards_vs_Curriculum,Rewards,Curriculum,292,2,0,p1
Rewards_vs_Curriculum,Rewards,Curriculum,293,2,1,p1
Rewards_vs_Curriculum,Rewards,Curriculum,294,2,0,p1
Rewards_vs_Curriculum,Rewards,Curriculum,295,2,1,p1
Rewards_vs_Curriculum,Rewards,Curriculum,296,2,1,p1
Rewards_vs_Curriculum,Rewards,Curriculum,297,2,0,p1
Rewards_vs_Curriculum,Rewards,Curriculum,298,2,0,p1
Rewards_vs_Curriculum,Rewards,Curriculum,299,2,0,p1
Rewards_vs_Curriculum,Rewards,Curriculum,300,2,0,p1
Rewards_vs_Curriculum,Rewards,Curriculum,301,2,1,p1
Rewards_vs_Curriculum,Rewards,Curriculum,302,2,0,p1
Rewards_vs_Curriculum,Rewards,Curriculum,303,1,2,p2
Rewards_vs_Curriculum,Rewards,Curriculum,304,2,0,p1
Rewards_vs_Curriculum,Rewards,Curriculum,305,2,0,p1
Rewards_vs_Curriculum,Rewards,Curriculum,306,2,0,p1
Rewards_vs_Curriculum,Rewards,Curriculum,307,2,0,p1
Rewards_vs_Curriculum,Rewards,Curriculum,308,2,0,p1
Rewards_vs_Curriculum,Rewards,Curriculum,309,1,2,p2
Rewards_vs_Curriculum,Rewards,Curriculum,310,1,2,p2
Rewards_vs_Curriculum,Rewards,Curriculum,311,2,1,p1
Rewards_vs_Curriculum,Rewards,Curriculum,312,2,0,p1
Rewards_vs_Curriculum,Rewards,Curriculum,313,2,0,p1
Rewards_vs_Curriculum,Rewards,Curriculum,314,0,2,p2
Rewards_vs_Curriculum,Rewards,Curriculum,315,2,1,p1
Rewards_vs_Curriculum,Rewards,Curriculum,316,2,1,p1
Rewards_vs_Curriculum,Rewards,Curriculum,317,2,0,p1
Rewards_vs_Curriculum,Rewards,Curriculum,318,2,1,p1
Rewards_vs_Curriculum,Rewards,Curriculum,319,2,0,p1
Rewards_vs_Curriculum,Rewards,Curriculum,320,2,0,p1
Rewards_vs_Curriculum,Rewards,Curriculum,321,2,0,p1
Rewards_vs_Curriculum,Rewards,Curriculum,322,2,0,p1
Rewards_vs_Curriculum,Rewards,Curriculum,323,1,2,p2
Rewards_vs_Curriculum,Rewards,Curriculum,324,2,0,p1
Rewards_vs_Curriculum,Rewards,Curriculum,325,2,0,p1
Rewards_vs_Curriculum,Rewards,Curriculum,326,2,1,p1
Rewards_vs_Curriculum,Rewards,Curriculum,327,2,0,p1
Rewards_vs_Curriculum,Rewards,Curriculum,328,2,0,p1
Rewards_vs_Curriculum,Rewards,Curriculum,329,2,0,p1
Rewards_vs_Curriculum,Rewards,Curriculum,330,2,0,p1
Rewards_vs_Curriculum,Rewards,Curriculum,331,2,0,p1
Rewards_vs_Curriculum,Rewards,Curriculum,332,2,0,p1
Rewards_vs_Curriculum,Rewards,Curriculum,333,2,0,p1
Rewards_vs_Curriculum,Rewards,Curriculum,334,2,1,p1
Rewards_vs_Curriculum,Rewards,Curriculum,335,2,0,p1
Rewards_vs_Curriculum,Rewards,Curriculum,336,2,0,p1
Rewards_vs_Curriculum,Rewards,Curriculum,337,2,1,p1
Rewards_vs_Curriculum,Rewards,Curriculum,338,2,0,p1
Rewards_vs_Curriculum,Rewards,Curriculum,339,2,1,p1
Rewards_vs_Curriculum,Rewards,Curriculum,340,2,0,p1
Rewards_vs_Curriculum,Rewards,Curriculum,341,2,0,p1
Rewards_vs_Curriculum,Rewards,Curriculum,342,0,2,p2
Rewards_vs_Curriculum,Rewards,Curriculum,343,2,0,p1
Rewards_vs_Curriculum,Rewards,Curriculum,344,2,0,p1
Rewards_vs_Curriculum,Rewards,Curriculum,345,2,0,p1
Rewards_vs_Curriculum,Rewards,Curriculum,346,2,0,p1
Rewards_vs_Curriculum,Rewards,Curriculum,347,2,0,p1
Rewards_vs_Curriculum,Rewards,Curriculum,348,1,2,p2
Rewards_vs_Curriculum,Rewards,Curriculum,349,2,0,p1
Rewards_vs_Curriculum,Rewards,Curriculum,350,2,0,p1
Rewards_vs_Curriculum,Rewards,Curriculum,351,2,0,p1
Rewards_vs_Curriculum,Rewards,Curriculum,352,1,2,p2
Rewards_vs_Curriculum,Rewards,Curriculum,353,2,0,p1
Rewards_vs_Curriculum,Rewards,Curriculum,354,2,0,p1
Rewards_vs_Curriculum,Rewards,Curriculum,355,1,2,p2
Rewards_vs_Curriculum,Rewards,Curriculum,356,2,0,p1
Rewards_vs_Curriculum,Rewards,Curriculum,357,2,0,p1
Rewards_vs_Curriculum,Rewards,Curriculum,358,2,1,p1
Rewards_vs_Curriculum,Rewards,Curriculum,359,2,0,p1
Rewards_vs_Curriculum,Rewards,Curriculum,360,2,0,p1
Rewards_vs_Curriculum,Rewards,Curriculum,361,2,0,p1
Rewards_vs_Curriculum,Rewards,Curriculum,362,2,0,p1
Rewards_vs_Curriculum,Rewards,Curriculum,363,2,0,p1
Rewards_vs_Curriculum,Rewards,Curriculum,364,2,0,p1
Rewards_vs_Curriculum,Rewards,Curriculum,365,1,2,p2
Rewards_vs_Curriculum,Rewards,Curriculum,366,2,0,p1
Rewards_vs_Curriculum,Rewards,Curriculum,367,2,0,p1
Rewards_vs_Curriculum,Rewards,Curriculum,368,0,2,p2
Rewards_vs_Curriculum,Rewards,Curriculum,369,2,0,p1
Rewards_vs_Curriculum,Rewards,Curriculum,370,2,1,p1
Rewards_vs_Curriculum,Rewards,Curriculum,371,2,0,p1
Rewards_vs_Curriculum,Rewards,Curriculum,372,2,1,p1
Rewards_vs_Curriculum,Rewards,Curriculum,373,2,1,p1
Rewards_vs_Curriculum,Rewards,Curriculum,374,2,0,p1
Rewards_vs_Curriculum,Rewards,Curriculum,375,2,0,p1
Rewards_vs_Curriculum,Rewards,Curriculum,376,2,0,p1
Rewards_vs_Curriculum,Rewards,Curriculum,377,1,2,p2
Rewards_vs_Curriculum,Rewards,Curriculum,378,2,0,p1
Rewards_vs_Curriculum,Rewards,Curriculum,379,2,0,p1
Rewards_vs_Curriculum,Rewards,Curriculum,380,0,2,p2
Rewards_vs_Curriculum,Rewards,Curriculum,381,1,2,p2
Rewards_vs_Curriculum,Rewards,Curriculum,382,2,0,p1
Rewards_vs_Curriculum,Rewards,Curriculum,383,2,0,p1
Rewards_vs_Curriculum,Rewards,Curriculum,384,2,1,p1
Rewards_vs_Curriculum,Rewards,Curriculum,385,2,1,p1
Rewards_vs_Curriculum,Rewards,Curriculum,386,2,0,p1
Rewards_vs_Curriculum,Rewards,Curriculum,387,1,2,p2
Rewards_vs_Curriculum,Rewards,Curriculum,388,2,0,p1
Rewards_vs_Curriculum,Rewards,Curriculum,389,2,0,p1
Rewards_vs_Curriculum,Rewards,Curriculum,390,1,2,p2
Rewards_vs_Curriculum,Rewards,Curriculum,391,2,0,p1
Rewards_vs_Curriculum,Rewards,Curriculum,392,2,0,p1
Rewards_vs_Curriculum,Rewards,Curriculum,393,2,0,p1
Rewards_vs_Curriculum,Rewards,Curriculum,394,2,1,p1
Rewards_vs_Curriculum,Rewards,Curriculum,395,2,0,p1
Rewards_vs_Curriculum,Rewards,Curriculum,396,2,0,p1
Rewards_vs_Curriculum,Rewards,Curriculum,397,2,0,p1
Rewards_vs_Curriculum,Rewards,Curriculum,398,2,0,p1
Rewards_vs_Curriculum,Rewards,Curriculum,399,2,1,p1
Rewards_vs_Curriculum,Rewards,Curriculum,400,2,0,p1
Rewards_vs_Curriculum,Rewards,Curriculum,401,2,0,p1
Rewards_vs_Curriculum,Rewards,Curriculum,402,2,0,p1
Rewards_vs_Curriculum,Rewards,Curriculum,403,2,0,p1
Rewards_vs_Curriculum,Rewards,Curriculum,404,2,0,p1
Rewards_vs_Curriculum,Rewards,Curriculum,405,2,0,p1
Rewards_vs_Curriculum,Rewards,Curriculum,406,1,2,p2
Rewards_vs_Curriculum,Rewards,Curriculum,407,2,0,p1
Rewards_vs_Curriculum,Rewards,Curriculum,408,1,2,p2
Rewards_vs_Curriculum,Rewards,Curriculum,409,2,1,p1
Rewards_vs_Curriculum,Rewards,Curriculum,410,2,0,p1
Rewards_vs_Curriculum,Rewards,Curriculum,411,2,1,p1
Rewards_vs_Curriculum,Rewards,Curriculum,412,2,0,p1
Rewards_vs_Curriculum,Rewards,Curriculum,413,2,0,p1
Rewards_vs_Curriculum,Rewards,Curriculum,414,2,0,p1
Rewards_vs_Curriculum,Rewards,Curriculum,415,2,0,p1
Rewards_vs_Curriculum,Rewards,Curriculum,416,1,2,p2
Rewards_vs_Curriculum,Rewards,Curriculum,417,2,0,p1
Rewards_vs_Curriculum,Rewards,Curriculum,418,2,0,p1
Rewards_vs_Curriculum,Rewards,Curriculum,419,2,0,p1
Rewards_vs_Curriculum,Rewards,Curriculum,420,2,0,p1
Rewards_vs_Curriculum,Rewards,Curriculum,421,2,0,p1
Rewards_vs_Curriculum,Rewards,Curriculum,422,2,0,p1
Rewards_vs_Curriculum,Rewards,Curriculum,423,2,0,p1
Rewards_vs_Curriculum,Rewards,Curriculum,424,2,0,p1
Rewards_vs_Curriculum,Rewards,Curriculum,425,2,1,p1
Rewards_vs_Curriculum,Rewards,Curriculum,426,2,1,p1
Rewards_vs_Curriculum,Rewards,Curriculum,427,2,0,p1
Rewards_vs_Curriculum,Rewards,Curriculum,428,2,1,p1
Rewards_vs_Curriculum,Rewards,Curriculum,429,2,1,p1
Rewards_vs_Curriculum,Rewards,Curriculum,430,2,0,p1
Rewards_vs_Curriculum,Rewards,Curriculum,431,2,0,p1
Rewards_vs_Curriculum,Rewards,Curriculum,432,0,2,p2
Rewards_vs_Curriculum,Rewards,Curriculum,433,0,2,p2
Rewards_vs_Curriculum,Rewards,Curriculum,434,2,1,p1
Rewards_vs_Curriculum,Rewards,Curriculum,435,2,0,p1
Rewards_vs_Curriculum,Rewards,Curriculum,436,2,1,p1
Rewards_vs_Curriculum,Rewards,Curriculum,437,2,1,p1
Rewards_vs_Curriculum,Rewards,Curriculum,438,2,0,p1
Rewards_vs_Curriculum,Rewards,Curriculum,439,2,0,p1
Rewards_vs_Curriculum,Rewards,Curriculum,440,2,1,p1
Rewards_vs_Curriculum,Rewards,Curriculum,441,2,0,p1
Rewards_vs_Curriculum,Rewards,Curriculum,442,2,0,p1
Rewards_vs_Curriculum,Rewards,Curriculum,443,2,1,p1
Rewards_vs_Curriculum,Rewards,Curriculum,444,2,1,p1
Rewards_vs_Curriculum,Rewards,Curriculum,445,2,0,p1
Rewards_vs_Curriculum,Rewards,Curriculum,446,0,2,p2
Rewards_vs_Curriculum,Rewards,Curriculum,447,2,0,p1
Rewards_vs_Curriculum,Rewards,Curriculum,448,2,1,p1
Rewards_vs_Curriculum,Rewards,Curriculum,449,2,0,p1
Rewards_vs_Curriculum,Rewards,Curriculum,450,2,0,p1
Rewards_vs_Curriculum,Rewards,Curriculum,451,2,0,p1
Rewards_vs_Curriculum,Rewards,Curriculum,452,2,1,p1
Rewards_vs_Curriculum,Rewards,Curriculum,453,2,0,p1
Rewards_vs_Curriculum,Rewards,Curriculum,454,2,0,p1
Rewards_vs_Curriculum,Rewards,Curriculum,455,2,0,p1
Rewards_vs_Curriculum,Rewards,Curriculum,456,2,1,p1
Rewards_vs_Curriculum,Rewards,Curriculum,457,2,0,p1
Rewards_vs_Curriculum,Rewards,Curriculum,458,2,1,p1
Rewards_vs_Curriculum,Rewards,Curriculum,459,2,0,p1
Rewards_vs_Curriculum,Rewards,Curriculum,460,2,1,p1
Rewards_vs_Curriculum,Rewards,Curriculum,461,2,0,p1
Rewards_vs_Curriculum,Rewards,Curriculum,462,2,1,p1
Rewards_vs_Curriculum,Rewards,Curriculum,463,2,0,p1
Rewards_vs_Curriculum,Rewards,Curriculum,464,2,0,p1
Rewards_vs_Curriculum,Rewards,Curriculum,465,2,0,p1
Rewards_vs_Curriculum,Rewards,Curriculum,466,2,0,p1
Rewards_vs_Curriculum,Rewards,Curriculum,467,2,0,p1
Rewards_vs_Curriculum,Rewards,Curriculum,468,2,0,p1
Rewards_vs_Curriculum,Rewards,Curriculum,469,2,0,p1
Rewards_vs_Curriculum,Rewards,Curriculum,470,2,0,p1
Rewards_vs_Curriculum,Rewards,Curriculum,471,2,1,p1
Rewards_vs_Curriculum,Rewards,Curriculum,472,2,0,p1
Rewards_vs_Curriculum,Rewards,Curriculum,473,2,0,p1
Rewards_vs_Curriculum,Rewards,Curriculum,474,2,0,p1
Rewards_vs_Curriculum,Rewards,Curriculum,475,2,0,p1
Rewards_vs_Curriculum,Rewards,Curriculum,476,2,0,p1
Rewards_vs_Curriculum,Rewards,Curriculum,477,2,0,p1
Rewards_vs_Curriculum,Rewards,Curriculum,478,2,0,p1
Rewards_vs_Curriculum,Rewards,Curriculum,479,2,1,p1
Rewards_vs_Curriculum,Rewards,Curriculum,480,2,1,p1
Rewards_vs_Curriculum,Rewards,Curriculum,481,2,1,p1
Rewards_vs_Curriculum,Rewards,Curriculum,482,1,2,p2
Rewards_vs_Curriculum,Rewards,Curriculum,483,2,1,p1
Rewards_vs_Curriculum,Rewards,Curriculum,484,2,0,p1
Rewards_vs_Curriculum,Rewards,Curriculum,485,1,2,p2
Rewards_vs_Curriculum,Rewards,Curriculum,486,2,0,p1
Rewards_vs_Curriculum,Rewards,Curriculum,487,2,1,p1
Rewards_vs_Curriculum,Rewards,Curriculum,488,2,0,p1
Rewards_vs_Curriculum,Rewards,Curriculum,489,2,1,p1
Rewards_vs_Curriculum,Rewards,Curriculum,490,2,0,p1
Rewards_vs_Curriculum,Rewards,Curriculum,491,2,0,p1
Rewards_vs_Curriculum,Rewards,Curriculum,492,2,0,p1
Rewards_vs_Curriculum,Rewards,Curriculum,493,2,0,p1
Rewards_vs_Curriculum,Rewards,Curriculum,494,2,1,p1
Rewards_vs_Curriculum,Rewards,Curriculum,495,2,0,p1
Rewards_vs_Curriculum,Rewards,Curriculum,496,2,0,p1
Rewards_vs_Curriculum,Rewards,Curriculum,497,2,0,p1
Rewards_vs_Curriculum,Rewards,Curriculum,498,1,2,p2
Rewards_vs_Curriculum,Rewards,Curriculum,499,2,0,p1
Rewards_vs_Curriculum,Rewards,Curriculum,500,2,1,p1
Rewards_vs_Curriculum,Rewards,Curriculum,501,2,0,p1
Rewards_vs_Curriculum,Rewards,Curriculum,502,2,1,p1
Rewards_vs_Curriculum,Rewards,Curriculum,503,2,0,p1
Rewards_vs_Curriculum,Rewards,Curriculum,504,2,0,p1
Rewards_vs_Curriculum,Rewards,Curriculum,505,2,0,p1
Rewards_vs_Curriculum,Rewards,Curriculum,506,2,1,p1
Rewards_vs_Curriculum,Rewards,Curriculum,507,2,1,p1
Rewards_vs_Curriculum,Rewards,Curriculum,508,2,1,p1
Rewards_vs_Curriculum,Rewards,Curriculum,509,2,1,p1
Rewards_vs_Curriculum,Rewards,Curriculum,510,2,0,p1
Rewards_vs_Curriculum,Rewards,Curriculum,511,2,0,p1
Rewards_vs_Curriculum,Rewards,Curriculum,512,2,0,p1
Rewards_vs_Curriculum,Rewards,Curriculum,513,2,0,p1
Rewards_vs_Curriculum,Rewards,Curriculum,514,2,0,p1
Rewards_vs_Curriculum,Rewards,Curriculum,515,1,2,p2
Rewards_vs_Curriculum,Rewards,Curriculum,516,2,1,p1
Rewards_vs_Curriculum,Rewards,Curriculum,517,1,0,p1
Rewards_vs_Curriculum,Rewards,Curriculum,518,2,1,p1
Rewards_vs_Curriculum,Rewards,Curriculum,519,2,0,p1
Rewards_vs_Curriculum,Rewards,Curriculum,520,2,0,p1
Rewards_vs_Curriculum,Rewards,Curriculum,521,0,2,p2
Rewards_vs_Curriculum,Rewards,Curriculum,522,2,1,p1
Rewards_vs_Curriculum,Rewards,Curriculum,523,2,1,p1
Rewards_vs_Curriculum,Rewards,Curriculum,524,2,0,p1
Rewards_vs_Curriculum,Rewards,Curriculum,525,2,0,p1
Rewards_vs_Curriculum,Rewards,Curriculum,526,2,0,p1
Rewards_vs_Curriculum,Rewards,Curriculum,527,1,0,p1
Rewards_vs_Curriculum,Rewards,Curriculum,528,2,0,p1
Rewards_vs_Curriculum,Rewards,Curriculum,529,2,1,p1
Rewards_vs_Curriculum,Rewards,Curriculum,530,2,0,p1
Rewards_vs_Curriculum,Rewards,Curriculum,531,2,0,p1
Rewards_vs_Curriculum,Rewards,Curriculum,532,2,1,p1
Rewards_vs_Curriculum,Rewards,Curriculum,533,2,0,p1
Rewards_vs_Curriculum,Rewards,Curriculum,534,2,0,p1
Rewards_vs_Curriculum,Rewards,Curriculum,535,2,1,p1
Rewards_vs_Curriculum,Rewards,Curriculum,536,2,0,p1
Rewards_vs_Curriculum,Rewards,Curriculum,537,2,0,p1
Rewards_vs_Curriculum,Rewards,Curriculum,538,2,0,p1
Rewards_vs_Curriculum,Rewards,Curriculum,539,2,0,p1
Rewards_vs_Curriculum,Rewards,Curriculum,540,2,0,p1
Rewards_vs_Curriculum,Rewards,Curriculum,541,1,2,p2
Rewards_vs_Curriculum,Rewards,Curriculum,542,1,1,draw
Rewards_vs_Curriculum,Rewards,Curriculum,543,2,0,p1
Rewards_vs_Curriculum,Rewards,Curriculum,544,2,1,p1
Rewards_vs_Curriculum,Rewards,Curriculum,545,2,0,p1
Rewards_vs_Curriculum,Rewards,Curriculum,546,2,0,p1
Rewards_vs_Curriculum,Rewards,Curriculum,547,2,0,p1
Rewards_vs_Curriculum,Rewards,Curriculum,548,2,0,p1
Rewards_vs_Curriculum,Rewards,Curriculum,549,2,0,p1
Rewards_vs_Curriculum,Rewards,Curriculum,550,2,0,p1
Rewards_vs_Curriculum,Rewards,Curriculum,551,2,0,p1
Rewards_vs_Curriculum,Rewards,Curriculum,552,2,0,p1
Rewards_vs_Curriculum,Rewards,Curriculum,553,2,0,p1
Rewards_vs_Curriculum,Rewards,Curriculum,554,2,0,p1
Rewards_vs_Curriculum,Rewards,Curriculum,555,2,0,p1
Rewards_vs_Curriculum,Rewards,Curriculum,556,2,0,p1
Rewards_vs_Curriculum,Rewards,Curriculum,557,2,0,p1
Rewards_vs_Curriculum,Rewards,Curriculum,558,2,0,p1
Rewards_vs_Curriculum,Rewards,Curriculum,559,2,1,p1
Rewards_vs_Curriculum,Rewards,Curriculum,560,2,0,p1
Rewards_vs_Curriculum,Rewards,Curriculum,561,2,0,p1
Rewards_vs_Curriculum,Rewards,Curriculum,562,0,2,p2
Rewards_vs_Curriculum,Rewards,Curriculum,563,2,0,p1
Rewards_vs_Curriculum,Rewards,Curriculum,564,2,1,p1
Rewards_vs_Curriculum,Rewards,Curriculum,565,2,1,p1
Rewards_vs_Curriculum,Rewards,Curriculum,566,2,0,p1
Rewards_vs_Curriculum,Rewards,Curriculum,567,2,1,p1
Rewards_vs_Curriculum,Rewards,Curriculum,568,2,0,p1
Rewards_vs_Curriculum,Rewards,Curriculum,569,2,1,p1
Rewards_vs_Curriculum,Rewards,Curriculum,570,2,0,p1
Rewards_vs_Curriculum,Rewards,Curriculum,571,0,2,p2
Rewards_vs_Curriculum,Rewards,Curriculum,572,2,0,p1
Rewards_vs_Curriculum,Rewards,Curriculum,573,2,1,p1
Rewards_vs_Curriculum,Rewards,Curriculum,574,2,0,p1
Rewards_vs_Curriculum,Rewards,Curriculum,575,2,0,p1
Rewards_vs_Curriculum,Rewards,Curriculum,576,2,0,p1
Rewards_vs_Curriculum,Rewards,Curriculum,577,2,0,p1
Rewards_vs_Curriculum,Rewards,Curriculum,578,2,0,p1
Rewards_vs_Curriculum,Rewards,Curriculum,579,2,0,p1
Rewards_vs_Curriculum,Rewards,Curriculum,580,1,2,p2
Rewards_vs_Curriculum,Rewards,Curriculum,581,2,1,p1
Rewards_vs_Curriculum,Rewards,Curriculum,582,2,0,p1
Rewards_vs_Curriculum,Rewards,Curriculum,583,2,0,p1
Rewards_vs_Curriculum,Rewards,Curriculum,584,2,0,p1
Rewards_vs_Curriculum,Rewards,Curriculum,585,2,0,p1
Rewards_vs_Curriculum,Rewards,Curriculum,586,2,0,p1
Rewards_vs_Curriculum,Rewards,Curriculum,587,2,1,p1
Rewards_vs_Curriculum,Rewards,Curriculum,588,2,0,p1
Rewards_vs_Curriculum,Rewards,Curriculum,589,1,2,p2
Rewards_vs_Curriculum,Rewards,Curriculum,590,2,1,p1
Rewards_vs_Curriculum,Rewards,Curriculum,591,2,1,p1
Rewards_vs_Curriculum,Rewards,Curriculum,592,2,0,p1
Rewards_vs_Curriculum,Rewards,Curriculum,593,2,0,p1
Rewards_vs_Curriculum,Rewards,Curriculum,594,2,1,p1
Rewards_vs_Curriculum,Rewards,Curriculum,595,1,0,p1
Rewards_vs_Curriculum,Rewards,Curriculum,596,2,0,p1
Rewards_vs_Curriculum,Rewards,Curriculum,597,2,0,p1
Rewards_vs_Curriculum,Rewards,Curriculum,598,2,0,p1
Rewards_vs_Curriculum,Rewards,Curriculum,599,1,2,p2
Rewards_vs_Curriculum,Rewards,Curriculum,600,1,2,p2
Rewards_vs_Curriculum,Rewards,Curriculum,601,1,2,p2
Rewards_vs_Curriculum,Rewards,Curriculum,602,2,0,p1
Rewards_vs_Curriculum,Rewards,Curriculum,603,2,1,p1
Rewards_vs_Curriculum,Rewards,Curriculum,604,2,0,p1
Rewards_vs_Curriculum,Rewards,Curriculum,605,2,0,p1
Rewards_vs_Curriculum,Rewards,Curriculum,606,2,0,p1
Rewards_vs_Curriculum,Rewards,Curriculum,607,2,0,p1
Rewards_vs_Curriculum,Rewards,Curriculum,608,2,0,p1
Rewards_vs_Curriculum,Rewards,Curriculum,609,2,0,p1
Rewards_vs_Curriculum,Rewards,Curriculum,610,2,0,p1
Rewards_vs_Curriculum,Rewards,Curriculum,611,2,0,p1
Rewards_vs_Curriculum,Rewards,Curriculum,612,2,1,p1
Rewards_vs_Curriculum,Rewards,Curriculum,613,2,0,p1
Rewards_vs_Curriculum,Rewards,Curriculum,614,2,0,p1
Rewards_vs_Curriculum,Rewards,Curriculum,615,2,1,p1
Rewards_vs_Curriculum,Rewards,Curriculum,616,2,0,p1
Rewards_vs_Curriculum,Rewards,Curriculum,617,2,0,p1
Rewards_vs_Curriculum,Rewards,Curriculum,618,2,0,p1
Rewards_vs_Curriculum,Rewards,Curriculum,619,2,0,p1
Rewards_vs_Curriculum,Rewards,Curriculum,620,2,0,p1
Rewards_vs_Curriculum,Rewards,Curriculum,621,2,1,p1
Rewards_vs_Curriculum,Rewards,Curriculum,622,2,0,p1
Rewards_vs_Curriculum,Rewards,Curriculum,623,2,0,p1
Rewards_vs_Curriculum,Rewards,Curriculum,624,2,0,p1
Rewards_vs_Curriculum,Rewards,Curriculum,625,2,1,p1
Rewards_vs_Curriculum,Rewards,Curriculum,626,2,1,p1
Rewards_vs_Curriculum,Rewards,Curriculum,627,2,1,p1
Rewards_vs_Curriculum,Rewards,Curriculum,628,2,0,p1
Rewards_vs_Curriculum,Rewards,Curriculum,629,2,0,p1
Rewards_vs_Curriculum,Rewards,Curriculum,630,2,0,p1
Rewards_vs_Curriculum,Rewards,Curriculum,631,2,0,p1
Rewards_vs_Curriculum,Rewards,Curriculum,632,2,0,p1
Rewards_vs_Curriculum,Rewards,Curriculum,633,2,0,p1
Rewards_vs_Curriculum,Rewards,Curriculum,634,2,0,p1
Rewards_vs_Curriculum,Rewards,Curriculum,635,2,0,p1
Rewards_vs_Curriculum,Rewards,Curriculum,636,2,0,p1
Rewards_vs_Curriculum,Rewards,Curriculum,637,2,0,p1
Rewards_vs_Curriculum,Rewards,Curriculum,638,2,1,p1
Rewards_vs_Curriculum,Rewards,Curriculum,639,2,1,p1
Rewards_vs_Curriculum,Rewards,Curriculum,640,2,0,p1
Rewards_vs_Curriculum,Rewards,Curriculum,641,1,2,p2
Rewards_vs_Curriculum,Rewards,Curriculum,642,2,1,p1
Rewards_vs_Curriculum,Rewards,Curriculum,643,2,0,p1
Rewards_vs_Curriculum,Rewards,Curriculum,644,0,2,p2
Rewards_vs_Curriculum,Rewards,Curriculum,645,2,0,p1
Rewards_vs_Curriculum,Rewards,Curriculum,646,2,0,p1
Rewards_vs_Curriculum,Rewards,Curriculum,647,2,0,p1
Rewards_vs_Curriculum,Rewards,Curriculum,648,2,1,p1
Rewards_vs_Curriculum,Rewards,Curriculum,649,2,1,p1
Rewards_vs_Curriculum,Rewards,Curriculum,650,2,0,p1
Rewards_vs_Curriculum,Rewards,Curriculum,651,2,0,p1
Rewards_vs_Curriculum,Rewards,Curriculum,652,2,0,p1
Rewards_vs_Curriculum,Rewards,Curriculum,653,2,0,p1
Rewards_vs_Curriculum,Rewards,Curriculum,654,2,0,p1
Rewards_vs_Curriculum,Rewards,Curriculum,655,2,0,p1
Rewards_vs_Curriculum,Rewards,Curriculum,656,1,2,p2
Rewards_vs_Curriculum,Rewards,Curriculum,657,2,0,p1
Rewards_vs_Curriculum,Rewards,Curriculum,658,2,1,p1
Rewards_vs_Curriculum,Rewards,Curriculum,659,2,0,p1
Rewards_vs_Curriculum,Rewards,Curriculum,660,2,1,p1
Rewards_vs_Curriculum,Rewards,Curriculum,661,2,1,p1
Rewards_vs_Curriculum,Rewards,Curriculum,662,2,0,p1
Rewards_vs_Curriculum,Rewards,Curriculum,663,2,0,p1
Rewards_vs_Curriculum,Rewards,Curriculum,664,2,1,p1
Rewards_vs_Curriculum,Rewards,Curriculum,665,2,0,p1
Rewards_vs_Curriculum,Rewards,Curriculum,666,2,0,p1
Rewards_vs_Curriculum,Rewards,Curriculum,667,2,0,p1
Rewards_vs_Curriculum,Rewards,Curriculum,668,2,0,p1
Rewards_vs_Curriculum,Rewards,Curriculum,669,2,0,p1
Rewards_vs_Curriculum,Rewards,Curriculum,670,2,1,p1
Rewards_vs_Curriculum,Rewards,Curriculum,671,2,0,p1
Rewards_vs_Curriculum,Rewards,Curriculum,672,2,1,p1
Rewards_vs_Curriculum,Rewards,Curriculum,673,2,0,p1
Rewards_vs_Curriculum,Rewards,Curriculum,674,1,2,p2
Rewards_vs_Curriculum,Rewards,Curriculum,675,2,0,p1
Rewards_vs_Curriculum,Rewards,Curriculum,676,2,1,p1
Rewards_vs_Curriculum,Rewards,Curriculum,677,2,1,p1
Rewards_vs_Curriculum,Rewards,Curriculum,678,2,0,p1
Rewards_vs_Curriculum,Rewards,Curriculum,679,2,0,p1
Rewards_vs_Curriculum,Rewards,Curriculum,680,2,0,p1
Rewards_vs_Curriculum,Rewards,Curriculum,681,2,1,p1
Rewards_vs_Curriculum,Rewards,Curriculum,682,2,0,p1
Rewards_vs_Curriculum,Rewards,Curriculum,683,2,1,p1
Rewards_vs_Curriculum,Rewards,Curriculum,684,2,0,p1
Rewards_vs_Curriculum,Rewards,Curriculum,685,2,1,p1
Rewards_vs_Curriculum,Rewards,Curriculum,686,2,0,p1
Rewards_vs_Curriculum,Rewards,Curriculum,687,2,1,p1
Rewards_vs_Curriculum,Rewards,Curriculum,688,2,1,p1
Rewards_vs_Curriculum,Rewards,Curriculum,689,2,0,p1
Rewards_vs_Curriculum,Rewards,Curriculum,690,2,0,p1
Rewards_vs_Curriculum,Rewards,Curriculum,691,2,1,p1
Rewards_vs_Curriculum,Rewards,Curriculum,692,2,0,p1
Rewards_vs_Curriculum,Rewards,Curriculum,693,2,0,p1
Rewards_vs_Curriculum,Rewards,Curriculum,694,2,0,p1
Rewards_vs_Curriculum,Rewards,Curriculum,695,2,0,p1
Rewards_vs_Curriculum,Rewards,Curriculum,696,2,0,p1
Rewards_vs_Curriculum,Rewards,Curriculum,697,1,2,p2
Rewards_vs_Curriculum,Rewards,Curriculum,698,2,1,p1
Rewards_vs_Curriculum,Rewards,Curriculum,699,2,1,p1
Rewards_vs_Curriculum,Rewards,Curriculum,700,2,0,p1
Rewards_vs_Curriculum,Rewards,Curriculum,701,2,0,p1
Rewards_vs_Curriculum,Rewards,Curriculum,702,2,0,p1
Rewards_vs_Curriculum,Rewards,Curriculum,703,1,2,p2
Rewards_vs_Curriculum,Rewards,Curriculum,704,1,2,p2
Rewards_vs_Curriculum,Rewards,Curriculum,705,2,0,p1
Rewards_vs_Curriculum,Rewards,Curriculum,706,2,0,p1
Rewards_vs_Curriculum,Rewards,Curriculum,707,2,0,p1
Rewards_vs_Curriculum,Rewards,Curriculum,708,2,0,p1
Rewards_vs_Curriculum,Rewards,Curriculum,709,2,0,p1
Rewards_vs_Curriculum,Rewards,Curriculum,710,2,1,p1
Rewards_vs_Curriculum,Rewards,Curriculum,711,0,2,p2
Rewards_vs_Curriculum,Rewards,Curriculum,712,2,0,p1
Rewards_vs_Curriculum,Rewards,Curriculum,713,2,0,p1
Rewards_vs_Curriculum,Rewards,Curriculum,714,2,0,p1
Rewards_vs_Curriculum,Rewards,Curriculum,715,2,1,p1
Rewards_vs_Curriculum,Rewards,Curriculum,716,2,0,p1
Rewards_vs_Curriculum,Rewards,Curriculum,717,1,2,p2
Rewards_vs_Curriculum,Rewards,Curriculum,718,2,1,p1
Rewards_vs_Curriculum,Rewards,Curriculum,719,2,0,p1
Rewards_vs_Curriculum,Rewards,Curriculum,720,2,1,p1
Rewards_vs_Curriculum,Rewards,Curriculum,721,2,1,p1
Rewards_vs_Curriculum,Rewards,Curriculum,722,2,0,p1
Rewards_vs_Curriculum,Rewards,Curriculum,723,0,2,p2
Rewards_vs_Curriculum,Rewards,Curriculum,724,2,0,p1
Rewards_vs_Curriculum,Rewards,Curriculum,725,2,0,p1
Rewards_vs_Curriculum,Rewards,Curriculum,726,2,0,p1
Rewards_vs_Curriculum,Rewards,Curriculum,727,2,1,p1
Rewards_vs_Curriculum,Rewards,Curriculum,728,2,1,p1
Rewards_vs_Curriculum,Rewards,Curriculum,729,2,0,p1
Rewards_vs_Curriculum,Rewards,Curriculum,730,2,0,p1
Rewards_vs_Curriculum,Rewards,Curriculum,731,2,1,p1
Rewards_vs_Curriculum,Rewards,Curriculum,732,2,0,p1
Rewards_vs_Curriculum,Rewards,Curriculum,733,2,1,p1
Rewards_vs_Curriculum,Rewards,Curriculum,734,2,0,p1
Rewards_vs_Curriculum,Rewards,Curriculum,735,2,0,p1
Rewards_vs_Curriculum,Rewards,Curriculum,736,2,0,p1
Rewards_vs_Curriculum,Rewards,Curriculum,737,2,0,p1
Rewards_vs_Curriculum,Rewards,Curriculum,738,2,0,p1
Rewards_vs_Curriculum,Rewards,Curriculum,739,1,1,draw
Rewards_vs_Curriculum,Rewards,Curriculum,740,2,0,p1
Rewards_vs_Curriculum,Rewards,Curriculum,741,2,0,p1
Rewards_vs_Curriculum,Rewards,Curriculum,742,1,2,p2
Rewards_vs_Curriculum,Rewards,Curriculum,743,2,0,p1
Rewards_vs_Curriculum,Rewards,Curriculum,744,2,1,p1
Rewards_vs_Curriculum,Rewards,Curriculum,745,2,0,p1
Rewards_vs_Curriculum,Rewards,Curriculum,746,2,1,p1
Rewards_vs_Curriculum,Rewards,Curriculum,747,2,0,p1
Rewards_vs_Curriculum,Rewards,Curriculum,748,1,2,p2
Rewards_vs_Curriculum,Rewards,Curriculum,749,2,0,p1
Rewards_vs_Curriculum,Rewards,Curriculum,750,1,2,p2
Rewards_vs_Curriculum,Rewards,Curriculum,751,2,1,p1
Rewards_vs_Curriculum,Rewards,Curriculum,752,2,1,p1
Rewards_vs_Curriculum,Rewards,Curriculum,753,2,0,p1
Rewards_vs_Curriculum,Rewards,Curriculum,754,2,1,p1
Rewards_vs_Curriculum,Rewards,Curriculum,755,2,0,p1
Rewards_vs_Curriculum,Rewards,Curriculum,756,1,0,p1
Rewards_vs_Curriculum,Rewards,Curriculum,757,2,1,p1
Rewards_vs_Curriculum,Rewards,Curriculum,758,1,2,p2
Rewards_vs_Curriculum,Rewards,Curriculum,759,2,0,p1
Rewards_vs_Curriculum,Rewards,Curriculum,760,2,0,p1
Rewards_vs_Curriculum,Rewards,Curriculum,761,1,2,p2
Rewards_vs_Curriculum,Rewards,Curriculum,762,2,0,p1
Rewards_vs_Curriculum,Rewards,Curriculum,763,1,2,p2
Rewards_vs_Curriculum,Rewards,Curriculum,764,2,0,p1
Rewards_vs_Curriculum,Rewards,Curriculum,765,2,1,p1
Rewards_vs_Curriculum,Rewards,Curriculum,766,2,1,p1
Rewards_vs_Curriculum,Rewards,Curriculum,767,2,0,p1
Rewards_vs_Curriculum,Rewards,Curriculum,768,2,0,p1
Rewards_vs_Curriculum,Rewards,Curriculum,769,2,0,p1
Rewards_vs_Curriculum,Rewards,Curriculum,770,2,0,p1
Rewards_vs_Curriculum,Rewards,Curriculum,771,2,0,p1
Rewards_vs_Curriculum,Rewards,Curriculum,772,2,0,p1
Rewards_vs_Curriculum,Rewards,Curriculum,773,2,0,p1
Rewards_vs_Curriculum,Rewards,Curriculum,774,2,0,p1
Rewards_vs_Curriculum,Rewards,Curriculum,775,2,0,p1
Rewards_vs_Curriculum,Rewards,Curriculum,776,2,0,p1
Rewards_vs_Curriculum,Rewards,Curriculum,777,1,2,p2
Rewards_vs_Curriculum,Rewards,Curriculum,778,2,0,p1
Rewards_vs_Curriculum,Rewards,Curriculum,779,2,0,p1
Rewards_vs_Curriculum,Rewards,Curriculum,780,2,0,p1
Rewards_vs_Curriculum,Rewards,Curriculum,781,2,0,p1
Rewards_vs_Curriculum,Rewards,Curriculum,782,2,1,p1
Rewards_vs_Curriculum,Rewards,Curriculum,783,2,1,p1
Rewards_vs_Curriculum,Rewards,Curriculum,784,2,0,p1
Rewards_vs_Curriculum,Rewards,Curriculum,785,2,0,p1
Rewards_vs_Curriculum,Rewards,Curriculum,786,2,0,p1
Rewards_vs_Curriculum,Rewards,Curriculum,787,2,0,p1
Rewards_vs_Curriculum,Rewards,Curriculum,788,2,0,p1
Rewards_vs_Curriculum,Rewards,Curriculum,789,2,0,p1
Rewards_vs_Curriculum,Rewards,Curriculum,790,1,2,p2
Rewards_vs_Curriculum,Rewards,Curriculum,791,2,0,p1
Rewards_vs_Curriculum,Rewards,Curriculum,792,1,2,p2
Rewards_vs_Curriculum,Rewards,Curriculum,793,2,0,p1
Rewards_vs_Curriculum,Rewards,Curriculum,794,2,0,p1
Rewards_vs_Curriculum,Rewards,Curriculum,795,0,2,p2
Rewards_vs_Curriculum,Rewards,Curriculum,796,2,0,p1
Rewards_vs_Curriculum,Rewards,Curriculum,797,2,0,p1
Rewards_vs_Curriculum,Rewards,Curriculum,798,2,1,p1
Rewards_vs_Curriculum,Rewards,Curriculum,799,2,1,p1
Rewards_vs_Curriculum,Rewards,Curriculum,800,2,0,p1
Rewards_vs_Curriculum,Rewards,Curriculum,801,2,1,p1
Rewards_vs_Curriculum,Rewards,Curriculum,802,2,0,p1
Rewards_vs_Curriculum,Rewards,Curriculum,803,2,1,p1
Rewards_vs_Curriculum,Rewards,Curriculum,804,2,0,p1
Rewards_vs_Curriculum,Rewards,Curriculum,805,2,1,p1
Rewards_vs_Curriculum,Rewards,Curriculum,806,2,0,p1
Rewards_vs_Curriculum,Rewards,Curriculum,807,2,0,p1
Rewards_vs_Curriculum,Rewards,Curriculum,808,2,0,p1
Rewards_vs_Curriculum,Rewards,Curriculum,809,0,2,p2
Rewards_vs_Curriculum,Rewards,Curriculum,810,2,1,p1
Rewards_vs_Curriculum,Rewards,Curriculum,811,2,0,p1
Rewards_vs_Curriculum,Rewards,Curriculum,812,2,0,p1
Rewards_vs_Curriculum,Rewards,Curriculum,813,2,0,p1
Rewards_vs_Curriculum,Rewards,Curriculum,814,0,2,p2
Rewards_vs_Curriculum,Rewards,Curriculum,815,2,0,p1
Rewards_vs_Curriculum,Rewards,Curriculum,816,2,1,p1
Rewards_vs_Curriculum,Rewards,Curriculum,817,2,0,p1
Rewards_vs_Curriculum,Rewards,Curriculum,818,2,1,p1
Rewards_vs_Curriculum,Rewards,Curriculum,819,2,1,p1
Rewards_vs_Curriculum,Rewards,Curriculum,820,2,0,p1
Rewards_vs_Curriculum,Rewards,Curriculum,821,1,2,p2
Rewards_vs_Curriculum,Rewards,Curriculum,822,1,2,p2
Rewards_vs_Curriculum,Rewards,Curriculum,823,2,0,p1
Rewards_vs_Curriculum,Rewards,Curriculum,824,2,1,p1
Rewards_vs_Curriculum,Rewards,Curriculum,825,1,2,p2
Rewards_vs_Curriculum,Rewards,Curriculum,826,1,1,draw
Rewards_vs_Curriculum,Rewards,Curriculum,827,2,0,p1
Rewards_vs_Curriculum,Rewards,Curriculum,828,2,0,p1
Rewards_vs_Curriculum,Rewards,Curriculum,829,2,0,p1
Rewards_vs_Curriculum,Rewards,Curriculum,830,2,0,p1
Rewards_vs_Curriculum,Rewards,Curriculum,831,2,1,p1
Rewards_vs_Curriculum,Rewards,Curriculum,832,2,0,p1
Rewards_vs_Curriculum,Rewards,Curriculum,833,2,0,p1
Rewards_vs_Curriculum,Rewards,Curriculum,834,2,0,p1
Rewards_vs_Curriculum,Rewards,Curriculum,835,2,0,p1
Rewards_vs_Curriculum,Rewards,Curriculum,836,1,2,p2
Rewards_vs_Curriculum,Rewards,Curriculum,837,2,0,p1
Rewards_vs_Curriculum,Rewards,Curriculum,838,2,0,p1
Rewards_vs_Curriculum,Rewards,Curriculum,839,0,2,p2
Rewards_vs_Curriculum,Rewards,Curriculum,840,2,1,p1
Rewards_vs_Curriculum,Rewards,Curriculum,841,1,2,p2
Rewards_vs_Curriculum,Rewards,Curriculum,842,2,0,p1
Rewards_vs_Curriculum,Rewards,Curriculum,843,2,0,p1
Rewards_vs_Curriculum,Rewards,Curriculum,844,2,0,p1
Rewards_vs_Curriculum,Rewards,Curriculum,845,1,0,p1
Rewards_vs_Curriculum,Rewards,Curriculum,846,2,0,p1
Rewards_vs_Curriculum,Rewards,Curriculum,847,2,0,p1
Rewards_vs_Curriculum,Rewards,Curriculum,848,0,2,p2
Rewards_vs_Curriculum,Rewards,Curriculum,849,2,0,p1
Rewards_vs_Curriculum,Rewards,Curriculum,850,2,0,p1
Rewards_vs_Curriculum,Rewards,Curriculum,851,2,0,p1
Rewards_vs_Curriculum,Rewards,Curriculum,852,2,0,p1
Rewards_vs_Curriculum,Rewards,Curriculum,853,1,2,p2
Rewards_vs_Curriculum,Rewards,Curriculum,854,2,0,p1
Rewards_vs_Curriculum,Rewards,Curriculum,855,2,0,p1
Rewards_vs_Curriculum,Rewards,Curriculum,856,2,1,p1
Rewards_vs_Curriculum,Rewards,Curriculum,857,2,0,p1
Rewards_vs_Curriculum,Rewards,Curriculum,858,2,0,p1
Rewards_vs_Curriculum,Rewards,Curriculum,859,2,1,p1
Rewards_vs_Curriculum,Rewards,Curriculum,860,2,0,p1
Rewards_vs_Curriculum,Rewards,Curriculum,861,2,1,p1
Rewards_vs_Curriculum,Rewards,Curriculum,862,2,0,p1
Rewards_vs_Curriculum,Rewards,Curriculum,863,2,0,p1
Rewards_vs_Curriculum,Rewards,Curriculum,864,0,2,p2
Rewards_vs_Curriculum,Rewards,Curriculum,865,1,2,p2
Rewards_vs_Curriculum,Rewards,Curriculum,866,2,0,p1
Rewards_vs_Curriculum,Rewards,Curriculum,867,2,1,p1
Rewards_vs_Curriculum,Rewards,Curriculum,868,2,0,p1
Rewards_vs_Curriculum,Rewards,Curriculum,869,2,0,p1
Rewards_vs_Curriculum,Rewards,Curriculum,870,2,1,p1
Rewards_vs_Curriculum,Rewards,Curriculum,871,2,1,p1
Rewards_vs_Curriculum,Rewards,Curriculum,872,2,0,p1
Rewards_vs_Curriculum,Rewards,Curriculum,873,2,0,p1
Rewards_vs_Curriculum,Rewards,Curriculum,874,2,0,p1
Rewards_vs_Curriculum,Rewards,Curriculum,875,2,0,p1
Rewards_vs_Curriculum,Rewards,Curriculum,876,2,1,p1
Rewards_vs_Curriculum,Rewards,Curriculum,877,2,0,p1
Rewards_vs_Curriculum,Rewards,Curriculum,878,2,1,p1
Rewards_vs_Curriculum,Rewards,Curriculum,879,2,0,p1
Rewards_vs_Curriculum,Rewards,Curriculum,880,2,1,p1
Rewards_vs_Curriculum,Rewards,Curriculum,881,2,0,p1
Rewards_vs_Curriculum,Rewards,Curriculum,882,1,2,p2
Rewards_vs_Curriculum,Rewards,Curriculum,883,2,0,p1
Rewards_vs_Curriculum,Rewards,Curriculum,884,2,0,p1
Rewards_vs_Curriculum,Rewards,Curriculum,885,2,1,p1
Rewards_vs_Curriculum,Rewards,Curriculum,886,2,0,p1
Rewards_vs_Curriculum,Rewards,Curriculum,887,2,1,p1
Rewards_vs_Curriculum,Rewards,Curriculum,888,2,0,p1
Rewards_vs_Curriculum,Rewards,Curriculum,889,2,1,p1
Rewards_vs_Curriculum,Rewards,Curriculum,890,2,1,p1
Rewards_vs_Curriculum,Rewards,Curriculum,891,2,1,p1
Rewards_vs_Curriculum,Rewards,Curriculum,892,2,0,p1
Rewards_vs_Curriculum,Rewards,Curriculum,893,2,0,p1
Rewards_vs_Curriculum,Rewards,Curriculum,894,2,1,p1
Rewards_vs_Curriculum,Rewards,Curriculum,895,2,0,p1
Rewards_vs_Curriculum,Rewards,Curriculum,896,2,1,p1
Rewards_vs_Curriculum,Rewards,Curriculum,897,2,1,p1
Rewards_vs_Curriculum,Rewards,Curriculum,898,2,0,p1
Rewards_vs_Curriculum,Rewards,Curriculum,899,2,0,p1
Rewards_vs_Curriculum,Rewards,Curriculum,900,2,0,p1
Rewards_vs_Curriculum,Rewards,Curriculum,901,2,0,p1
Rewards_vs_Curriculum,Rewards,Curriculum,902,1,2,p2
Rewards_vs_Curriculum,Rewards,Curriculum,903,2,0,p1
Rewards_vs_Curriculum,Rewards,Curriculum,904,2,0,p1
Rewards_vs_Curriculum,Rewards,Curriculum,905,2,0,p1
Rewards_vs_Curriculum,Rewards,Curriculum,906,2,1,p1
Rewards_vs_Curriculum,Rewards,Curriculum,907,2,1,p1
Rewards_vs_Curriculum,Rewards,Curriculum,908,0,2,p2
Rewards_vs_Curriculum,Rewards,Curriculum,909,2,1,p1
Rewards_vs_Curriculum,Rewards,Curriculum,910,2,1,p1
Rewards_vs_Curriculum,Rewards,Curriculum,911,2,0,p1
Rewards_vs_Curriculum,Rewards,Curriculum,912,2,0,p1
Rewards_vs_Curriculum,Rewards,Curriculum,913,2,0,p1
Rewards_vs_Curriculum,Rewards,Curriculum,914,1,2,p2
Rewards_vs_Curriculum,Rewards,Curriculum,915,2,1,p1
Rewards_vs_Curriculum,Rewards,Curriculum,916,2,0,p1
Rewards_vs_Curriculum,Rewards,Curriculum,917,2,0,p1
Rewards_vs_Curriculum,Rewards,Curriculum,918,2,1,p1
Rewards_vs_Curriculum,Rewards,Curriculum,919,2,0,p1
Rewards_vs_Curriculum,Rewards,Curriculum,920,2,0,p1
Rewards_vs_Curriculum,Rewards,Curriculum,921,2,0,p1
Rewards_vs_Curriculum,Rewards,Curriculum,922,2,1,p1
Rewards_vs_Curriculum,Rewards,Curriculum,923,2,0,p1
Rewards_vs_Curriculum,Rewards,Curriculum,924,2,0,p1
Rewards_vs_Curriculum,Rewards,Curriculum,925,2,0,p1
Rewards_vs_Curriculum,Rewards,Curriculum,926,2,1,p1
Rewards_vs_Curriculum,Rewards,Curriculum,927,2,1,p1
Rewards_vs_Curriculum,Rewards,Curriculum,928,2,0,p1
Rewards_vs_Curriculum,Rewards,Curriculum,929,2,0,p1
Rewards_vs_Curriculum,Rewards,Curriculum,930,2,0,p1
Rewards_vs_Curriculum,Rewards,Curriculum,931,2,1,p1
Rewards_vs_Curriculum,Rewards,Curriculum,932,2,1,p1
Rewards_vs_Curriculum,Rewards,Curriculum,933,2,0,p1
Rewards_vs_Curriculum,Rewards,Curriculum,934,0,2,p2
Rewards_vs_Curriculum,Rewards,Curriculum,935,2,0,p1
Rewards_vs_Curriculum,Rewards,Curriculum,936,2,1,p1
Rewards_vs_Curriculum,Rewards,Curriculum,937,2,1,p1
Rewards_vs_Curriculum,Rewards,Curriculum,938,2,1,p1
Rewards_vs_Curriculum,Rewards,Curriculum,939,2,1,p1
Rewards_vs_Curriculum,Rewards,Curriculum,940,2,0,p1
Rewards_vs_Curriculum,Rewards,Curriculum,941,2,0,p1
Rewards_vs_Curriculum,Rewards,Curriculum,942,2,1,p1
Rewards_vs_Curriculum,Rewards,Curriculum,943,2,0,p1
Rewards_vs_Curriculum,Rewards,Curriculum,944,2,0,p1
Rewards_vs_Curriculum,Rewards,Curriculum,945,2,0,p1
Rewards_vs_Curriculum,Rewards,Curriculum,946,2,0,p1
Rewards_vs_Curriculum,Rewards,Curriculum,947,2,1,p1
Rewards_vs_Curriculum,Rewards,Curriculum,948,2,0,p1
Rewards_vs_Curriculum,Rewards,Curriculum,949,2,1,p1
Rewards_vs_Curriculum,Rewards,Curriculum,950,2,1,p1
Rewards_vs_Curriculum,Rewards,Curriculum,951,2,1,p1
Rewards_vs_Curriculum,Rewards,Curriculum,952,2,0,p1
Rewards_vs_Curriculum,Rewards,Curriculum,953,2,1,p1
Rewards_vs_Curriculum,Rewards,Curriculum,954,2,0,p1
Rewards_vs_Curriculum,Rewards,Curriculum,955,2,0,p1
Rewards_vs_Curriculum,Rewards,Curriculum,956,2,0,p1
Rewards_vs_Curriculum,Rewards,Curriculum,957,1,2,p2
Rewards_vs_Curriculum,Rewards,Curriculum,958,2,0,p1
Rewards_vs_Curriculum,Rewards,Curriculum,959,2,1,p1
Rewards_vs_Curriculum,Rewards,Curriculum,960,2,1,p1
Rewards_vs_Curriculum,Rewards,Curriculum,961,2,0,p1
Rewards_vs_Curriculum,Rewards,Curriculum,962,2,0,p1
Rewards_vs_Curriculum,Rewards,Curriculum,963,2,0,p1
Rewards_vs_Curriculum,Rewards,Curriculum,964,2,0,p1
Rewards_vs_Curriculum,Rewards,Curriculum,965,2,1,p1
Rewards_vs_Curriculum,Rewards,Curriculum,966,2,0,p1
Rewards_vs_Curriculum,Rewards,Curriculum,967,2,0,p1
Rewards_vs_Curriculum,Rewards,Curriculum,968,2,0,p1
Rewards_vs_Curriculum,Rewards,Curriculum,969,2,1,p1
Rewards_vs_Curriculum,Rewards,Curriculum,970,2,0,p1
Rewards_vs_Curriculum,Rewards,Curriculum,971,1,2,p2
Rewards_vs_Curriculum,Rewards,Curriculum,972,2,1,p1
Rewards_vs_Curriculum,Rewards,Curriculum,973,2,0,p1
Rewards_vs_Curriculum,Rewards,Curriculum,974,0,2,p2
Rewards_vs_Curriculum,Rewards,Curriculum,975,2,0,p1
Rewards_vs_Curriculum,Rewards,Curriculum,976,2,0,p1
Rewards_vs_Curriculum,Rewards,Curriculum,977,1,2,p2
Rewards_vs_Curriculum,Rewards,Curriculum,978,2,0,p1
Rewards_vs_Curriculum,Rewards,Curriculum,979,2,1,p1
Rewards_vs_Curriculum,Rewards,Curriculum,980,2,0,p1
Rewards_vs_Curriculum,Rewards,Curriculum,981,2,1,p1
Rewards_vs_Curriculum,Rewards,Curriculum,982,2,0,p1
Rewards_vs_Curriculum,Rewards,Curriculum,983,2,1,p1
Rewards_vs_Curriculum,Rewards,Curriculum,984,2,0,p1
Rewards_vs_Curriculum,Rewards,Curriculum,985,2,0,p1
Rewards_vs_Curriculum,Rewards,Curriculum,986,2,0,p1
Rewards_vs_Curriculum,Rewards,Curriculum,987,2,0,p1
Rewards_vs_Curriculum,Rewards,Curriculum,988,2,0,p1
Rewards_vs_Curriculum,Rewards,Curriculum,989,2,0,p1
Rewards_vs_Curriculum,Rewards,Curriculum,990,2,0,p1
Rewards_vs_Curriculum,Rewards,Curriculum,991,2,0,p1
Rewards_vs_Curriculum,Rewards,Curriculum,992,2,0,p1
Rewards_vs_Curriculum,Rewards,Curriculum,993,2,0,p1
Rewards_vs_Curriculum,Rewards,Curriculum,994,2,0,p1
Rewards_vs_Curriculum,Rewards,Curriculum,995,2,0,p1
Rewards_vs_Curriculum,Rewards,Curriculum,996,2,0,p1
Rewards_vs_Curriculum,Rewards,Curriculum,997,2,1,p1
Rewards_vs_Curriculum,Rewards,Curriculum,998,0,2,p2
Rewards_vs_Curriculum,Rewards,Curriculum,999,2,0,p1
Rewards_vs_Curriculum,Rewards,Curriculum,1000,2,0,p1
Rewards_vs_Curriculum,Rewards,Curriculum,1001,2,0,p1
Rewards_vs_Curriculum,Rewards,Curriculum,1002,2,0,p1
Rewards_vs_Curriculum,Rewards,Curriculum,1003,2,1,p1
Rewards_vs_Curriculum,Rewards,Curriculum,1004,2,0,p1
Rewards_vs_Curriculum,Rewards,Curriculum,1005,2,0,p1
Rewards_vs_Curriculum,Rewards,Curriculum,1006,2,1,p1
Rewards_vs_Curriculum,Rewards,Curriculum,1007,2,0,p1
Rewards_vs_Curriculum,Rewards,Curriculum,1008,2,1,p1
Rewards_vs_Curriculum,Rewards,Curriculum,1009,2,1,p1
Rewards_vs_Curriculum,Rewards,Curriculum,1010,1,2,p2
Rewards_vs_Curriculum,Rewards,Curriculum,1011,2,0,p1
Rewards_vs_Curriculum,Rewards,Curriculum,1012,2,0,p1
Rewards_vs_Curriculum,Rewards,Curriculum,1013,2,0,p1
Rewards_vs_Curriculum,Rewards,Curriculum,1014,2,0,p1
Rewards_vs_Curriculum,Rewards,Curriculum,1015,2,0,p1
Rewards_vs_Curriculum,Rewards,Curriculum,1016,2,0,p1
Rewards_vs_Curriculum,Rewards,Curriculum,1017,2,0,p1
Rewards_vs_Curriculum,Rewards,Curriculum,1018,2,1,p1
Rewards_vs_Curriculum,Rewards,Curriculum,1019,2,0,p1
Rewards_vs_Curriculum,Rewards,Curriculum,1020,2,0,p1
Rewards_vs_Curriculum,Rewards,Curriculum,1021,2,0,p1
Rewards_vs_Curriculum,Rewards,Curriculum,1022,2,1,p1
Rewards_vs_Curriculum,Rewards,Curriculum,1023,2,0,p1
Rewards_vs_Curriculum,Rewards,Curriculum,1024,2,0,p1
Rewards_vs_Curriculum,Rewards,Curriculum,1025,2,0,p1
Rewards_vs_Curriculum,Rewards,Curriculum,1026,2,1,p1
Rewards_vs_Curriculum,Rewards,Curriculum,1027,2,1,p1
Rewards_vs_Curriculum,Rewards,Curriculum,1028,2,0,p1
Rewards_vs_Curriculum,Rewards,Curriculum,1029,2,0,p1
Rewards_vs_Curriculum,Rewards,Curriculum,1030,2,1,p1
Rewards_vs_Curriculum,Rewards,Curriculum,1031,2,0,p1
Rewards_vs_Curriculum,Rewards,Curriculum,1032,2,0,p1
Rewards_vs_Curriculum,Rewards,Curriculum,1033,2,0,p1
Rewards_vs_Curriculum,Rewards,Curriculum,1034,2,0,p1
Rewards_vs_Curriculum,Rewards,Curriculum,1035,2,1,p1
Rewards_vs_Curriculum,Rewards,Curriculum,1036,1,2,p2
Rewards_vs_Curriculum,Rewards,Curriculum,1037,2,1,p1
Rewards_vs_Curriculum,Rewards,Curriculum,1038,2,1,p1
Rewards_vs_Curriculum,Rewards,Curriculum,1039,2,0,p1
Rewards_vs_Curriculum,Rewards,Curriculum,1040,1,2,p2
Rewards_vs_Curriculum,Rewards,Curriculum,1041,2,1,p1
Rewards_vs_Curriculum,Rewards,Curriculum,1042,2,0,p1
Rewards_vs_Curriculum,Rewards,Curriculum,1043,2,0,p1
Rewards_vs_Curriculum,Rewards,Curriculum,1044,2,1,p1
Rewards_vs_Curriculum,Rewards,Curriculum,1045,2,0,p1
Rewards_vs_Curriculum,Rewards,Curriculum,1046,2,1,p1
Rewards_vs_Curriculum,Rewards,Curriculum,1047,1,2,p2
Rewards_vs_Curriculum,Rewards,Curriculum,1048,2,0,p1
Rewards_vs_Curriculum,Rewards,Curriculum,1049,2,1,p1
Rewards_vs_Curriculum,Rewards,Curriculum,1050,2,0,p1
Rewards_vs_Curriculum,Rewards,Curriculum,1051,2,0,p1
Rewards_vs_Curriculum,Rewards,Curriculum,1052,2,1,p1
Rewards_vs_Curriculum,Rewards,Curriculum,1053,2,0,p1
Rewards_vs_Curriculum,Rewards,Curriculum,1054,2,0,p1
Rewards_vs_Curriculum,Rewards,Curriculum,1055,2,1,p1
Rewards_vs_Curriculum,Rewards,Curriculum,1056,2,1,p1
Rewards_vs_Curriculum,Rewards,Curriculum,1057,2,0,p1
Rewards_vs_Curriculum,Rewards,Curriculum,1058,2,0,p1
Rewards_vs_Curriculum,Rewards,Curriculum,1059,2,0,p1
Rewards_vs_Curriculum,Rewards,Curriculum,1060,0,2,p2
Rewards_vs_Curriculum,Rewards,Curriculum,1061,2,1,p1
Rewards_vs_Curriculum,Rewards,Curriculum,1062,2,0,p1
Rewards_vs_Curriculum,Rewards,Curriculum,1063,2,0,p1
Rewards_vs_Curriculum,Rewards,Curriculum,1064,2,0,p1
Rewards_vs_Curriculum,Rewards,Curriculum,1065,2,0,p1
Rewards_vs_Curriculum,Rewards,Curriculum,1066,2,0,p1
Rewards_vs_Curriculum,Rewards,Curriculum,1067,2,1,p1
Rewards_vs_Curriculum,Rewards,Curriculum,1068,0,2,p2
Rewards_vs_Curriculum,Rewards,Curriculum,1069,2,0,p1
Rewards_vs_Curriculum,Rewards,Curriculum,1070,2,0,p1
Rewards_vs_Curriculum,Rewards,Curriculum,1071,2,0,p1
Rewards_vs_Curriculum,Rewards,Curriculum,1072,2,0,p1
Rewards_vs_Curriculum,Rewards,Curriculum,1073,2,1,p1
Rewards_vs_Curriculum,Rewards,Curriculum,1074,2,0,p1
Rewards_vs_Curriculum,Rewards,Curriculum,1075,2,0,p1
Rewards_vs_Curriculum,Rewards,Curriculum,1076,2,1,p1
Rewards_vs_Curriculum,Rewards,Curriculum,1077,2,0,p1
Rewards_vs_Curriculum,Rewards,Curriculum,1078,0,2,p2
Rewards_vs_Curriculum,Rewards,Curriculum,1079,0,2,p2
Rewards_vs_Curriculum,Rewards,Curriculum,1080,2,0,p1
Rewards_vs_Curriculum,Rewards,Curriculum,1081,2,0,p1
Rewards_vs_Curriculum,Rewards,Curriculum,1082,2,1,p1
Rewards_vs_Curriculum,Rewards,Curriculum,1083,2,0,p1
Rewards_vs_Curriculum,Rewards,Curriculum,1084,1,2,p2
Rewards_vs_Curriculum,Rewards,Curriculum,1085,2,0,p1
Rewards_vs_Curriculum,Rewards,Curriculum,1086,2,0,p1
Rewards_vs_Curriculum,Rewards,Curriculum,1087,2,1,p1
Rewards_vs_Curriculum,Rewards,Curriculum,1088,2,0,p1
Rewards_vs_Curriculum,Rewards,Curriculum,1089,2,0,p1
Rewards_vs_Curriculum,Rewards,Curriculum,1090,2,1,p1
Rewards_vs_Curriculum,Rewards,Curriculum,1091,2,0,p1
Rewards_vs_Curriculum,Rewards,Curriculum,1092,2,0,p1
Rewards_vs_Curriculum,Rewards,Curriculum,1093,2,1,p1
Rewards_vs_Curriculum,Rewards,Curriculum,1094,2,0,p1
Rewards_vs_Curriculum,Rewards,Curriculum,1095,2,0,p1
Rewards_vs_Curriculum,Rewards,Curriculum,1096,2,0,p1
Rewards_vs_Curriculum,Rewards,Curriculum,1097,1,2,p2
Rewards_vs_Curriculum,Rewards,Curriculum,1098,2,1,p1
Rewards_vs_Curriculum,Rewards,Curriculum,1099,0,2,p2
Rewards_vs_Curriculum,Rewards,Curriculum,1100,2,0,p1
Rewards_vs_Curriculum,Rewards,Curriculum,1101,2,0,p1
Rewards_vs_Curriculum,Rewards,Curriculum,1102,2,0,p1
Rewards_vs_Curriculum,Rewards,Curriculum,1103,2,1,p1
Rewards_vs_Curriculum,Rewards,Curriculum,1104,0,2,p2
Rewards_vs_Curriculum,Rewards,Curriculum,1105,2,0,p1
Rewards_vs_Curriculum,Rewards,Curriculum,1106,1,2,p2
Rewards_vs_Curriculum,Rewards,Curriculum,1107,2,0,p1
Rewards_vs_Curriculum,Rewards,Curriculum,1108,0,2,p2
Rewards_vs_Curriculum,Rewards,Curriculum,1109,2,0,p1
Rewards_vs_Curriculum,Rewards,Curriculum,1110,2,0,p1
Rewards_vs_Curriculum,Rewards,Curriculum,1111,2,0,p1
Rewards_vs_Curriculum,Rewards,Curriculum,1112,1,2,p2
Rewards_vs_Curriculum,Rewards,Curriculum,1113,2,1,p1
Rewards_vs_Curriculum,Rewards,Curriculum,1114,2,0,p1
Rewards_vs_Curriculum,Rewards,Curriculum,1115,2,1,p1
Rewards_vs_Curriculum,Rewards,Curriculum,1116,2,0,p1
Rewards_vs_Curriculum,Rewards,Curriculum,1117,2,0,p1
Rewards_vs_Curriculum,Rewards,Curriculum,1118,2,0,p1
Rewards_vs_Curriculum,Rewards,Curriculum,1119,2,1,p1
Rewards_vs_Curriculum,Rewards,Curriculum,1120,1,2,p2
Rewards_vs_Curriculum,Rewards,Curriculum,1121,2,1,p1
Rewards_vs_Curriculum,Rewards,Curriculum,1122,2,1,p1
Rewards_vs_Curriculum,Rewards,Curriculum,1123,2,0,p1
Rewards_vs_Curriculum,Rewards,Curriculum,1124,2,1,p1
Rewards_vs_Curriculum,Rewards,Curriculum,1125,2,0,p1
Rewards_vs_Curriculum,Rewards,Curriculum,1126,2,0,p1
Rewards_vs_Curriculum,Rewards,Curriculum,1127,2,1,p1
Rewards_vs_Curriculum,Rewards,Curriculum,1128,2,0,p1
Rewards_vs_Curriculum,Rewards,Curriculum,1129,2,1,p1
Rewards_vs_Curriculum,Rewards,Curriculum,1130,2,1,p1
Rewards_vs_Curriculum,Rewards,Curriculum,1131,2,0,p1
Rewards_vs_Curriculum,Rewards,Curriculum,1132,2,0,p1
Rewards_vs_Curriculum,Rewards,Curriculum,1133,0,2,p2
Rewards_vs_Curriculum,Rewards,Curriculum,1134,2,1,p1
Rewards_vs_Curriculum,Rewards,Curriculum,1135,2,0,p1
Rewards_vs_Curriculum,Rewards,Curriculum,1136,2,0,p1
Rewards_vs_Curriculum,Rewards,Curriculum,1137,2,1,p1
Rewards_vs_Curriculum,Rewards,Curriculum,1138,2,0,p1
Rewards_vs_Curriculum,Rewards,Curriculum,1139,2,0,p1
Rewards_vs_Curriculum,Rewards,Curriculum,1140,2,0,p1
Rewards_vs_Curriculum,Rewards,Curriculum,1141,2,1,p1
Rewards_vs_Curriculum,Rewards,Curriculum,1142,2,0,p1
Rewards_vs_Curriculum,Rewards,Curriculum,1143,2,1,p1
Rewards_vs_Curriculum,Rewards,Curriculum,1144,2,0,p1
Rewards_vs_Curriculum,Rewards,Curriculum,1145,2,0,p1
Rewards_vs_Curriculum,Rewards,Curriculum,1146,2,0,p1
Rewards_vs_Curriculum,Rewards,Curriculum,1147,2,0,p1
Rewards_vs_Curriculum,Rewards,Curriculum,1148,2,1,p1
Rewards_vs_Curriculum,Rewards,Curriculum,1149,2,0,p1
Rewards_vs_Curriculum,Rewards,Curriculum,1150,2,0,p1
Rewards_vs_Curriculum,Rewards,Curriculum,1151,2,0,p1
Rewards_vs_Curriculum,Rewards,Curriculum,1152,2,0,p1
Rewards_vs_Curriculum,Rewards,Curriculum,1153,2,0,p1
Rewards_vs_Curriculum,Rewards,Curriculum,1154,2,0,p1
Rewards_vs_Curriculum,Rewards,Curriculum,1155,2,1,p1
Rewards_vs_Curriculum,Rewards,Curriculum,1156,2,0,p1
Rewards_vs_Curriculum,Rewards,Curriculum,1157,2,0,p1
Rewards_vs_Curriculum,Rewards,Curriculum,1158,2,1,p1
Rewards_vs_Curriculum,Rewards,Curriculum,1159,2,0,p1
Rewards_vs_Curriculum,Rewards,Curriculum,1160,2,0,p1
Rewards_vs_Curriculum,Rewards,Curriculum,1161,2,0,p1
Rewards_vs_Curriculum,Rewards,Curriculum,1162,1,2,p2
Rewards_vs_Curriculum,Rewards,Curriculum,1163,2,1,p1
Rewards_vs_Curriculum,Rewards,Curriculum,1164,2,0,p1
Rewards_vs_Curriculum,Rewards,Curriculum,1165,2,0,p1
Rewards_vs_Curriculum,Rewards,Curriculum,1166,2,0,p1
Rewards_vs_Curriculum,Rewards,Curriculum,1167,2,0,p1
Rewards_vs_Curriculum,Rewards,Curriculum,1168,2,0,p1
Rewards_vs_Curriculum,Rewards,Curriculum,1169,2,0,p1
Rewards_vs_Curriculum,Rewards,Curriculum,1170,2,0,p1
Rewards_vs_Curriculum,Rewards,Curriculum,1171,2,0,p1
Rewards_vs_Curriculum,Rewards,Curriculum,1172,2,0,p1
Rewards_vs_Curriculum,Rewards,Curriculum,1173,0,2,p2
Rewards_vs_Curriculum,Rewards,Curriculum,1174,2,0,p1
Rewards_vs_Curriculum,Rewards,Curriculum,1175,2,0,p1
Rewards_vs_Curriculum,Rewards,Curriculum,1176,2,0,p1
Rewards_vs_Curriculum,Rewards,Curriculum,1177,2,0,p1
Rewards_vs_Curriculum,Rewards,Curriculum,1178,2,0,p1
Rewards_vs_Curriculum,Rewards,Curriculum,1179,2,0,p1
Rewards_vs_Curriculum,Rewards,Curriculum,1180,2,0,p1
Rewards_vs_Curriculum,Rewards,Curriculum,1181,2,0,p1
Rewards_vs_Curriculum,Rewards,Curriculum,1182,2,1,p1
Rewards_vs_Curriculum,Rewards,Curriculum,1183,2,1,p1
Rewards_vs_Curriculum,Rewards,Curriculum,1184,2,1,p1
Rewards_vs_Curriculum,Rewards,Curriculum,1185,2,1,p1
Rewards_vs_Curriculum,Rewards,Curriculum,1186,2,1,p1
Rewards_vs_Curriculum,Rewards,Curriculum,1187,2,1,p1
Rewards_vs_Curriculum,Rewards,Curriculum,1188,1,2,p2
Rewards_vs_Curriculum,Rewards,Curriculum,1189,2,0,p1
Rewards_vs_Curriculum,Rewards,Curriculum,1190,2,0,p1
Rewards_vs_Curriculum,Rewards,Curriculum,1191,2,0,p1
Rewards_vs_Curriculum,Rewards,Curriculum,1192,2,1,p1
Rewards_vs_Curriculum,Rewards,Curriculum,1193,2,0,p1
Rewards_vs_Curriculum,Rewards,Curriculum,1194,2,0,p1
Rewards_vs_Curriculum,Rewards,Curriculum,1195,1,2,p2
Rewards_vs_Curriculum,Rewards,Curriculum,1196,2,0,p1
Rewards_vs_Curriculum,Rewards,Curriculum,1197,1,2,p2
Rewards_vs_Curriculum,Rewards,Curriculum,1198,2,0,p1
Rewards_vs_Curriculum,Rewards,Curriculum,1199,1,2,p2
Rewards_vs_Curriculum,Rewards,Curriculum,1200,2,1,p1
Rewards_vs_Curriculum,Rewards,Curriculum,1201,2,0,p1
Rewards_vs_Curriculum,Rewards,Curriculum,1202,2,0,p1
Rewards_vs_Curriculum,Rewards,Curriculum,1203,2,0,p1
Rewards_vs_Curriculum,Rewards,Curriculum,1204,2,1,p1
Rewards_vs_Curriculum,Rewards,Curriculum,1205,2,1,p1
Rewards_vs_Curriculum,Rewards,Curriculum,1206,2,1,p1
Rewards_vs_Curriculum,Rewards,Curriculum,1207,2,0,p1
Rewards_vs_Curriculum,Rewards,Curriculum,1208,2,0,p1
Rewards_vs_Curriculum,Rewards,Curriculum,1209,2,1,p1
Rewards_vs_Curriculum,Rewards,Curriculum,1210,1,2,p2
Rewards_vs_Curriculum,Rewards,Curriculum,1211,2,0,p1
Rewards_vs_Curriculum,Rewards,Curriculum,1212,2,0,p1
Rewards_vs_Curriculum,Rewards,Curriculum,1213,2,0,p1
Rewards_vs_Curriculum,Rewards,Curriculum,1214,2,0,p1
Rewards_vs_Curriculum,Rewards,Curriculum,1215,2,0,p1
Rewards_vs_Curriculum,Rewards,Curriculum,1216,2,1,p1
Rewards_vs_Curriculum,Rewards,Curriculum,1217,2,0,p1
Rewards_vs_Curriculum,Rewards,Curriculum,1218,2,0,p1
Rewards_vs_Curriculum,Rewards,Curriculum,1219,2,0,p1
Rewards_vs_Curriculum,Rewards,Curriculum,1220,2,1,p1
Rewards_vs_Curriculum,Rewards,Curriculum,1221,2,0,p1
Rewards_vs_Curriculum,Rewards,Curriculum,1222,2,1,p1
Rewards_vs_Curriculum,Rewards,Curriculum,1223,2,0,p1
Rewards_vs_Curriculum,Rewards,Curriculum,1224,2,1,p1
Rewards_vs_Curriculum,Rewards,Curriculum,1225,2,0,p1
Rewards_vs_Curriculum,Rewards,Curriculum,1226,2,1,p1
Rewards_vs_Curriculum,Rewards,Curriculum,1227,2,0,p1
Rewards_vs_Curriculum,Rewards,Curriculum,1228,2,1,p1
Rewards_vs_Curriculum,Rewards,Curriculum,1229,2,0,p1
Rewards_vs_Curriculum,Rewards,Curriculum,1230,0,2,p2
Rewards_vs_Curriculum,Rewards,Curriculum,1231,2,0,p1
Rewards_vs_Curriculum,Rewards,Curriculum,1232,2,0,p1
Rewards_vs_Curriculum,Rewards,Curriculum,1233,2,0,p1
Rewards_vs_Curriculum,Rewards,Curriculum,1234,2,0,p1
Rewards_vs_Curriculum,Rewards,Curriculum,1235,2,0,p1
Rewards_vs_Curriculum,Rewards,Curriculum,1236,2,0,p1
Rewards_vs_Curriculum,Rewards,Curriculum,1237,2,0,p1
Rewards_vs_Curriculum,Rewards,Curriculum,1238,2,0,p1
Rewards_vs_Curriculum,Rewards,Curriculum,1239,2,0,p1
Rewards_vs_Curriculum,Rewards,Curriculum,1240,2,0,p1
Rewards_vs_Curriculum,Rewards,Curriculum,1241,2,0,p1
Rewards_vs_Curriculum,Rewards,Curriculum,1242,2,0,p1
Rewards_vs_Curriculum,Rewards,Curriculum,1243,2,0,p1
Rewards_vs_Curriculum,Rewards,Curriculum,1244,2,0,p1
Rewards_vs_Curriculum,Rewards,Curriculum,1245,2,0,p1
Rewards_vs_Curriculum,Rewards,Curriculum,1246,2,0,p1
Rewards_vs_Curriculum,Rewards,Curriculum,1247,2,1,p1
Rewards_vs_Curriculum,Rewards,Curriculum,1248,0,2,p2
Rewards_vs_Curriculum,Rewards,Curriculum,1249,1,2,p2
Rewards_vs_Curriculum,Rewards,Curriculum,1250,2,1,p1
Rewards_vs_Curriculum,Rewards,Curriculum,1251,2,0,p1
Rewards_vs_Curriculum,Rewards,Curriculum,1252,1,2,p2
Rewards_vs_Curriculum,Rewards,Curriculum,1253,2,1,p1
Rewards_vs_Curriculum,Rewards,Curriculum,1254,2,0,p1
Rewards_vs_Curriculum,Rewards,Curriculum,1255,2,0,p1
Rewards_vs_Curriculum,Rewards,Curriculum,1256,2,1,p1
Rewards_vs_Curriculum,Rewards,Curriculum,1257,2,1,p1
Rewards_vs_Curriculum,Rewards,Curriculum,1258,2,0,p1
Rewards_vs_Curriculum,Rewards,Curriculum,1259,2,1,p1
Rewards_vs_Curriculum,Rewards,Curriculum,1260,2,1,p1
Rewards_vs_Curriculum,Rewards,Curriculum,1261,2,0,p1
Rewards_vs_Curriculum,Rewards,Curriculum,1262,2,0,p1
Rewards_vs_Curriculum,Rewards,Curriculum,1263,2,1,p1
Rewards_vs_Curriculum,Rewards,Curriculum,1264,2,1,p1
Rewards_vs_Curriculum,Rewards,Curriculum,1265,2,0,p1
Rewards_vs_Curriculum,Rewards,Curriculum,1266,2,1,p1
Rewards_vs_Curriculum,Rewards,Curriculum,1267,2,1,p1
Rewards_vs_Curriculum,Rewards,Curriculum,1268,2,1,p1
Rewards_vs_Curriculum,Rewards,Curriculum,1269,2,0,p1
Rewards_vs_Curriculum,Rewards,Curriculum,1270,2,0,p1
Rewards_vs_Curriculum,Rewards,Curriculum,1271,2,1,p1
Rewards_vs_Curriculum,Rewards,Curriculum,1272,2,0,p1
Rewards_vs_Curriculum,Rewards,Curriculum,1273,2,0,p1
Rewards_vs_Curriculum,Rewards,Curriculum,1274,2,0,p1
Rewards_vs_Curriculum,Rewards,Curriculum,1275,2,0,p1
Rewards_vs_Curriculum,Rewards,Curriculum,1276,2,0,p1
Rewards_vs_Curriculum,Rewards,Curriculum,1277,2,1,p1
Rewards_vs_Curriculum,Rewards,Curriculum,1278,2,0,p1
Rewards_vs_Curriculum,Rewards,Curriculum,1279,1,2,p2
Rewards_vs_Curriculum,Rewards,Curriculum,1280,2,1,p1
Rewards_vs_Curriculum,Rewards,Curriculum,1281,2,0,p1
Rewards_vs_Curriculum,Rewards,Curriculum,1282,2,1,p1
Rewards_vs_Curriculum,Rewards,Curriculum,1283,2,0,p1
Rewards_vs_Curriculum,Rewards,Curriculum,1284,2,0,p1
Rewards_vs_Curriculum,Rewards,Curriculum,1285,2,0,p1
Rewards_vs_Curriculum,Rewards,Curriculum,1286,2,0,p1
Rewards_vs_Curriculum,Rewards,Curriculum,1287,2,0,p1
Rewards_vs_Curriculum,Rewards,Curriculum,1288,2,1,p1
Rewards_vs_Curriculum,Rewards,Curriculum,1289,2,0,p1
Rewards_vs_Curriculum,Rewards,Curriculum,1290,0,2,p2
Rewards_vs_Curriculum,Rewards,Curriculum,1291,2,0,p1
Rewards_vs_Curriculum,Rewards,Curriculum,1292,2,0,p1
Rewards_vs_Curriculum,Rewards,Curriculum,1293,2,1,p1
Rewards_vs_Curriculum,Rewards,Curriculum,1294,2,1,p1
Rewards_vs_Curriculum,Rewards,Curriculum,1295,2,0,p1
Rewards_vs_Curriculum,Rewards,Curriculum,1296,2,1,p1
Rewards_vs_Curriculum,Rewards,Curriculum,1297,1,2,p2
Rewards_vs_Curriculum,Rewards,Curriculum,1298,2,1,p1
Rewards_vs_Curriculum,Rewards,Curriculum,1299,2,0,p1
Rewards_vs_Curriculum,Rewards,Curriculum,1300,2,0,p1
Rewards_vs_Curriculum,Rewards,Curriculum,1301,2,0,p1
Rewards_vs_Curriculum,Rewards,Curriculum,1302,2,1,p1
Rewards_vs_Curriculum,Rewards,Curriculum,1303,2,0,p1
Rewards_vs_Curriculum,Rewards,Curriculum,1304,2,1,p1
Rewards_vs_Curriculum,Rewards,Curriculum,1305,2,0,p1
Rewards_vs_Curriculum,Rewards,Curriculum,1306,0,2,p2
Rewards_vs_Curriculum,Rewards,Curriculum,1307,1,2,p2
Rewards_vs_Curriculum,Rewards,Curriculum,1308,2,0,p1
Rewards_vs_Curriculum,Rewards,Curriculum,1309,2,0,p1
Rewards_vs_Curriculum,Rewards,Curriculum,1310,2,1,p1
Rewards_vs_Curriculum,Rewards,Curriculum,1311,2,0,p1
Rewards_vs_Curriculum,Rewards,Curriculum,1312,2,0,p1
Rewards_vs_Curriculum,Rewards,Curriculum,1313,2,0,p1
Rewards_vs_Curriculum,Rewards,Curriculum,1314,2,0,p1
Rewards_vs_Curriculum,Rewards,Curriculum,1315,2,0,p1
Rewards_vs_Curriculum,Rewards,Curriculum,1316,1,2,p2
Rewards_vs_Curriculum,Rewards,Curriculum,1317,2,1,p1
Rewards_vs_Curriculum,Rewards,Curriculum,1318,2,0,p1
Rewards_vs_Curriculum,Rewards,Curriculum,1319,2,0,p1
Rewards_vs_Curriculum,Rewards,Curriculum,1320,2,0,p1
Rewards_vs_Curriculum,Rewards,Curriculum,1321,2,0,p1
Rewards_vs_Curriculum,Rewards,Curriculum,1322,2,0,p1
Rewards_vs_Curriculum,Rewards,Curriculum,1323,2,1,p1
Rewards_vs_Curriculum,Rewards,Curriculum,1324,2,0,p1
Rewards_vs_Curriculum,Rewards,Curriculum,1325,2,1,p1
Rewards_vs_Curriculum,Rewards,Curriculum,1326,2,0,p1
Rewards_vs_Curriculum,Rewards,Curriculum,1327,2,1,p1
Rewards_vs_Curriculum,Rewards,Curriculum,1328,2,0,p1
Rewards_vs_Curriculum,Rewards,Curriculum,1329,2,0,p1
Rewards_vs_Curriculum,Rewards,Curriculum,1330,2,0,p1
Rewards_vs_Curriculum,Rewards,Curriculum,1331,2,1,p1
Rewards_vs_Curriculum,Rewards,Curriculum,1332,2,0,p1
Rewards_vs_Curriculum,Rewards,Curriculum,1333,2,0,p1
Rewards_vs_Curriculum,Rewards,Curriculum,1334,2,0,p1
Rewards_vs_Curriculum,Rewards,Curriculum,1335,2,0,p1
Rewards_vs_Curriculum,Rewards,Curriculum,1336,2,0,p1
Rewards_vs_Curriculum,Rewards,Curriculum,1337,2,0,p1
Rewards_vs_Curriculum,Rewards,Curriculum,1338,2,0,p1
Rewards_vs_Curriculum,Rewards,Curriculum,1339,2,0,p1
Rewards_vs_Curriculum,Rewards,Curriculum,1340,2,0,p1
Rewards_vs_Curriculum,Rewards,Curriculum,1341,2,0,p1
Rewards_vs_Curriculum,Rewards,Curriculum,1342,2,1,p1
Rewards_vs_Curriculum,Rewards,Curriculum,1343,2,0,p1
Rewards_vs_Curriculum,Rewards,Curriculum,1344,2,0,p1
Rewards_vs_Curriculum,Rewards,Curriculum,1345,2,1,p1
Rewards_vs_Curriculum,Rewards,Curriculum,1346,2,0,p1
Rewards_vs_Curriculum,Rewards,Curriculum,1347,2,1,p1
Rewards_vs_Curriculum,Rewards,Curriculum,1348,2,0,p1
Rewards_vs_Curriculum,Rewards,Curriculum,1349,2,0,p1
Rewards_vs_Curriculum,Rewards,Curriculum,1350,2,0,p1
Rewards_vs_Curriculum,Rewards,Curriculum,1351,2,1,p1
Rewards_vs_Curriculum,Rewards,Curriculum,1352,2,0,p1
Rewards_vs_Curriculum,Rewards,Curriculum,1353,2,0,p1
Rewards_vs_Curriculum,Rewards,Curriculum,1354,2,0,p1
Rewards_vs_Curriculum,Rewards,Curriculum,1355,2,1,p1
Rewards_vs_Curriculum,Rewards,Curriculum,1356,2,1,p1
Rewards_vs_Curriculum,Rewards,Curriculum,1357,2,0,p1
Rewards_vs_Curriculum,Rewards,Curriculum,1358,2,0,p1
Rewards_vs_Curriculum,Rewards,Curriculum,1359,2,1,p1
Rewards_vs_Curriculum,Rewards,Curriculum,1360,2,0,p1
Rewards_vs_Curriculum,Rewards,Curriculum,1361,2,0,p1
Rewards_vs_Curriculum,Rewards,Curriculum,1362,2,0,p1
Rewards_vs_Curriculum,Rewards,Curriculum,1363,2,0,p1
Rewards_vs_Curriculum,Rewards,Curriculum,1364,2,0,p1
Rewards_vs_Curriculum,Rewards,Curriculum,1365,2,0,p1
Rewards_vs_Curriculum,Rewards,Curriculum,1366,2,0,p1
Rewards_vs_Curriculum,Rewards,Curriculum,1367,2,0,p1
Rewards_vs_Curriculum,Rewards,Curriculum,1368,1,2,p2
Rewards_vs_Curriculum,Rewards,Curriculum,1369,2,0,p1
Rewards_vs_Curriculum,Rewards,Curriculum,1370,2,0,p1
Rewards_vs_Curriculum,Rewards,Curriculum,1371,2,1,p1
Rewards_vs_Curriculum,Rewards,Curriculum,1372,2,0,p1
Rewards_vs_Curriculum,Rewards,Curriculum,1373,2,0,p1
Rewards_vs_Curriculum,Rewards,Curriculum,1374,2,1,p1
Rewards_vs_Curriculum,Rewards,Curriculum,1375,2,0,p1
Rewards_vs_Curriculum,Rewards,Curriculum,1376,0,2,p2
Rewards_vs_Curriculum,Rewards,Curriculum,1377,2,0,p1
Rewards_vs_Curriculum,Rewards,Curriculum,1378,1,2,p2
Rewards_vs_Curriculum,Rewards,Curriculum,1379,2,0,p1
Rewards_vs_Curriculum,Rewards,Curriculum,1380,2,0,p1
Rewards_vs_Curriculum,Rewards,Curriculum,1381,2,0,p1
Rewards_vs_Curriculum,Rewards,Curriculum,1382,2,1,p1
Rewards_vs_Curriculum,Rewards,Curriculum,1383,2,0,p1
Rewards_vs_Curriculum,Rewards,Curriculum,1384,2,0,p1
Rewards_vs_Curriculum,Rewards,Curriculum,1385,2,0,p1
Rewards_vs_Curriculum,Rewards,Curriculum,1386,2,0,p1
Rewards_vs_Curriculum,Rewards,Curriculum,1387,2,1,p1
Rewards_vs_Curriculum,Rewards,Curriculum,1388,2,0,p1
Rewards_vs_Curriculum,Rewards,Curriculum,1389,2,0,p1
Rewards_vs_Curriculum,Rewards,Curriculum,1390,2,0,p1
Rewards_vs_Curriculum,Rewards,Curriculum,1391,2,1,p1
Rewards_vs_Curriculum,Rewards,Curriculum,1392,2,0,p1
Rewards_vs_Curriculum,Rewards,Curriculum,1393,2,1,p1
Rewards_vs_Curriculum,Rewards,Curriculum,1394,1,2,p2
Rewards_vs_Curriculum,Rewards,Curriculum,1395,2,0,p1
Rewards_vs_Curriculum,Rewards,Curriculum,1396,2,0,p1
Rewards_vs_Curriculum,Rewards,Curriculum,1397,2,1,p1
Rewards_vs_Curriculum,Rewards,Curriculum,1398,2,1,p1
Rewards_vs_Curriculum,Rewards,Curriculum,1399,2,1,p1
Rewards_vs_Curriculum,Rewards,Curriculum,1400,2,1,p1
Rewards_vs_Curriculum,Rewards,Curriculum,1401,2,1,p1
Rewards_vs_Curriculum,Rewards,Curriculum,1402,2,0,p1
Rewards_vs_Curriculum,Rewards,Curriculum,1403,2,1,p1
Rewards_vs_Curriculum,Rewards,Curriculum,1404,2,0,p1
Rewards_vs_Curriculum,Rewards,Curriculum,1405,2,1,p1
Rewards_vs_Curriculum,Rewards,Curriculum,1406,2,0,p1
Rewards_vs_Curriculum,Rewards,Curriculum,1407,2,0,p1
Rewards_vs_Curriculum,Rewards,Curriculum,1408,2,0,p1
Rewards_vs_Curriculum,Rewards,Curriculum,1409,0,2,p2
Rewards_vs_Curriculum,Rewards,Curriculum,1410,2,0,p1
Rewards_vs_Curriculum,Rewards,Curriculum,1411,2,0,p1
Rewards_vs_Curriculum,Rewards,Curriculum,1412,2,1,p1
Rewards_vs_Curriculum,Rewards,Curriculum,1413,2,0,p1
Rewards_vs_Curriculum,Rewards,Curriculum,1414,2,0,p1
Rewards_vs_Curriculum,Rewards,Curriculum,1415,1,2,p2
Rewards_vs_Curriculum,Rewards,Curriculum,1416,1,2,p2
Rewards_vs_Curriculum,Rewards,Curriculum,1417,2,0,p1
Rewards_vs_Curriculum,Rewards,Curriculum,1418,2,1,p1
Rewards_vs_Curriculum,Rewards,Curriculum,1419,2,0,p1
Rewards_vs_Curriculum,Rewards,Curriculum,1420,2,0,p1
Rewards_vs_Curriculum,Rewards,Curriculum,1421,2,0,p1
Rewards_vs_Curriculum,Rewards,Curriculum,1422,2,0,p1
Rewards_vs_Curriculum,Rewards,Curriculum,1423,2,0,p1
Rewards_vs_Curriculum,Rewards,Curriculum,1424,2,0,p1
Rewards_vs_Curriculum,Rewards,Curriculum,1425,2,0,p1
Rewards_vs_Curriculum,Rewards,Curriculum,1426,2,0,p1
Rewards_vs_Curriculum,Rewards,Curriculum,1427,2,0,p1
Rewards_vs_Curriculum,Rewards,Curriculum,1428,2,0,p1
Rewards_vs_Curriculum,Rewards,Curriculum,1429,2,0,p1
Rewards_vs_Curriculum,Rewards,Curriculum,1430,2,0,p1
Rewards_vs_Curriculum,Rewards,Curriculum,1431,0,2,p2
Rewards_vs_Curriculum,Rewards,Curriculum,1432,2,1,p1
Rewards_vs_Curriculum,Rewards,Curriculum,1433,1,2,p2
Rewards_vs_Curriculum,Rewards,Curriculum,1434,2,1,p1
Rewards_vs_Curriculum,Rewards,Curriculum,1435,1,2,p2
Rewards_vs_Curriculum,Rewards,Curriculum,1436,2,1,p1
Rewards_vs_Curriculum,Rewards,Curriculum,1437,1,2,p2
Rewards_vs_Curriculum,Rewards,Curriculum,1438,2,0,p1
Rewards_vs_Curriculum,Rewards,Curriculum,1439,2,0,p1
Rewards_vs_Curriculum,Rewards,Curriculum,1440,2,0,p1
Rewards_vs_Curriculum,Rewards,Curriculum,1441,2,0,p1
Rewards_vs_Curriculum,Rewards,Curriculum,1442,0,2,p2
Rewards_vs_Curriculum,Rewards,Curriculum,1443,2,0,p1
Rewards_vs_Curriculum,Rewards,Curriculum,1444,2,0,p1
Rewards_vs_Curriculum,Rewards,Curriculum,1445,0,2,p2
Rewards_vs_Curriculum,Rewards,Curriculum,1446,2,0,p1
Rewards_vs_Curriculum,Rewards,Curriculum,1447,2,0,p1
Rewards_vs_Curriculum,Rewards,Curriculum,1448,2,0,p1
Rewards_vs_Curriculum,Rewards,Curriculum,1449,2,0,p1
Rewards_vs_Curriculum,Rewards,Curriculum,1450,2,1,p1
Rewards_vs_Curriculum,Rewards,Curriculum,1451,2,1,p1
Rewards_vs_Curriculum,Rewards,Curriculum,1452,2,0,p1
Rewards_vs_Curriculum,Rewards,Curriculum,1453,2,0,p1
Rewards_vs_Curriculum,Rewards,Curriculum,1454,2,1,p1
Rewards_vs_Curriculum,Rewards,Curriculum,1455,2,0,p1
Rewards_vs_Curriculum,Rewards,Curriculum,1456,2,0,p1
Rewards_vs_Curriculum,Rewards,Curriculum,1457,2,0,p1
Rewards_vs_Curriculum,Rewards,Curriculum,1458,2,0,p1
Rewards_vs_Curriculum,Rewards,Curriculum,1459,2,0,p1
Rewards_vs_Curriculum,Rewards,Curriculum,1460,2,0,p1
Rewards_vs_Curriculum,Rewards,Curriculum,1461,2,0,p1
Rewards_vs_Curriculum,Rewards,Curriculum,1462,2,0,p1
Rewards_vs_Curriculum,Rewards,Curriculum,1463,2,0,p1
Rewards_vs_Curriculum,Rewards,Curriculum,1464,2,0,p1
Rewards_vs_Curriculum,Rewards,Curriculum,1465,2,0,p1
Rewards_vs_Curriculum,Rewards,Curriculum,1466,2,0,p1
Rewards_vs_Curriculum,Rewards,Curriculum,1467,2,1,p1
Rewards_vs_Curriculum,Rewards,Curriculum,1468,2,0,p1
Rewards_vs_Curriculum,Rewards,Curriculum,1469,2,0,p1
Rewards_vs_Curriculum,Rewards,Curriculum,1470,2,0,p1
Rewards_vs_Curriculum,Rewards,Curriculum,1471,2,0,p1
Rewards_vs_Curriculum,Rewards,Curriculum,1472,2,0,p1
Rewards_vs_Curriculum,Rewards,Curriculum,1473,2,1,p1
Rewards_vs_Curriculum,Rewards,Curriculum,1474,2,1,p1
Rewards_vs_Curriculum,Rewards,Curriculum,1475,2,0,p1
Rewards_vs_Curriculum,Rewards,Curriculum,1476,2,0,p1
Rewards_vs_Curriculum,Rewards,Curriculum,1477,2,0,p1
Rewards_vs_Curriculum,Rewards,Curriculum,1478,1,2,p2
Rewards_vs_Curriculum,Rewards,Curriculum,1479,2,0,p1
Rewards_vs_Curriculum,Rewards,Curriculum,1480,2,1,p1
Rewards_vs_Curriculum,Rewards,Curriculum,1481,2,0,p1
Rewards_vs_Curriculum,Rewards,Curriculum,1482,2,0,p1
Rewards_vs_Curriculum,Rewards,Curriculum,1483,2,1,p1
Rewards_vs_Curriculum,Rewards,Curriculum,1484,2,1,p1
Rewards_vs_Curriculum,Rewards,Curriculum,1485,0,2,p2
Rewards_vs_Curriculum,Rewards,Curriculum,1486,2,0,p1
Rewards_vs_Curriculum,Rewards,Curriculum,1487,2,0,p1
Rewards_vs_Curriculum,Rewards,Curriculum,1488,2,0,p1
Rewards_vs_Curriculum,Rewards,Curriculum,1489,2,1,p1
Rewards_vs_Curriculum,Rewards,Curriculum,1490,2,0,p1
Rewards_vs_Curriculum,Rewards,Curriculum,1491,2,0,p1
Rewards_vs_Curriculum,Rewards,Curriculum,1492,2,0,p1
Rewards_vs_Curriculum,Rewards,Curriculum,1493,2,0,p1
Rewards_vs_Curriculum,Rewards,Curriculum,1494,2,1,p1
Rewards_vs_Curriculum,Rewards,Curriculum,1495,2,0,p1
Rewards_vs_Curriculum,Rewards,Curriculum,1496,2,1,p1
Rewards_vs_Curriculum,Rewards,Curriculum,1497,2,0,p1
Rewards_vs_Curriculum,Rewards,Curriculum,1498,2,0,p1
Rewards_vs_Curriculum,Rewards,Curriculum,1499,2,0,p1
Rewards_vs_Curriculum,Rewards,Curriculum,1500,2,1,p1
Rewards_vs_Curriculum,Rewards,Curriculum,1501,2,1,p1
Rewards_vs_Curriculum,Rewards,Curriculum,1502,2,0,p1
Rewards_vs_Curriculum,Rewards,Curriculum,1503,2,0,p1
Rewards_vs_Curriculum,Rewards,Curriculum,1504,2,0,p1
Rewards_vs_Curriculum,Rewards,Curriculum,1505,2,0,p1
Rewards_vs_Curriculum,Rewards,Curriculum,1506,2,0,p1
Rewards_vs_Curriculum,Rewards,Curriculum,1507,2,0,p1
Rewards_vs_Curriculum,Rewards,Curriculum,1508,2,0,p1
Rewards_vs_Curriculum,Rewards,Curriculum,1509,2,1,p1
Rewards_vs_Curriculum,Rewards,Curriculum,1510,2,1,p1
Rewards_vs_Curriculum,Rewards,Curriculum,1511,2,0,p1
Rewards_vs_Curriculum,Rewards,Curriculum,1512,2,0,p1
Rewards_vs_Curriculum,Rewards,Curriculum,1513,2,1,p1
Rewards_vs_Curriculum,Rewards,Curriculum,1514,2,0,p1
Rewards_vs_Curriculum,Rewards,Curriculum,1515,2,1,p1
Rewards_vs_Curriculum,Rewards,Curriculum,1516,2,1,p1
Rewards_vs_Curriculum,Rewards,Curriculum,1517,2,0,p1
Rewards_vs_Curriculum,Rewards,Curriculum,1518,2,0,p1
Rewards_vs_Curriculum,Rewards,Curriculum,1519,2,0,p1
Rewards_vs_Curriculum,Rewards,Curriculum,1520,2,0,p1
Rewards_vs_Curriculum,Rewards,Curriculum,1521,2,1,p1
Rewards_vs_Curriculum,Rewards,Curriculum,1522,1,2,p2
Rewards_vs_Curriculum,Rewards,Curriculum,1523,2,0,p1
Rewards_vs_Curriculum,Rewards,Curriculum,1524,2,0,p1
Rewards_vs_Curriculum,Rewards,Curriculum,1525,2,1,p1
Rewards_vs_Curriculum,Rewards,Curriculum,1526,2,1,p1
Rewards_vs_Curriculum,Rewards,Curriculum,1527,2,0,p1
Rewards_vs_Curriculum,Rewards,Curriculum,1528,1,2,p2
Rewards_vs_Curriculum,Rewards,Curriculum,1529,2,1,p1
Rewards_vs_Curriculum,Rewards,Curriculum,1530,2,0,p1
Rewards_vs_Curriculum,Rewards,Curriculum,1531,2,0,p1
Rewards_vs_Curriculum,Rewards,Curriculum,1532,2,0,p1
Rewards_vs_Curriculum,Rewards,Curriculum,1533,2,0,p1
Rewards_vs_Curriculum,Rewards,Curriculum,1534,2,0,p1
Rewards_vs_Curriculum,Rewards,Curriculum,1535,2,0,p1
Rewards_vs_Curriculum,Rewards,Curriculum,1536,2,1,p1
Rewards_vs_Curriculum,Rewards,Curriculum,1537,2,1,p1
Rewards_vs_Curriculum,Rewards,Curriculum,1538,2,0,p1
Rewards_vs_Curriculum,Rewards,Curriculum,1539,2,0,p1
Rewards_vs_Curriculum,Rewards,Curriculum,1540,2,0,p1
Rewards_vs_Curriculum,Rewards,Curriculum,1541,1,2,p2
Rewards_vs_Curriculum,Rewards,Curriculum,1542,2,0,p1
Rewards_vs_Curriculum,Rewards,Curriculum,1543,2,0,p1
Rewards_vs_Curriculum,Rewards,Curriculum,1544,2,0,p1
Rewards_vs_Curriculum,Rewards,Curriculum,1545,2,0,p1
Rewards_vs_Curriculum,Rewards,Curriculum,1546,0,2,p2
Rewards_vs_Curriculum,Rewards,Curriculum,1547,2,0,p1
Rewards_vs_Curriculum,Rewards,Curriculum,1548,2,0,p1
Rewards_vs_Curriculum,Rewards,Curriculum,1549,2,1,p1
Rewards_vs_Curriculum,Rewards,Curriculum,1550,2,0,p1
Rewards_vs_Curriculum,Rewards,Curriculum,1551,2,1,p1
Rewards_vs_Curriculum,Rewards,Curriculum,1552,2,0,p1
Rewards_vs_Curriculum,Rewards,Curriculum,1553,2,1,p1
Rewards_vs_Curriculum,Rewards,Curriculum,1554,2,0,p1
Rewards_vs_Curriculum,Rewards,Curriculum,1555,2,0,p1
Rewards_vs_Curriculum,Rewards,Curriculum,1556,2,0,p1
Rewards_vs_Curriculum,Rewards,Curriculum,1557,2,1,p1
Rewards_vs_Curriculum,Rewards,Curriculum,1558,2,0,p1
Rewards_vs_Curriculum,Rewards,Curriculum,1559,2,0,p1
Rewards_vs_Curriculum,Rewards,Curriculum,1560,0,2,p2
Rewards_vs_Curriculum,Rewards,Curriculum,1561,2,0,p1
Rewards_vs_Curriculum,Rewards,Curriculum,1562,2,0,p1
Rewards_vs_Curriculum,Rewards,Curriculum,1563,2,0,p1
Rewards_vs_Curriculum,Rewards,Curriculum,1564,2,1,p1
Rewards_vs_Curriculum,Rewards,Curriculum,1565,1,2,p2
Rewards_vs_Curriculum,Rewards,Curriculum,1566,2,0,p1
Rewards_vs_Curriculum,Rewards,Curriculum,1567,2,1,p1
Rewards_vs_Curriculum,Rewards,Curriculum,1568,2,0,p1
Rewards_vs_Curriculum,Rewards,Curriculum,1569,2,1,p1
Rewards_vs_Curriculum,Rewards,Curriculum,1570,2,0,p1
Rewards_vs_Curriculum,Rewards,Curriculum,1571,2,0,p1
Rewards_vs_Curriculum,Rewards,Curriculum,1572,2,0,p1
Rewards_vs_Curriculum,Rewards,Curriculum,1573,1,2,p2
Rewards_vs_Curriculum,Rewards,Curriculum,1574,0,2,p2
Rewards_vs_Curriculum,Rewards,Curriculum,1575,2,1,p1
Rewards_vs_Curriculum,Rewards,Curriculum,1576,2,0,p1
Rewards_vs_Curriculum,Rewards,Curriculum,1577,2,1,p1
Rewards_vs_Curriculum,Rewards,Curriculum,1578,2,0,p1
Rewards_vs_Curriculum,Rewards,Curriculum,1579,2,0,p1
Rewards_vs_Curriculum,Rewards,Curriculum,1580,2,0,p1
Rewards_vs_Curriculum,Rewards,Curriculum,1581,1,2,p2
Rewards_vs_Curriculum,Rewards,Curriculum,1582,2,0,p1
Rewards_vs_Curriculum,Rewards,Curriculum,1583,2,0,p1
Rewards_vs_Curriculum,Rewards,Curriculum,1584,2,0,p1
Rewards_vs_Curriculum,Rewards,Curriculum,1585,2,0,p1
Rewards_vs_Curriculum,Rewards,Curriculum,1586,2,1,p1
Rewards_vs_Curriculum,Rewards,Curriculum,1587,0,2,p2
Rewards_vs_Curriculum,Rewards,Curriculum,1588,2,0,p1
Rewards_vs_Curriculum,Rewards,Curriculum,1589,2,1,p1
Rewards_vs_Curriculum,Rewards,Curriculum,1590,0,2,p2
Rewards_vs_Curriculum,Rewards,Curriculum,1591,2,0,p1
Rewards_vs_Curriculum,Rewards,Curriculum,1592,2,0,p1
Rewards_vs_Curriculum,Rewards,Curriculum,1593,2,0,p1
Rewards_vs_Curriculum,Rewards,Curriculum,1594,2,1,p1
Rewards_vs_Curriculum,Rewards,Curriculum,1595,2,1,p1
Rewards_vs_Curriculum,Rewards,Curriculum,1596,2,1,p1
Rewards_vs_Curriculum,Rewards,Curriculum,1597,0,2,p2
Rewards_vs_Curriculum,Rewards,Curriculum,1598,2,0,p1
Rewards_vs_Curriculum,Rewards,Curriculum,1599,2,0,p1
Rewards_vs_Curriculum,Rewards,Curriculum,1600,2,0,p1
Rewards_vs_Curriculum,Rewards,Curriculum,1601,2,0,p1
Rewards_vs_Curriculum,Rewards,Curriculum,1602,2,0,p1
Rewards_vs_Curriculum,Rewards,Curriculum,1603,2,0,p1
Rewards_vs_Curriculum,Rewards,Curriculum,1604,2,0,p1
Rewards_vs_Curriculum,Rewards,Curriculum,1605,2,1,p1
Rewards_vs_Curriculum,Rewards,Curriculum,1606,2,1,p1
Rewards_vs_Curriculum,Rewards,Curriculum,1607,2,0,p1
Rewards_vs_Curriculum,Rewards,Curriculum,1608,2,0,p1
Rewards_vs_Curriculum,Rewards,Curriculum,1609,2,1,p1
Rewards_vs_Curriculum,Rewards,Curriculum,1610,2,1,p1
Rewards_vs_Curriculum,Rewards,Curriculum,1611,2,1,p1
Rewards_vs_Curriculum,Rewards,Curriculum,1612,2,1,p1
Rewards_vs_Curriculum,Rewards,Curriculum,1613,2,1,p1
Rewards_vs_Curriculum,Rewards,Curriculum,1614,2,1,p1
Rewards_vs_Curriculum,Rewards,Curriculum,1615,2,0,p1
Rewards_vs_Curriculum,Rewards,Curriculum,1616,0,2,p2
Rewards_vs_Curriculum,Rewards,Curriculum,1617,2,0,p1
Rewards_vs_Curriculum,Rewards,Curriculum,1618,2,0,p1
Rewards_vs_Curriculum,Rewards,Curriculum,1619,2,0,p1
Rewards_vs_Curriculum,Rewards,Curriculum,1620,1,2,p2
Rewards_vs_Curriculum,Rewards,Curriculum,1621,2,0,p1
Rewards_vs_Curriculum,Rewards,Curriculum,1622,2,1,p1
Rewards_vs_Curriculum,Rewards,Curriculum,1623,2,0,p1
Rewards_vs_Curriculum,Rewards,Curriculum,1624,2,0,p1
Rewards_vs_Curriculum,Rewards,Curriculum,1625,2,0,p1
Rewards_vs_Curriculum,Rewards,Curriculum,1626,1,2,p2
Rewards_vs_Curriculum,Rewards,Curriculum,1627,2,0,p1
Rewards_vs_Curriculum,Rewards,Curriculum,1628,2,0,p1
Rewards_vs_Curriculum,Rewards,Curriculum,1629,0,2,p2
Rewards_vs_Curriculum,Rewards,Curriculum,1630,0,2,p2
Rewards_vs_Curriculum,Rewards,Curriculum,1631,2,0,p1
Rewards_vs_Curriculum,Rewards,Curriculum,1632,2,0,p1
Rewards_vs_Curriculum,Rewards,Curriculum,1633,2,0,p1
Rewards_vs_Curriculum,Rewards,Curriculum,1634,2,1,p1
Rewards_vs_Curriculum,Rewards,Curriculum,1635,2,0,p1
Rewards_vs_Curriculum,Rewards,Curriculum,1636,2,0,p1
Rewards_vs_Curriculum,Rewards,Curriculum,1637,1,2,p2
Rewards_vs_Curriculum,Rewards,Curriculum,1638,2,0,p1
Rewards_vs_Curriculum,Rewards,Curriculum,1639,2,1,p1
Rewards_vs_Curriculum,Rewards,Curriculum,1640,1,2,p2
Rewards_vs_Curriculum,Rewards,Curriculum,1641,2,0,p1
Rewards_vs_Curriculum,Rewards,Curriculum,1642,2,1,p1
Rewards_vs_Curriculum,Rewards,Curriculum,1643,2,0,p1
Rewards_vs_Curriculum,Rewards,Curriculum,1644,2,0,p1
Rewards_vs_Curriculum,Rewards,Curriculum,1645,2,0,p1
Rewards_vs_Curriculum,Rewards,Curriculum,1646,2,0,p1
Rewards_vs_Curriculum,Rewards,Curriculum,1647,2,0,p1
Rewards_vs_Curriculum,Rewards,Curriculum,1648,2,0,p1
Rewards_vs_Curriculum,Rewards,Curriculum,1649,2,0,p1
Rewards_vs_Curriculum,Rewards,Curriculum,1650,2,0,p1
Rewards_vs_Curriculum,Rewards,Curriculum,1651,2,0,p1
Rewards_vs_Curriculum,Rewards,Curriculum,1652,2,0,p1
Rewards_vs_Curriculum,Rewards,Curriculum,1653,2,0,p1
Rewards_vs_Curriculum,Rewards,Curriculum,1654,2,1,p1
Rewards_vs_Curriculum,Rewards,Curriculum,1655,2,0,p1
Rewards_vs_Curriculum,Rewards,Curriculum,1656,2,0,p1
Rewards_vs_Curriculum,Rewards,Curriculum,1657,2,0,p1
Rewards_vs_Curriculum,Rewards,Curriculum,1658,2,0,p1
Rewards_vs_Curriculum,Rewards,Curriculum,1659,2,0,p1
Rewards_vs_Curriculum,Rewards,Curriculum,1660,2,0,p1
Rewards_vs_Curriculum,Rewards,Curriculum,1661,2,0,p1
Rewards_vs_Curriculum,Rewards,Curriculum,1662,1,2,p2
Rewards_vs_Curriculum,Rewards,Curriculum,1663,1,2,p2
Rewards_vs_Curriculum,Rewards,Curriculum,1664,2,0,p1
Rewards_vs_Curriculum,Rewards,Curriculum,1665,1,2,p2
Rewards_vs_Curriculum,Rewards,Curriculum,1666,2,1,p1
Rewards_vs_Curriculum,Rewards,Curriculum,1667,2,0,p1
Rewards_vs_Curriculum,Rewards,Curriculum,1668,2,1,p1
Rewards_vs_Curriculum,Rewards,Curriculum,1669,2,1,p1
Rewards_vs_Curriculum,Rewards,Curriculum,1670,2,1,p1
Rewards_vs_Curriculum,Rewards,Curriculum,1671,2,1,p1
Rewards_vs_Curriculum,Rewards,Curriculum,1672,2,0,p1
Rewards_vs_Curriculum,Rewards,Curriculum,1673,2,0,p1
Rewards_vs_Curriculum,Rewards,Curriculum,1674,2,0,p1
Rewards_vs_Curriculum,Rewards,Curriculum,1675,2,1,p1
Rewards_vs_Curriculum,Rewards,Curriculum,1676,2,0,p1
Rewards_vs_Curriculum,Rewards,Curriculum,1677,2,1,p1
Rewards_vs_Curriculum,Rewards,Curriculum,1678,2,0,p1
Rewards_vs_Curriculum,Rewards,Curriculum,1679,2,0,p1
Rewards_vs_Curriculum,Rewards,Curriculum,1680,2,1,p1
Rewards_vs_Curriculum,Rewards,Curriculum,1681,2,0,p1
Rewards_vs_Curriculum,Rewards,Curriculum,1682,2,1,p1
Rewards_vs_Curriculum,Rewards,Curriculum,1683,2,0,p1
Rewards_vs_Curriculum,Rewards,Curriculum,1684,2,0,p1
Rewards_vs_Curriculum,Rewards,Curriculum,1685,2,0,p1
Rewards_vs_Curriculum,Rewards,Curriculum,1686,2,0,p1
Rewards_vs_Curriculum,Rewards,Curriculum,1687,2,1,p1
Rewards_vs_Curriculum,Rewards,Curriculum,1688,2,1,p1
Rewards_vs_Curriculum,Rewards,Curriculum,1689,2,1,p1
Rewards_vs_Curriculum,Rewards,Curriculum,1690,2,0,p1
Rewards_vs_Curriculum,Rewards,Curriculum,1691,2,0,p1
Rewards_vs_Curriculum,Rewards,Curriculum,1692,2,0,p1
Rewards_vs_Curriculum,Rewards,Curriculum,1693,0,2,p2
Rewards_vs_Curriculum,Rewards,Curriculum,1694,2,1,p1
Rewards_vs_Curriculum,Rewards,Curriculum,1695,1,2,p2
Rewards_vs_Curriculum,Rewards,Curriculum,1696,2,0,p1
Rewards_vs_Curriculum,Rewards,Curriculum,1697,2,0,p1
Rewards_vs_Curriculum,Rewards,Curriculum,1698,2,0,p1
Rewards_vs_Curriculum,Rewards,Curriculum,1699,2,0,p1
Rewards_vs_Curriculum,Rewards,Curriculum,1700,2,0,p1
Rewards_vs_Curriculum,Rewards,Curriculum,1701,2,0,p1
Rewards_vs_Curriculum,Rewards,Curriculum,1702,2,0,p1
Rewards_vs_Curriculum,Rewards,Curriculum,1703,2,1,p1
Rewards_vs_Curriculum,Rewards,Curriculum,1704,2,0,p1
Rewards_vs_Curriculum,Rewards,Curriculum,1705,2,0,p1
Rewards_vs_Curriculum,Rewards,Curriculum,1706,2,0,p1
Rewards_vs_Curriculum,Rewards,Curriculum,1707,1,2,p2
Rewards_vs_Curriculum,Rewards,Curriculum,1708,2,0,p1
Rewards_vs_Curriculum,Rewards,Curriculum,1709,2,0,p1
Rewards_vs_Curriculum,Rewards,Curriculum,1710,2,1,p1
Rewards_vs_Curriculum,Rewards,Curriculum,1711,2,0,p1
Rewards_vs_Curriculum,Rewards,Curriculum,1712,2,1,p1
Rewards_vs_Curriculum,Rewards,Curriculum,1713,2,0,p1
Rewards_vs_Curriculum,Rewards,Curriculum,1714,2,1,p1
Rewards_vs_Curriculum,Rewards,Curriculum,1715,2,1,p1
Rewards_vs_Curriculum,Rewards,Curriculum,1716,1,2,p2
Rewards_vs_Curriculum,Rewards,Curriculum,1717,2,1,p1
Rewards_vs_Curriculum,Rewards,Curriculum,1718,2,0,p1
Rewards_vs_Curriculum,Rewards,Curriculum,1719,1,2,p2
Rewards_vs_Curriculum,Rewards,Curriculum,1720,2,0,p1
Rewards_vs_Curriculum,Rewards,Curriculum,1721,2,0,p1
Rewards_vs_Curriculum,Rewards,Curriculum,1722,2,0,p1
Rewards_vs_Curriculum,Rewards,Curriculum,1723,2,1,p1
Rewards_vs_Curriculum,Rewards,Curriculum,1724,2,0,p1
Rewards_vs_Curriculum,Rewards,Curriculum,1725,2,0,p1
Rewards_vs_Curriculum,Rewards,Curriculum,1726,2,0,p1
Rewards_vs_Curriculum,Rewards,Curriculum,1727,2,1,p1
Rewards_vs_Curriculum,Rewards,Curriculum,1728,2,1,p1
Rewards_vs_Curriculum,Rewards,Curriculum,1729,2,0,p1
Rewards_vs_Curriculum,Rewards,Curriculum,1730,2,0,p1
Rewards_vs_Curriculum,Rewards,Curriculum,1731,2,0,p1
Rewards_vs_Curriculum,Rewards,Curriculum,1732,2,0,p1
Rewards_vs_Curriculum,Rewards,Curriculum,1733,2,1,p1
Rewards_vs_Curriculum,Rewards,Curriculum,1734,2,1,p1
Rewards_vs_Curriculum,Rewards,Curriculum,1735,2,1,p1
Rewards_vs_Curriculum,Rewards,Curriculum,1736,2,0,p1
Rewards_vs_Curriculum,Rewards,Curriculum,1737,2,1,p1
Rewards_vs_Curriculum,Rewards,Curriculum,1738,2,0,p1
Rewards_vs_Curriculum,Rewards,Curriculum,1739,2,1,p1
Rewards_vs_Curriculum,Rewards,Curriculum,1740,2,0,p1
Rewards_vs_Curriculum,Rewards,Curriculum,1741,2,0,p1
Rewards_vs_Curriculum,Rewards,Curriculum,1742,2,1,p1
Rewards_vs_Curriculum,Rewards,Curriculum,1743,2,0,p1
Rewards_vs_Curriculum,Rewards,Curriculum,1744,2,1,p1
Rewards_vs_Curriculum,Rewards,Curriculum,1745,2,1,p1
Rewards_vs_Curriculum,Rewards,Curriculum,1746,1,2,p2
Rewards_vs_Curriculum,Rewards,Curriculum,1747,2,0,p1
Rewards_vs_Curriculum,Rewards,Curriculum,1748,2,1,p1
Rewards_vs_Curriculum,Rewards,Curriculum,1749,2,1,p1
Rewards_vs_Curriculum,Rewards,Curriculum,1750,1,2,p2
Rewards_vs_Curriculum,Rewards,Curriculum,1751,2,1,p1
Rewards_vs_Curriculum,Rewards,Curriculum,1752,2,0,p1
Rewards_vs_Curriculum,Rewards,Curriculum,1753,0,2,p2
Rewards_vs_Curriculum,Rewards,Curriculum,1754,2,0,p1
Rewards_vs_Curriculum,Rewards,Curriculum,1755,2,0,p1
Rewards_vs_Curriculum,Rewards,Curriculum,1756,2,1,p1
Rewards_vs_Curriculum,Rewards,Curriculum,1757,2,0,p1
Rewards_vs_Curriculum,Rewards,Curriculum,1758,2,0,p1
Rewards_vs_Curriculum,Rewards,Curriculum,1759,2,0,p1
Rewards_vs_Curriculum,Rewards,Curriculum,1760,2,0,p1
Rewards_vs_Curriculum,Rewards,Curriculum,1761,2,0,p1
Rewards_vs_Curriculum,Rewards,Curriculum,1762,2,0,p1
Rewards_vs_Curriculum,Rewards,Curriculum,1763,2,1,p1
Rewards_vs_Curriculum,Rewards,Curriculum,1764,1,2,p2
Rewards_vs_Curriculum,Rewards,Curriculum,1765,2,1,p1
Rewards_vs_Curriculum,Rewards,Curriculum,1766,2,0,p1
Rewards_vs_Curriculum,Rewards,Curriculum,1767,2,1,p1
Rewards_vs_Curriculum,Rewards,Curriculum,1768,2,0,p1
Rewards_vs_Curriculum,Rewards,Curriculum,1769,2,0,p1
Rewards_vs_Curriculum,Rewards,Curriculum,1770,2,1,p1
Rewards_vs_Curriculum,Rewards,Curriculum,1771,2,0,p1
Rewards_vs_Curriculum,Rewards,Curriculum,1772,2,0,p1
Rewards_vs_Curriculum,Rewards,Curriculum,1773,2,0,p1
Rewards_vs_Curriculum,Rewards,Curriculum,1774,2,0,p1
Rewards_vs_Curriculum,Rewards,Curriculum,1775,2,0,p1
Rewards_vs_Curriculum,Rewards,Curriculum,1776,2,0,p1
Rewards_vs_Curriculum,Rewards,Curriculum,1777,1,2,p2
Rewards_vs_Curriculum,Rewards,Curriculum,1778,2,0,p1
Rewards_vs_Curriculum,Rewards,Curriculum,1779,1,2,p2
Rewards_vs_Curriculum,Rewards,Curriculum,1780,2,1,p1
Rewards_vs_Curriculum,Rewards,Curriculum,1781,2,0,p1
Rewards_vs_Curriculum,Rewards,Curriculum,1782,2,0,p1
Rewards_vs_Curriculum,Rewards,Curriculum,1783,0,2,p2
Rewards_vs_Curriculum,Rewards,Curriculum,1784,0,2,p2
Rewards_vs_Curriculum,Rewards,Curriculum,1785,0,2,p2
Rewards_vs_Curriculum,Rewards,Curriculum,1786,2,1,p1
Rewards_vs_Curriculum,Rewards,Curriculum,1787,2,0,p1
Rewards_vs_Curriculum,Rewards,Curriculum,1788,2,0,p1
Rewards_vs_Curriculum,Rewards,Curriculum,1789,2,0,p1
Rewards_vs_Curriculum,Rewards,Curriculum,1790,2,0,p1
Rewards_vs_Curriculum,Rewards,Curriculum,1791,2,0,p1
Rewards_vs_Curriculum,Rewards,Curriculum,1792,2,0,p1
Rewards_vs_Curriculum,Rewards,Curriculum,1793,2,0,p1
Rewards_vs_Curriculum,Rewards,Curriculum,1794,2,0,p1
Rewards_vs_Curriculum,Rewards,Curriculum,1795,2,0,p1
Rewards_vs_Curriculum,Rewards,Curriculum,1796,2,0,p1
Rewards_vs_Curriculum,Rewards,Curriculum,1797,2,0,p1
Rewards_vs_Curriculum,Rewards,Curriculum,1798,2,0,p1
Rewards_vs_Curriculum,Rewards,Curriculum,1799,2,1,p1
Rewards_vs_Curriculum,Rewards,Curriculum,1800,2,1,p1
Rewards_vs_Curriculum,Rewards,Curriculum,1801,2,0,p1
Rewards_vs_Curriculum,Rewards,Curriculum,1802,2,1,p1
Rewards_vs_Curriculum,Rewards,Curriculum,1803,2,0,p1
Rewards_vs_Curriculum,Rewards,Curriculum,1804,2,0,p1
Rewards_vs_Curriculum,Rewards,Curriculum,1805,2,0,p1
Rewards_vs_Curriculum,Rewards,Curriculum,1806,1,2,p2
Rewards_vs_Curriculum,Rewards,Curriculum,1807,2,0,p1
Rewards_vs_Curriculum,Rewards,Curriculum,1808,2,0,p1
Rewards_vs_Curriculum,Rewards,Curriculum,1809,1,2,p2
Rewards_vs_Curriculum,Rewards,Curriculum,1810,2,0,p1
Rewards_vs_Curriculum,Rewards,Curriculum,1811,2,0,p1
Rewards_vs_Curriculum,Rewards,Curriculum,1812,2,1,p1
Rewards_vs_Curriculum,Rewards,Curriculum,1813,2,1,p1
Rewards_vs_Curriculum,Rewards,Curriculum,1814,2,1,p1
Rewards_vs_Curriculum,Rewards,Curriculum,1815,2,1,p1
Rewards_vs_Curriculum,Rewards,Curriculum,1816,2,0,p1
Rewards_vs_Curriculum,Rewards,Curriculum,1817,2,0,p1
Rewards_vs_Curriculum,Rewards,Curriculum,1818,2,1,p1
Rewards_vs_Curriculum,Rewards,Curriculum,1819,2,0,p1
Rewards_vs_Curriculum,Rewards,Curriculum,1820,2,1,p1
Rewards_vs_Curriculum,Rewards,Curriculum,1821,1,2,p2
Rewards_vs_Curriculum,Rewards,Curriculum,1822,2,0,p1
Rewards_vs_Curriculum,Rewards,Curriculum,1823,2,1,p1
Rewards_vs_Curriculum,Rewards,Curriculum,1824,2,0,p1
Rewards_vs_Curriculum,Rewards,Curriculum,1825,2,0,p1
Rewards_vs_Curriculum,Rewards,Curriculum,1826,0,2,p2
Rewards_vs_Curriculum,Rewards,Curriculum,1827,2,1,p1
Rewards_vs_Curriculum,Rewards,Curriculum,1828,2,0,p1
Rewards_vs_Curriculum,Rewards,Curriculum,1829,2,0,p1
Rewards_vs_Curriculum,Rewards,Curriculum,1830,2,1,p1
Rewards_vs_Curriculum,Rewards,Curriculum,1831,2,0,p1
Rewards_vs_Curriculum,Rewards,Curriculum,1832,2,1,p1
Rewards_vs_Curriculum,Rewards,Curriculum,1833,2,0,p1
Rewards_vs_Curriculum,Rewards,Curriculum,1834,2,1,p1
Rewards_vs_Curriculum,Rewards,Curriculum,1835,2,0,p1
Rewards_vs_Curriculum,Rewards,Curriculum,1836,2,0,p1
Rewards_vs_Curriculum,Rewards,Curriculum,1837,2,0,p1
Rewards_vs_Curriculum,Rewards,Curriculum,1838,2,0,p1
Rewards_vs_Curriculum,Rewards,Curriculum,1839,2,0,p1
Rewards_vs_Curriculum,Rewards,Curriculum,1840,2,0,p1
Rewards_vs_Curriculum,Rewards,Curriculum,1841,2,1,p1
Rewards_vs_Curriculum,Rewards,Curriculum,1842,2,1,p1
Rewards_vs_Curriculum,Rewards,Curriculum,1843,2,1,p1
Rewards_vs_Curriculum,Rewards,Curriculum,1844,1,2,p2
Rewards_vs_Curriculum,Rewards,Curriculum,1845,2,0,p1
Rewards_vs_Curriculum,Rewards,Curriculum,1846,2,0,p1
Rewards_vs_Curriculum,Rewards,Curriculum,1847,2,1,p1
Rewards_vs_Curriculum,Rewards,Curriculum,1848,2,1,p1
Rewards_vs_Curriculum,Rewards,Curriculum,1849,2,0,p1
Rewards_vs_Curriculum,Rewards,Curriculum,1850,2,0,p1
Rewards_vs_Curriculum,Rewards,Curriculum,1851,2,1,p1
Rewards_vs_Curriculum,Rewards,Curriculum,1852,2,0,p1
Rewards_vs_Curriculum,Rewards,Curriculum,1853,2,0,p1
Rewards_vs_Curriculum,Rewards,Curriculum,1854,2,1,p1
Rewards_vs_Curriculum,Rewards,Curriculum,1855,2,0,p1
Rewards_vs_Curriculum,Rewards,Curriculum,1856,2,1,p1
Rewards_vs_Curriculum,Rewards,Curriculum,1857,1,2,p2
Rewards_vs_Curriculum,Rewards,Curriculum,1858,2,0,p1
Rewards_vs_Curriculum,Rewards,Curriculum,1859,2,0,p1
Rewards_vs_Curriculum,Rewards,Curriculum,1860,2,1,p1
Rewards_vs_Curriculum,Rewards,Curriculum,1861,2,0,p1
Rewards_vs_Curriculum,Rewards,Curriculum,1862,2,1,p1
Rewards_vs_Curriculum,Rewards,Curriculum,1863,2,0,p1
Rewards_vs_Curriculum,Rewards,Curriculum,1864,1,2,p2
Rewards_vs_Curriculum,Rewards,Curriculum,1865,2,0,p1
Rewards_vs_Curriculum,Rewards,Curriculum,1866,2,0,p1
Rewards_vs_Curriculum,Rewards,Curriculum,1867,0,2,p2
Rewards_vs_Curriculum,Rewards,Curriculum,1868,2,0,p1
Rewards_vs_Curriculum,Rewards,Curriculum,1869,2,0,p1
Rewards_vs_Curriculum,Rewards,Curriculum,1870,2,0,p1
Rewards_vs_Curriculum,Rewards,Curriculum,1871,2,0,p1
Rewards_vs_Curriculum,Rewards,Curriculum,1872,2,1,p1
Rewards_vs_Curriculum,Rewards,Curriculum,1873,2,1,p1
Rewards_vs_Curriculum,Rewards,Curriculum,1874,1,2,p2
Rewards_vs_Curriculum,Rewards,Curriculum,1875,2,1,p1
Rewards_vs_Curriculum,Rewards,Curriculum,1876,2,0,p1
Rewards_vs_Curriculum,Rewards,Curriculum,1877,2,0,p1
Rewards_vs_Curriculum,Rewards,Curriculum,1878,2,0,p1
Rewards_vs_Curriculum,Rewards,Curriculum,1879,1,2,p2
Rewards_vs_Curriculum,Rewards,Curriculum,1880,0,2,p2
Rewards_vs_Curriculum,Rewards,Curriculum,1881,2,0,p1
Rewards_vs_Curriculum,Rewards,Curriculum,1882,2,1,p1
Rewards_vs_Curriculum,Rewards,Curriculum,1883,1,2,p2
Rewards_vs_Curriculum,Rewards,Curriculum,1884,2,1,p1
Rewards_vs_Curriculum,Rewards,Curriculum,1885,2,0,p1
Rewards_vs_Curriculum,Rewards,Curriculum,1886,1,2,p2
Rewards_vs_Curriculum,Rewards,Curriculum,1887,1,1,draw
Rewards_vs_Curriculum,Rewards,Curriculum,1888,2,0,p1
Rewards_vs_Curriculum,Rewards,Curriculum,1889,2,0,p1
Rewards_vs_Curriculum,Rewards,Curriculum,1890,2,0,p1
Rewards_vs_Curriculum,Rewards,Curriculum,1891,2,0,p1
Rewards_vs_Curriculum,Rewards,Curriculum,1892,2,1,p1
Rewards_vs_Curriculum,Rewards,Curriculum,1893,2,0,p1
Rewards_vs_Curriculum,Rewards,Curriculum,1894,2,1,p1
Rewards_vs_Curriculum,Rewards,Curriculum,1895,2,1,p1
Rewards_vs_Curriculum,Rewards,Curriculum,1896,2,1,p1
Rewards_vs_Curriculum,Rewards,Curriculum,1897,2,0,p1
Rewards_vs_Curriculum,Rewards,Curriculum,1898,2,1,p1
Rewards_vs_Curriculum,Rewards,Curriculum,1899,2,0,p1
Rewards_vs_Curriculum,Rewards,Curriculum,1900,2,0,p1
Rewards_vs_Curriculum,Rewards,Curriculum,1901,2,0,p1
Rewards_vs_Curriculum,Rewards,Curriculum,1902,2,0,p1
Rewards_vs_Curriculum,Rewards,Curriculum,1903,2,0,p1
Rewards_vs_Curriculum,Rewards,Curriculum,1904,2,1,p1
Rewards_vs_Curriculum,Rewards,Curriculum,1905,0,2,p2
Rewards_vs_Curriculum,Rewards,Curriculum,1906,2,0,p1
Rewards_vs_Curriculum,Rewards,Curriculum,1907,2,0,p1
Rewards_vs_Curriculum,Rewards,Curriculum,1908,2,0,p1
Rewards_vs_Curriculum,Rewards,Curriculum,1909,2,1,p1
Rewards_vs_Curriculum,Rewards,Curriculum,1910,2,0,p1
Rewards_vs_Curriculum,Rewards,Curriculum,1911,2,0,p1
Rewards_vs_Curriculum,Rewards,Curriculum,1912,2,0,p1
Rewards_vs_Curriculum,Rewards,Curriculum,1913,2,0,p1
Rewards_vs_Curriculum,Rewards,Curriculum,1914,2,1,p1
Rewards_vs_Curriculum,Rewards,Curriculum,1915,2,0,p1
Rewards_vs_Curriculum,Rewards,Curriculum,1916,2,0,p1
Rewards_vs_Curriculum,Rewards,Curriculum,1917,2,1,p1
Rewards_vs_Curriculum,Rewards,Curriculum,1918,2,0,p1
Rewards_vs_Curriculum,Rewards,Curriculum,1919,2,0,p1
Rewards_vs_Curriculum,Rewards,Curriculum,1920,2,0,p1
Rewards_vs_Curriculum,Rewards,Curriculum,1921,2,0,p1
Rewards_vs_Curriculum,Rewards,Curriculum,1922,2,0,p1
Rewards_vs_Curriculum,Rewards,Curriculum,1923,2,1,p1
Rewards_vs_Curriculum,Rewards,Curriculum,1924,1,2,p2
Rewards_vs_Curriculum,Rewards,Curriculum,1925,2,0,p1
Rewards_vs_Curriculum,Rewards,Curriculum,1926,0,2,p2
Rewards_vs_Curriculum,Rewards,Curriculum,1927,2,1,p1
Rewards_vs_Curriculum,Rewards,Curriculum,1928,2,1,p1
Rewards_vs_Curriculum,Rewards,Curriculum,1929,2,0,p1
Rewards_vs_Curriculum,Rewards,Curriculum,1930,2,0,p1
Rewards_vs_Curriculum,Rewards,Curriculum,1931,2,1,p1
Rewards_vs_Curriculum,Rewards,Curriculum,1932,2,1,p1
Rewards_vs_Curriculum,Rewards,Curriculum,1933,2,1,p1
Rewards_vs_Curriculum,Rewards,Curriculum,1934,2,0,p1
Rewards_vs_Curriculum,Rewards,Curriculum,1935,2,0,p1
Rewards_vs_Curriculum,Rewards,Curriculum,1936,2,0,p1
Rewards_vs_Curriculum,Rewards,Curriculum,1937,2,0,p1
Rewards_vs_Curriculum,Rewards,Curriculum,1938,2,0,p1
Rewards_vs_Curriculum,Rewards,Curriculum,1939,2,0,p1
Rewards_vs_Curriculum,Rewards,Curriculum,1940,1,2,p2
Rewards_vs_Curriculum,Rewards,Curriculum,1941,2,0,p1
Rewards_vs_Curriculum,Rewards,Curriculum,1942,2,0,p1
Rewards_vs_Curriculum,Rewards,Curriculum,1943,2,0,p1
Rewards_vs_Curriculum,Rewards,Curriculum,1944,2,1,p1
Rewards_vs_Curriculum,Rewards,Curriculum,1945,2,1,p1
Rewards_vs_Curriculum,Rewards,Curriculum,1946,2,0,p1
Rewards_vs_Curriculum,Rewards,Curriculum,1947,1,2,p2
Rewards_vs_Curriculum,Rewards,Curriculum,1948,2,1,p1
Rewards_vs_Curriculum,Rewards,Curriculum,1949,2,0,p1
Rewards_vs_Curriculum,Rewards,Curriculum,1950,2,0,p1
Rewards_vs_Curriculum,Rewards,Curriculum,1951,2,1,p1
Rewards_vs_Curriculum,Rewards,Curriculum,1952,2,0,p1
Rewards_vs_Curriculum,Rewards,Curriculum,1953,2,0,p1
Rewards_vs_Curriculum,Rewards,Curriculum,1954,2,0,p1
Rewards_vs_Curriculum,Rewards,Curriculum,1955,2,0,p1
Rewards_vs_Curriculum,Rewards,Curriculum,1956,2,0,p1
Rewards_vs_Curriculum,Rewards,Curriculum,1957,2,1,p1
Rewards_vs_Curriculum,Rewards,Curriculum,1958,2,0,p1
Rewards_vs_Curriculum,Rewards,Curriculum,1959,2,0,p1
Rewards_vs_Curriculum,Rewards,Curriculum,1960,1,2,p2
Rewards_vs_Curriculum,Rewards,Curriculum,1961,2,0,p1
Rewards_vs_Curriculum,Rewards,Curriculum,1962,1,2,p2
Rewards_vs_Curriculum,Rewards,Curriculum,1963,2,0,p1
Rewards_vs_Curriculum,Rewards,Curriculum,1964,1,2,p2
Rewards_vs_Curriculum,Rewards,Curriculum,1965,1,2,p2
Rewards_vs_Curriculum,Rewards,Curriculum,1966,2,0,p1
Rewards_vs_Curriculum,Rewards,Curriculum,1967,2,0,p1
Rewards_vs_Curriculum,Rewards,Curriculum,1968,2,0,p1
Rewards_vs_Curriculum,Rewards,Curriculum,1969,0,2,p2
Rewards_vs_Curriculum,Rewards,Curriculum,1970,2,0,p1
Rewards_vs_Curriculum,Rewards,Curriculum,1971,2,0,p1
Rewards_vs_Curriculum,Rewards,Curriculum,1972,2,0,p1
Rewards_vs_Curriculum,Rewards,Curriculum,1973,2,0,p1
Rewards_vs_Curriculum,Rewards,Curriculum,1974,2,0,p1
Rewards_vs_Curriculum,Rewards,Curriculum,1975,2,1,p1
Rewards_vs_Curriculum,Rewards,Curriculum,1976,1,2,p2
Rewards_vs_Curriculum,Rewards,Curriculum,1977,2,1,p1
Rewards_vs_Curriculum,Rewards,Curriculum,1978,2,1,p1
Rewards_vs_Curriculum,Rewards,Curriculum,1979,2,0,p1
Rewards_vs_Curriculum,Rewards,Curriculum,1980,2,1,p1
Rewards_vs_Curriculum,Rewards,Curriculum,1981,2,1,p1
Rewards_vs_Curriculum,Rewards,Curriculum,1982,2,0,p1
Rewards_vs_Curriculum,Rewards,Curriculum,1983,2,0,p1
Rewards_vs_Curriculum,Rewards,Curriculum,1984,2,0,p1
Rewards_vs_Curriculum,Rewards,Curriculum,1985,1,2,p2
Rewards_vs_Curriculum,Rewards,Curriculum,1986,2,0,p1
Rewards_vs_Curriculum,Rewards,Curriculum,1987,2,1,p1
Rewards_vs_Curriculum,Rewards,Curriculum,1988,2,1,p1
Rewards_vs_Curriculum,Rewards,Curriculum,1989,2,0,p1
Rewards_vs_Curriculum,Rewards,Curriculum,1990,2,1,p1
Rewards_vs_Curriculum,Rewards,Curriculum,1991,2,0,p1
Rewards_vs_Curriculum,Rewards,Curriculum,1992,2,1,p1
Rewards_vs_Curriculum,Rewards,Curriculum,1993,2,0,p1
Rewards_vs_Curriculum,Rewards,Curriculum,1994,2,1,p1
Rewards_vs_Curriculum,Rewards,Curriculum,1995,2,1,p1
Rewards_vs_Curriculum,Rewards,Curriculum,1996,2,0,p1
Rewards_vs_Curriculum,Rewards,Curriculum,1997,2,0,p1
Rewards_vs_Curriculum,Rewards,Curriculum,1998,2,0,p1
Rewards_vs_Curriculum,Rewards,Curriculum,1999,2,0,p1
Rewards_vs_Curriculum,Rewards,Curriculum,2000,2,1,p1
